ISO-10303-21;
HEADER;
/* Generated by software containing ST-Developer
 * from STEP Tools, Inc. (www.steptools.com) 
 */
/* OPTION: strings as raw bytes, not using required /X/ escapes */

FILE_DESCRIPTION(
/* description */ ('Unknown'),
/* implementation_level */ '2;1');

FILE_NAME(
/* name */ 'E5J88-44AHS4-LT',
/* time_stamp */ '2024-10-28T16:02:17+02:00',
/* author */ ('Unknown'),
/* organization */ ('Unknown'),
/* preprocessor_version */ 'ST-DEVELOPER v19.4',
/* originating_system */ 'Solid Edge',
/* authorisation */ 'Unknown');

FILE_SCHEMA (('AUTOMOTIVE_DESIGN {1 0 10303 214 3 1 1}'));
ENDSEC;

DATA;
#10=PROPERTY_DEFINITION_REPRESENTATION(#14,#12);
#11=PROPERTY_DEFINITION_REPRESENTATION(#15,#13);
#12=REPRESENTATION('',(#16),#21093);
#13=REPRESENTATION('',(#17),#21093);
#14=PROPERTY_DEFINITION('pmi validation property','',#21098);
#15=PROPERTY_DEFINITION('pmi validation property','',#21098);
#16=VALUE_REPRESENTATION_ITEM('number of annotations',COUNT_MEASURE(0.));
#17=VALUE_REPRESENTATION_ITEM('number of views',COUNT_MEASURE(0.));
#18=SHAPE_REPRESENTATION_RELATIONSHIP('','',#14445,#19);
#19=ADVANCED_BREP_SHAPE_REPRESENTATION('',(#14443),#21093);
#20=CONICAL_SURFACE('',#15057,1.55,0.785398163397449);
#21=CONICAL_SURFACE('',#15064,1.05,0.785398163397447);
#22=TOROIDAL_SURFACE('',#14900,0.675000000000003,0.175000000000003);
#23=TOROIDAL_SURFACE('',#14905,0.674357750133732,0.175000000000003);
#24=TOROIDAL_SURFACE('',#14959,0.674357750133732,0.175000000000003);
#25=TOROIDAL_SURFACE('',#14965,0.675000000000003,0.175000000000003);
#26=B_SPLINE_CURVE_WITH_KNOTS('',3,(#19654,#19655,#19656,#19657),
 .UNSPECIFIED.,.F.,.F.,(4,4),(0.,0.000186937852052079),.UNSPECIFIED.);
#27=B_SPLINE_CURVE_WITH_KNOTS('',3,(#19661,#19662,#19663,#19664),
 .UNSPECIFIED.,.F.,.F.,(4,4),(0.,0.000186411582390078),.UNSPECIFIED.);
#28=B_SPLINE_CURVE_WITH_KNOTS('',3,(#19683,#19684,#19685,#19686),
 .UNSPECIFIED.,.F.,.F.,(4,4),(0.,0.000186847644919239),.UNSPECIFIED.);
#29=B_SPLINE_CURVE_WITH_KNOTS('',3,(#19687,#19688,#19689,#19690),
 .UNSPECIFIED.,.F.,.F.,(4,4),(0.,0.000186322199265995),.UNSPECIFIED.);
#30=B_SPLINE_CURVE_WITH_KNOTS('',3,(#19716,#19717,#19718,#19719),
 .UNSPECIFIED.,.F.,.F.,(4,4),(0.,0.000172391181707632),.UNSPECIFIED.);
#31=B_SPLINE_CURVE_WITH_KNOTS('',3,(#19722,#19723,#19724,#19725),
 .UNSPECIFIED.,.F.,.F.,(4,4),(0.,0.000173204429109833),.UNSPECIFIED.);
#32=B_SPLINE_CURVE_WITH_KNOTS('',3,(#20002,#20003,#20004,#20005),
 .UNSPECIFIED.,.F.,.F.,(4,4),(0.,0.000172806280540627),.UNSPECIFIED.);
#33=B_SPLINE_CURVE_WITH_KNOTS('',3,(#20006,#20007,#20008,#20009),
 .UNSPECIFIED.,.F.,.F.,(4,4),(0.,0.000172392303016234),.UNSPECIFIED.);
#34=B_SPLINE_CURVE_WITH_KNOTS('',3,(#20027,#20028,#20029,#20030),
 .UNSPECIFIED.,.F.,.F.,(4,4),(0.,0.000186321120464628),.UNSPECIFIED.);
#35=B_SPLINE_CURVE_WITH_KNOTS('',3,(#20031,#20032,#20033,#20034),
 .UNSPECIFIED.,.F.,.F.,(4,4),(0.,0.000187275481014755),.UNSPECIFIED.);
#36=B_SPLINE_CURVE_WITH_KNOTS('',3,(#20056,#20057,#20058,#20059),
 .UNSPECIFIED.,.F.,.F.,(4,4),(0.,0.000186411582390078),.UNSPECIFIED.);
#37=B_SPLINE_CURVE_WITH_KNOTS('',3,(#20060,#20061,#20062,#20063),
 .UNSPECIFIED.,.F.,.F.,(4,4),(0.,0.000186937852052078),.UNSPECIFIED.);
#38=B_SPLINE_CURVE_WITH_KNOTS('',3,(#20160,#20161,#20162,#20163),
 .UNSPECIFIED.,.F.,.F.,(4,4),(0.,0.000491540951589661),.UNSPECIFIED.);
#39=B_SPLINE_CURVE_WITH_KNOTS('',3,(#20187,#20188,#20189,#20190),
 .UNSPECIFIED.,.F.,.F.,(4,4),(0.,7.87207296813676E-5),.UNSPECIFIED.);
#40=B_SPLINE_CURVE_WITH_KNOTS('',3,(#20368,#20369,#20370,#20371),
 .UNSPECIFIED.,.F.,.F.,(4,4),(0.,0.000491540951589661),.UNSPECIFIED.);
#41=B_SPLINE_CURVE_WITH_KNOTS('',3,(#20407,#20408,#20409,#20410),
 .UNSPECIFIED.,.F.,.F.,(4,4),(0.,7.87211073288183E-5),.UNSPECIFIED.);
#42=B_SPLINE_CURVE_WITH_KNOTS('',3,(#20723,#20724,#20725,#20726,#20727),
 .UNSPECIFIED.,.F.,.F.,(4,1,4),(0.00495558196392283,0.0056426998768806,
0.00632981778983837),.UNSPECIFIED.);
#43=B_SPLINE_CURVE_WITH_KNOTS('',3,(#20731,#20732,#20733,#20734,#20735),
 .UNSPECIFIED.,.F.,.F.,(4,1,4),(0.00495558196392283,0.0056426998768806,
0.00632981778983836),.UNSPECIFIED.);
#44=B_SPLINE_CURVE_WITH_KNOTS('',3,(#20755,#20756,#20757,#20758,#20759),
 .UNSPECIFIED.,.F.,.F.,(4,1,4),(0.00495558196392285,0.00564269987688061,
0.00632981778983836),.UNSPECIFIED.);
#45=B_SPLINE_CURVE_WITH_KNOTS('',3,(#20764,#20765,#20766,#20767,#20768),
 .UNSPECIFIED.,.F.,.F.,(4,1,4),(0.00495558196392286,0.00564269987688061,
0.00632981778983836),.UNSPECIFIED.);
#46=(
BOUNDED_SURFACE()
B_SPLINE_SURFACE(3,2,((#19639,#19640,#19641),(#19642,#19643,#19644),(#19645,
#19646,#19647),(#19648,#19649,#19650)),.UNSPECIFIED.,.F.,.F.,.F.)
B_SPLINE_SURFACE_WITH_KNOTS((4,4),(3,3),(1.62630325872826E-19,0.000186411582390078),
(0.,1.),.PIECEWISE_BEZIER_KNOTS.)
GEOMETRIC_REPRESENTATION_ITEM()
RATIONAL_B_SPLINE_SURFACE(((1.,0.707106781186548,1.),(1.,0.722604745466727,
1.),(1.,0.731357450464116,1.),(1.,0.731357450861236,1.)))
REPRESENTATION_ITEM('')
SURFACE()
);
#47=(
BOUNDED_SURFACE()
B_SPLINE_SURFACE(3,2,((#19671,#19672,#19673),(#19674,#19675,#19676),(#19677,
#19678,#19679),(#19680,#19681,#19682)),.UNSPECIFIED.,.F.,.F.,.F.)
B_SPLINE_SURFACE_WITH_KNOTS((4,4),(3,3),(0.0022361883502548,0.00242230063150291),
(0.,1.),.PIECEWISE_BEZIER_KNOTS.)
GEOMETRIC_REPRESENTATION_ITEM()
RATIONAL_B_SPLINE_SURFACE(((1.,0.707106781186548,1.),(1.,0.722603862412407,
1.),(1.,0.731357450280003,1.),(1.,0.731357450861236,1.)))
REPRESENTATION_ITEM('')
SURFACE()
);
#48=(
BOUNDED_SURFACE()
B_SPLINE_SURFACE(3,2,((#19701,#19702,#19703),(#19704,#19705,#19706),(#19707,
#19708,#19709),(#19710,#19711,#19712)),.UNSPECIFIED.,.F.,.F.,.F.)
B_SPLINE_SURFACE_WITH_KNOTS((4,4),(3,3),(0.00222161448115182,0.00239477855100674),
(0.,1.),.PIECEWISE_BEZIER_KNOTS.)
GEOMETRIC_REPRESENTATION_ITEM()
RATIONAL_B_SPLINE_SURFACE(((1.,0.707106781186548,1.),(1.,0.720451933156021,
1.),(1.,0.727857414689445,1.),(1.,0.727857415098683,1.)))
REPRESENTATION_ITEM('')
SURFACE()
);
#49=(
BOUNDED_SURFACE()
B_SPLINE_SURFACE(3,2,((#19987,#19988,#19989),(#19990,#19991,#19992),(#19993,
#19994,#19995),(#19996,#19997,#19998)),.UNSPECIFIED.,.F.,.F.,.F.)
B_SPLINE_SURFACE_WITH_KNOTS((4,4),(3,3),(0.00222161448115182,0.00239477855000227),
(0.,1.),.PIECEWISE_BEZIER_KNOTS.)
GEOMETRIC_REPRESENTATION_ITEM()
RATIONAL_B_SPLINE_SURFACE(((1.,0.707106781186546,1.),(1.,0.720451933078621,
1.),(1.,0.727857414606014,1.),(1.,0.727857415098682,1.)))
REPRESENTATION_ITEM('')
SURFACE()
);
#50=(
BOUNDED_SURFACE()
B_SPLINE_SURFACE(3,2,((#20012,#20013,#20014),(#20015,#20016,#20017),(#20018,
#20019,#20020),(#20021,#20022,#20023)),.UNSPECIFIED.,.F.,.F.,.F.)
B_SPLINE_SURFACE_WITH_KNOTS((4,4),(3,3),(0.0022361883502548,0.00242230063150291),
(0.,1.),.PIECEWISE_BEZIER_KNOTS.)
GEOMETRIC_REPRESENTATION_ITEM()
RATIONAL_B_SPLINE_SURFACE(((1.,0.707106781186548,1.),(1.,0.722603862412407,
1.),(1.,0.731357450280003,1.),(1.,0.731357450861236,1.)))
REPRESENTATION_ITEM('')
SURFACE()
);
#51=(
BOUNDED_SURFACE()
B_SPLINE_SURFACE(3,2,((#20041,#20042,#20043),(#20044,#20045,#20046),(#20047,
#20048,#20049),(#20050,#20051,#20052)),.UNSPECIFIED.,.F.,.F.,.F.)
B_SPLINE_SURFACE_WITH_KNOTS((4,4),(3,3),(1.62630325872826E-19,0.000186411582390078),
(0.,1.),.PIECEWISE_BEZIER_KNOTS.)
GEOMETRIC_REPRESENTATION_ITEM()
RATIONAL_B_SPLINE_SURFACE(((1.,0.707106781186548,1.),(1.,0.722604745466727,
1.),(1.,0.731357450464116,1.),(1.,0.731357450861236,1.)))
REPRESENTATION_ITEM('')
SURFACE()
);
#52=ELLIPSE('',#14712,1.4142135623731,1.);
#53=ELLIPSE('',#14713,1.4142135623731,1.);
#54=ELLIPSE('',#14715,1.4142135623731,1.);
#55=ELLIPSE('',#14717,1.4142135623731,1.);
#56=ELLIPSE('',#14731,1.4142135623731,1.);
#57=ELLIPSE('',#14732,1.4142135623731,1.);
#58=ELLIPSE('',#14734,1.4142135623731,1.);
#59=ELLIPSE('',#14736,1.4142135623731,1.);
#60=ELLIPSE('',#14746,1.4142135623731,1.);
#61=ELLIPSE('',#14747,1.41421356237309,1.);
#62=ELLIPSE('',#14749,1.41421356237309,1.);
#63=ELLIPSE('',#14751,1.4142135623731,1.);
#64=ELLIPSE('',#14754,1.41421356237309,1.);
#65=ELLIPSE('',#14755,1.4142135623731,1.);
#66=ELLIPSE('',#14757,1.4142135623731,1.);
#67=ELLIPSE('',#14759,1.41421356237309,1.);
#68=ELLIPSE('',#15027,0.284610479427591,0.201250000000004);
#69=ELLIPSE('',#15050,0.284610479427591,0.201250000000004);
#70=SPHERICAL_SURFACE('',#14697,0.201250000000004);
#71=SPHERICAL_SURFACE('',#14701,0.201250000000004);
#72=CYLINDRICAL_SURFACE('',#14517,1.);
#73=CYLINDRICAL_SURFACE('',#14521,1.);
#74=CYLINDRICAL_SURFACE('',#14525,1.);
#75=CYLINDRICAL_SURFACE('',#14529,1.);
#76=CYLINDRICAL_SURFACE('',#14533,1.);
#77=CYLINDRICAL_SURFACE('',#14537,1.);
#78=CYLINDRICAL_SURFACE('',#14541,1.);
#79=CYLINDRICAL_SURFACE('',#14545,1.);
#80=CYLINDRICAL_SURFACE('',#14549,1.);
#81=CYLINDRICAL_SURFACE('',#14553,1.);
#82=CYLINDRICAL_SURFACE('',#14557,1.);
#83=CYLINDRICAL_SURFACE('',#14561,1.);
#84=CYLINDRICAL_SURFACE('',#14565,1.);
#85=CYLINDRICAL_SURFACE('',#14569,1.);
#86=CYLINDRICAL_SURFACE('',#14573,1.);
#87=CYLINDRICAL_SURFACE('',#14577,1.);
#88=CYLINDRICAL_SURFACE('',#14581,0.100000000000001);
#89=CYLINDRICAL_SURFACE('',#14585,0.100000000000001);
#90=CYLINDRICAL_SURFACE('',#14589,0.100000000000001);
#91=CYLINDRICAL_SURFACE('',#14593,0.100000000000001);
#92=CYLINDRICAL_SURFACE('',#14711,1.);
#93=CYLINDRICAL_SURFACE('',#14714,1.);
#94=CYLINDRICAL_SURFACE('',#14716,1.);
#95=CYLINDRICAL_SURFACE('',#14718,1.);
#96=CYLINDRICAL_SURFACE('',#14730,1.);
#97=CYLINDRICAL_SURFACE('',#14733,1.);
#98=CYLINDRICAL_SURFACE('',#14735,1.);
#99=CYLINDRICAL_SURFACE('',#14737,1.);
#100=CYLINDRICAL_SURFACE('',#14745,1.);
#101=CYLINDRICAL_SURFACE('',#14748,1.);
#102=CYLINDRICAL_SURFACE('',#14750,1.);
#103=CYLINDRICAL_SURFACE('',#14752,1.);
#104=CYLINDRICAL_SURFACE('',#14753,1.);
#105=CYLINDRICAL_SURFACE('',#14756,1.);
#106=CYLINDRICAL_SURFACE('',#14758,1.);
#107=CYLINDRICAL_SURFACE('',#14760,1.);
#108=CYLINDRICAL_SURFACE('',#14777,0.201250000000004);
#109=CYLINDRICAL_SURFACE('',#14779,0.201250000000004);
#110=CYLINDRICAL_SURFACE('',#14790,0.201250000000004);
#111=CYLINDRICAL_SURFACE('',#14794,0.201250000000004);
#112=CYLINDRICAL_SURFACE('',#14798,0.201250000000004);
#113=CYLINDRICAL_SURFACE('',#14799,0.201250000000004);
#114=CYLINDRICAL_SURFACE('',#14800,0.35);
#115=CYLINDRICAL_SURFACE('',#14803,0.5);
#116=CYLINDRICAL_SURFACE('',#14808,0.35);
#117=CYLINDRICAL_SURFACE('',#14820,0.35);
#118=CYLINDRICAL_SURFACE('',#14823,0.5);
#119=CYLINDRICAL_SURFACE('',#14829,0.35);
#120=CYLINDRICAL_SURFACE('',#14832,0.35);
#121=CYLINDRICAL_SURFACE('',#14835,0.5);
#122=CYLINDRICAL_SURFACE('',#14840,0.35);
#123=CYLINDRICAL_SURFACE('',#14852,0.35);
#124=CYLINDRICAL_SURFACE('',#14855,0.5);
#125=CYLINDRICAL_SURFACE('',#14861,0.35);
#126=CYLINDRICAL_SURFACE('',#14868,0.201250000000004);
#127=CYLINDRICAL_SURFACE('',#14878,0.201250000000004);
#128=CYLINDRICAL_SURFACE('',#14881,0.201250000000004);
#129=CYLINDRICAL_SURFACE('',#14890,0.35);
#130=CYLINDRICAL_SURFACE('',#14895,0.201250000000004);
#131=CYLINDRICAL_SURFACE('',#14903,0.175000000000003);
#132=CYLINDRICAL_SURFACE('',#14908,0.201250000000004);
#133=CYLINDRICAL_SURFACE('',#14910,0.175000000000003);
#134=CYLINDRICAL_SURFACE('',#14912,0.201250000000004);
#135=CYLINDRICAL_SURFACE('',#14926,0.7);
#136=CYLINDRICAL_SURFACE('',#14934,0.7);
#137=CYLINDRICAL_SURFACE('',#14948,0.7);
#138=CYLINDRICAL_SURFACE('',#14956,0.7);
#139=CYLINDRICAL_SURFACE('',#14963,0.175000000000003);
#140=CYLINDRICAL_SURFACE('',#14969,0.201250000000004);
#141=CYLINDRICAL_SURFACE('',#14975,0.35);
#142=CYLINDRICAL_SURFACE('',#14979,0.175000000000003);
#143=CYLINDRICAL_SURFACE('',#14999,0.35);
#144=CYLINDRICAL_SURFACE('',#15002,0.35);
#145=CYLINDRICAL_SURFACE('',#15007,0.303495027219609);
#146=CYLINDRICAL_SURFACE('',#15013,0.25);
#147=CYLINDRICAL_SURFACE('',#15016,0.25);
#148=CYLINDRICAL_SURFACE('',#15019,0.5);
#149=CYLINDRICAL_SURFACE('',#15022,0.499357750133729);
#150=CYLINDRICAL_SURFACE('',#15026,0.201250000000004);
#151=CYLINDRICAL_SURFACE('',#15029,0.499357750133729);
#152=CYLINDRICAL_SURFACE('',#15032,0.5);
#153=CYLINDRICAL_SURFACE('',#15035,0.25);
#154=CYLINDRICAL_SURFACE('',#15038,0.25);
#155=CYLINDRICAL_SURFACE('',#15043,0.303495027219609);
#156=CYLINDRICAL_SURFACE('',#15049,0.201250000000004);
#157=CYLINDRICAL_SURFACE('',#15119,0.201250000000004);
#158=CYLINDRICAL_SURFACE('',#15128,1.55);
#159=CYLINDRICAL_SURFACE('',#15130,1.55);
#160=CYLINDRICAL_SURFACE('',#15138,1.55);
#161=CYLINDRICAL_SURFACE('',#15140,1.55);
#162=CIRCLE('',#14453,1.55);
#163=CIRCLE('',#14454,1.55);
#164=CIRCLE('',#14455,1.55);
#165=CIRCLE('',#14456,1.55);
#166=CIRCLE('',#14457,1.55);
#167=CIRCLE('',#14458,1.55);
#168=CIRCLE('',#14459,1.55);
#169=CIRCLE('',#14460,1.55);
#170=CIRCLE('',#14518,1.);
#171=CIRCLE('',#14519,1.);
#172=CIRCLE('',#14522,1.);
#173=CIRCLE('',#14523,1.);
#174=CIRCLE('',#14526,1.);
#175=CIRCLE('',#14527,1.);
#176=CIRCLE('',#14530,1.);
#177=CIRCLE('',#14531,1.);
#178=CIRCLE('',#14534,1.);
#179=CIRCLE('',#14535,1.);
#180=CIRCLE('',#14538,1.);
#181=CIRCLE('',#14539,1.);
#182=CIRCLE('',#14542,1.);
#183=CIRCLE('',#14543,1.);
#184=CIRCLE('',#14546,1.);
#185=CIRCLE('',#14547,1.);
#186=CIRCLE('',#14550,1.);
#187=CIRCLE('',#14551,1.);
#188=CIRCLE('',#14554,1.);
#189=CIRCLE('',#14555,1.);
#190=CIRCLE('',#14558,1.);
#191=CIRCLE('',#14559,1.);
#192=CIRCLE('',#14562,1.);
#193=CIRCLE('',#14563,1.);
#194=CIRCLE('',#14566,1.);
#195=CIRCLE('',#14567,1.);
#196=CIRCLE('',#14570,1.);
#197=CIRCLE('',#14571,1.);
#198=CIRCLE('',#14574,1.);
#199=CIRCLE('',#14575,1.);
#200=CIRCLE('',#14578,1.);
#201=CIRCLE('',#14579,1.);
#202=CIRCLE('',#14582,0.100000000000001);
#203=CIRCLE('',#14583,0.100000000000001);
#204=CIRCLE('',#14586,0.100000000000001);
#205=CIRCLE('',#14587,0.100000000000001);
#206=CIRCLE('',#14590,0.100000000000001);
#207=CIRCLE('',#14591,0.100000000000001);
#208=CIRCLE('',#14594,0.100000000000001);
#209=CIRCLE('',#14595,0.100000000000001);
#210=CIRCLE('',#14698,0.201250000000004);
#211=CIRCLE('',#14699,0.201250000000004);
#212=CIRCLE('',#14700,0.201250000000004);
#213=CIRCLE('',#14702,0.201250000000004);
#214=CIRCLE('',#14703,0.201250000000004);
#215=CIRCLE('',#14704,0.201250000000004);
#216=CIRCLE('',#14778,0.201250000000004);
#217=CIRCLE('',#14780,0.201250000000004);
#218=CIRCLE('',#14786,0.201250000000004);
#219=CIRCLE('',#14787,0.201250000000004);
#220=CIRCLE('',#14788,0.201250000000004);
#221=CIRCLE('',#14789,0.201250000000004);
#222=CIRCLE('',#14791,0.201250000000004);
#223=CIRCLE('',#14793,0.674357750133732);
#224=CIRCLE('',#14795,0.201250000000004);
#225=CIRCLE('',#14796,0.201250000000004);
#226=CIRCLE('',#14797,0.201250000000004);
#227=CIRCLE('',#14801,0.35);
#228=CIRCLE('',#14802,0.35);
#229=CIRCLE('',#14804,0.5);
#230=CIRCLE('',#14805,0.5);
#231=CIRCLE('',#14807,0.35);
#232=CIRCLE('',#14809,0.35);
#233=CIRCLE('',#14821,0.35);
#234=CIRCLE('',#14822,0.35);
#235=CIRCLE('',#14824,0.5);
#236=CIRCLE('',#14825,0.5);
#237=CIRCLE('',#14828,0.35);
#238=CIRCLE('',#14830,0.35);
#239=CIRCLE('',#14833,0.35);
#240=CIRCLE('',#14834,0.35);
#241=CIRCLE('',#14836,0.5);
#242=CIRCLE('',#14837,0.5);
#243=CIRCLE('',#14839,0.35);
#244=CIRCLE('',#14841,0.35);
#245=CIRCLE('',#14853,0.35);
#246=CIRCLE('',#14854,0.35);
#247=CIRCLE('',#14856,0.5);
#248=CIRCLE('',#14857,0.5);
#249=CIRCLE('',#14860,0.35);
#250=CIRCLE('',#14862,0.35);
#251=CIRCLE('',#14864,0.201250000000004);
#252=CIRCLE('',#14866,0.674357750133732);
#253=CIRCLE('',#14867,0.201250000000004);
#254=CIRCLE('',#14869,0.201250000000004);
#255=CIRCLE('',#14870,0.201250000000004);
#256=CIRCLE('',#14872,0.201250000000004);
#257=CIRCLE('',#14873,0.201250000000004);
#258=CIRCLE('',#14876,0.35);
#259=CIRCLE('',#14877,0.35);
#260=CIRCLE('',#14879,0.201250000000004);
#261=CIRCLE('',#14882,0.201250000000004);
#262=CIRCLE('',#14884,0.35);
#263=CIRCLE('',#14885,0.35);
#264=CIRCLE('',#14888,0.35);
#265=CIRCLE('',#14889,0.35);
#266=CIRCLE('',#14891,0.35);
#267=CIRCLE('',#14893,0.25);
#268=CIRCLE('',#14894,0.25);
#269=CIRCLE('',#14896,0.201250000000004);
#270=CIRCLE('',#14897,0.201250000000004);
#271=CIRCLE('',#14899,0.675000000000003);
#272=CIRCLE('',#14901,0.175000000000003);
#273=CIRCLE('',#14902,0.5);
#274=CIRCLE('',#14904,0.175000000000003);
#275=CIRCLE('',#14906,0.499357750133729);
#276=CIRCLE('',#14907,0.175000000000003);
#277=CIRCLE('',#14909,0.201250000000004);
#278=CIRCLE('',#14911,0.175000000000003);
#279=CIRCLE('',#14913,0.201250000000004);
#280=CIRCLE('',#14925,0.7);
#281=CIRCLE('',#14927,0.7);
#282=CIRCLE('',#14933,0.7);
#283=CIRCLE('',#14935,0.7);
#284=CIRCLE('',#14947,0.7);
#285=CIRCLE('',#14949,0.7);
#286=CIRCLE('',#14955,0.7);
#287=CIRCLE('',#14957,0.7);
#288=CIRCLE('',#14960,0.175000000000003);
#289=CIRCLE('',#14961,0.175000000000003);
#290=CIRCLE('',#14962,0.499357750133729);
#291=CIRCLE('',#14964,0.175000000000003);
#292=CIRCLE('',#14966,0.675000000000003);
#293=CIRCLE('',#14967,0.5);
#294=CIRCLE('',#14970,0.201250000000004);
#295=CIRCLE('',#14972,0.35);
#296=CIRCLE('',#14973,0.25);
#297=CIRCLE('',#14974,0.25);
#298=CIRCLE('',#14976,0.35);
#299=CIRCLE('',#14978,0.35);
#300=CIRCLE('',#14980,0.175000000000003);
#301=CIRCLE('',#14982,1.05);
#302=CIRCLE('',#14984,1.05);
#303=CIRCLE('',#15000,0.35);
#304=CIRCLE('',#15003,0.35);
#305=CIRCLE('',#15008,0.303495027219609);
#306=CIRCLE('',#15009,0.303495027219609);
#307=CIRCLE('',#15014,0.25);
#308=CIRCLE('',#15017,0.25);
#309=CIRCLE('',#15020,0.5);
#310=CIRCLE('',#15023,0.499357750133729);
#311=CIRCLE('',#15025,0.201250000000004);
#312=CIRCLE('',#15030,0.499357750133729);
#313=CIRCLE('',#15033,0.5);
#314=CIRCLE('',#15036,0.25);
#315=CIRCLE('',#15039,0.25);
#316=CIRCLE('',#15044,0.303495027219609);
#317=CIRCLE('',#15045,0.303495027219609);
#318=CIRCLE('',#15051,0.201250000000004);
#319=CIRCLE('',#15054,1.55);
#320=CIRCLE('',#15056,1.55);
#321=CIRCLE('',#15058,1.55);
#322=CIRCLE('',#15059,1.55);
#323=CIRCLE('',#15061,1.55);
#324=CIRCLE('',#15063,1.55);
#325=CIRCLE('',#15065,1.55);
#326=CIRCLE('',#15066,1.55);
#327=ORIENTED_EDGE('',*,*,#3315,.T.);
#328=ORIENTED_EDGE('',*,*,#3316,.F.);
#329=ORIENTED_EDGE('',*,*,#3317,.F.);
#330=ORIENTED_EDGE('',*,*,#3318,.T.);
#331=ORIENTED_EDGE('',*,*,#3319,.T.);
#332=ORIENTED_EDGE('',*,*,#3320,.F.);
#333=ORIENTED_EDGE('',*,*,#3321,.F.);
#334=ORIENTED_EDGE('',*,*,#3316,.T.);
#335=ORIENTED_EDGE('',*,*,#3322,.T.);
#336=ORIENTED_EDGE('',*,*,#3323,.T.);
#337=ORIENTED_EDGE('',*,*,#3317,.T.);
#338=ORIENTED_EDGE('',*,*,#3321,.T.);
#339=ORIENTED_EDGE('',*,*,#3324,.T.);
#340=ORIENTED_EDGE('',*,*,#3318,.F.);
#341=ORIENTED_EDGE('',*,*,#3323,.F.);
#342=ORIENTED_EDGE('',*,*,#3325,.T.);
#343=ORIENTED_EDGE('',*,*,#3326,.T.);
#344=ORIENTED_EDGE('',*,*,#3325,.F.);
#345=ORIENTED_EDGE('',*,*,#3322,.F.);
#346=ORIENTED_EDGE('',*,*,#3320,.T.);
#347=ORIENTED_EDGE('',*,*,#3327,.F.);
#348=ORIENTED_EDGE('',*,*,#3328,.F.);
#349=ORIENTED_EDGE('',*,*,#3329,.F.);
#350=ORIENTED_EDGE('',*,*,#3330,.F.);
#351=ORIENTED_EDGE('',*,*,#3331,.F.);
#352=ORIENTED_EDGE('',*,*,#3332,.F.);
#353=ORIENTED_EDGE('',*,*,#3333,.F.);
#354=ORIENTED_EDGE('',*,*,#3334,.F.);
#355=ORIENTED_EDGE('',*,*,#3335,.F.);
#356=ORIENTED_EDGE('',*,*,#3336,.F.);
#357=ORIENTED_EDGE('',*,*,#3337,.F.);
#358=ORIENTED_EDGE('',*,*,#3338,.F.);
#359=ORIENTED_EDGE('',*,*,#3339,.F.);
#360=ORIENTED_EDGE('',*,*,#3340,.F.);
#361=ORIENTED_EDGE('',*,*,#3341,.F.);
#362=ORIENTED_EDGE('',*,*,#3342,.F.);
#363=ORIENTED_EDGE('',*,*,#3343,.F.);
#364=ORIENTED_EDGE('',*,*,#3344,.F.);
#365=ORIENTED_EDGE('',*,*,#3345,.F.);
#366=ORIENTED_EDGE('',*,*,#3346,.F.);
#367=ORIENTED_EDGE('',*,*,#3347,.F.);
#368=ORIENTED_EDGE('',*,*,#3348,.F.);
#369=ORIENTED_EDGE('',*,*,#3349,.F.);
#370=ORIENTED_EDGE('',*,*,#3350,.F.);
#371=ORIENTED_EDGE('',*,*,#3351,.F.);
#372=ORIENTED_EDGE('',*,*,#3352,.F.);
#373=ORIENTED_EDGE('',*,*,#3353,.F.);
#374=ORIENTED_EDGE('',*,*,#3354,.F.);
#375=ORIENTED_EDGE('',*,*,#3355,.F.);
#376=ORIENTED_EDGE('',*,*,#3356,.F.);
#377=ORIENTED_EDGE('',*,*,#3357,.F.);
#378=ORIENTED_EDGE('',*,*,#3358,.F.);
#379=ORIENTED_EDGE('',*,*,#3359,.F.);
#380=ORIENTED_EDGE('',*,*,#3360,.F.);
#381=ORIENTED_EDGE('',*,*,#3361,.F.);
#382=ORIENTED_EDGE('',*,*,#3362,.F.);
#383=ORIENTED_EDGE('',*,*,#3363,.F.);
#384=ORIENTED_EDGE('',*,*,#3364,.F.);
#385=ORIENTED_EDGE('',*,*,#3365,.F.);
#386=ORIENTED_EDGE('',*,*,#3366,.F.);
#387=ORIENTED_EDGE('',*,*,#3367,.T.);
#388=ORIENTED_EDGE('',*,*,#3368,.T.);
#389=ORIENTED_EDGE('',*,*,#3369,.F.);
#390=ORIENTED_EDGE('',*,*,#3370,.T.);
#391=ORIENTED_EDGE('',*,*,#3371,.T.);
#392=ORIENTED_EDGE('',*,*,#3372,.T.);
#393=ORIENTED_EDGE('',*,*,#3373,.F.);
#394=ORIENTED_EDGE('',*,*,#3374,.F.);
#395=ORIENTED_EDGE('',*,*,#3375,.F.);
#396=ORIENTED_EDGE('',*,*,#3376,.T.);
#397=ORIENTED_EDGE('',*,*,#3377,.T.);
#398=ORIENTED_EDGE('',*,*,#3378,.T.);
#399=ORIENTED_EDGE('',*,*,#3379,.T.);
#400=ORIENTED_EDGE('',*,*,#3380,.F.);
#401=ORIENTED_EDGE('',*,*,#3381,.F.);
#402=ORIENTED_EDGE('',*,*,#3382,.F.);
#403=ORIENTED_EDGE('',*,*,#3383,.T.);
#404=ORIENTED_EDGE('',*,*,#3384,.T.);
#405=ORIENTED_EDGE('',*,*,#3385,.T.);
#406=ORIENTED_EDGE('',*,*,#3386,.T.);
#407=ORIENTED_EDGE('',*,*,#3387,.T.);
#408=ORIENTED_EDGE('',*,*,#3388,.T.);
#409=ORIENTED_EDGE('',*,*,#3389,.T.);
#410=ORIENTED_EDGE('',*,*,#3390,.T.);
#411=ORIENTED_EDGE('',*,*,#3391,.T.);
#412=ORIENTED_EDGE('',*,*,#3392,.T.);
#413=ORIENTED_EDGE('',*,*,#3393,.T.);
#414=ORIENTED_EDGE('',*,*,#3394,.T.);
#415=ORIENTED_EDGE('',*,*,#3395,.F.);
#416=ORIENTED_EDGE('',*,*,#3396,.F.);
#417=ORIENTED_EDGE('',*,*,#3397,.F.);
#418=ORIENTED_EDGE('',*,*,#3398,.T.);
#419=ORIENTED_EDGE('',*,*,#3399,.T.);
#420=ORIENTED_EDGE('',*,*,#3400,.T.);
#421=ORIENTED_EDGE('',*,*,#3401,.F.);
#422=ORIENTED_EDGE('',*,*,#3402,.F.);
#423=ORIENTED_EDGE('',*,*,#3403,.F.);
#424=ORIENTED_EDGE('',*,*,#3404,.T.);
#425=ORIENTED_EDGE('',*,*,#3405,.T.);
#426=ORIENTED_EDGE('',*,*,#3406,.T.);
#427=ORIENTED_EDGE('',*,*,#3407,.T.);
#428=ORIENTED_EDGE('',*,*,#3408,.T.);
#429=ORIENTED_EDGE('',*,*,#3409,.T.);
#430=ORIENTED_EDGE('',*,*,#3410,.T.);
#431=ORIENTED_EDGE('',*,*,#3411,.T.);
#432=ORIENTED_EDGE('',*,*,#3412,.T.);
#433=ORIENTED_EDGE('',*,*,#3413,.T.);
#434=ORIENTED_EDGE('',*,*,#3414,.T.);
#435=ORIENTED_EDGE('',*,*,#3415,.F.);
#436=ORIENTED_EDGE('',*,*,#3416,.F.);
#437=ORIENTED_EDGE('',*,*,#3417,.F.);
#438=ORIENTED_EDGE('',*,*,#3418,.F.);
#439=ORIENTED_EDGE('',*,*,#3419,.F.);
#440=ORIENTED_EDGE('',*,*,#3420,.F.);
#441=ORIENTED_EDGE('',*,*,#3421,.F.);
#442=ORIENTED_EDGE('',*,*,#3422,.F.);
#443=ORIENTED_EDGE('',*,*,#3423,.F.);
#444=ORIENTED_EDGE('',*,*,#3424,.F.);
#445=ORIENTED_EDGE('',*,*,#3425,.F.);
#446=ORIENTED_EDGE('',*,*,#3426,.F.);
#447=ORIENTED_EDGE('',*,*,#3427,.F.);
#448=ORIENTED_EDGE('',*,*,#3428,.F.);
#449=ORIENTED_EDGE('',*,*,#3429,.F.);
#450=ORIENTED_EDGE('',*,*,#3430,.F.);
#451=ORIENTED_EDGE('',*,*,#3431,.F.);
#452=ORIENTED_EDGE('',*,*,#3432,.F.);
#453=ORIENTED_EDGE('',*,*,#3433,.F.);
#454=ORIENTED_EDGE('',*,*,#3434,.F.);
#455=ORIENTED_EDGE('',*,*,#3435,.T.);
#456=ORIENTED_EDGE('',*,*,#3436,.T.);
#457=ORIENTED_EDGE('',*,*,#3437,.T.);
#458=ORIENTED_EDGE('',*,*,#3438,.T.);
#459=ORIENTED_EDGE('',*,*,#3439,.T.);
#460=ORIENTED_EDGE('',*,*,#3440,.T.);
#461=ORIENTED_EDGE('',*,*,#3441,.T.);
#462=ORIENTED_EDGE('',*,*,#3442,.T.);
#463=ORIENTED_EDGE('',*,*,#3443,.F.);
#464=ORIENTED_EDGE('',*,*,#3444,.F.);
#465=ORIENTED_EDGE('',*,*,#3445,.F.);
#466=ORIENTED_EDGE('',*,*,#3446,.F.);
#467=ORIENTED_EDGE('',*,*,#3447,.F.);
#468=ORIENTED_EDGE('',*,*,#3448,.F.);
#469=ORIENTED_EDGE('',*,*,#3449,.F.);
#470=ORIENTED_EDGE('',*,*,#3450,.F.);
#471=ORIENTED_EDGE('',*,*,#3451,.F.);
#472=ORIENTED_EDGE('',*,*,#3452,.F.);
#473=ORIENTED_EDGE('',*,*,#3453,.F.);
#474=ORIENTED_EDGE('',*,*,#3454,.F.);
#475=ORIENTED_EDGE('',*,*,#3455,.F.);
#476=ORIENTED_EDGE('',*,*,#3456,.F.);
#477=ORIENTED_EDGE('',*,*,#3457,.F.);
#478=ORIENTED_EDGE('',*,*,#3458,.F.);
#479=ORIENTED_EDGE('',*,*,#3315,.F.);
#480=ORIENTED_EDGE('',*,*,#3324,.F.);
#481=ORIENTED_EDGE('',*,*,#3326,.F.);
#482=ORIENTED_EDGE('',*,*,#3319,.F.);
#483=ORIENTED_EDGE('',*,*,#3459,.F.);
#484=ORIENTED_EDGE('',*,*,#3460,.T.);
#485=ORIENTED_EDGE('',*,*,#3461,.T.);
#486=ORIENTED_EDGE('',*,*,#3327,.T.);
#487=ORIENTED_EDGE('',*,*,#3462,.F.);
#488=ORIENTED_EDGE('',*,*,#3460,.F.);
#489=ORIENTED_EDGE('',*,*,#3463,.F.);
#490=ORIENTED_EDGE('',*,*,#3464,.F.);
#491=ORIENTED_EDGE('',*,*,#3465,.T.);
#492=ORIENTED_EDGE('',*,*,#3466,.T.);
#493=ORIENTED_EDGE('',*,*,#3467,.T.);
#494=ORIENTED_EDGE('',*,*,#3464,.T.);
#495=ORIENTED_EDGE('',*,*,#3467,.F.);
#496=ORIENTED_EDGE('',*,*,#3468,.T.);
#497=ORIENTED_EDGE('',*,*,#3469,.T.);
#498=ORIENTED_EDGE('',*,*,#3328,.T.);
#499=ORIENTED_EDGE('',*,*,#3461,.F.);
#500=ORIENTED_EDGE('',*,*,#3462,.T.);
#501=ORIENTED_EDGE('',*,*,#3469,.F.);
#502=ORIENTED_EDGE('',*,*,#3470,.T.);
#503=ORIENTED_EDGE('',*,*,#3471,.T.);
#504=ORIENTED_EDGE('',*,*,#3329,.T.);
#505=ORIENTED_EDGE('',*,*,#3471,.F.);
#506=ORIENTED_EDGE('',*,*,#3472,.T.);
#507=ORIENTED_EDGE('',*,*,#3465,.F.);
#508=ORIENTED_EDGE('',*,*,#3463,.T.);
#509=ORIENTED_EDGE('',*,*,#3459,.T.);
#510=ORIENTED_EDGE('',*,*,#3330,.T.);
#511=ORIENTED_EDGE('',*,*,#3472,.F.);
#512=ORIENTED_EDGE('',*,*,#3470,.F.);
#513=ORIENTED_EDGE('',*,*,#3468,.F.);
#514=ORIENTED_EDGE('',*,*,#3466,.F.);
#515=ORIENTED_EDGE('',*,*,#3473,.F.);
#516=ORIENTED_EDGE('',*,*,#3474,.T.);
#517=ORIENTED_EDGE('',*,*,#3475,.T.);
#518=ORIENTED_EDGE('',*,*,#3455,.T.);
#519=ORIENTED_EDGE('',*,*,#3476,.F.);
#520=ORIENTED_EDGE('',*,*,#3474,.F.);
#521=ORIENTED_EDGE('',*,*,#3477,.F.);
#522=ORIENTED_EDGE('',*,*,#3478,.F.);
#523=ORIENTED_EDGE('',*,*,#3479,.T.);
#524=ORIENTED_EDGE('',*,*,#3480,.T.);
#525=ORIENTED_EDGE('',*,*,#3481,.T.);
#526=ORIENTED_EDGE('',*,*,#3478,.T.);
#527=ORIENTED_EDGE('',*,*,#3481,.F.);
#528=ORIENTED_EDGE('',*,*,#3482,.T.);
#529=ORIENTED_EDGE('',*,*,#3483,.T.);
#530=ORIENTED_EDGE('',*,*,#3456,.T.);
#531=ORIENTED_EDGE('',*,*,#3475,.F.);
#532=ORIENTED_EDGE('',*,*,#3476,.T.);
#533=ORIENTED_EDGE('',*,*,#3483,.F.);
#534=ORIENTED_EDGE('',*,*,#3484,.T.);
#535=ORIENTED_EDGE('',*,*,#3485,.T.);
#536=ORIENTED_EDGE('',*,*,#3457,.T.);
#537=ORIENTED_EDGE('',*,*,#3485,.F.);
#538=ORIENTED_EDGE('',*,*,#3486,.T.);
#539=ORIENTED_EDGE('',*,*,#3479,.F.);
#540=ORIENTED_EDGE('',*,*,#3477,.T.);
#541=ORIENTED_EDGE('',*,*,#3473,.T.);
#542=ORIENTED_EDGE('',*,*,#3458,.T.);
#543=ORIENTED_EDGE('',*,*,#3486,.F.);
#544=ORIENTED_EDGE('',*,*,#3484,.F.);
#545=ORIENTED_EDGE('',*,*,#3482,.F.);
#546=ORIENTED_EDGE('',*,*,#3480,.F.);
#547=ORIENTED_EDGE('',*,*,#3487,.F.);
#548=ORIENTED_EDGE('',*,*,#3488,.T.);
#549=ORIENTED_EDGE('',*,*,#3489,.T.);
#550=ORIENTED_EDGE('',*,*,#3331,.T.);
#551=ORIENTED_EDGE('',*,*,#3490,.F.);
#552=ORIENTED_EDGE('',*,*,#3488,.F.);
#553=ORIENTED_EDGE('',*,*,#3491,.F.);
#554=ORIENTED_EDGE('',*,*,#3492,.F.);
#555=ORIENTED_EDGE('',*,*,#3493,.T.);
#556=ORIENTED_EDGE('',*,*,#3494,.T.);
#557=ORIENTED_EDGE('',*,*,#3495,.T.);
#558=ORIENTED_EDGE('',*,*,#3492,.T.);
#559=ORIENTED_EDGE('',*,*,#3495,.F.);
#560=ORIENTED_EDGE('',*,*,#3496,.T.);
#561=ORIENTED_EDGE('',*,*,#3497,.T.);
#562=ORIENTED_EDGE('',*,*,#3332,.T.);
#563=ORIENTED_EDGE('',*,*,#3489,.F.);
#564=ORIENTED_EDGE('',*,*,#3490,.T.);
#565=ORIENTED_EDGE('',*,*,#3497,.F.);
#566=ORIENTED_EDGE('',*,*,#3498,.T.);
#567=ORIENTED_EDGE('',*,*,#3499,.T.);
#568=ORIENTED_EDGE('',*,*,#3333,.T.);
#569=ORIENTED_EDGE('',*,*,#3499,.F.);
#570=ORIENTED_EDGE('',*,*,#3500,.T.);
#571=ORIENTED_EDGE('',*,*,#3493,.F.);
#572=ORIENTED_EDGE('',*,*,#3491,.T.);
#573=ORIENTED_EDGE('',*,*,#3487,.T.);
#574=ORIENTED_EDGE('',*,*,#3334,.T.);
#575=ORIENTED_EDGE('',*,*,#3500,.F.);
#576=ORIENTED_EDGE('',*,*,#3498,.F.);
#577=ORIENTED_EDGE('',*,*,#3496,.F.);
#578=ORIENTED_EDGE('',*,*,#3494,.F.);
#579=ORIENTED_EDGE('',*,*,#3501,.F.);
#580=ORIENTED_EDGE('',*,*,#3502,.T.);
#581=ORIENTED_EDGE('',*,*,#3503,.T.);
#582=ORIENTED_EDGE('',*,*,#3451,.T.);
#583=ORIENTED_EDGE('',*,*,#3504,.F.);
#584=ORIENTED_EDGE('',*,*,#3502,.F.);
#585=ORIENTED_EDGE('',*,*,#3505,.F.);
#586=ORIENTED_EDGE('',*,*,#3506,.F.);
#587=ORIENTED_EDGE('',*,*,#3507,.T.);
#588=ORIENTED_EDGE('',*,*,#3508,.T.);
#589=ORIENTED_EDGE('',*,*,#3509,.T.);
#590=ORIENTED_EDGE('',*,*,#3506,.T.);
#591=ORIENTED_EDGE('',*,*,#3509,.F.);
#592=ORIENTED_EDGE('',*,*,#3510,.T.);
#593=ORIENTED_EDGE('',*,*,#3511,.T.);
#594=ORIENTED_EDGE('',*,*,#3452,.T.);
#595=ORIENTED_EDGE('',*,*,#3503,.F.);
#596=ORIENTED_EDGE('',*,*,#3504,.T.);
#597=ORIENTED_EDGE('',*,*,#3511,.F.);
#598=ORIENTED_EDGE('',*,*,#3512,.T.);
#599=ORIENTED_EDGE('',*,*,#3513,.T.);
#600=ORIENTED_EDGE('',*,*,#3453,.T.);
#601=ORIENTED_EDGE('',*,*,#3513,.F.);
#602=ORIENTED_EDGE('',*,*,#3514,.T.);
#603=ORIENTED_EDGE('',*,*,#3507,.F.);
#604=ORIENTED_EDGE('',*,*,#3505,.T.);
#605=ORIENTED_EDGE('',*,*,#3501,.T.);
#606=ORIENTED_EDGE('',*,*,#3454,.T.);
#607=ORIENTED_EDGE('',*,*,#3514,.F.);
#608=ORIENTED_EDGE('',*,*,#3512,.F.);
#609=ORIENTED_EDGE('',*,*,#3510,.F.);
#610=ORIENTED_EDGE('',*,*,#3508,.F.);
#611=ORIENTED_EDGE('',*,*,#3515,.F.);
#612=ORIENTED_EDGE('',*,*,#3516,.T.);
#613=ORIENTED_EDGE('',*,*,#3517,.T.);
#614=ORIENTED_EDGE('',*,*,#3335,.T.);
#615=ORIENTED_EDGE('',*,*,#3518,.F.);
#616=ORIENTED_EDGE('',*,*,#3516,.F.);
#617=ORIENTED_EDGE('',*,*,#3519,.F.);
#618=ORIENTED_EDGE('',*,*,#3520,.F.);
#619=ORIENTED_EDGE('',*,*,#3521,.T.);
#620=ORIENTED_EDGE('',*,*,#3522,.T.);
#621=ORIENTED_EDGE('',*,*,#3523,.T.);
#622=ORIENTED_EDGE('',*,*,#3520,.T.);
#623=ORIENTED_EDGE('',*,*,#3523,.F.);
#624=ORIENTED_EDGE('',*,*,#3524,.T.);
#625=ORIENTED_EDGE('',*,*,#3525,.T.);
#626=ORIENTED_EDGE('',*,*,#3336,.T.);
#627=ORIENTED_EDGE('',*,*,#3517,.F.);
#628=ORIENTED_EDGE('',*,*,#3518,.T.);
#629=ORIENTED_EDGE('',*,*,#3525,.F.);
#630=ORIENTED_EDGE('',*,*,#3526,.T.);
#631=ORIENTED_EDGE('',*,*,#3527,.T.);
#632=ORIENTED_EDGE('',*,*,#3337,.T.);
#633=ORIENTED_EDGE('',*,*,#3527,.F.);
#634=ORIENTED_EDGE('',*,*,#3528,.T.);
#635=ORIENTED_EDGE('',*,*,#3521,.F.);
#636=ORIENTED_EDGE('',*,*,#3519,.T.);
#637=ORIENTED_EDGE('',*,*,#3515,.T.);
#638=ORIENTED_EDGE('',*,*,#3338,.T.);
#639=ORIENTED_EDGE('',*,*,#3528,.F.);
#640=ORIENTED_EDGE('',*,*,#3526,.F.);
#641=ORIENTED_EDGE('',*,*,#3524,.F.);
#642=ORIENTED_EDGE('',*,*,#3522,.F.);
#643=ORIENTED_EDGE('',*,*,#3529,.F.);
#644=ORIENTED_EDGE('',*,*,#3530,.T.);
#645=ORIENTED_EDGE('',*,*,#3531,.T.);
#646=ORIENTED_EDGE('',*,*,#3447,.T.);
#647=ORIENTED_EDGE('',*,*,#3532,.F.);
#648=ORIENTED_EDGE('',*,*,#3530,.F.);
#649=ORIENTED_EDGE('',*,*,#3533,.F.);
#650=ORIENTED_EDGE('',*,*,#3534,.F.);
#651=ORIENTED_EDGE('',*,*,#3535,.T.);
#652=ORIENTED_EDGE('',*,*,#3534,.T.);
#653=ORIENTED_EDGE('',*,*,#3536,.T.);
#654=ORIENTED_EDGE('',*,*,#3537,.T.);
#655=ORIENTED_EDGE('',*,*,#3531,.F.);
#656=ORIENTED_EDGE('',*,*,#3532,.T.);
#657=ORIENTED_EDGE('',*,*,#3535,.F.);
#658=ORIENTED_EDGE('',*,*,#3538,.T.);
#659=ORIENTED_EDGE('',*,*,#3539,.T.);
#660=ORIENTED_EDGE('',*,*,#3448,.T.);
#661=ORIENTED_EDGE('',*,*,#3539,.F.);
#662=ORIENTED_EDGE('',*,*,#3540,.T.);
#663=ORIENTED_EDGE('',*,*,#3541,.T.);
#664=ORIENTED_EDGE('',*,*,#3449,.T.);
#665=ORIENTED_EDGE('',*,*,#3536,.F.);
#666=ORIENTED_EDGE('',*,*,#3533,.T.);
#667=ORIENTED_EDGE('',*,*,#3529,.T.);
#668=ORIENTED_EDGE('',*,*,#3450,.T.);
#669=ORIENTED_EDGE('',*,*,#3541,.F.);
#670=ORIENTED_EDGE('',*,*,#3542,.T.);
#671=ORIENTED_EDGE('',*,*,#3542,.F.);
#672=ORIENTED_EDGE('',*,*,#3540,.F.);
#673=ORIENTED_EDGE('',*,*,#3538,.F.);
#674=ORIENTED_EDGE('',*,*,#3537,.F.);
#675=ORIENTED_EDGE('',*,*,#3543,.F.);
#676=ORIENTED_EDGE('',*,*,#3544,.T.);
#677=ORIENTED_EDGE('',*,*,#3545,.T.);
#678=ORIENTED_EDGE('',*,*,#3339,.T.);
#679=ORIENTED_EDGE('',*,*,#3546,.F.);
#680=ORIENTED_EDGE('',*,*,#3544,.F.);
#681=ORIENTED_EDGE('',*,*,#3547,.F.);
#682=ORIENTED_EDGE('',*,*,#3548,.F.);
#683=ORIENTED_EDGE('',*,*,#3549,.T.);
#684=ORIENTED_EDGE('',*,*,#3550,.T.);
#685=ORIENTED_EDGE('',*,*,#3551,.T.);
#686=ORIENTED_EDGE('',*,*,#3548,.T.);
#687=ORIENTED_EDGE('',*,*,#3551,.F.);
#688=ORIENTED_EDGE('',*,*,#3552,.T.);
#689=ORIENTED_EDGE('',*,*,#3553,.T.);
#690=ORIENTED_EDGE('',*,*,#3340,.T.);
#691=ORIENTED_EDGE('',*,*,#3545,.F.);
#692=ORIENTED_EDGE('',*,*,#3546,.T.);
#693=ORIENTED_EDGE('',*,*,#3553,.F.);
#694=ORIENTED_EDGE('',*,*,#3554,.T.);
#695=ORIENTED_EDGE('',*,*,#3555,.T.);
#696=ORIENTED_EDGE('',*,*,#3341,.T.);
#697=ORIENTED_EDGE('',*,*,#3555,.F.);
#698=ORIENTED_EDGE('',*,*,#3556,.T.);
#699=ORIENTED_EDGE('',*,*,#3549,.F.);
#700=ORIENTED_EDGE('',*,*,#3547,.T.);
#701=ORIENTED_EDGE('',*,*,#3543,.T.);
#702=ORIENTED_EDGE('',*,*,#3342,.T.);
#703=ORIENTED_EDGE('',*,*,#3556,.F.);
#704=ORIENTED_EDGE('',*,*,#3554,.F.);
#705=ORIENTED_EDGE('',*,*,#3552,.F.);
#706=ORIENTED_EDGE('',*,*,#3550,.F.);
#707=ORIENTED_EDGE('',*,*,#3557,.F.);
#708=ORIENTED_EDGE('',*,*,#3558,.T.);
#709=ORIENTED_EDGE('',*,*,#3559,.T.);
#710=ORIENTED_EDGE('',*,*,#3443,.T.);
#711=ORIENTED_EDGE('',*,*,#3560,.F.);
#712=ORIENTED_EDGE('',*,*,#3558,.F.);
#713=ORIENTED_EDGE('',*,*,#3561,.F.);
#714=ORIENTED_EDGE('',*,*,#3562,.F.);
#715=ORIENTED_EDGE('',*,*,#3563,.T.);
#716=ORIENTED_EDGE('',*,*,#3564,.T.);
#717=ORIENTED_EDGE('',*,*,#3565,.T.);
#718=ORIENTED_EDGE('',*,*,#3562,.T.);
#719=ORIENTED_EDGE('',*,*,#3565,.F.);
#720=ORIENTED_EDGE('',*,*,#3566,.T.);
#721=ORIENTED_EDGE('',*,*,#3567,.T.);
#722=ORIENTED_EDGE('',*,*,#3444,.T.);
#723=ORIENTED_EDGE('',*,*,#3559,.F.);
#724=ORIENTED_EDGE('',*,*,#3560,.T.);
#725=ORIENTED_EDGE('',*,*,#3567,.F.);
#726=ORIENTED_EDGE('',*,*,#3568,.T.);
#727=ORIENTED_EDGE('',*,*,#3569,.T.);
#728=ORIENTED_EDGE('',*,*,#3445,.T.);
#729=ORIENTED_EDGE('',*,*,#3569,.F.);
#730=ORIENTED_EDGE('',*,*,#3570,.T.);
#731=ORIENTED_EDGE('',*,*,#3563,.F.);
#732=ORIENTED_EDGE('',*,*,#3561,.T.);
#733=ORIENTED_EDGE('',*,*,#3557,.T.);
#734=ORIENTED_EDGE('',*,*,#3446,.T.);
#735=ORIENTED_EDGE('',*,*,#3570,.F.);
#736=ORIENTED_EDGE('',*,*,#3568,.F.);
#737=ORIENTED_EDGE('',*,*,#3566,.F.);
#738=ORIENTED_EDGE('',*,*,#3564,.F.);
#739=ORIENTED_EDGE('',*,*,#3571,.F.);
#740=ORIENTED_EDGE('',*,*,#3572,.F.);
#741=ORIENTED_EDGE('',*,*,#3573,.F.);
#742=ORIENTED_EDGE('',*,*,#3574,.F.);
#743=ORIENTED_EDGE('',*,*,#3575,.F.);
#744=ORIENTED_EDGE('',*,*,#3572,.T.);
#745=ORIENTED_EDGE('',*,*,#3576,.F.);
#746=ORIENTED_EDGE('',*,*,#3577,.F.);
#747=ORIENTED_EDGE('',*,*,#3578,.F.);
#748=ORIENTED_EDGE('',*,*,#3579,.F.);
#749=ORIENTED_EDGE('',*,*,#3580,.F.);
#750=ORIENTED_EDGE('',*,*,#3581,.F.);
#751=ORIENTED_EDGE('',*,*,#3582,.F.);
#752=ORIENTED_EDGE('',*,*,#3579,.T.);
#753=ORIENTED_EDGE('',*,*,#3583,.F.);
#754=ORIENTED_EDGE('',*,*,#3584,.F.);
#755=ORIENTED_EDGE('',*,*,#3585,.F.);
#756=ORIENTED_EDGE('',*,*,#3586,.F.);
#757=ORIENTED_EDGE('',*,*,#3587,.F.);
#758=ORIENTED_EDGE('',*,*,#3588,.F.);
#759=ORIENTED_EDGE('',*,*,#3589,.F.);
#760=ORIENTED_EDGE('',*,*,#3586,.T.);
#761=ORIENTED_EDGE('',*,*,#3590,.F.);
#762=ORIENTED_EDGE('',*,*,#3591,.F.);
#763=ORIENTED_EDGE('',*,*,#3592,.F.);
#764=ORIENTED_EDGE('',*,*,#3593,.F.);
#765=ORIENTED_EDGE('',*,*,#3594,.F.);
#766=ORIENTED_EDGE('',*,*,#3595,.F.);
#767=ORIENTED_EDGE('',*,*,#3596,.F.);
#768=ORIENTED_EDGE('',*,*,#3593,.T.);
#769=ORIENTED_EDGE('',*,*,#3597,.F.);
#770=ORIENTED_EDGE('',*,*,#3598,.F.);
#771=ORIENTED_EDGE('',*,*,#3599,.F.);
#772=ORIENTED_EDGE('',*,*,#3600,.F.);
#773=ORIENTED_EDGE('',*,*,#3601,.F.);
#774=ORIENTED_EDGE('',*,*,#3602,.F.);
#775=ORIENTED_EDGE('',*,*,#3603,.F.);
#776=ORIENTED_EDGE('',*,*,#3600,.T.);
#777=ORIENTED_EDGE('',*,*,#3604,.F.);
#778=ORIENTED_EDGE('',*,*,#3605,.F.);
#779=ORIENTED_EDGE('',*,*,#3606,.F.);
#780=ORIENTED_EDGE('',*,*,#3607,.F.);
#781=ORIENTED_EDGE('',*,*,#3608,.F.);
#782=ORIENTED_EDGE('',*,*,#3609,.F.);
#783=ORIENTED_EDGE('',*,*,#3610,.F.);
#784=ORIENTED_EDGE('',*,*,#3607,.T.);
#785=ORIENTED_EDGE('',*,*,#3611,.F.);
#786=ORIENTED_EDGE('',*,*,#3612,.F.);
#787=ORIENTED_EDGE('',*,*,#3613,.F.);
#788=ORIENTED_EDGE('',*,*,#3614,.F.);
#789=ORIENTED_EDGE('',*,*,#3615,.F.);
#790=ORIENTED_EDGE('',*,*,#3616,.F.);
#791=ORIENTED_EDGE('',*,*,#3617,.F.);
#792=ORIENTED_EDGE('',*,*,#3614,.T.);
#793=ORIENTED_EDGE('',*,*,#3618,.F.);
#794=ORIENTED_EDGE('',*,*,#3619,.F.);
#795=ORIENTED_EDGE('',*,*,#3620,.F.);
#796=ORIENTED_EDGE('',*,*,#3621,.F.);
#797=ORIENTED_EDGE('',*,*,#3622,.F.);
#798=ORIENTED_EDGE('',*,*,#3623,.F.);
#799=ORIENTED_EDGE('',*,*,#3624,.F.);
#800=ORIENTED_EDGE('',*,*,#3621,.T.);
#801=ORIENTED_EDGE('',*,*,#3625,.F.);
#802=ORIENTED_EDGE('',*,*,#3626,.F.);
#803=ORIENTED_EDGE('',*,*,#3627,.F.);
#804=ORIENTED_EDGE('',*,*,#3628,.F.);
#805=ORIENTED_EDGE('',*,*,#3629,.F.);
#806=ORIENTED_EDGE('',*,*,#3630,.F.);
#807=ORIENTED_EDGE('',*,*,#3631,.F.);
#808=ORIENTED_EDGE('',*,*,#3628,.T.);
#809=ORIENTED_EDGE('',*,*,#3632,.F.);
#810=ORIENTED_EDGE('',*,*,#3633,.F.);
#811=ORIENTED_EDGE('',*,*,#3634,.F.);
#812=ORIENTED_EDGE('',*,*,#3635,.F.);
#813=ORIENTED_EDGE('',*,*,#3636,.F.);
#814=ORIENTED_EDGE('',*,*,#3637,.F.);
#815=ORIENTED_EDGE('',*,*,#3638,.F.);
#816=ORIENTED_EDGE('',*,*,#3635,.T.);
#817=ORIENTED_EDGE('',*,*,#3639,.F.);
#818=ORIENTED_EDGE('',*,*,#3640,.F.);
#819=ORIENTED_EDGE('',*,*,#3641,.F.);
#820=ORIENTED_EDGE('',*,*,#3642,.F.);
#821=ORIENTED_EDGE('',*,*,#3643,.F.);
#822=ORIENTED_EDGE('',*,*,#3644,.F.);
#823=ORIENTED_EDGE('',*,*,#3645,.F.);
#824=ORIENTED_EDGE('',*,*,#3642,.T.);
#825=ORIENTED_EDGE('',*,*,#3646,.F.);
#826=ORIENTED_EDGE('',*,*,#3647,.F.);
#827=ORIENTED_EDGE('',*,*,#3648,.F.);
#828=ORIENTED_EDGE('',*,*,#3649,.F.);
#829=ORIENTED_EDGE('',*,*,#3650,.F.);
#830=ORIENTED_EDGE('',*,*,#3651,.F.);
#831=ORIENTED_EDGE('',*,*,#3652,.F.);
#832=ORIENTED_EDGE('',*,*,#3649,.T.);
#833=ORIENTED_EDGE('',*,*,#3653,.F.);
#834=ORIENTED_EDGE('',*,*,#3654,.F.);
#835=ORIENTED_EDGE('',*,*,#3655,.F.);
#836=ORIENTED_EDGE('',*,*,#3656,.F.);
#837=ORIENTED_EDGE('',*,*,#3657,.F.);
#838=ORIENTED_EDGE('',*,*,#3658,.F.);
#839=ORIENTED_EDGE('',*,*,#3659,.F.);
#840=ORIENTED_EDGE('',*,*,#3656,.T.);
#841=ORIENTED_EDGE('',*,*,#3660,.F.);
#842=ORIENTED_EDGE('',*,*,#3661,.F.);
#843=ORIENTED_EDGE('',*,*,#3662,.F.);
#844=ORIENTED_EDGE('',*,*,#3663,.F.);
#845=ORIENTED_EDGE('',*,*,#3664,.F.);
#846=ORIENTED_EDGE('',*,*,#3665,.F.);
#847=ORIENTED_EDGE('',*,*,#3666,.F.);
#848=ORIENTED_EDGE('',*,*,#3663,.T.);
#849=ORIENTED_EDGE('',*,*,#3667,.F.);
#850=ORIENTED_EDGE('',*,*,#3668,.F.);
#851=ORIENTED_EDGE('',*,*,#3669,.F.);
#852=ORIENTED_EDGE('',*,*,#3670,.F.);
#853=ORIENTED_EDGE('',*,*,#3671,.F.);
#854=ORIENTED_EDGE('',*,*,#3672,.F.);
#855=ORIENTED_EDGE('',*,*,#3673,.F.);
#856=ORIENTED_EDGE('',*,*,#3670,.T.);
#857=ORIENTED_EDGE('',*,*,#3674,.F.);
#858=ORIENTED_EDGE('',*,*,#3675,.F.);
#859=ORIENTED_EDGE('',*,*,#3676,.F.);
#860=ORIENTED_EDGE('',*,*,#3677,.F.);
#861=ORIENTED_EDGE('',*,*,#3678,.F.);
#862=ORIENTED_EDGE('',*,*,#3679,.F.);
#863=ORIENTED_EDGE('',*,*,#3680,.F.);
#864=ORIENTED_EDGE('',*,*,#3677,.T.);
#865=ORIENTED_EDGE('',*,*,#3681,.F.);
#866=ORIENTED_EDGE('',*,*,#3682,.F.);
#867=ORIENTED_EDGE('',*,*,#3683,.F.);
#868=ORIENTED_EDGE('',*,*,#3684,.F.);
#869=ORIENTED_EDGE('',*,*,#3685,.F.);
#870=ORIENTED_EDGE('',*,*,#3686,.F.);
#871=ORIENTED_EDGE('',*,*,#3687,.T.);
#872=ORIENTED_EDGE('',*,*,#3688,.T.);
#873=ORIENTED_EDGE('',*,*,#3689,.T.);
#874=ORIENTED_EDGE('',*,*,#3690,.T.);
#875=ORIENTED_EDGE('',*,*,#3691,.F.);
#876=ORIENTED_EDGE('',*,*,#3692,.F.);
#877=ORIENTED_EDGE('',*,*,#3693,.F.);
#878=ORIENTED_EDGE('',*,*,#3688,.F.);
#879=ORIENTED_EDGE('',*,*,#3694,.F.);
#880=ORIENTED_EDGE('',*,*,#3692,.T.);
#881=ORIENTED_EDGE('',*,*,#3695,.F.);
#882=ORIENTED_EDGE('',*,*,#3684,.T.);
#883=ORIENTED_EDGE('',*,*,#3696,.T.);
#884=ORIENTED_EDGE('',*,*,#3697,.T.);
#885=ORIENTED_EDGE('',*,*,#3698,.T.);
#886=ORIENTED_EDGE('',*,*,#3699,.T.);
#887=ORIENTED_EDGE('',*,*,#3700,.F.);
#888=ORIENTED_EDGE('',*,*,#3701,.F.);
#889=ORIENTED_EDGE('',*,*,#3702,.F.);
#890=ORIENTED_EDGE('',*,*,#3697,.F.);
#891=ORIENTED_EDGE('',*,*,#3703,.T.);
#892=ORIENTED_EDGE('',*,*,#3704,.T.);
#893=ORIENTED_EDGE('',*,*,#3705,.T.);
#894=ORIENTED_EDGE('',*,*,#3706,.T.);
#895=ORIENTED_EDGE('',*,*,#3707,.T.);
#896=ORIENTED_EDGE('',*,*,#3706,.F.);
#897=ORIENTED_EDGE('',*,*,#3708,.T.);
#898=ORIENTED_EDGE('',*,*,#3699,.F.);
#899=ORIENTED_EDGE('',*,*,#3709,.F.);
#900=ORIENTED_EDGE('',*,*,#3598,.T.);
#901=ORIENTED_EDGE('',*,*,#3710,.T.);
#902=ORIENTED_EDGE('',*,*,#3711,.T.);
#903=ORIENTED_EDGE('',*,*,#3712,.F.);
#904=ORIENTED_EDGE('',*,*,#3591,.T.);
#905=ORIENTED_EDGE('',*,*,#3713,.T.);
#906=ORIENTED_EDGE('',*,*,#3714,.T.);
#907=ORIENTED_EDGE('',*,*,#3715,.F.);
#908=ORIENTED_EDGE('',*,*,#3584,.T.);
#909=ORIENTED_EDGE('',*,*,#3716,.T.);
#910=ORIENTED_EDGE('',*,*,#3717,.T.);
#911=ORIENTED_EDGE('',*,*,#3718,.F.);
#912=ORIENTED_EDGE('',*,*,#3577,.T.);
#913=ORIENTED_EDGE('',*,*,#3719,.T.);
#914=ORIENTED_EDGE('',*,*,#3720,.T.);
#915=ORIENTED_EDGE('',*,*,#3721,.F.);
#916=ORIENTED_EDGE('',*,*,#3626,.T.);
#917=ORIENTED_EDGE('',*,*,#3722,.T.);
#918=ORIENTED_EDGE('',*,*,#3723,.F.);
#919=ORIENTED_EDGE('',*,*,#3724,.F.);
#920=ORIENTED_EDGE('',*,*,#3619,.T.);
#921=ORIENTED_EDGE('',*,*,#3725,.T.);
#922=ORIENTED_EDGE('',*,*,#3726,.T.);
#923=ORIENTED_EDGE('',*,*,#3727,.F.);
#924=ORIENTED_EDGE('',*,*,#3612,.T.);
#925=ORIENTED_EDGE('',*,*,#3728,.T.);
#926=ORIENTED_EDGE('',*,*,#3729,.T.);
#927=ORIENTED_EDGE('',*,*,#3730,.F.);
#928=ORIENTED_EDGE('',*,*,#3605,.T.);
#929=ORIENTED_EDGE('',*,*,#3731,.T.);
#930=ORIENTED_EDGE('',*,*,#3732,.T.);
#931=ORIENTED_EDGE('',*,*,#3733,.F.);
#932=ORIENTED_EDGE('',*,*,#3573,.T.);
#933=ORIENTED_EDGE('',*,*,#3575,.T.);
#934=ORIENTED_EDGE('',*,*,#3718,.T.);
#935=ORIENTED_EDGE('',*,*,#3734,.T.);
#936=ORIENTED_EDGE('',*,*,#3735,.F.);
#937=ORIENTED_EDGE('',*,*,#3736,.T.);
#938=ORIENTED_EDGE('',*,*,#3574,.T.);
#939=ORIENTED_EDGE('',*,*,#3733,.T.);
#940=ORIENTED_EDGE('',*,*,#3737,.T.);
#941=ORIENTED_EDGE('',*,*,#3576,.T.);
#942=ORIENTED_EDGE('',*,*,#3571,.T.);
#943=ORIENTED_EDGE('',*,*,#3736,.F.);
#944=ORIENTED_EDGE('',*,*,#3738,.T.);
#945=ORIENTED_EDGE('',*,*,#3739,.T.);
#946=ORIENTED_EDGE('',*,*,#3719,.F.);
#947=ORIENTED_EDGE('',*,*,#3740,.F.);
#948=ORIENTED_EDGE('',*,*,#3580,.T.);
#949=ORIENTED_EDGE('',*,*,#3582,.T.);
#950=ORIENTED_EDGE('',*,*,#3715,.T.);
#951=ORIENTED_EDGE('',*,*,#3741,.T.);
#952=ORIENTED_EDGE('',*,*,#3742,.F.);
#953=ORIENTED_EDGE('',*,*,#3743,.T.);
#954=ORIENTED_EDGE('',*,*,#3581,.T.);
#955=ORIENTED_EDGE('',*,*,#3740,.T.);
#956=ORIENTED_EDGE('',*,*,#3744,.T.);
#957=ORIENTED_EDGE('',*,*,#3583,.T.);
#958=ORIENTED_EDGE('',*,*,#3578,.T.);
#959=ORIENTED_EDGE('',*,*,#3743,.F.);
#960=ORIENTED_EDGE('',*,*,#3745,.T.);
#961=ORIENTED_EDGE('',*,*,#3746,.T.);
#962=ORIENTED_EDGE('',*,*,#3716,.F.);
#963=ORIENTED_EDGE('',*,*,#3747,.F.);
#964=ORIENTED_EDGE('',*,*,#3587,.T.);
#965=ORIENTED_EDGE('',*,*,#3589,.T.);
#966=ORIENTED_EDGE('',*,*,#3712,.T.);
#967=ORIENTED_EDGE('',*,*,#3748,.T.);
#968=ORIENTED_EDGE('',*,*,#3749,.F.);
#969=ORIENTED_EDGE('',*,*,#3750,.T.);
#970=ORIENTED_EDGE('',*,*,#3588,.T.);
#971=ORIENTED_EDGE('',*,*,#3747,.T.);
#972=ORIENTED_EDGE('',*,*,#3751,.T.);
#973=ORIENTED_EDGE('',*,*,#3590,.T.);
#974=ORIENTED_EDGE('',*,*,#3585,.T.);
#975=ORIENTED_EDGE('',*,*,#3750,.F.);
#976=ORIENTED_EDGE('',*,*,#3752,.T.);
#977=ORIENTED_EDGE('',*,*,#3753,.T.);
#978=ORIENTED_EDGE('',*,*,#3713,.F.);
#979=ORIENTED_EDGE('',*,*,#3754,.F.);
#980=ORIENTED_EDGE('',*,*,#3594,.T.);
#981=ORIENTED_EDGE('',*,*,#3596,.T.);
#982=ORIENTED_EDGE('',*,*,#3709,.T.);
#983=ORIENTED_EDGE('',*,*,#3755,.T.);
#984=ORIENTED_EDGE('',*,*,#3756,.F.);
#985=ORIENTED_EDGE('',*,*,#3757,.T.);
#986=ORIENTED_EDGE('',*,*,#3595,.T.);
#987=ORIENTED_EDGE('',*,*,#3754,.T.);
#988=ORIENTED_EDGE('',*,*,#3758,.T.);
#989=ORIENTED_EDGE('',*,*,#3597,.T.);
#990=ORIENTED_EDGE('',*,*,#3592,.T.);
#991=ORIENTED_EDGE('',*,*,#3757,.F.);
#992=ORIENTED_EDGE('',*,*,#3759,.T.);
#993=ORIENTED_EDGE('',*,*,#3760,.T.);
#994=ORIENTED_EDGE('',*,*,#3710,.F.);
#995=ORIENTED_EDGE('',*,*,#3761,.F.);
#996=ORIENTED_EDGE('',*,*,#3601,.T.);
#997=ORIENTED_EDGE('',*,*,#3603,.T.);
#998=ORIENTED_EDGE('',*,*,#3730,.T.);
#999=ORIENTED_EDGE('',*,*,#3762,.T.);
#1000=ORIENTED_EDGE('',*,*,#3763,.F.);
#1001=ORIENTED_EDGE('',*,*,#3764,.T.);
#1002=ORIENTED_EDGE('',*,*,#3602,.T.);
#1003=ORIENTED_EDGE('',*,*,#3761,.T.);
#1004=ORIENTED_EDGE('',*,*,#3765,.T.);
#1005=ORIENTED_EDGE('',*,*,#3604,.T.);
#1006=ORIENTED_EDGE('',*,*,#3599,.T.);
#1007=ORIENTED_EDGE('',*,*,#3764,.F.);
#1008=ORIENTED_EDGE('',*,*,#3766,.T.);
#1009=ORIENTED_EDGE('',*,*,#3767,.T.);
#1010=ORIENTED_EDGE('',*,*,#3731,.F.);
#1011=ORIENTED_EDGE('',*,*,#3768,.F.);
#1012=ORIENTED_EDGE('',*,*,#3608,.T.);
#1013=ORIENTED_EDGE('',*,*,#3610,.T.);
#1014=ORIENTED_EDGE('',*,*,#3727,.T.);
#1015=ORIENTED_EDGE('',*,*,#3769,.T.);
#1016=ORIENTED_EDGE('',*,*,#3770,.F.);
#1017=ORIENTED_EDGE('',*,*,#3771,.T.);
#1018=ORIENTED_EDGE('',*,*,#3609,.T.);
#1019=ORIENTED_EDGE('',*,*,#3768,.T.);
#1020=ORIENTED_EDGE('',*,*,#3772,.T.);
#1021=ORIENTED_EDGE('',*,*,#3611,.T.);
#1022=ORIENTED_EDGE('',*,*,#3606,.T.);
#1023=ORIENTED_EDGE('',*,*,#3771,.F.);
#1024=ORIENTED_EDGE('',*,*,#3773,.T.);
#1025=ORIENTED_EDGE('',*,*,#3774,.T.);
#1026=ORIENTED_EDGE('',*,*,#3728,.F.);
#1027=ORIENTED_EDGE('',*,*,#3775,.F.);
#1028=ORIENTED_EDGE('',*,*,#3615,.T.);
#1029=ORIENTED_EDGE('',*,*,#3617,.T.);
#1030=ORIENTED_EDGE('',*,*,#3724,.T.);
#1031=ORIENTED_EDGE('',*,*,#3776,.T.);
#1032=ORIENTED_EDGE('',*,*,#3777,.F.);
#1033=ORIENTED_EDGE('',*,*,#3778,.T.);
#1034=ORIENTED_EDGE('',*,*,#3616,.T.);
#1035=ORIENTED_EDGE('',*,*,#3775,.T.);
#1036=ORIENTED_EDGE('',*,*,#3779,.T.);
#1037=ORIENTED_EDGE('',*,*,#3618,.T.);
#1038=ORIENTED_EDGE('',*,*,#3613,.T.);
#1039=ORIENTED_EDGE('',*,*,#3778,.F.);
#1040=ORIENTED_EDGE('',*,*,#3780,.T.);
#1041=ORIENTED_EDGE('',*,*,#3781,.T.);
#1042=ORIENTED_EDGE('',*,*,#3725,.F.);
#1043=ORIENTED_EDGE('',*,*,#3782,.T.);
#1044=ORIENTED_EDGE('',*,*,#3622,.T.);
#1045=ORIENTED_EDGE('',*,*,#3624,.T.);
#1046=ORIENTED_EDGE('',*,*,#3721,.T.);
#1047=ORIENTED_EDGE('',*,*,#3783,.F.);
#1048=ORIENTED_EDGE('',*,*,#3784,.F.);
#1049=ORIENTED_EDGE('',*,*,#3785,.F.);
#1050=ORIENTED_EDGE('',*,*,#3623,.T.);
#1051=ORIENTED_EDGE('',*,*,#3782,.F.);
#1052=ORIENTED_EDGE('',*,*,#3786,.F.);
#1053=ORIENTED_EDGE('',*,*,#3625,.T.);
#1054=ORIENTED_EDGE('',*,*,#3620,.T.);
#1055=ORIENTED_EDGE('',*,*,#3785,.T.);
#1056=ORIENTED_EDGE('',*,*,#3787,.T.);
#1057=ORIENTED_EDGE('',*,*,#3788,.F.);
#1058=ORIENTED_EDGE('',*,*,#3722,.F.);
#1059=ORIENTED_EDGE('',*,*,#3789,.F.);
#1060=ORIENTED_EDGE('',*,*,#3654,.T.);
#1061=ORIENTED_EDGE('',*,*,#3790,.T.);
#1062=ORIENTED_EDGE('',*,*,#3791,.T.);
#1063=ORIENTED_EDGE('',*,*,#3792,.F.);
#1064=ORIENTED_EDGE('',*,*,#3647,.T.);
#1065=ORIENTED_EDGE('',*,*,#3793,.T.);
#1066=ORIENTED_EDGE('',*,*,#3794,.T.);
#1067=ORIENTED_EDGE('',*,*,#3795,.F.);
#1068=ORIENTED_EDGE('',*,*,#3640,.T.);
#1069=ORIENTED_EDGE('',*,*,#3796,.T.);
#1070=ORIENTED_EDGE('',*,*,#3797,.T.);
#1071=ORIENTED_EDGE('',*,*,#3798,.F.);
#1072=ORIENTED_EDGE('',*,*,#3633,.T.);
#1073=ORIENTED_EDGE('',*,*,#3799,.T.);
#1074=ORIENTED_EDGE('',*,*,#3800,.T.);
#1075=ORIENTED_EDGE('',*,*,#3801,.F.);
#1076=ORIENTED_EDGE('',*,*,#3682,.T.);
#1077=ORIENTED_EDGE('',*,*,#3802,.T.);
#1078=ORIENTED_EDGE('',*,*,#3803,.F.);
#1079=ORIENTED_EDGE('',*,*,#3804,.F.);
#1080=ORIENTED_EDGE('',*,*,#3675,.T.);
#1081=ORIENTED_EDGE('',*,*,#3805,.T.);
#1082=ORIENTED_EDGE('',*,*,#3806,.T.);
#1083=ORIENTED_EDGE('',*,*,#3807,.F.);
#1084=ORIENTED_EDGE('',*,*,#3668,.T.);
#1085=ORIENTED_EDGE('',*,*,#3808,.T.);
#1086=ORIENTED_EDGE('',*,*,#3809,.T.);
#1087=ORIENTED_EDGE('',*,*,#3810,.F.);
#1088=ORIENTED_EDGE('',*,*,#3661,.T.);
#1089=ORIENTED_EDGE('',*,*,#3811,.T.);
#1090=ORIENTED_EDGE('',*,*,#3812,.T.);
#1091=ORIENTED_EDGE('',*,*,#3813,.F.);
#1092=ORIENTED_EDGE('',*,*,#3629,.T.);
#1093=ORIENTED_EDGE('',*,*,#3631,.T.);
#1094=ORIENTED_EDGE('',*,*,#3798,.T.);
#1095=ORIENTED_EDGE('',*,*,#3814,.T.);
#1096=ORIENTED_EDGE('',*,*,#3815,.F.);
#1097=ORIENTED_EDGE('',*,*,#3816,.T.);
#1098=ORIENTED_EDGE('',*,*,#3630,.T.);
#1099=ORIENTED_EDGE('',*,*,#3813,.T.);
#1100=ORIENTED_EDGE('',*,*,#3817,.T.);
#1101=ORIENTED_EDGE('',*,*,#3632,.T.);
#1102=ORIENTED_EDGE('',*,*,#3627,.T.);
#1103=ORIENTED_EDGE('',*,*,#3816,.F.);
#1104=ORIENTED_EDGE('',*,*,#3818,.T.);
#1105=ORIENTED_EDGE('',*,*,#3819,.T.);
#1106=ORIENTED_EDGE('',*,*,#3799,.F.);
#1107=ORIENTED_EDGE('',*,*,#3820,.F.);
#1108=ORIENTED_EDGE('',*,*,#3636,.T.);
#1109=ORIENTED_EDGE('',*,*,#3638,.T.);
#1110=ORIENTED_EDGE('',*,*,#3795,.T.);
#1111=ORIENTED_EDGE('',*,*,#3821,.T.);
#1112=ORIENTED_EDGE('',*,*,#3822,.F.);
#1113=ORIENTED_EDGE('',*,*,#3823,.T.);
#1114=ORIENTED_EDGE('',*,*,#3637,.T.);
#1115=ORIENTED_EDGE('',*,*,#3820,.T.);
#1116=ORIENTED_EDGE('',*,*,#3824,.T.);
#1117=ORIENTED_EDGE('',*,*,#3639,.T.);
#1118=ORIENTED_EDGE('',*,*,#3634,.T.);
#1119=ORIENTED_EDGE('',*,*,#3823,.F.);
#1120=ORIENTED_EDGE('',*,*,#3825,.T.);
#1121=ORIENTED_EDGE('',*,*,#3826,.T.);
#1122=ORIENTED_EDGE('',*,*,#3796,.F.);
#1123=ORIENTED_EDGE('',*,*,#3827,.F.);
#1124=ORIENTED_EDGE('',*,*,#3643,.T.);
#1125=ORIENTED_EDGE('',*,*,#3645,.T.);
#1126=ORIENTED_EDGE('',*,*,#3792,.T.);
#1127=ORIENTED_EDGE('',*,*,#3828,.T.);
#1128=ORIENTED_EDGE('',*,*,#3829,.F.);
#1129=ORIENTED_EDGE('',*,*,#3830,.T.);
#1130=ORIENTED_EDGE('',*,*,#3644,.T.);
#1131=ORIENTED_EDGE('',*,*,#3827,.T.);
#1132=ORIENTED_EDGE('',*,*,#3831,.T.);
#1133=ORIENTED_EDGE('',*,*,#3646,.T.);
#1134=ORIENTED_EDGE('',*,*,#3641,.T.);
#1135=ORIENTED_EDGE('',*,*,#3830,.F.);
#1136=ORIENTED_EDGE('',*,*,#3832,.T.);
#1137=ORIENTED_EDGE('',*,*,#3833,.T.);
#1138=ORIENTED_EDGE('',*,*,#3793,.F.);
#1139=ORIENTED_EDGE('',*,*,#3834,.F.);
#1140=ORIENTED_EDGE('',*,*,#3650,.T.);
#1141=ORIENTED_EDGE('',*,*,#3652,.T.);
#1142=ORIENTED_EDGE('',*,*,#3789,.T.);
#1143=ORIENTED_EDGE('',*,*,#3835,.T.);
#1144=ORIENTED_EDGE('',*,*,#3836,.F.);
#1145=ORIENTED_EDGE('',*,*,#3837,.T.);
#1146=ORIENTED_EDGE('',*,*,#3651,.T.);
#1147=ORIENTED_EDGE('',*,*,#3834,.T.);
#1148=ORIENTED_EDGE('',*,*,#3838,.T.);
#1149=ORIENTED_EDGE('',*,*,#3653,.T.);
#1150=ORIENTED_EDGE('',*,*,#3648,.T.);
#1151=ORIENTED_EDGE('',*,*,#3837,.F.);
#1152=ORIENTED_EDGE('',*,*,#3839,.T.);
#1153=ORIENTED_EDGE('',*,*,#3840,.T.);
#1154=ORIENTED_EDGE('',*,*,#3790,.F.);
#1155=ORIENTED_EDGE('',*,*,#3841,.F.);
#1156=ORIENTED_EDGE('',*,*,#3657,.T.);
#1157=ORIENTED_EDGE('',*,*,#3659,.T.);
#1158=ORIENTED_EDGE('',*,*,#3810,.T.);
#1159=ORIENTED_EDGE('',*,*,#3842,.T.);
#1160=ORIENTED_EDGE('',*,*,#3843,.F.);
#1161=ORIENTED_EDGE('',*,*,#3844,.T.);
#1162=ORIENTED_EDGE('',*,*,#3658,.T.);
#1163=ORIENTED_EDGE('',*,*,#3841,.T.);
#1164=ORIENTED_EDGE('',*,*,#3845,.T.);
#1165=ORIENTED_EDGE('',*,*,#3660,.T.);
#1166=ORIENTED_EDGE('',*,*,#3655,.T.);
#1167=ORIENTED_EDGE('',*,*,#3844,.F.);
#1168=ORIENTED_EDGE('',*,*,#3846,.T.);
#1169=ORIENTED_EDGE('',*,*,#3847,.T.);
#1170=ORIENTED_EDGE('',*,*,#3811,.F.);
#1171=ORIENTED_EDGE('',*,*,#3848,.F.);
#1172=ORIENTED_EDGE('',*,*,#3664,.T.);
#1173=ORIENTED_EDGE('',*,*,#3666,.T.);
#1174=ORIENTED_EDGE('',*,*,#3807,.T.);
#1175=ORIENTED_EDGE('',*,*,#3849,.T.);
#1176=ORIENTED_EDGE('',*,*,#3850,.F.);
#1177=ORIENTED_EDGE('',*,*,#3851,.T.);
#1178=ORIENTED_EDGE('',*,*,#3665,.T.);
#1179=ORIENTED_EDGE('',*,*,#3848,.T.);
#1180=ORIENTED_EDGE('',*,*,#3852,.T.);
#1181=ORIENTED_EDGE('',*,*,#3667,.T.);
#1182=ORIENTED_EDGE('',*,*,#3662,.T.);
#1183=ORIENTED_EDGE('',*,*,#3851,.F.);
#1184=ORIENTED_EDGE('',*,*,#3853,.T.);
#1185=ORIENTED_EDGE('',*,*,#3854,.T.);
#1186=ORIENTED_EDGE('',*,*,#3808,.F.);
#1187=ORIENTED_EDGE('',*,*,#3855,.F.);
#1188=ORIENTED_EDGE('',*,*,#3671,.T.);
#1189=ORIENTED_EDGE('',*,*,#3673,.T.);
#1190=ORIENTED_EDGE('',*,*,#3804,.T.);
#1191=ORIENTED_EDGE('',*,*,#3856,.T.);
#1192=ORIENTED_EDGE('',*,*,#3857,.F.);
#1193=ORIENTED_EDGE('',*,*,#3858,.T.);
#1194=ORIENTED_EDGE('',*,*,#3672,.T.);
#1195=ORIENTED_EDGE('',*,*,#3855,.T.);
#1196=ORIENTED_EDGE('',*,*,#3859,.T.);
#1197=ORIENTED_EDGE('',*,*,#3674,.T.);
#1198=ORIENTED_EDGE('',*,*,#3669,.T.);
#1199=ORIENTED_EDGE('',*,*,#3858,.F.);
#1200=ORIENTED_EDGE('',*,*,#3860,.T.);
#1201=ORIENTED_EDGE('',*,*,#3861,.T.);
#1202=ORIENTED_EDGE('',*,*,#3805,.F.);
#1203=ORIENTED_EDGE('',*,*,#3862,.T.);
#1204=ORIENTED_EDGE('',*,*,#3678,.T.);
#1205=ORIENTED_EDGE('',*,*,#3680,.T.);
#1206=ORIENTED_EDGE('',*,*,#3801,.T.);
#1207=ORIENTED_EDGE('',*,*,#3863,.F.);
#1208=ORIENTED_EDGE('',*,*,#3864,.F.);
#1209=ORIENTED_EDGE('',*,*,#3865,.F.);
#1210=ORIENTED_EDGE('',*,*,#3679,.T.);
#1211=ORIENTED_EDGE('',*,*,#3862,.F.);
#1212=ORIENTED_EDGE('',*,*,#3866,.F.);
#1213=ORIENTED_EDGE('',*,*,#3681,.T.);
#1214=ORIENTED_EDGE('',*,*,#3676,.T.);
#1215=ORIENTED_EDGE('',*,*,#3865,.T.);
#1216=ORIENTED_EDGE('',*,*,#3867,.T.);
#1217=ORIENTED_EDGE('',*,*,#3868,.F.);
#1218=ORIENTED_EDGE('',*,*,#3802,.F.);
#1219=ORIENTED_EDGE('',*,*,#3869,.F.);
#1220=ORIENTED_EDGE('',*,*,#3686,.T.);
#1221=ORIENTED_EDGE('',*,*,#3870,.T.);
#1222=ORIENTED_EDGE('',*,*,#3871,.T.);
#1223=ORIENTED_EDGE('',*,*,#3689,.F.);
#1224=ORIENTED_EDGE('',*,*,#3693,.T.);
#1225=ORIENTED_EDGE('',*,*,#3694,.T.);
#1226=ORIENTED_EDGE('',*,*,#3683,.T.);
#1227=ORIENTED_EDGE('',*,*,#3869,.T.);
#1228=ORIENTED_EDGE('',*,*,#3872,.T.);
#1229=ORIENTED_EDGE('',*,*,#3873,.F.);
#1230=ORIENTED_EDGE('',*,*,#3874,.T.);
#1231=ORIENTED_EDGE('',*,*,#3875,.F.);
#1232=ORIENTED_EDGE('',*,*,#3690,.F.);
#1233=ORIENTED_EDGE('',*,*,#3873,.T.);
#1234=ORIENTED_EDGE('',*,*,#3695,.T.);
#1235=ORIENTED_EDGE('',*,*,#3691,.T.);
#1236=ORIENTED_EDGE('',*,*,#3687,.F.);
#1237=ORIENTED_EDGE('',*,*,#3875,.T.);
#1238=ORIENTED_EDGE('',*,*,#3876,.T.);
#1239=ORIENTED_EDGE('',*,*,#3870,.F.);
#1240=ORIENTED_EDGE('',*,*,#3685,.T.);
#1241=ORIENTED_EDGE('',*,*,#3877,.F.);
#1242=ORIENTED_EDGE('',*,*,#3878,.F.);
#1243=ORIENTED_EDGE('',*,*,#3701,.T.);
#1244=ORIENTED_EDGE('',*,*,#3879,.T.);
#1245=ORIENTED_EDGE('',*,*,#3702,.T.);
#1246=ORIENTED_EDGE('',*,*,#3878,.T.);
#1247=ORIENTED_EDGE('',*,*,#3880,.F.);
#1248=ORIENTED_EDGE('',*,*,#3881,.F.);
#1249=ORIENTED_EDGE('',*,*,#3703,.F.);
#1250=ORIENTED_EDGE('',*,*,#3707,.F.);
#1251=ORIENTED_EDGE('',*,*,#3698,.F.);
#1252=ORIENTED_EDGE('',*,*,#3881,.T.);
#1253=ORIENTED_EDGE('',*,*,#3882,.F.);
#1254=ORIENTED_EDGE('',*,*,#3883,.F.);
#1255=ORIENTED_EDGE('',*,*,#3704,.F.);
#1256=ORIENTED_EDGE('',*,*,#3708,.F.);
#1257=ORIENTED_EDGE('',*,*,#3705,.F.);
#1258=ORIENTED_EDGE('',*,*,#3883,.T.);
#1259=ORIENTED_EDGE('',*,*,#3884,.F.);
#1260=ORIENTED_EDGE('',*,*,#3879,.F.);
#1261=ORIENTED_EDGE('',*,*,#3700,.T.);
#1262=ORIENTED_EDGE('',*,*,#3696,.F.);
#1263=ORIENTED_EDGE('',*,*,#3762,.F.);
#1264=ORIENTED_EDGE('',*,*,#3732,.F.);
#1265=ORIENTED_EDGE('',*,*,#3767,.F.);
#1266=ORIENTED_EDGE('',*,*,#3885,.T.);
#1267=ORIENTED_EDGE('',*,*,#3769,.F.);
#1268=ORIENTED_EDGE('',*,*,#3729,.F.);
#1269=ORIENTED_EDGE('',*,*,#3774,.F.);
#1270=ORIENTED_EDGE('',*,*,#3886,.T.);
#1271=ORIENTED_EDGE('',*,*,#3776,.F.);
#1272=ORIENTED_EDGE('',*,*,#3726,.F.);
#1273=ORIENTED_EDGE('',*,*,#3781,.F.);
#1274=ORIENTED_EDGE('',*,*,#3887,.T.);
#1275=ORIENTED_EDGE('',*,*,#3783,.T.);
#1276=ORIENTED_EDGE('',*,*,#3723,.T.);
#1277=ORIENTED_EDGE('',*,*,#3788,.T.);
#1278=ORIENTED_EDGE('',*,*,#3888,.T.);
#1279=ORIENTED_EDGE('',*,*,#3889,.T.);
#1280=ORIENTED_EDGE('',*,*,#3890,.T.);
#1281=ORIENTED_EDGE('',*,*,#3891,.T.);
#1282=ORIENTED_EDGE('',*,*,#3892,.T.);
#1283=ORIENTED_EDGE('',*,*,#3893,.T.);
#1284=ORIENTED_EDGE('',*,*,#3894,.T.);
#1285=ORIENTED_EDGE('',*,*,#3895,.T.);
#1286=ORIENTED_EDGE('',*,*,#3896,.T.);
#1287=ORIENTED_EDGE('',*,*,#3897,.T.);
#1288=ORIENTED_EDGE('',*,*,#3898,.T.);
#1289=ORIENTED_EDGE('',*,*,#3899,.T.);
#1290=ORIENTED_EDGE('',*,*,#3900,.T.);
#1291=ORIENTED_EDGE('',*,*,#3734,.F.);
#1292=ORIENTED_EDGE('',*,*,#3720,.F.);
#1293=ORIENTED_EDGE('',*,*,#3739,.F.);
#1294=ORIENTED_EDGE('',*,*,#3901,.T.);
#1295=ORIENTED_EDGE('',*,*,#3741,.F.);
#1296=ORIENTED_EDGE('',*,*,#3717,.F.);
#1297=ORIENTED_EDGE('',*,*,#3746,.F.);
#1298=ORIENTED_EDGE('',*,*,#3902,.T.);
#1299=ORIENTED_EDGE('',*,*,#3748,.F.);
#1300=ORIENTED_EDGE('',*,*,#3714,.F.);
#1301=ORIENTED_EDGE('',*,*,#3753,.F.);
#1302=ORIENTED_EDGE('',*,*,#3903,.T.);
#1303=ORIENTED_EDGE('',*,*,#3755,.F.);
#1304=ORIENTED_EDGE('',*,*,#3711,.F.);
#1305=ORIENTED_EDGE('',*,*,#3760,.F.);
#1306=ORIENTED_EDGE('',*,*,#3904,.T.);
#1307=ORIENTED_EDGE('',*,*,#3787,.F.);
#1308=ORIENTED_EDGE('',*,*,#3786,.T.);
#1309=ORIENTED_EDGE('',*,*,#3784,.T.);
#1310=ORIENTED_EDGE('',*,*,#3887,.F.);
#1311=ORIENTED_EDGE('',*,*,#3780,.F.);
#1312=ORIENTED_EDGE('',*,*,#3779,.F.);
#1313=ORIENTED_EDGE('',*,*,#3777,.T.);
#1314=ORIENTED_EDGE('',*,*,#3886,.F.);
#1315=ORIENTED_EDGE('',*,*,#3773,.F.);
#1316=ORIENTED_EDGE('',*,*,#3772,.F.);
#1317=ORIENTED_EDGE('',*,*,#3770,.T.);
#1318=ORIENTED_EDGE('',*,*,#3885,.F.);
#1319=ORIENTED_EDGE('',*,*,#3766,.F.);
#1320=ORIENTED_EDGE('',*,*,#3765,.F.);
#1321=ORIENTED_EDGE('',*,*,#3763,.T.);
#1322=ORIENTED_EDGE('',*,*,#3904,.F.);
#1323=ORIENTED_EDGE('',*,*,#3759,.F.);
#1324=ORIENTED_EDGE('',*,*,#3758,.F.);
#1325=ORIENTED_EDGE('',*,*,#3756,.T.);
#1326=ORIENTED_EDGE('',*,*,#3903,.F.);
#1327=ORIENTED_EDGE('',*,*,#3752,.F.);
#1328=ORIENTED_EDGE('',*,*,#3751,.F.);
#1329=ORIENTED_EDGE('',*,*,#3749,.T.);
#1330=ORIENTED_EDGE('',*,*,#3902,.F.);
#1331=ORIENTED_EDGE('',*,*,#3745,.F.);
#1332=ORIENTED_EDGE('',*,*,#3744,.F.);
#1333=ORIENTED_EDGE('',*,*,#3742,.T.);
#1334=ORIENTED_EDGE('',*,*,#3901,.F.);
#1335=ORIENTED_EDGE('',*,*,#3738,.F.);
#1336=ORIENTED_EDGE('',*,*,#3737,.F.);
#1337=ORIENTED_EDGE('',*,*,#3735,.T.);
#1338=ORIENTED_EDGE('',*,*,#3900,.F.);
#1339=ORIENTED_EDGE('',*,*,#3905,.T.);
#1340=ORIENTED_EDGE('',*,*,#3906,.T.);
#1341=ORIENTED_EDGE('',*,*,#3907,.F.);
#1342=ORIENTED_EDGE('',*,*,#3888,.F.);
#1343=ORIENTED_EDGE('',*,*,#3908,.T.);
#1344=ORIENTED_EDGE('',*,*,#3909,.T.);
#1345=ORIENTED_EDGE('',*,*,#3910,.T.);
#1346=ORIENTED_EDGE('',*,*,#3911,.T.);
#1347=ORIENTED_EDGE('',*,*,#3912,.T.);
#1348=ORIENTED_EDGE('',*,*,#3913,.T.);
#1349=ORIENTED_EDGE('',*,*,#3914,.F.);
#1350=ORIENTED_EDGE('',*,*,#3891,.F.);
#1351=ORIENTED_EDGE('',*,*,#3914,.T.);
#1352=ORIENTED_EDGE('',*,*,#3915,.T.);
#1353=ORIENTED_EDGE('',*,*,#3916,.F.);
#1354=ORIENTED_EDGE('',*,*,#3892,.F.);
#1355=ORIENTED_EDGE('',*,*,#3916,.T.);
#1356=ORIENTED_EDGE('',*,*,#3917,.T.);
#1357=ORIENTED_EDGE('',*,*,#3918,.F.);
#1358=ORIENTED_EDGE('',*,*,#3893,.F.);
#1359=ORIENTED_EDGE('',*,*,#3918,.T.);
#1360=ORIENTED_EDGE('',*,*,#3919,.T.);
#1361=ORIENTED_EDGE('',*,*,#3920,.F.);
#1362=ORIENTED_EDGE('',*,*,#3894,.F.);
#1363=ORIENTED_EDGE('',*,*,#3920,.T.);
#1364=ORIENTED_EDGE('',*,*,#3921,.T.);
#1365=ORIENTED_EDGE('',*,*,#3922,.F.);
#1366=ORIENTED_EDGE('',*,*,#3895,.F.);
#1367=ORIENTED_EDGE('',*,*,#3922,.T.);
#1368=ORIENTED_EDGE('',*,*,#3923,.T.);
#1369=ORIENTED_EDGE('',*,*,#3924,.F.);
#1370=ORIENTED_EDGE('',*,*,#3896,.F.);
#1371=ORIENTED_EDGE('',*,*,#3924,.T.);
#1372=ORIENTED_EDGE('',*,*,#3925,.T.);
#1373=ORIENTED_EDGE('',*,*,#3926,.F.);
#1374=ORIENTED_EDGE('',*,*,#3897,.F.);
#1375=ORIENTED_EDGE('',*,*,#3926,.T.);
#1376=ORIENTED_EDGE('',*,*,#3927,.T.);
#1377=ORIENTED_EDGE('',*,*,#3928,.F.);
#1378=ORIENTED_EDGE('',*,*,#3898,.F.);
#1379=ORIENTED_EDGE('',*,*,#3929,.T.);
#1380=ORIENTED_EDGE('',*,*,#3930,.T.);
#1381=ORIENTED_EDGE('',*,*,#3912,.F.);
#1382=ORIENTED_EDGE('',*,*,#3890,.F.);
#1383=ORIENTED_EDGE('',*,*,#3931,.T.);
#1384=ORIENTED_EDGE('',*,*,#3932,.T.);
#1385=ORIENTED_EDGE('',*,*,#3933,.T.);
#1386=ORIENTED_EDGE('',*,*,#3934,.T.);
#1387=ORIENTED_EDGE('',*,*,#3842,.F.);
#1388=ORIENTED_EDGE('',*,*,#3812,.F.);
#1389=ORIENTED_EDGE('',*,*,#3847,.F.);
#1390=ORIENTED_EDGE('',*,*,#3935,.T.);
#1391=ORIENTED_EDGE('',*,*,#3849,.F.);
#1392=ORIENTED_EDGE('',*,*,#3809,.F.);
#1393=ORIENTED_EDGE('',*,*,#3854,.F.);
#1394=ORIENTED_EDGE('',*,*,#3936,.T.);
#1395=ORIENTED_EDGE('',*,*,#3856,.F.);
#1396=ORIENTED_EDGE('',*,*,#3806,.F.);
#1397=ORIENTED_EDGE('',*,*,#3861,.F.);
#1398=ORIENTED_EDGE('',*,*,#3937,.T.);
#1399=ORIENTED_EDGE('',*,*,#3863,.T.);
#1400=ORIENTED_EDGE('',*,*,#3803,.T.);
#1401=ORIENTED_EDGE('',*,*,#3868,.T.);
#1402=ORIENTED_EDGE('',*,*,#3938,.T.);
#1403=ORIENTED_EDGE('',*,*,#3939,.T.);
#1404=ORIENTED_EDGE('',*,*,#3940,.T.);
#1405=ORIENTED_EDGE('',*,*,#3941,.T.);
#1406=ORIENTED_EDGE('',*,*,#3942,.T.);
#1407=ORIENTED_EDGE('',*,*,#3943,.T.);
#1408=ORIENTED_EDGE('',*,*,#3944,.T.);
#1409=ORIENTED_EDGE('',*,*,#3945,.T.);
#1410=ORIENTED_EDGE('',*,*,#3946,.T.);
#1411=ORIENTED_EDGE('',*,*,#3947,.T.);
#1412=ORIENTED_EDGE('',*,*,#3948,.T.);
#1413=ORIENTED_EDGE('',*,*,#3949,.T.);
#1414=ORIENTED_EDGE('',*,*,#3950,.T.);
#1415=ORIENTED_EDGE('',*,*,#3814,.F.);
#1416=ORIENTED_EDGE('',*,*,#3800,.F.);
#1417=ORIENTED_EDGE('',*,*,#3819,.F.);
#1418=ORIENTED_EDGE('',*,*,#3951,.T.);
#1419=ORIENTED_EDGE('',*,*,#3821,.F.);
#1420=ORIENTED_EDGE('',*,*,#3797,.F.);
#1421=ORIENTED_EDGE('',*,*,#3826,.F.);
#1422=ORIENTED_EDGE('',*,*,#3952,.T.);
#1423=ORIENTED_EDGE('',*,*,#3828,.F.);
#1424=ORIENTED_EDGE('',*,*,#3794,.F.);
#1425=ORIENTED_EDGE('',*,*,#3833,.F.);
#1426=ORIENTED_EDGE('',*,*,#3953,.T.);
#1427=ORIENTED_EDGE('',*,*,#3835,.F.);
#1428=ORIENTED_EDGE('',*,*,#3791,.F.);
#1429=ORIENTED_EDGE('',*,*,#3840,.F.);
#1430=ORIENTED_EDGE('',*,*,#3954,.T.);
#1431=ORIENTED_EDGE('',*,*,#3867,.F.);
#1432=ORIENTED_EDGE('',*,*,#3866,.T.);
#1433=ORIENTED_EDGE('',*,*,#3864,.T.);
#1434=ORIENTED_EDGE('',*,*,#3937,.F.);
#1435=ORIENTED_EDGE('',*,*,#3860,.F.);
#1436=ORIENTED_EDGE('',*,*,#3859,.F.);
#1437=ORIENTED_EDGE('',*,*,#3857,.T.);
#1438=ORIENTED_EDGE('',*,*,#3936,.F.);
#1439=ORIENTED_EDGE('',*,*,#3853,.F.);
#1440=ORIENTED_EDGE('',*,*,#3852,.F.);
#1441=ORIENTED_EDGE('',*,*,#3850,.T.);
#1442=ORIENTED_EDGE('',*,*,#3935,.F.);
#1443=ORIENTED_EDGE('',*,*,#3846,.F.);
#1444=ORIENTED_EDGE('',*,*,#3845,.F.);
#1445=ORIENTED_EDGE('',*,*,#3843,.T.);
#1446=ORIENTED_EDGE('',*,*,#3954,.F.);
#1447=ORIENTED_EDGE('',*,*,#3839,.F.);
#1448=ORIENTED_EDGE('',*,*,#3838,.F.);
#1449=ORIENTED_EDGE('',*,*,#3836,.T.);
#1450=ORIENTED_EDGE('',*,*,#3953,.F.);
#1451=ORIENTED_EDGE('',*,*,#3832,.F.);
#1452=ORIENTED_EDGE('',*,*,#3831,.F.);
#1453=ORIENTED_EDGE('',*,*,#3829,.T.);
#1454=ORIENTED_EDGE('',*,*,#3952,.F.);
#1455=ORIENTED_EDGE('',*,*,#3825,.F.);
#1456=ORIENTED_EDGE('',*,*,#3824,.F.);
#1457=ORIENTED_EDGE('',*,*,#3822,.T.);
#1458=ORIENTED_EDGE('',*,*,#3951,.F.);
#1459=ORIENTED_EDGE('',*,*,#3818,.F.);
#1460=ORIENTED_EDGE('',*,*,#3817,.F.);
#1461=ORIENTED_EDGE('',*,*,#3815,.T.);
#1462=ORIENTED_EDGE('',*,*,#3950,.F.);
#1463=ORIENTED_EDGE('',*,*,#3955,.T.);
#1464=ORIENTED_EDGE('',*,*,#3956,.T.);
#1465=ORIENTED_EDGE('',*,*,#3957,.F.);
#1466=ORIENTED_EDGE('',*,*,#3938,.F.);
#1467=ORIENTED_EDGE('',*,*,#3958,.T.);
#1468=ORIENTED_EDGE('',*,*,#3959,.T.);
#1469=ORIENTED_EDGE('',*,*,#3960,.T.);
#1470=ORIENTED_EDGE('',*,*,#3961,.T.);
#1471=ORIENTED_EDGE('',*,*,#3962,.T.);
#1472=ORIENTED_EDGE('',*,*,#3963,.T.);
#1473=ORIENTED_EDGE('',*,*,#3964,.T.);
#1474=ORIENTED_EDGE('',*,*,#3965,.T.);
#1475=ORIENTED_EDGE('',*,*,#3966,.T.);
#1476=ORIENTED_EDGE('',*,*,#3967,.T.);
#1477=ORIENTED_EDGE('',*,*,#3968,.F.);
#1478=ORIENTED_EDGE('',*,*,#3941,.F.);
#1479=ORIENTED_EDGE('',*,*,#3968,.T.);
#1480=ORIENTED_EDGE('',*,*,#3969,.T.);
#1481=ORIENTED_EDGE('',*,*,#3970,.F.);
#1482=ORIENTED_EDGE('',*,*,#3942,.F.);
#1483=ORIENTED_EDGE('',*,*,#3970,.T.);
#1484=ORIENTED_EDGE('',*,*,#3971,.T.);
#1485=ORIENTED_EDGE('',*,*,#3972,.F.);
#1486=ORIENTED_EDGE('',*,*,#3943,.F.);
#1487=ORIENTED_EDGE('',*,*,#3972,.T.);
#1488=ORIENTED_EDGE('',*,*,#3973,.T.);
#1489=ORIENTED_EDGE('',*,*,#3974,.F.);
#1490=ORIENTED_EDGE('',*,*,#3944,.F.);
#1491=ORIENTED_EDGE('',*,*,#3974,.T.);
#1492=ORIENTED_EDGE('',*,*,#3975,.T.);
#1493=ORIENTED_EDGE('',*,*,#3976,.F.);
#1494=ORIENTED_EDGE('',*,*,#3945,.F.);
#1495=ORIENTED_EDGE('',*,*,#3976,.T.);
#1496=ORIENTED_EDGE('',*,*,#3977,.T.);
#1497=ORIENTED_EDGE('',*,*,#3978,.F.);
#1498=ORIENTED_EDGE('',*,*,#3946,.F.);
#1499=ORIENTED_EDGE('',*,*,#3978,.T.);
#1500=ORIENTED_EDGE('',*,*,#3979,.T.);
#1501=ORIENTED_EDGE('',*,*,#3980,.F.);
#1502=ORIENTED_EDGE('',*,*,#3947,.F.);
#1503=ORIENTED_EDGE('',*,*,#3980,.T.);
#1504=ORIENTED_EDGE('',*,*,#3981,.T.);
#1505=ORIENTED_EDGE('',*,*,#3982,.F.);
#1506=ORIENTED_EDGE('',*,*,#3948,.F.);
#1507=ORIENTED_EDGE('',*,*,#3983,.T.);
#1508=ORIENTED_EDGE('',*,*,#3984,.T.);
#1509=ORIENTED_EDGE('',*,*,#3966,.F.);
#1510=ORIENTED_EDGE('',*,*,#3940,.F.);
#1511=ORIENTED_EDGE('',*,*,#3985,.T.);
#1512=ORIENTED_EDGE('',*,*,#3986,.T.);
#1513=ORIENTED_EDGE('',*,*,#3987,.T.);
#1514=ORIENTED_EDGE('',*,*,#3988,.T.);
#1515=ORIENTED_EDGE('',*,*,#3876,.F.);
#1516=ORIENTED_EDGE('',*,*,#3874,.F.);
#1517=ORIENTED_EDGE('',*,*,#3872,.F.);
#1518=ORIENTED_EDGE('',*,*,#3871,.F.);
#1519=ORIENTED_EDGE('',*,*,#3989,.F.);
#1520=ORIENTED_EDGE('',*,*,#3990,.F.);
#1521=ORIENTED_EDGE('',*,*,#3991,.F.);
#1522=ORIENTED_EDGE('',*,*,#3992,.F.);
#1523=ORIENTED_EDGE('',*,*,#3884,.T.);
#1524=ORIENTED_EDGE('',*,*,#3882,.T.);
#1525=ORIENTED_EDGE('',*,*,#3880,.T.);
#1526=ORIENTED_EDGE('',*,*,#3877,.T.);
#1527=ORIENTED_EDGE('',*,*,#3993,.F.);
#1528=ORIENTED_EDGE('',*,*,#3994,.T.);
#1529=ORIENTED_EDGE('',*,*,#3995,.F.);
#1530=ORIENTED_EDGE('',*,*,#3996,.T.);
#1531=ORIENTED_EDGE('',*,*,#3997,.F.);
#1532=ORIENTED_EDGE('',*,*,#3998,.F.);
#1533=ORIENTED_EDGE('',*,*,#3999,.T.);
#1534=ORIENTED_EDGE('',*,*,#4000,.T.);
#1535=ORIENTED_EDGE('',*,*,#4001,.F.);
#1536=ORIENTED_EDGE('',*,*,#4002,.T.);
#1537=ORIENTED_EDGE('',*,*,#4003,.T.);
#1538=ORIENTED_EDGE('',*,*,#4004,.T.);
#1539=ORIENTED_EDGE('',*,*,#3905,.F.);
#1540=ORIENTED_EDGE('',*,*,#3899,.F.);
#1541=ORIENTED_EDGE('',*,*,#3928,.T.);
#1542=ORIENTED_EDGE('',*,*,#4005,.T.);
#1543=ORIENTED_EDGE('',*,*,#4006,.F.);
#1544=ORIENTED_EDGE('',*,*,#4007,.T.);
#1545=ORIENTED_EDGE('',*,*,#4008,.T.);
#1546=ORIENTED_EDGE('',*,*,#4004,.F.);
#1547=ORIENTED_EDGE('',*,*,#4009,.F.);
#1548=ORIENTED_EDGE('',*,*,#4010,.F.);
#1549=ORIENTED_EDGE('',*,*,#4011,.T.);
#1550=ORIENTED_EDGE('',*,*,#3906,.F.);
#1551=ORIENTED_EDGE('',*,*,#4008,.F.);
#1552=ORIENTED_EDGE('',*,*,#4012,.F.);
#1553=ORIENTED_EDGE('',*,*,#4013,.F.);
#1554=ORIENTED_EDGE('',*,*,#4014,.F.);
#1555=ORIENTED_EDGE('',*,*,#4011,.F.);
#1556=ORIENTED_EDGE('',*,*,#4015,.F.);
#1557=ORIENTED_EDGE('',*,*,#3907,.T.);
#1558=ORIENTED_EDGE('',*,*,#4014,.T.);
#1559=ORIENTED_EDGE('',*,*,#4016,.F.);
#1560=ORIENTED_EDGE('',*,*,#4017,.T.);
#1561=ORIENTED_EDGE('',*,*,#4018,.T.);
#1562=ORIENTED_EDGE('',*,*,#4019,.T.);
#1563=ORIENTED_EDGE('',*,*,#3929,.F.);
#1564=ORIENTED_EDGE('',*,*,#3889,.F.);
#1565=ORIENTED_EDGE('',*,*,#4020,.T.);
#1566=ORIENTED_EDGE('',*,*,#3908,.F.);
#1567=ORIENTED_EDGE('',*,*,#4021,.T.);
#1568=ORIENTED_EDGE('',*,*,#4022,.T.);
#1569=ORIENTED_EDGE('',*,*,#4023,.T.);
#1570=ORIENTED_EDGE('',*,*,#4024,.F.);
#1571=ORIENTED_EDGE('',*,*,#3909,.F.);
#1572=ORIENTED_EDGE('',*,*,#4020,.F.);
#1573=ORIENTED_EDGE('',*,*,#4025,.T.);
#1574=ORIENTED_EDGE('',*,*,#3910,.F.);
#1575=ORIENTED_EDGE('',*,*,#4024,.T.);
#1576=ORIENTED_EDGE('',*,*,#4026,.T.);
#1577=ORIENTED_EDGE('',*,*,#4027,.T.);
#1578=ORIENTED_EDGE('',*,*,#4021,.F.);
#1579=ORIENTED_EDGE('',*,*,#3911,.F.);
#1580=ORIENTED_EDGE('',*,*,#4025,.F.);
#1581=ORIENTED_EDGE('',*,*,#4028,.T.);
#1582=ORIENTED_EDGE('',*,*,#3913,.F.);
#1583=ORIENTED_EDGE('',*,*,#4029,.F.);
#1584=ORIENTED_EDGE('',*,*,#4030,.F.);
#1585=ORIENTED_EDGE('',*,*,#4031,.T.);
#1586=ORIENTED_EDGE('',*,*,#3915,.F.);
#1587=ORIENTED_EDGE('',*,*,#4028,.F.);
#1588=ORIENTED_EDGE('',*,*,#4032,.F.);
#1589=ORIENTED_EDGE('',*,*,#4033,.T.);
#1590=ORIENTED_EDGE('',*,*,#3917,.F.);
#1591=ORIENTED_EDGE('',*,*,#4031,.F.);
#1592=ORIENTED_EDGE('',*,*,#4034,.F.);
#1593=ORIENTED_EDGE('',*,*,#4035,.T.);
#1594=ORIENTED_EDGE('',*,*,#3919,.F.);
#1595=ORIENTED_EDGE('',*,*,#4033,.F.);
#1596=ORIENTED_EDGE('',*,*,#4036,.F.);
#1597=ORIENTED_EDGE('',*,*,#4037,.T.);
#1598=ORIENTED_EDGE('',*,*,#3921,.F.);
#1599=ORIENTED_EDGE('',*,*,#4035,.F.);
#1600=ORIENTED_EDGE('',*,*,#4038,.F.);
#1601=ORIENTED_EDGE('',*,*,#4039,.T.);
#1602=ORIENTED_EDGE('',*,*,#3923,.F.);
#1603=ORIENTED_EDGE('',*,*,#4037,.F.);
#1604=ORIENTED_EDGE('',*,*,#4040,.F.);
#1605=ORIENTED_EDGE('',*,*,#4041,.T.);
#1606=ORIENTED_EDGE('',*,*,#3925,.F.);
#1607=ORIENTED_EDGE('',*,*,#4039,.F.);
#1608=ORIENTED_EDGE('',*,*,#4042,.F.);
#1609=ORIENTED_EDGE('',*,*,#4043,.T.);
#1610=ORIENTED_EDGE('',*,*,#3927,.F.);
#1611=ORIENTED_EDGE('',*,*,#4041,.F.);
#1612=ORIENTED_EDGE('',*,*,#4044,.F.);
#1613=ORIENTED_EDGE('',*,*,#4045,.F.);
#1614=ORIENTED_EDGE('',*,*,#4005,.F.);
#1615=ORIENTED_EDGE('',*,*,#4043,.F.);
#1616=ORIENTED_EDGE('',*,*,#4046,.F.);
#1617=ORIENTED_EDGE('',*,*,#4047,.F.);
#1618=ORIENTED_EDGE('',*,*,#4048,.F.);
#1619=ORIENTED_EDGE('',*,*,#4049,.T.);
#1620=ORIENTED_EDGE('',*,*,#4019,.F.);
#1621=ORIENTED_EDGE('',*,*,#4029,.T.);
#1622=ORIENTED_EDGE('',*,*,#3930,.F.);
#1623=ORIENTED_EDGE('',*,*,#4049,.F.);
#1624=ORIENTED_EDGE('',*,*,#4050,.F.);
#1625=ORIENTED_EDGE('',*,*,#4051,.T.);
#1626=ORIENTED_EDGE('',*,*,#3931,.F.);
#1627=ORIENTED_EDGE('',*,*,#4052,.T.);
#1628=ORIENTED_EDGE('',*,*,#4053,.F.);
#1629=ORIENTED_EDGE('',*,*,#4054,.F.);
#1630=ORIENTED_EDGE('',*,*,#4055,.F.);
#1631=ORIENTED_EDGE('',*,*,#3932,.F.);
#1632=ORIENTED_EDGE('',*,*,#4051,.F.);
#1633=ORIENTED_EDGE('',*,*,#4056,.T.);
#1634=ORIENTED_EDGE('',*,*,#3933,.F.);
#1635=ORIENTED_EDGE('',*,*,#4055,.T.);
#1636=ORIENTED_EDGE('',*,*,#4057,.F.);
#1637=ORIENTED_EDGE('',*,*,#4058,.F.);
#1638=ORIENTED_EDGE('',*,*,#4052,.F.);
#1639=ORIENTED_EDGE('',*,*,#3934,.F.);
#1640=ORIENTED_EDGE('',*,*,#4056,.F.);
#1641=ORIENTED_EDGE('',*,*,#4059,.F.);
#1642=ORIENTED_EDGE('',*,*,#4060,.T.);
#1643=ORIENTED_EDGE('',*,*,#4061,.T.);
#1644=ORIENTED_EDGE('',*,*,#4062,.T.);
#1645=ORIENTED_EDGE('',*,*,#4063,.T.);
#1646=ORIENTED_EDGE('',*,*,#4064,.T.);
#1647=ORIENTED_EDGE('',*,*,#4065,.F.);
#1648=ORIENTED_EDGE('',*,*,#4066,.T.);
#1649=ORIENTED_EDGE('',*,*,#4067,.T.);
#1650=ORIENTED_EDGE('',*,*,#4068,.T.);
#1651=ORIENTED_EDGE('',*,*,#3955,.F.);
#1652=ORIENTED_EDGE('',*,*,#3949,.F.);
#1653=ORIENTED_EDGE('',*,*,#3982,.T.);
#1654=ORIENTED_EDGE('',*,*,#4069,.T.);
#1655=ORIENTED_EDGE('',*,*,#4070,.F.);
#1656=ORIENTED_EDGE('',*,*,#4071,.T.);
#1657=ORIENTED_EDGE('',*,*,#4072,.T.);
#1658=ORIENTED_EDGE('',*,*,#4068,.F.);
#1659=ORIENTED_EDGE('',*,*,#4073,.F.);
#1660=ORIENTED_EDGE('',*,*,#4074,.F.);
#1661=ORIENTED_EDGE('',*,*,#4075,.T.);
#1662=ORIENTED_EDGE('',*,*,#3956,.F.);
#1663=ORIENTED_EDGE('',*,*,#4072,.F.);
#1664=ORIENTED_EDGE('',*,*,#4076,.F.);
#1665=ORIENTED_EDGE('',*,*,#4077,.F.);
#1666=ORIENTED_EDGE('',*,*,#4078,.F.);
#1667=ORIENTED_EDGE('',*,*,#4075,.F.);
#1668=ORIENTED_EDGE('',*,*,#4079,.F.);
#1669=ORIENTED_EDGE('',*,*,#3957,.T.);
#1670=ORIENTED_EDGE('',*,*,#4078,.T.);
#1671=ORIENTED_EDGE('',*,*,#4080,.F.);
#1672=ORIENTED_EDGE('',*,*,#4081,.T.);
#1673=ORIENTED_EDGE('',*,*,#4082,.T.);
#1674=ORIENTED_EDGE('',*,*,#4083,.T.);
#1675=ORIENTED_EDGE('',*,*,#3983,.F.);
#1676=ORIENTED_EDGE('',*,*,#3939,.F.);
#1677=ORIENTED_EDGE('',*,*,#4084,.T.);
#1678=ORIENTED_EDGE('',*,*,#4085,.F.);
#1679=ORIENTED_EDGE('',*,*,#3961,.F.);
#1680=ORIENTED_EDGE('',*,*,#4086,.F.);
#1681=ORIENTED_EDGE('',*,*,#4087,.T.);
#1682=ORIENTED_EDGE('',*,*,#3958,.F.);
#1683=ORIENTED_EDGE('',*,*,#4085,.T.);
#1684=ORIENTED_EDGE('',*,*,#4088,.T.);
#1685=ORIENTED_EDGE('',*,*,#4089,.F.);
#1686=ORIENTED_EDGE('',*,*,#4090,.F.);
#1687=ORIENTED_EDGE('',*,*,#3959,.F.);
#1688=ORIENTED_EDGE('',*,*,#4087,.F.);
#1689=ORIENTED_EDGE('',*,*,#4086,.T.);
#1690=ORIENTED_EDGE('',*,*,#3960,.F.);
#1691=ORIENTED_EDGE('',*,*,#4090,.T.);
#1692=ORIENTED_EDGE('',*,*,#4091,.T.);
#1693=ORIENTED_EDGE('',*,*,#4092,.T.);
#1694=ORIENTED_EDGE('',*,*,#4093,.F.);
#1695=ORIENTED_EDGE('',*,*,#3965,.F.);
#1696=ORIENTED_EDGE('',*,*,#4094,.F.);
#1697=ORIENTED_EDGE('',*,*,#4095,.T.);
#1698=ORIENTED_EDGE('',*,*,#3962,.F.);
#1699=ORIENTED_EDGE('',*,*,#4093,.T.);
#1700=ORIENTED_EDGE('',*,*,#4096,.T.);
#1701=ORIENTED_EDGE('',*,*,#4097,.F.);
#1702=ORIENTED_EDGE('',*,*,#4098,.F.);
#1703=ORIENTED_EDGE('',*,*,#3963,.F.);
#1704=ORIENTED_EDGE('',*,*,#4095,.F.);
#1705=ORIENTED_EDGE('',*,*,#4094,.T.);
#1706=ORIENTED_EDGE('',*,*,#3964,.F.);
#1707=ORIENTED_EDGE('',*,*,#4098,.T.);
#1708=ORIENTED_EDGE('',*,*,#4099,.T.);
#1709=ORIENTED_EDGE('',*,*,#4100,.T.);
#1710=ORIENTED_EDGE('',*,*,#3967,.F.);
#1711=ORIENTED_EDGE('',*,*,#4101,.F.);
#1712=ORIENTED_EDGE('',*,*,#4102,.F.);
#1713=ORIENTED_EDGE('',*,*,#4103,.T.);
#1714=ORIENTED_EDGE('',*,*,#3969,.F.);
#1715=ORIENTED_EDGE('',*,*,#4100,.F.);
#1716=ORIENTED_EDGE('',*,*,#4104,.F.);
#1717=ORIENTED_EDGE('',*,*,#4105,.T.);
#1718=ORIENTED_EDGE('',*,*,#3971,.F.);
#1719=ORIENTED_EDGE('',*,*,#4103,.F.);
#1720=ORIENTED_EDGE('',*,*,#4106,.F.);
#1721=ORIENTED_EDGE('',*,*,#4107,.T.);
#1722=ORIENTED_EDGE('',*,*,#3973,.F.);
#1723=ORIENTED_EDGE('',*,*,#4105,.F.);
#1724=ORIENTED_EDGE('',*,*,#4108,.F.);
#1725=ORIENTED_EDGE('',*,*,#4109,.T.);
#1726=ORIENTED_EDGE('',*,*,#3975,.F.);
#1727=ORIENTED_EDGE('',*,*,#4107,.F.);
#1728=ORIENTED_EDGE('',*,*,#4110,.F.);
#1729=ORIENTED_EDGE('',*,*,#4111,.T.);
#1730=ORIENTED_EDGE('',*,*,#3977,.F.);
#1731=ORIENTED_EDGE('',*,*,#4109,.F.);
#1732=ORIENTED_EDGE('',*,*,#4112,.F.);
#1733=ORIENTED_EDGE('',*,*,#4113,.T.);
#1734=ORIENTED_EDGE('',*,*,#3979,.F.);
#1735=ORIENTED_EDGE('',*,*,#4111,.F.);
#1736=ORIENTED_EDGE('',*,*,#4114,.F.);
#1737=ORIENTED_EDGE('',*,*,#4115,.T.);
#1738=ORIENTED_EDGE('',*,*,#3981,.F.);
#1739=ORIENTED_EDGE('',*,*,#4113,.F.);
#1740=ORIENTED_EDGE('',*,*,#4116,.F.);
#1741=ORIENTED_EDGE('',*,*,#4117,.F.);
#1742=ORIENTED_EDGE('',*,*,#4069,.F.);
#1743=ORIENTED_EDGE('',*,*,#4115,.F.);
#1744=ORIENTED_EDGE('',*,*,#4118,.F.);
#1745=ORIENTED_EDGE('',*,*,#4119,.F.);
#1746=ORIENTED_EDGE('',*,*,#4120,.F.);
#1747=ORIENTED_EDGE('',*,*,#4121,.T.);
#1748=ORIENTED_EDGE('',*,*,#4083,.F.);
#1749=ORIENTED_EDGE('',*,*,#4101,.T.);
#1750=ORIENTED_EDGE('',*,*,#3984,.F.);
#1751=ORIENTED_EDGE('',*,*,#4121,.F.);
#1752=ORIENTED_EDGE('',*,*,#4122,.F.);
#1753=ORIENTED_EDGE('',*,*,#4123,.F.);
#1754=ORIENTED_EDGE('',*,*,#4124,.T.);
#1755=ORIENTED_EDGE('',*,*,#4125,.T.);
#1756=ORIENTED_EDGE('',*,*,#4126,.T.);
#1757=ORIENTED_EDGE('',*,*,#4127,.T.);
#1758=ORIENTED_EDGE('',*,*,#4128,.F.);
#1759=ORIENTED_EDGE('',*,*,#3987,.F.);
#1760=ORIENTED_EDGE('',*,*,#4129,.T.);
#1761=ORIENTED_EDGE('',*,*,#4130,.T.);
#1762=ORIENTED_EDGE('',*,*,#4131,.F.);
#1763=ORIENTED_EDGE('',*,*,#3988,.F.);
#1764=ORIENTED_EDGE('',*,*,#4128,.T.);
#1765=ORIENTED_EDGE('',*,*,#4132,.T.);
#1766=ORIENTED_EDGE('',*,*,#4133,.F.);
#1767=ORIENTED_EDGE('',*,*,#3985,.F.);
#1768=ORIENTED_EDGE('',*,*,#4131,.T.);
#1769=ORIENTED_EDGE('',*,*,#4134,.T.);
#1770=ORIENTED_EDGE('',*,*,#4129,.F.);
#1771=ORIENTED_EDGE('',*,*,#3986,.F.);
#1772=ORIENTED_EDGE('',*,*,#4133,.T.);
#1773=ORIENTED_EDGE('',*,*,#3995,.T.);
#1774=ORIENTED_EDGE('',*,*,#4135,.F.);
#1775=ORIENTED_EDGE('',*,*,#4136,.T.);
#1776=ORIENTED_EDGE('',*,*,#4137,.F.);
#1777=ORIENTED_EDGE('',*,*,#3998,.T.);
#1778=ORIENTED_EDGE('',*,*,#4138,.F.);
#1779=ORIENTED_EDGE('',*,*,#4139,.T.);
#1780=ORIENTED_EDGE('',*,*,#4140,.F.);
#1781=ORIENTED_EDGE('',*,*,#4141,.F.);
#1782=ORIENTED_EDGE('',*,*,#4142,.F.);
#1783=ORIENTED_EDGE('',*,*,#3990,.T.);
#1784=ORIENTED_EDGE('',*,*,#4143,.T.);
#1785=ORIENTED_EDGE('',*,*,#4144,.F.);
#1786=ORIENTED_EDGE('',*,*,#4145,.F.);
#1787=ORIENTED_EDGE('',*,*,#3991,.T.);
#1788=ORIENTED_EDGE('',*,*,#4142,.T.);
#1789=ORIENTED_EDGE('',*,*,#4146,.F.);
#1790=ORIENTED_EDGE('',*,*,#4147,.F.);
#1791=ORIENTED_EDGE('',*,*,#3992,.T.);
#1792=ORIENTED_EDGE('',*,*,#4145,.T.);
#1793=ORIENTED_EDGE('',*,*,#4148,.F.);
#1794=ORIENTED_EDGE('',*,*,#4143,.F.);
#1795=ORIENTED_EDGE('',*,*,#3989,.T.);
#1796=ORIENTED_EDGE('',*,*,#4147,.T.);
#1797=ORIENTED_EDGE('',*,*,#4149,.F.);
#1798=ORIENTED_EDGE('',*,*,#4150,.T.);
#1799=ORIENTED_EDGE('',*,*,#4151,.T.);
#1800=ORIENTED_EDGE('',*,*,#4152,.T.);
#1801=ORIENTED_EDGE('',*,*,#4153,.F.);
#1802=ORIENTED_EDGE('',*,*,#4154,.T.);
#1803=ORIENTED_EDGE('',*,*,#4155,.F.);
#1804=ORIENTED_EDGE('',*,*,#4156,.F.);
#1805=ORIENTED_EDGE('',*,*,#4157,.F.);
#1806=ORIENTED_EDGE('',*,*,#4156,.T.);
#1807=ORIENTED_EDGE('',*,*,#4158,.F.);
#1808=ORIENTED_EDGE('',*,*,#4159,.F.);
#1809=ORIENTED_EDGE('',*,*,#4160,.F.);
#1810=ORIENTED_EDGE('',*,*,#4159,.T.);
#1811=ORIENTED_EDGE('',*,*,#4161,.F.);
#1812=ORIENTED_EDGE('',*,*,#4139,.F.);
#1813=ORIENTED_EDGE('',*,*,#4162,.F.);
#1814=ORIENTED_EDGE('',*,*,#4163,.T.);
#1815=ORIENTED_EDGE('',*,*,#4140,.T.);
#1816=ORIENTED_EDGE('',*,*,#4164,.T.);
#1817=ORIENTED_EDGE('',*,*,#4165,.T.);
#1818=ORIENTED_EDGE('',*,*,#4166,.F.);
#1819=ORIENTED_EDGE('',*,*,#3994,.F.);
#1820=ORIENTED_EDGE('',*,*,#4167,.F.);
#1821=ORIENTED_EDGE('',*,*,#4168,.T.);
#1822=ORIENTED_EDGE('',*,*,#4169,.F.);
#1823=ORIENTED_EDGE('',*,*,#4170,.F.);
#1824=ORIENTED_EDGE('',*,*,#4171,.F.);
#1825=ORIENTED_EDGE('',*,*,#4170,.T.);
#1826=ORIENTED_EDGE('',*,*,#4172,.F.);
#1827=ORIENTED_EDGE('',*,*,#3996,.F.);
#1828=ORIENTED_EDGE('',*,*,#4163,.F.);
#1829=ORIENTED_EDGE('',*,*,#4173,.F.);
#1830=ORIENTED_EDGE('',*,*,#3997,.T.);
#1831=ORIENTED_EDGE('',*,*,#4174,.F.);
#1832=ORIENTED_EDGE('',*,*,#3993,.T.);
#1833=ORIENTED_EDGE('',*,*,#4175,.F.);
#1834=ORIENTED_EDGE('',*,*,#4176,.F.);
#1835=ORIENTED_EDGE('',*,*,#4177,.F.);
#1836=ORIENTED_EDGE('',*,*,#4000,.F.);
#1837=ORIENTED_EDGE('',*,*,#4178,.F.);
#1838=ORIENTED_EDGE('',*,*,#4179,.F.);
#1839=ORIENTED_EDGE('',*,*,#4180,.F.);
#1840=ORIENTED_EDGE('',*,*,#4181,.F.);
#1841=ORIENTED_EDGE('',*,*,#4001,.T.);
#1842=ORIENTED_EDGE('',*,*,#4177,.T.);
#1843=ORIENTED_EDGE('',*,*,#4182,.T.);
#1844=ORIENTED_EDGE('',*,*,#4183,.T.);
#1845=ORIENTED_EDGE('',*,*,#4184,.F.);
#1846=ORIENTED_EDGE('',*,*,#4185,.T.);
#1847=ORIENTED_EDGE('',*,*,#4186,.F.);
#1848=ORIENTED_EDGE('',*,*,#4002,.F.);
#1849=ORIENTED_EDGE('',*,*,#4185,.F.);
#1850=ORIENTED_EDGE('',*,*,#4187,.F.);
#1851=ORIENTED_EDGE('',*,*,#4188,.T.);
#1852=ORIENTED_EDGE('',*,*,#4175,.T.);
#1853=ORIENTED_EDGE('',*,*,#3999,.F.);
#1854=ORIENTED_EDGE('',*,*,#4186,.T.);
#1855=ORIENTED_EDGE('',*,*,#4189,.F.);
#1856=ORIENTED_EDGE('',*,*,#4181,.T.);
#1857=ORIENTED_EDGE('',*,*,#4006,.T.);
#1858=ORIENTED_EDGE('',*,*,#4045,.T.);
#1859=ORIENTED_EDGE('',*,*,#4190,.T.);
#1860=ORIENTED_EDGE('',*,*,#4191,.F.);
#1861=ORIENTED_EDGE('',*,*,#4192,.T.);
#1862=ORIENTED_EDGE('',*,*,#4007,.F.);
#1863=ORIENTED_EDGE('',*,*,#4192,.F.);
#1864=ORIENTED_EDGE('',*,*,#4193,.F.);
#1865=ORIENTED_EDGE('',*,*,#4194,.F.);
#1866=ORIENTED_EDGE('',*,*,#4195,.F.);
#1867=ORIENTED_EDGE('',*,*,#4009,.T.);
#1868=ORIENTED_EDGE('',*,*,#4003,.F.);
#1869=ORIENTED_EDGE('',*,*,#4194,.T.);
#1870=ORIENTED_EDGE('',*,*,#4196,.T.);
#1871=ORIENTED_EDGE('',*,*,#4197,.T.);
#1872=ORIENTED_EDGE('',*,*,#4179,.T.);
#1873=ORIENTED_EDGE('',*,*,#4198,.F.);
#1874=ORIENTED_EDGE('',*,*,#4199,.T.);
#1875=ORIENTED_EDGE('',*,*,#4012,.T.);
#1876=ORIENTED_EDGE('',*,*,#4010,.T.);
#1877=ORIENTED_EDGE('',*,*,#4195,.T.);
#1878=ORIENTED_EDGE('',*,*,#4200,.T.);
#1879=ORIENTED_EDGE('',*,*,#4201,.T.);
#1880=ORIENTED_EDGE('',*,*,#4202,.T.);
#1881=ORIENTED_EDGE('',*,*,#4203,.T.);
#1882=ORIENTED_EDGE('',*,*,#4015,.T.);
#1883=ORIENTED_EDGE('',*,*,#4016,.T.);
#1884=ORIENTED_EDGE('',*,*,#4013,.T.);
#1885=ORIENTED_EDGE('',*,*,#4203,.F.);
#1886=ORIENTED_EDGE('',*,*,#4204,.F.);
#1887=ORIENTED_EDGE('',*,*,#4205,.T.);
#1888=ORIENTED_EDGE('',*,*,#4017,.F.);
#1889=ORIENTED_EDGE('',*,*,#4205,.F.);
#1890=ORIENTED_EDGE('',*,*,#4206,.F.);
#1891=ORIENTED_EDGE('',*,*,#4207,.F.);
#1892=ORIENTED_EDGE('',*,*,#4208,.T.);
#1893=ORIENTED_EDGE('',*,*,#4047,.T.);
#1894=ORIENTED_EDGE('',*,*,#4018,.F.);
#1895=ORIENTED_EDGE('',*,*,#4207,.T.);
#1896=ORIENTED_EDGE('',*,*,#4209,.T.);
#1897=ORIENTED_EDGE('',*,*,#4058,.T.);
#1898=ORIENTED_EDGE('',*,*,#4057,.T.);
#1899=ORIENTED_EDGE('',*,*,#4054,.T.);
#1900=ORIENTED_EDGE('',*,*,#4053,.T.);
#1901=ORIENTED_EDGE('',*,*,#4050,.T.);
#1902=ORIENTED_EDGE('',*,*,#4048,.T.);
#1903=ORIENTED_EDGE('',*,*,#4208,.F.);
#1904=ORIENTED_EDGE('',*,*,#4210,.F.);
#1905=ORIENTED_EDGE('',*,*,#4211,.F.);
#1906=ORIENTED_EDGE('',*,*,#4212,.F.);
#1907=ORIENTED_EDGE('',*,*,#4213,.F.);
#1908=ORIENTED_EDGE('',*,*,#4214,.F.);
#1909=ORIENTED_EDGE('',*,*,#4215,.F.);
#1910=ORIENTED_EDGE('',*,*,#4216,.F.);
#1911=ORIENTED_EDGE('',*,*,#4217,.T.);
#1912=ORIENTED_EDGE('',*,*,#4218,.T.);
#1913=ORIENTED_EDGE('',*,*,#4219,.T.);
#1914=ORIENTED_EDGE('',*,*,#4220,.F.);
#1915=ORIENTED_EDGE('',*,*,#4190,.F.);
#1916=ORIENTED_EDGE('',*,*,#4046,.T.);
#1917=ORIENTED_EDGE('',*,*,#4044,.T.);
#1918=ORIENTED_EDGE('',*,*,#4042,.T.);
#1919=ORIENTED_EDGE('',*,*,#4040,.T.);
#1920=ORIENTED_EDGE('',*,*,#4038,.T.);
#1921=ORIENTED_EDGE('',*,*,#4036,.T.);
#1922=ORIENTED_EDGE('',*,*,#4034,.T.);
#1923=ORIENTED_EDGE('',*,*,#4032,.T.);
#1924=ORIENTED_EDGE('',*,*,#4030,.T.);
#1925=ORIENTED_EDGE('',*,*,#4027,.F.);
#1926=ORIENTED_EDGE('',*,*,#4026,.F.);
#1927=ORIENTED_EDGE('',*,*,#4023,.F.);
#1928=ORIENTED_EDGE('',*,*,#4022,.F.);
#1929=ORIENTED_EDGE('',*,*,#4221,.F.);
#1930=ORIENTED_EDGE('',*,*,#4060,.F.);
#1931=ORIENTED_EDGE('',*,*,#4222,.F.);
#1932=ORIENTED_EDGE('',*,*,#4223,.F.);
#1933=ORIENTED_EDGE('',*,*,#4224,.F.);
#1934=ORIENTED_EDGE('',*,*,#4225,.F.);
#1935=ORIENTED_EDGE('',*,*,#4226,.F.);
#1936=ORIENTED_EDGE('',*,*,#4227,.F.);
#1937=ORIENTED_EDGE('',*,*,#4228,.F.);
#1938=ORIENTED_EDGE('',*,*,#4227,.T.);
#1939=ORIENTED_EDGE('',*,*,#4229,.T.);
#1940=ORIENTED_EDGE('',*,*,#4230,.F.);
#1941=ORIENTED_EDGE('',*,*,#4061,.F.);
#1942=ORIENTED_EDGE('',*,*,#4221,.T.);
#1943=ORIENTED_EDGE('',*,*,#4231,.T.);
#1944=ORIENTED_EDGE('',*,*,#4232,.T.);
#1945=ORIENTED_EDGE('',*,*,#4233,.F.);
#1946=ORIENTED_EDGE('',*,*,#4234,.T.);
#1947=ORIENTED_EDGE('',*,*,#4234,.F.);
#1948=ORIENTED_EDGE('',*,*,#4235,.F.);
#1949=ORIENTED_EDGE('',*,*,#4236,.F.);
#1950=ORIENTED_EDGE('',*,*,#4062,.F.);
#1951=ORIENTED_EDGE('',*,*,#4237,.F.);
#1952=ORIENTED_EDGE('',*,*,#4222,.T.);
#1953=ORIENTED_EDGE('',*,*,#4059,.T.);
#1954=ORIENTED_EDGE('',*,*,#4236,.T.);
#1955=ORIENTED_EDGE('',*,*,#4238,.T.);
#1956=ORIENTED_EDGE('',*,*,#4225,.T.);
#1957=ORIENTED_EDGE('',*,*,#4239,.F.);
#1958=ORIENTED_EDGE('',*,*,#4240,.F.);
#1959=ORIENTED_EDGE('',*,*,#4241,.F.);
#1960=ORIENTED_EDGE('',*,*,#4064,.F.);
#1961=ORIENTED_EDGE('',*,*,#4242,.F.);
#1962=ORIENTED_EDGE('',*,*,#4243,.F.);
#1963=ORIENTED_EDGE('',*,*,#4244,.F.);
#1964=ORIENTED_EDGE('',*,*,#4245,.F.);
#1965=ORIENTED_EDGE('',*,*,#4065,.T.);
#1966=ORIENTED_EDGE('',*,*,#4241,.T.);
#1967=ORIENTED_EDGE('',*,*,#4246,.T.);
#1968=ORIENTED_EDGE('',*,*,#4247,.T.);
#1969=ORIENTED_EDGE('',*,*,#4248,.F.);
#1970=ORIENTED_EDGE('',*,*,#4249,.T.);
#1971=ORIENTED_EDGE('',*,*,#4250,.F.);
#1972=ORIENTED_EDGE('',*,*,#4066,.F.);
#1973=ORIENTED_EDGE('',*,*,#4249,.F.);
#1974=ORIENTED_EDGE('',*,*,#4251,.F.);
#1975=ORIENTED_EDGE('',*,*,#4252,.T.);
#1976=ORIENTED_EDGE('',*,*,#4239,.T.);
#1977=ORIENTED_EDGE('',*,*,#4063,.F.);
#1978=ORIENTED_EDGE('',*,*,#4250,.T.);
#1979=ORIENTED_EDGE('',*,*,#4253,.F.);
#1980=ORIENTED_EDGE('',*,*,#4245,.T.);
#1981=ORIENTED_EDGE('',*,*,#4070,.T.);
#1982=ORIENTED_EDGE('',*,*,#4117,.T.);
#1983=ORIENTED_EDGE('',*,*,#4254,.T.);
#1984=ORIENTED_EDGE('',*,*,#4255,.F.);
#1985=ORIENTED_EDGE('',*,*,#4256,.T.);
#1986=ORIENTED_EDGE('',*,*,#4071,.F.);
#1987=ORIENTED_EDGE('',*,*,#4256,.F.);
#1988=ORIENTED_EDGE('',*,*,#4257,.F.);
#1989=ORIENTED_EDGE('',*,*,#4258,.F.);
#1990=ORIENTED_EDGE('',*,*,#4259,.F.);
#1991=ORIENTED_EDGE('',*,*,#4073,.T.);
#1992=ORIENTED_EDGE('',*,*,#4067,.F.);
#1993=ORIENTED_EDGE('',*,*,#4258,.T.);
#1994=ORIENTED_EDGE('',*,*,#4260,.T.);
#1995=ORIENTED_EDGE('',*,*,#4261,.T.);
#1996=ORIENTED_EDGE('',*,*,#4243,.T.);
#1997=ORIENTED_EDGE('',*,*,#4262,.F.);
#1998=ORIENTED_EDGE('',*,*,#4263,.T.);
#1999=ORIENTED_EDGE('',*,*,#4076,.T.);
#2000=ORIENTED_EDGE('',*,*,#4074,.T.);
#2001=ORIENTED_EDGE('',*,*,#4259,.T.);
#2002=ORIENTED_EDGE('',*,*,#4264,.T.);
#2003=ORIENTED_EDGE('',*,*,#4265,.T.);
#2004=ORIENTED_EDGE('',*,*,#4266,.T.);
#2005=ORIENTED_EDGE('',*,*,#4267,.T.);
#2006=ORIENTED_EDGE('',*,*,#4079,.T.);
#2007=ORIENTED_EDGE('',*,*,#4080,.T.);
#2008=ORIENTED_EDGE('',*,*,#4077,.T.);
#2009=ORIENTED_EDGE('',*,*,#4267,.F.);
#2010=ORIENTED_EDGE('',*,*,#4268,.F.);
#2011=ORIENTED_EDGE('',*,*,#4269,.T.);
#2012=ORIENTED_EDGE('',*,*,#4081,.F.);
#2013=ORIENTED_EDGE('',*,*,#4269,.F.);
#2014=ORIENTED_EDGE('',*,*,#4270,.F.);
#2015=ORIENTED_EDGE('',*,*,#4271,.F.);
#2016=ORIENTED_EDGE('',*,*,#4272,.T.);
#2017=ORIENTED_EDGE('',*,*,#4119,.T.);
#2018=ORIENTED_EDGE('',*,*,#4082,.F.);
#2019=ORIENTED_EDGE('',*,*,#4271,.T.);
#2020=ORIENTED_EDGE('',*,*,#4273,.T.);
#2021=ORIENTED_EDGE('',*,*,#4122,.T.);
#2022=ORIENTED_EDGE('',*,*,#4120,.T.);
#2023=ORIENTED_EDGE('',*,*,#4272,.F.);
#2024=ORIENTED_EDGE('',*,*,#4274,.F.);
#2025=ORIENTED_EDGE('',*,*,#4275,.F.);
#2026=ORIENTED_EDGE('',*,*,#4276,.F.);
#2027=ORIENTED_EDGE('',*,*,#4277,.F.);
#2028=ORIENTED_EDGE('',*,*,#4278,.F.);
#2029=ORIENTED_EDGE('',*,*,#4279,.F.);
#2030=ORIENTED_EDGE('',*,*,#4280,.F.);
#2031=ORIENTED_EDGE('',*,*,#4281,.T.);
#2032=ORIENTED_EDGE('',*,*,#4282,.T.);
#2033=ORIENTED_EDGE('',*,*,#4283,.T.);
#2034=ORIENTED_EDGE('',*,*,#4284,.F.);
#2035=ORIENTED_EDGE('',*,*,#4254,.F.);
#2036=ORIENTED_EDGE('',*,*,#4118,.T.);
#2037=ORIENTED_EDGE('',*,*,#4116,.T.);
#2038=ORIENTED_EDGE('',*,*,#4114,.T.);
#2039=ORIENTED_EDGE('',*,*,#4112,.T.);
#2040=ORIENTED_EDGE('',*,*,#4110,.T.);
#2041=ORIENTED_EDGE('',*,*,#4108,.T.);
#2042=ORIENTED_EDGE('',*,*,#4106,.T.);
#2043=ORIENTED_EDGE('',*,*,#4104,.T.);
#2044=ORIENTED_EDGE('',*,*,#4102,.T.);
#2045=ORIENTED_EDGE('',*,*,#4099,.F.);
#2046=ORIENTED_EDGE('',*,*,#4097,.T.);
#2047=ORIENTED_EDGE('',*,*,#4096,.F.);
#2048=ORIENTED_EDGE('',*,*,#4092,.F.);
#2049=ORIENTED_EDGE('',*,*,#4091,.F.);
#2050=ORIENTED_EDGE('',*,*,#4089,.T.);
#2051=ORIENTED_EDGE('',*,*,#4088,.F.);
#2052=ORIENTED_EDGE('',*,*,#4084,.F.);
#2053=ORIENTED_EDGE('',*,*,#4285,.F.);
#2054=ORIENTED_EDGE('',*,*,#4124,.F.);
#2055=ORIENTED_EDGE('',*,*,#4286,.F.);
#2056=ORIENTED_EDGE('',*,*,#4287,.F.);
#2057=ORIENTED_EDGE('',*,*,#4288,.F.);
#2058=ORIENTED_EDGE('',*,*,#4289,.F.);
#2059=ORIENTED_EDGE('',*,*,#4290,.F.);
#2060=ORIENTED_EDGE('',*,*,#4291,.F.);
#2061=ORIENTED_EDGE('',*,*,#4292,.F.);
#2062=ORIENTED_EDGE('',*,*,#4291,.T.);
#2063=ORIENTED_EDGE('',*,*,#4293,.T.);
#2064=ORIENTED_EDGE('',*,*,#4294,.F.);
#2065=ORIENTED_EDGE('',*,*,#4125,.F.);
#2066=ORIENTED_EDGE('',*,*,#4285,.T.);
#2067=ORIENTED_EDGE('',*,*,#4295,.T.);
#2068=ORIENTED_EDGE('',*,*,#4296,.T.);
#2069=ORIENTED_EDGE('',*,*,#4297,.F.);
#2070=ORIENTED_EDGE('',*,*,#4298,.T.);
#2071=ORIENTED_EDGE('',*,*,#4298,.F.);
#2072=ORIENTED_EDGE('',*,*,#4299,.F.);
#2073=ORIENTED_EDGE('',*,*,#4300,.F.);
#2074=ORIENTED_EDGE('',*,*,#4126,.F.);
#2075=ORIENTED_EDGE('',*,*,#4301,.F.);
#2076=ORIENTED_EDGE('',*,*,#4286,.T.);
#2077=ORIENTED_EDGE('',*,*,#4123,.T.);
#2078=ORIENTED_EDGE('',*,*,#4300,.T.);
#2079=ORIENTED_EDGE('',*,*,#4302,.T.);
#2080=ORIENTED_EDGE('',*,*,#4289,.T.);
#2081=ORIENTED_EDGE('',*,*,#4303,.T.);
#2082=ORIENTED_EDGE('',*,*,#4304,.F.);
#2083=ORIENTED_EDGE('',*,*,#4165,.F.);
#2084=ORIENTED_EDGE('',*,*,#4305,.F.);
#2085=ORIENTED_EDGE('',*,*,#4306,.T.);
#2086=ORIENTED_EDGE('',*,*,#4135,.T.);
#2087=ORIENTED_EDGE('',*,*,#4166,.T.);
#2088=ORIENTED_EDGE('',*,*,#4307,.T.);
#2089=ORIENTED_EDGE('',*,*,#4308,.F.);
#2090=ORIENTED_EDGE('',*,*,#4136,.F.);
#2091=ORIENTED_EDGE('',*,*,#4309,.F.);
#2092=ORIENTED_EDGE('',*,*,#4310,.T.);
#2093=ORIENTED_EDGE('',*,*,#4311,.F.);
#2094=ORIENTED_EDGE('',*,*,#4307,.F.);
#2095=ORIENTED_EDGE('',*,*,#4312,.F.);
#2096=ORIENTED_EDGE('',*,*,#4313,.T.);
#2097=ORIENTED_EDGE('',*,*,#4314,.F.);
#2098=ORIENTED_EDGE('',*,*,#4310,.F.);
#2099=ORIENTED_EDGE('',*,*,#4315,.F.);
#2100=ORIENTED_EDGE('',*,*,#4316,.F.);
#2101=ORIENTED_EDGE('',*,*,#4317,.T.);
#2102=ORIENTED_EDGE('',*,*,#4318,.F.);
#2103=ORIENTED_EDGE('',*,*,#4319,.T.);
#2104=ORIENTED_EDGE('',*,*,#4320,.T.);
#2105=ORIENTED_EDGE('',*,*,#4321,.T.);
#2106=ORIENTED_EDGE('',*,*,#4322,.T.);
#2107=ORIENTED_EDGE('',*,*,#4323,.T.);
#2108=ORIENTED_EDGE('',*,*,#4324,.F.);
#2109=ORIENTED_EDGE('',*,*,#4325,.F.);
#2110=ORIENTED_EDGE('',*,*,#4134,.F.);
#2111=ORIENTED_EDGE('',*,*,#4132,.F.);
#2112=ORIENTED_EDGE('',*,*,#4130,.F.);
#2113=ORIENTED_EDGE('',*,*,#4127,.F.);
#2114=ORIENTED_EDGE('',*,*,#4326,.T.);
#2115=ORIENTED_EDGE('',*,*,#4327,.T.);
#2116=ORIENTED_EDGE('',*,*,#4316,.T.);
#2117=ORIENTED_EDGE('',*,*,#4328,.T.);
#2118=ORIENTED_EDGE('',*,*,#4324,.T.);
#2119=ORIENTED_EDGE('',*,*,#4329,.T.);
#2120=ORIENTED_EDGE('',*,*,#4317,.F.);
#2121=ORIENTED_EDGE('',*,*,#4327,.F.);
#2122=ORIENTED_EDGE('',*,*,#4330,.F.);
#2123=ORIENTED_EDGE('',*,*,#4331,.F.);
#2124=ORIENTED_EDGE('',*,*,#4332,.F.);
#2125=ORIENTED_EDGE('',*,*,#4333,.T.);
#2126=ORIENTED_EDGE('',*,*,#4157,.T.);
#2127=ORIENTED_EDGE('',*,*,#4160,.T.);
#2128=ORIENTED_EDGE('',*,*,#4162,.T.);
#2129=ORIENTED_EDGE('',*,*,#4138,.T.);
#2130=ORIENTED_EDGE('',*,*,#4173,.T.);
#2131=ORIENTED_EDGE('',*,*,#4137,.T.);
#2132=ORIENTED_EDGE('',*,*,#4308,.T.);
#2133=ORIENTED_EDGE('',*,*,#4311,.T.);
#2134=ORIENTED_EDGE('',*,*,#4314,.T.);
#2135=ORIENTED_EDGE('',*,*,#4334,.T.);
#2136=ORIENTED_EDGE('',*,*,#4318,.T.);
#2137=ORIENTED_EDGE('',*,*,#4331,.T.);
#2138=ORIENTED_EDGE('',*,*,#4335,.F.);
#2139=ORIENTED_EDGE('',*,*,#4336,.F.);
#2140=ORIENTED_EDGE('',*,*,#4151,.F.);
#2141=ORIENTED_EDGE('',*,*,#4337,.T.);
#2142=ORIENTED_EDGE('',*,*,#4148,.T.);
#2143=ORIENTED_EDGE('',*,*,#4146,.T.);
#2144=ORIENTED_EDGE('',*,*,#4144,.T.);
#2145=ORIENTED_EDGE('',*,*,#4141,.T.);
#2146=ORIENTED_EDGE('',*,*,#4152,.F.);
#2147=ORIENTED_EDGE('',*,*,#4336,.T.);
#2148=ORIENTED_EDGE('',*,*,#4338,.F.);
#2149=ORIENTED_EDGE('',*,*,#4339,.F.);
#2150=ORIENTED_EDGE('',*,*,#4340,.F.);
#2151=ORIENTED_EDGE('',*,*,#4341,.F.);
#2152=ORIENTED_EDGE('',*,*,#4342,.F.);
#2153=ORIENTED_EDGE('',*,*,#4343,.F.);
#2154=ORIENTED_EDGE('',*,*,#4344,.T.);
#2155=ORIENTED_EDGE('',*,*,#4340,.T.);
#2156=ORIENTED_EDGE('',*,*,#4343,.T.);
#2157=ORIENTED_EDGE('',*,*,#4345,.T.);
#2158=ORIENTED_EDGE('',*,*,#4346,.T.);
#2159=ORIENTED_EDGE('',*,*,#4347,.T.);
#2160=ORIENTED_EDGE('',*,*,#4348,.T.);
#2161=ORIENTED_EDGE('',*,*,#4349,.T.);
#2162=ORIENTED_EDGE('',*,*,#4349,.F.);
#2163=ORIENTED_EDGE('',*,*,#4350,.T.);
#2164=ORIENTED_EDGE('',*,*,#4351,.F.);
#2165=ORIENTED_EDGE('',*,*,#4153,.T.);
#2166=ORIENTED_EDGE('',*,*,#4341,.T.);
#2167=ORIENTED_EDGE('',*,*,#4344,.F.);
#2168=ORIENTED_EDGE('',*,*,#4351,.T.);
#2169=ORIENTED_EDGE('',*,*,#4352,.T.);
#2170=ORIENTED_EDGE('',*,*,#4353,.T.);
#2171=ORIENTED_EDGE('',*,*,#4354,.T.);
#2172=ORIENTED_EDGE('',*,*,#4355,.T.);
#2173=ORIENTED_EDGE('',*,*,#4356,.T.);
#2174=ORIENTED_EDGE('',*,*,#4357,.T.);
#2175=ORIENTED_EDGE('',*,*,#4149,.T.);
#2176=ORIENTED_EDGE('',*,*,#4358,.F.);
#2177=ORIENTED_EDGE('',*,*,#4359,.F.);
#2178=ORIENTED_EDGE('',*,*,#4154,.F.);
#2179=ORIENTED_EDGE('',*,*,#4333,.F.);
#2180=ORIENTED_EDGE('',*,*,#4360,.F.);
#2181=ORIENTED_EDGE('',*,*,#4337,.F.);
#2182=ORIENTED_EDGE('',*,*,#4150,.F.);
#2183=ORIENTED_EDGE('',*,*,#4357,.F.);
#2184=ORIENTED_EDGE('',*,*,#4361,.T.);
#2185=ORIENTED_EDGE('',*,*,#4359,.T.);
#2186=ORIENTED_EDGE('',*,*,#4362,.F.);
#2187=ORIENTED_EDGE('',*,*,#4363,.F.);
#2188=ORIENTED_EDGE('',*,*,#4155,.T.);
#2189=ORIENTED_EDGE('',*,*,#4361,.F.);
#2190=ORIENTED_EDGE('',*,*,#4364,.F.);
#2191=ORIENTED_EDGE('',*,*,#4365,.F.);
#2192=ORIENTED_EDGE('',*,*,#4366,.F.);
#2193=ORIENTED_EDGE('',*,*,#4158,.T.);
#2194=ORIENTED_EDGE('',*,*,#4363,.T.);
#2195=ORIENTED_EDGE('',*,*,#4367,.F.);
#2196=ORIENTED_EDGE('',*,*,#4164,.F.);
#2197=ORIENTED_EDGE('',*,*,#4161,.T.);
#2198=ORIENTED_EDGE('',*,*,#4366,.T.);
#2199=ORIENTED_EDGE('',*,*,#4368,.F.);
#2200=ORIENTED_EDGE('',*,*,#4369,.F.);
#2201=ORIENTED_EDGE('',*,*,#4171,.T.);
#2202=ORIENTED_EDGE('',*,*,#4370,.F.);
#2203=ORIENTED_EDGE('',*,*,#4371,.F.);
#2204=ORIENTED_EDGE('',*,*,#4303,.F.);
#2205=ORIENTED_EDGE('',*,*,#4372,.F.);
#2206=ORIENTED_EDGE('',*,*,#4373,.F.);
#2207=ORIENTED_EDGE('',*,*,#4374,.T.);
#2208=ORIENTED_EDGE('',*,*,#4369,.T.);
#2209=ORIENTED_EDGE('',*,*,#4375,.F.);
#2210=ORIENTED_EDGE('',*,*,#4376,.T.);
#2211=ORIENTED_EDGE('',*,*,#4377,.F.);
#2212=ORIENTED_EDGE('',*,*,#4378,.F.);
#2213=ORIENTED_EDGE('',*,*,#4168,.F.);
#2214=ORIENTED_EDGE('',*,*,#4374,.F.);
#2215=ORIENTED_EDGE('',*,*,#4174,.T.);
#2216=ORIENTED_EDGE('',*,*,#4172,.T.);
#2217=ORIENTED_EDGE('',*,*,#4169,.T.);
#2218=ORIENTED_EDGE('',*,*,#4378,.T.);
#2219=ORIENTED_EDGE('',*,*,#4379,.T.);
#2220=ORIENTED_EDGE('',*,*,#4372,.T.);
#2221=ORIENTED_EDGE('',*,*,#4305,.T.);
#2222=ORIENTED_EDGE('',*,*,#4167,.T.);
#2223=ORIENTED_EDGE('',*,*,#4380,.T.);
#2224=ORIENTED_EDGE('',*,*,#4381,.F.);
#2225=ORIENTED_EDGE('',*,*,#4211,.T.);
#2226=ORIENTED_EDGE('',*,*,#4382,.T.);
#2227=ORIENTED_EDGE('',*,*,#4383,.T.);
#2228=ORIENTED_EDGE('',*,*,#4384,.F.);
#2229=ORIENTED_EDGE('',*,*,#4212,.T.);
#2230=ORIENTED_EDGE('',*,*,#4381,.T.);
#2231=ORIENTED_EDGE('',*,*,#4385,.T.);
#2232=ORIENTED_EDGE('',*,*,#4386,.F.);
#2233=ORIENTED_EDGE('',*,*,#4213,.T.);
#2234=ORIENTED_EDGE('',*,*,#4384,.T.);
#2235=ORIENTED_EDGE('',*,*,#4214,.T.);
#2236=ORIENTED_EDGE('',*,*,#4386,.T.);
#2237=ORIENTED_EDGE('',*,*,#4387,.T.);
#2238=ORIENTED_EDGE('',*,*,#4388,.F.);
#2239=ORIENTED_EDGE('',*,*,#4389,.T.);
#2240=ORIENTED_EDGE('',*,*,#4390,.F.);
#2241=ORIENTED_EDGE('',*,*,#4215,.T.);
#2242=ORIENTED_EDGE('',*,*,#4388,.T.);
#2243=ORIENTED_EDGE('',*,*,#4391,.F.);
#2244=ORIENTED_EDGE('',*,*,#4216,.T.);
#2245=ORIENTED_EDGE('',*,*,#4390,.T.);
#2246=ORIENTED_EDGE('',*,*,#4392,.T.);
#2247=ORIENTED_EDGE('',*,*,#4393,.F.);
#2248=ORIENTED_EDGE('',*,*,#4394,.F.);
#2249=ORIENTED_EDGE('',*,*,#4217,.F.);
#2250=ORIENTED_EDGE('',*,*,#4391,.T.);
#2251=ORIENTED_EDGE('',*,*,#4395,.F.);
#2252=ORIENTED_EDGE('',*,*,#4396,.F.);
#2253=ORIENTED_EDGE('',*,*,#4218,.F.);
#2254=ORIENTED_EDGE('',*,*,#4394,.T.);
#2255=ORIENTED_EDGE('',*,*,#4397,.F.);
#2256=ORIENTED_EDGE('',*,*,#4398,.F.);
#2257=ORIENTED_EDGE('',*,*,#4219,.F.);
#2258=ORIENTED_EDGE('',*,*,#4396,.T.);
#2259=ORIENTED_EDGE('',*,*,#4182,.F.);
#2260=ORIENTED_EDGE('',*,*,#4176,.T.);
#2261=ORIENTED_EDGE('',*,*,#4188,.F.);
#2262=ORIENTED_EDGE('',*,*,#4180,.T.);
#2263=ORIENTED_EDGE('',*,*,#4197,.F.);
#2264=ORIENTED_EDGE('',*,*,#4399,.T.);
#2265=ORIENTED_EDGE('',*,*,#4400,.F.);
#2266=ORIENTED_EDGE('',*,*,#4401,.T.);
#2267=ORIENTED_EDGE('',*,*,#4401,.F.);
#2268=ORIENTED_EDGE('',*,*,#4402,.F.);
#2269=ORIENTED_EDGE('',*,*,#4403,.F.);
#2270=ORIENTED_EDGE('',*,*,#4183,.F.);
#2271=ORIENTED_EDGE('',*,*,#4189,.T.);
#2272=ORIENTED_EDGE('',*,*,#4187,.T.);
#2273=ORIENTED_EDGE('',*,*,#4184,.T.);
#2274=ORIENTED_EDGE('',*,*,#4403,.T.);
#2275=ORIENTED_EDGE('',*,*,#4404,.T.);
#2276=ORIENTED_EDGE('',*,*,#4405,.F.);
#2277=ORIENTED_EDGE('',*,*,#4198,.T.);
#2278=ORIENTED_EDGE('',*,*,#4178,.T.);
#2279=ORIENTED_EDGE('',*,*,#4406,.T.);
#2280=ORIENTED_EDGE('',*,*,#4399,.F.);
#2281=ORIENTED_EDGE('',*,*,#4199,.F.);
#2282=ORIENTED_EDGE('',*,*,#4405,.T.);
#2283=ORIENTED_EDGE('',*,*,#4407,.F.);
#2284=ORIENTED_EDGE('',*,*,#4408,.F.);
#2285=ORIENTED_EDGE('',*,*,#4200,.F.);
#2286=ORIENTED_EDGE('',*,*,#4196,.F.);
#2287=ORIENTED_EDGE('',*,*,#4193,.T.);
#2288=ORIENTED_EDGE('',*,*,#4191,.T.);
#2289=ORIENTED_EDGE('',*,*,#4220,.T.);
#2290=ORIENTED_EDGE('',*,*,#4398,.T.);
#2291=ORIENTED_EDGE('',*,*,#4409,.F.);
#2292=ORIENTED_EDGE('',*,*,#4410,.F.);
#2293=ORIENTED_EDGE('',*,*,#4201,.F.);
#2294=ORIENTED_EDGE('',*,*,#4408,.T.);
#2295=ORIENTED_EDGE('',*,*,#4411,.T.);
#2296=ORIENTED_EDGE('',*,*,#4412,.F.);
#2297=ORIENTED_EDGE('',*,*,#4230,.T.);
#2298=ORIENTED_EDGE('',*,*,#4413,.T.);
#2299=ORIENTED_EDGE('',*,*,#4414,.T.);
#2300=ORIENTED_EDGE('',*,*,#4382,.F.);
#2301=ORIENTED_EDGE('',*,*,#4210,.T.);
#2302=ORIENTED_EDGE('',*,*,#4209,.F.);
#2303=ORIENTED_EDGE('',*,*,#4206,.T.);
#2304=ORIENTED_EDGE('',*,*,#4204,.T.);
#2305=ORIENTED_EDGE('',*,*,#4202,.F.);
#2306=ORIENTED_EDGE('',*,*,#4410,.T.);
#2307=ORIENTED_EDGE('',*,*,#4231,.F.);
#2308=ORIENTED_EDGE('',*,*,#4223,.T.);
#2309=ORIENTED_EDGE('',*,*,#4237,.T.);
#2310=ORIENTED_EDGE('',*,*,#4224,.T.);
#2311=ORIENTED_EDGE('',*,*,#4228,.T.);
#2312=ORIENTED_EDGE('',*,*,#4412,.T.);
#2313=ORIENTED_EDGE('',*,*,#4415,.F.);
#2314=ORIENTED_EDGE('',*,*,#4416,.T.);
#2315=ORIENTED_EDGE('',*,*,#4416,.F.);
#2316=ORIENTED_EDGE('',*,*,#4417,.F.);
#2317=ORIENTED_EDGE('',*,*,#4418,.F.);
#2318=ORIENTED_EDGE('',*,*,#4232,.F.);
#2319=ORIENTED_EDGE('',*,*,#4238,.F.);
#2320=ORIENTED_EDGE('',*,*,#4235,.T.);
#2321=ORIENTED_EDGE('',*,*,#4233,.T.);
#2322=ORIENTED_EDGE('',*,*,#4418,.T.);
#2323=ORIENTED_EDGE('',*,*,#4419,.F.);
#2324=ORIENTED_EDGE('',*,*,#4413,.F.);
#2325=ORIENTED_EDGE('',*,*,#4229,.F.);
#2326=ORIENTED_EDGE('',*,*,#4226,.T.);
#2327=ORIENTED_EDGE('',*,*,#4420,.T.);
#2328=ORIENTED_EDGE('',*,*,#4421,.F.);
#2329=ORIENTED_EDGE('',*,*,#4275,.T.);
#2330=ORIENTED_EDGE('',*,*,#4422,.T.);
#2331=ORIENTED_EDGE('',*,*,#4423,.T.);
#2332=ORIENTED_EDGE('',*,*,#4424,.F.);
#2333=ORIENTED_EDGE('',*,*,#4276,.T.);
#2334=ORIENTED_EDGE('',*,*,#4421,.T.);
#2335=ORIENTED_EDGE('',*,*,#4425,.T.);
#2336=ORIENTED_EDGE('',*,*,#4426,.F.);
#2337=ORIENTED_EDGE('',*,*,#4277,.T.);
#2338=ORIENTED_EDGE('',*,*,#4424,.T.);
#2339=ORIENTED_EDGE('',*,*,#4278,.T.);
#2340=ORIENTED_EDGE('',*,*,#4426,.T.);
#2341=ORIENTED_EDGE('',*,*,#4427,.T.);
#2342=ORIENTED_EDGE('',*,*,#4428,.F.);
#2343=ORIENTED_EDGE('',*,*,#4429,.T.);
#2344=ORIENTED_EDGE('',*,*,#4430,.F.);
#2345=ORIENTED_EDGE('',*,*,#4279,.T.);
#2346=ORIENTED_EDGE('',*,*,#4428,.T.);
#2347=ORIENTED_EDGE('',*,*,#4431,.F.);
#2348=ORIENTED_EDGE('',*,*,#4280,.T.);
#2349=ORIENTED_EDGE('',*,*,#4430,.T.);
#2350=ORIENTED_EDGE('',*,*,#4432,.T.);
#2351=ORIENTED_EDGE('',*,*,#4433,.F.);
#2352=ORIENTED_EDGE('',*,*,#4434,.F.);
#2353=ORIENTED_EDGE('',*,*,#4281,.F.);
#2354=ORIENTED_EDGE('',*,*,#4431,.T.);
#2355=ORIENTED_EDGE('',*,*,#4435,.F.);
#2356=ORIENTED_EDGE('',*,*,#4436,.F.);
#2357=ORIENTED_EDGE('',*,*,#4282,.F.);
#2358=ORIENTED_EDGE('',*,*,#4434,.T.);
#2359=ORIENTED_EDGE('',*,*,#4437,.F.);
#2360=ORIENTED_EDGE('',*,*,#4438,.F.);
#2361=ORIENTED_EDGE('',*,*,#4283,.F.);
#2362=ORIENTED_EDGE('',*,*,#4436,.T.);
#2363=ORIENTED_EDGE('',*,*,#4246,.F.);
#2364=ORIENTED_EDGE('',*,*,#4240,.T.);
#2365=ORIENTED_EDGE('',*,*,#4252,.F.);
#2366=ORIENTED_EDGE('',*,*,#4244,.T.);
#2367=ORIENTED_EDGE('',*,*,#4261,.F.);
#2368=ORIENTED_EDGE('',*,*,#4439,.T.);
#2369=ORIENTED_EDGE('',*,*,#4440,.F.);
#2370=ORIENTED_EDGE('',*,*,#4441,.T.);
#2371=ORIENTED_EDGE('',*,*,#4441,.F.);
#2372=ORIENTED_EDGE('',*,*,#4442,.F.);
#2373=ORIENTED_EDGE('',*,*,#4443,.F.);
#2374=ORIENTED_EDGE('',*,*,#4247,.F.);
#2375=ORIENTED_EDGE('',*,*,#4253,.T.);
#2376=ORIENTED_EDGE('',*,*,#4251,.T.);
#2377=ORIENTED_EDGE('',*,*,#4248,.T.);
#2378=ORIENTED_EDGE('',*,*,#4443,.T.);
#2379=ORIENTED_EDGE('',*,*,#4444,.F.);
#2380=ORIENTED_EDGE('',*,*,#4445,.F.);
#2381=ORIENTED_EDGE('',*,*,#4262,.T.);
#2382=ORIENTED_EDGE('',*,*,#4242,.T.);
#2383=ORIENTED_EDGE('',*,*,#4446,.T.);
#2384=ORIENTED_EDGE('',*,*,#4439,.F.);
#2385=ORIENTED_EDGE('',*,*,#4263,.F.);
#2386=ORIENTED_EDGE('',*,*,#4445,.T.);
#2387=ORIENTED_EDGE('',*,*,#4447,.T.);
#2388=ORIENTED_EDGE('',*,*,#4448,.F.);
#2389=ORIENTED_EDGE('',*,*,#4264,.F.);
#2390=ORIENTED_EDGE('',*,*,#4260,.F.);
#2391=ORIENTED_EDGE('',*,*,#4257,.T.);
#2392=ORIENTED_EDGE('',*,*,#4255,.T.);
#2393=ORIENTED_EDGE('',*,*,#4284,.T.);
#2394=ORIENTED_EDGE('',*,*,#4438,.T.);
#2395=ORIENTED_EDGE('',*,*,#4449,.F.);
#2396=ORIENTED_EDGE('',*,*,#4450,.F.);
#2397=ORIENTED_EDGE('',*,*,#4265,.F.);
#2398=ORIENTED_EDGE('',*,*,#4448,.T.);
#2399=ORIENTED_EDGE('',*,*,#4451,.T.);
#2400=ORIENTED_EDGE('',*,*,#4452,.F.);
#2401=ORIENTED_EDGE('',*,*,#4294,.T.);
#2402=ORIENTED_EDGE('',*,*,#4453,.T.);
#2403=ORIENTED_EDGE('',*,*,#4454,.T.);
#2404=ORIENTED_EDGE('',*,*,#4422,.F.);
#2405=ORIENTED_EDGE('',*,*,#4274,.T.);
#2406=ORIENTED_EDGE('',*,*,#4273,.F.);
#2407=ORIENTED_EDGE('',*,*,#4270,.T.);
#2408=ORIENTED_EDGE('',*,*,#4268,.T.);
#2409=ORIENTED_EDGE('',*,*,#4266,.F.);
#2410=ORIENTED_EDGE('',*,*,#4450,.T.);
#2411=ORIENTED_EDGE('',*,*,#4295,.F.);
#2412=ORIENTED_EDGE('',*,*,#4287,.T.);
#2413=ORIENTED_EDGE('',*,*,#4301,.T.);
#2414=ORIENTED_EDGE('',*,*,#4288,.T.);
#2415=ORIENTED_EDGE('',*,*,#4292,.T.);
#2416=ORIENTED_EDGE('',*,*,#4452,.T.);
#2417=ORIENTED_EDGE('',*,*,#4455,.F.);
#2418=ORIENTED_EDGE('',*,*,#4456,.T.);
#2419=ORIENTED_EDGE('',*,*,#4456,.F.);
#2420=ORIENTED_EDGE('',*,*,#4457,.F.);
#2421=ORIENTED_EDGE('',*,*,#4458,.F.);
#2422=ORIENTED_EDGE('',*,*,#4296,.F.);
#2423=ORIENTED_EDGE('',*,*,#4302,.F.);
#2424=ORIENTED_EDGE('',*,*,#4299,.T.);
#2425=ORIENTED_EDGE('',*,*,#4297,.T.);
#2426=ORIENTED_EDGE('',*,*,#4458,.T.);
#2427=ORIENTED_EDGE('',*,*,#4459,.F.);
#2428=ORIENTED_EDGE('',*,*,#4453,.F.);
#2429=ORIENTED_EDGE('',*,*,#4293,.F.);
#2430=ORIENTED_EDGE('',*,*,#4290,.T.);
#2431=ORIENTED_EDGE('',*,*,#4460,.F.);
#2432=ORIENTED_EDGE('',*,*,#4309,.T.);
#2433=ORIENTED_EDGE('',*,*,#4306,.F.);
#2434=ORIENTED_EDGE('',*,*,#4304,.T.);
#2435=ORIENTED_EDGE('',*,*,#4461,.T.);
#2436=ORIENTED_EDGE('',*,*,#4462,.F.);
#2437=ORIENTED_EDGE('',*,*,#4463,.F.);
#2438=ORIENTED_EDGE('',*,*,#4312,.T.);
#2439=ORIENTED_EDGE('',*,*,#4460,.T.);
#2440=ORIENTED_EDGE('',*,*,#4464,.F.);
#2441=ORIENTED_EDGE('',*,*,#4465,.F.);
#2442=ORIENTED_EDGE('',*,*,#4315,.T.);
#2443=ORIENTED_EDGE('',*,*,#4463,.T.);
#2444=ORIENTED_EDGE('',*,*,#4466,.F.);
#2445=ORIENTED_EDGE('',*,*,#4467,.F.);
#2446=ORIENTED_EDGE('',*,*,#4468,.T.);
#2447=ORIENTED_EDGE('',*,*,#4469,.T.);
#2448=ORIENTED_EDGE('',*,*,#4465,.T.);
#2449=ORIENTED_EDGE('',*,*,#4319,.F.);
#2450=ORIENTED_EDGE('',*,*,#4334,.F.);
#2451=ORIENTED_EDGE('',*,*,#4313,.F.);
#2452=ORIENTED_EDGE('',*,*,#4469,.F.);
#2453=ORIENTED_EDGE('',*,*,#4470,.F.);
#2454=ORIENTED_EDGE('',*,*,#4471,.F.);
#2455=ORIENTED_EDGE('',*,*,#4472,.F.);
#2456=ORIENTED_EDGE('',*,*,#4473,.F.);
#2457=ORIENTED_EDGE('',*,*,#4320,.F.);
#2458=ORIENTED_EDGE('',*,*,#4471,.T.);
#2459=ORIENTED_EDGE('',*,*,#4474,.F.);
#2460=ORIENTED_EDGE('',*,*,#4475,.F.);
#2461=ORIENTED_EDGE('',*,*,#4476,.F.);
#2462=ORIENTED_EDGE('',*,*,#4477,.F.);
#2463=ORIENTED_EDGE('',*,*,#4478,.F.);
#2464=ORIENTED_EDGE('',*,*,#4479,.T.);
#2465=ORIENTED_EDGE('',*,*,#4325,.T.);
#2466=ORIENTED_EDGE('',*,*,#4328,.F.);
#2467=ORIENTED_EDGE('',*,*,#4321,.F.);
#2468=ORIENTED_EDGE('',*,*,#4473,.T.);
#2469=ORIENTED_EDGE('',*,*,#4480,.F.);
#2470=ORIENTED_EDGE('',*,*,#4481,.F.);
#2471=ORIENTED_EDGE('',*,*,#4322,.F.);
#2472=ORIENTED_EDGE('',*,*,#4479,.F.);
#2473=ORIENTED_EDGE('',*,*,#4482,.F.);
#2474=ORIENTED_EDGE('',*,*,#4483,.F.);
#2475=ORIENTED_EDGE('',*,*,#4484,.F.);
#2476=ORIENTED_EDGE('',*,*,#4485,.T.);
#2477=ORIENTED_EDGE('',*,*,#4486,.F.);
#2478=ORIENTED_EDGE('',*,*,#4461,.F.);
#2479=ORIENTED_EDGE('',*,*,#4371,.T.);
#2480=ORIENTED_EDGE('',*,*,#4487,.T.);
#2481=ORIENTED_EDGE('',*,*,#4488,.T.);
#2482=ORIENTED_EDGE('',*,*,#4489,.T.);
#2483=ORIENTED_EDGE('',*,*,#4490,.T.);
#2484=ORIENTED_EDGE('',*,*,#4491,.T.);
#2485=ORIENTED_EDGE('',*,*,#4492,.T.);
#2486=ORIENTED_EDGE('',*,*,#4493,.F.);
#2487=ORIENTED_EDGE('',*,*,#4494,.F.);
#2488=ORIENTED_EDGE('',*,*,#4495,.F.);
#2489=ORIENTED_EDGE('',*,*,#4496,.F.);
#2490=ORIENTED_EDGE('',*,*,#4497,.F.);
#2491=ORIENTED_EDGE('',*,*,#4498,.F.);
#2492=ORIENTED_EDGE('',*,*,#4499,.F.);
#2493=ORIENTED_EDGE('',*,*,#4500,.F.);
#2494=ORIENTED_EDGE('',*,*,#4501,.T.);
#2495=ORIENTED_EDGE('',*,*,#4500,.T.);
#2496=ORIENTED_EDGE('',*,*,#4502,.T.);
#2497=ORIENTED_EDGE('',*,*,#4496,.T.);
#2498=ORIENTED_EDGE('',*,*,#4503,.F.);
#2499=ORIENTED_EDGE('',*,*,#4504,.F.);
#2500=ORIENTED_EDGE('',*,*,#4505,.F.);
#2501=ORIENTED_EDGE('',*,*,#4506,.F.);
#2502=ORIENTED_EDGE('',*,*,#4507,.F.);
#2503=ORIENTED_EDGE('',*,*,#4508,.F.);
#2504=ORIENTED_EDGE('',*,*,#4509,.F.);
#2505=ORIENTED_EDGE('',*,*,#4510,.F.);
#2506=ORIENTED_EDGE('',*,*,#4511,.T.);
#2507=ORIENTED_EDGE('',*,*,#4510,.T.);
#2508=ORIENTED_EDGE('',*,*,#4512,.T.);
#2509=ORIENTED_EDGE('',*,*,#4506,.T.);
#2510=ORIENTED_EDGE('',*,*,#4513,.F.);
#2511=ORIENTED_EDGE('',*,*,#4514,.F.);
#2512=ORIENTED_EDGE('',*,*,#4515,.F.);
#2513=ORIENTED_EDGE('',*,*,#4516,.F.);
#2514=ORIENTED_EDGE('',*,*,#4517,.F.);
#2515=ORIENTED_EDGE('',*,*,#4518,.F.);
#2516=ORIENTED_EDGE('',*,*,#4519,.F.);
#2517=ORIENTED_EDGE('',*,*,#4520,.F.);
#2518=ORIENTED_EDGE('',*,*,#4521,.T.);
#2519=ORIENTED_EDGE('',*,*,#4520,.T.);
#2520=ORIENTED_EDGE('',*,*,#4522,.T.);
#2521=ORIENTED_EDGE('',*,*,#4516,.T.);
#2522=ORIENTED_EDGE('',*,*,#4523,.F.);
#2523=ORIENTED_EDGE('',*,*,#4524,.F.);
#2524=ORIENTED_EDGE('',*,*,#4525,.F.);
#2525=ORIENTED_EDGE('',*,*,#4526,.F.);
#2526=ORIENTED_EDGE('',*,*,#4527,.F.);
#2527=ORIENTED_EDGE('',*,*,#4528,.F.);
#2528=ORIENTED_EDGE('',*,*,#4529,.F.);
#2529=ORIENTED_EDGE('',*,*,#4530,.F.);
#2530=ORIENTED_EDGE('',*,*,#4531,.T.);
#2531=ORIENTED_EDGE('',*,*,#4530,.T.);
#2532=ORIENTED_EDGE('',*,*,#4532,.T.);
#2533=ORIENTED_EDGE('',*,*,#4526,.T.);
#2534=ORIENTED_EDGE('',*,*,#4533,.T.);
#2535=ORIENTED_EDGE('',*,*,#4534,.T.);
#2536=ORIENTED_EDGE('',*,*,#4535,.T.);
#2537=ORIENTED_EDGE('',*,*,#4536,.T.);
#2538=ORIENTED_EDGE('',*,*,#4323,.F.);
#2539=ORIENTED_EDGE('',*,*,#4481,.T.);
#2540=ORIENTED_EDGE('',*,*,#4537,.T.);
#2541=ORIENTED_EDGE('',*,*,#4538,.T.);
#2542=ORIENTED_EDGE('',*,*,#4539,.T.);
#2543=ORIENTED_EDGE('',*,*,#4329,.F.);
#2544=ORIENTED_EDGE('',*,*,#4335,.T.);
#2545=ORIENTED_EDGE('',*,*,#4360,.T.);
#2546=ORIENTED_EDGE('',*,*,#4332,.T.);
#2547=ORIENTED_EDGE('',*,*,#4330,.T.);
#2548=ORIENTED_EDGE('',*,*,#4326,.F.);
#2549=ORIENTED_EDGE('',*,*,#4539,.F.);
#2550=ORIENTED_EDGE('',*,*,#4540,.T.);
#2551=ORIENTED_EDGE('',*,*,#4541,.F.);
#2552=ORIENTED_EDGE('',*,*,#4542,.F.);
#2553=ORIENTED_EDGE('',*,*,#4543,.T.);
#2554=ORIENTED_EDGE('',*,*,#4338,.T.);
#2555=ORIENTED_EDGE('',*,*,#4544,.F.);
#2556=ORIENTED_EDGE('',*,*,#4345,.F.);
#2557=ORIENTED_EDGE('',*,*,#4342,.T.);
#2558=ORIENTED_EDGE('',*,*,#4339,.T.);
#2559=ORIENTED_EDGE('',*,*,#4543,.F.);
#2560=ORIENTED_EDGE('',*,*,#4545,.F.);
#2561=ORIENTED_EDGE('',*,*,#4546,.F.);
#2562=ORIENTED_EDGE('',*,*,#4547,.F.);
#2563=ORIENTED_EDGE('',*,*,#4548,.F.);
#2564=ORIENTED_EDGE('',*,*,#4549,.F.);
#2565=ORIENTED_EDGE('',*,*,#4550,.F.);
#2566=ORIENTED_EDGE('',*,*,#4551,.T.);
#2567=ORIENTED_EDGE('',*,*,#4552,.F.);
#2568=ORIENTED_EDGE('',*,*,#4547,.T.);
#2569=ORIENTED_EDGE('',*,*,#4553,.F.);
#2570=ORIENTED_EDGE('',*,*,#4551,.F.);
#2571=ORIENTED_EDGE('',*,*,#4554,.F.);
#2572=ORIENTED_EDGE('',*,*,#4555,.F.);
#2573=ORIENTED_EDGE('',*,*,#4556,.T.);
#2574=ORIENTED_EDGE('',*,*,#4557,.F.);
#2575=ORIENTED_EDGE('',*,*,#4558,.F.);
#2576=ORIENTED_EDGE('',*,*,#4559,.T.);
#2577=ORIENTED_EDGE('',*,*,#4560,.T.);
#2578=ORIENTED_EDGE('',*,*,#4561,.F.);
#2579=ORIENTED_EDGE('',*,*,#4346,.F.);
#2580=ORIENTED_EDGE('',*,*,#4544,.T.);
#2581=ORIENTED_EDGE('',*,*,#4562,.F.);
#2582=ORIENTED_EDGE('',*,*,#4557,.T.);
#2583=ORIENTED_EDGE('',*,*,#4347,.F.);
#2584=ORIENTED_EDGE('',*,*,#4561,.T.);
#2585=ORIENTED_EDGE('',*,*,#4563,.T.);
#2586=ORIENTED_EDGE('',*,*,#4564,.F.);
#2587=ORIENTED_EDGE('',*,*,#4565,.T.);
#2588=ORIENTED_EDGE('',*,*,#4566,.F.);
#2589=ORIENTED_EDGE('',*,*,#4352,.F.);
#2590=ORIENTED_EDGE('',*,*,#4350,.F.);
#2591=ORIENTED_EDGE('',*,*,#4348,.F.);
#2592=ORIENTED_EDGE('',*,*,#4564,.T.);
#2593=ORIENTED_EDGE('',*,*,#4567,.T.);
#2594=ORIENTED_EDGE('',*,*,#4568,.F.);
#2595=ORIENTED_EDGE('',*,*,#4353,.F.);
#2596=ORIENTED_EDGE('',*,*,#4566,.T.);
#2597=ORIENTED_EDGE('',*,*,#4569,.T.);
#2598=ORIENTED_EDGE('',*,*,#4570,.F.);
#2599=ORIENTED_EDGE('',*,*,#4354,.F.);
#2600=ORIENTED_EDGE('',*,*,#4568,.T.);
#2601=ORIENTED_EDGE('',*,*,#4571,.T.);
#2602=ORIENTED_EDGE('',*,*,#4572,.F.);
#2603=ORIENTED_EDGE('',*,*,#4355,.F.);
#2604=ORIENTED_EDGE('',*,*,#4570,.T.);
#2605=ORIENTED_EDGE('',*,*,#4362,.T.);
#2606=ORIENTED_EDGE('',*,*,#4358,.T.);
#2607=ORIENTED_EDGE('',*,*,#4356,.F.);
#2608=ORIENTED_EDGE('',*,*,#4572,.T.);
#2609=ORIENTED_EDGE('',*,*,#4573,.T.);
#2610=ORIENTED_EDGE('',*,*,#4574,.F.);
#2611=ORIENTED_EDGE('',*,*,#4364,.T.);
#2612=ORIENTED_EDGE('',*,*,#4575,.T.);
#2613=ORIENTED_EDGE('',*,*,#4365,.T.);
#2614=ORIENTED_EDGE('',*,*,#4574,.T.);
#2615=ORIENTED_EDGE('',*,*,#4576,.T.);
#2616=ORIENTED_EDGE('',*,*,#4577,.F.);
#2617=ORIENTED_EDGE('',*,*,#4367,.T.);
#2618=ORIENTED_EDGE('',*,*,#4575,.F.);
#2619=ORIENTED_EDGE('',*,*,#4578,.F.);
#2620=ORIENTED_EDGE('',*,*,#4579,.F.);
#2621=ORIENTED_EDGE('',*,*,#4368,.T.);
#2622=ORIENTED_EDGE('',*,*,#4577,.T.);
#2623=ORIENTED_EDGE('',*,*,#4580,.F.);
#2624=ORIENTED_EDGE('',*,*,#4581,.F.);
#2625=ORIENTED_EDGE('',*,*,#4582,.T.);
#2626=ORIENTED_EDGE('',*,*,#4375,.T.);
#2627=ORIENTED_EDGE('',*,*,#4579,.T.);
#2628=ORIENTED_EDGE('',*,*,#4583,.T.);
#2629=ORIENTED_EDGE('',*,*,#4584,.F.);
#2630=ORIENTED_EDGE('',*,*,#4376,.F.);
#2631=ORIENTED_EDGE('',*,*,#4582,.F.);
#2632=ORIENTED_EDGE('',*,*,#4585,.F.);
#2633=ORIENTED_EDGE('',*,*,#4459,.T.);
#2634=ORIENTED_EDGE('',*,*,#4457,.T.);
#2635=ORIENTED_EDGE('',*,*,#4455,.T.);
#2636=ORIENTED_EDGE('',*,*,#4451,.F.);
#2637=ORIENTED_EDGE('',*,*,#4449,.T.);
#2638=ORIENTED_EDGE('',*,*,#4447,.F.);
#2639=ORIENTED_EDGE('',*,*,#4444,.T.);
#2640=ORIENTED_EDGE('',*,*,#4442,.T.);
#2641=ORIENTED_EDGE('',*,*,#4440,.T.);
#2642=ORIENTED_EDGE('',*,*,#4446,.F.);
#2643=ORIENTED_EDGE('',*,*,#4437,.T.);
#2644=ORIENTED_EDGE('',*,*,#4435,.T.);
#2645=ORIENTED_EDGE('',*,*,#4433,.T.);
#2646=ORIENTED_EDGE('',*,*,#4432,.F.);
#2647=ORIENTED_EDGE('',*,*,#4429,.F.);
#2648=ORIENTED_EDGE('',*,*,#4427,.F.);
#2649=ORIENTED_EDGE('',*,*,#4425,.F.);
#2650=ORIENTED_EDGE('',*,*,#4423,.F.);
#2651=ORIENTED_EDGE('',*,*,#4420,.F.);
#2652=ORIENTED_EDGE('',*,*,#4454,.F.);
#2653=ORIENTED_EDGE('',*,*,#4419,.T.);
#2654=ORIENTED_EDGE('',*,*,#4417,.T.);
#2655=ORIENTED_EDGE('',*,*,#4415,.T.);
#2656=ORIENTED_EDGE('',*,*,#4411,.F.);
#2657=ORIENTED_EDGE('',*,*,#4409,.T.);
#2658=ORIENTED_EDGE('',*,*,#4407,.T.);
#2659=ORIENTED_EDGE('',*,*,#4404,.F.);
#2660=ORIENTED_EDGE('',*,*,#4402,.T.);
#2661=ORIENTED_EDGE('',*,*,#4400,.T.);
#2662=ORIENTED_EDGE('',*,*,#4406,.F.);
#2663=ORIENTED_EDGE('',*,*,#4397,.T.);
#2664=ORIENTED_EDGE('',*,*,#4395,.T.);
#2665=ORIENTED_EDGE('',*,*,#4393,.T.);
#2666=ORIENTED_EDGE('',*,*,#4392,.F.);
#2667=ORIENTED_EDGE('',*,*,#4389,.F.);
#2668=ORIENTED_EDGE('',*,*,#4387,.F.);
#2669=ORIENTED_EDGE('',*,*,#4385,.F.);
#2670=ORIENTED_EDGE('',*,*,#4383,.F.);
#2671=ORIENTED_EDGE('',*,*,#4380,.F.);
#2672=ORIENTED_EDGE('',*,*,#4414,.F.);
#2673=ORIENTED_EDGE('',*,*,#4379,.F.);
#2674=ORIENTED_EDGE('',*,*,#4377,.T.);
#2675=ORIENTED_EDGE('',*,*,#4373,.T.);
#2676=ORIENTED_EDGE('',*,*,#4584,.T.);
#2677=ORIENTED_EDGE('',*,*,#4586,.T.);
#2678=ORIENTED_EDGE('',*,*,#4587,.T.);
#2679=ORIENTED_EDGE('',*,*,#4484,.T.);
#2680=ORIENTED_EDGE('',*,*,#4370,.T.);
#2681=ORIENTED_EDGE('',*,*,#4588,.F.);
#2682=ORIENTED_EDGE('',*,*,#4462,.T.);
#2683=ORIENTED_EDGE('',*,*,#4589,.T.);
#2684=ORIENTED_EDGE('',*,*,#4590,.T.);
#2685=ORIENTED_EDGE('',*,*,#4591,.T.);
#2686=ORIENTED_EDGE('',*,*,#4464,.T.);
#2687=ORIENTED_EDGE('',*,*,#4588,.T.);
#2688=ORIENTED_EDGE('',*,*,#4592,.T.);
#2689=ORIENTED_EDGE('',*,*,#4593,.F.);
#2690=ORIENTED_EDGE('',*,*,#4466,.T.);
#2691=ORIENTED_EDGE('',*,*,#4591,.F.);
#2692=ORIENTED_EDGE('',*,*,#4594,.F.);
#2693=ORIENTED_EDGE('',*,*,#4474,.T.);
#2694=ORIENTED_EDGE('',*,*,#4470,.T.);
#2695=ORIENTED_EDGE('',*,*,#4468,.F.);
#2696=ORIENTED_EDGE('',*,*,#4467,.T.);
#2697=ORIENTED_EDGE('',*,*,#4593,.T.);
#2698=ORIENTED_EDGE('',*,*,#4595,.F.);
#2699=ORIENTED_EDGE('',*,*,#4596,.F.);
#2700=ORIENTED_EDGE('',*,*,#4597,.F.);
#2701=ORIENTED_EDGE('',*,*,#4598,.F.);
#2702=ORIENTED_EDGE('',*,*,#4475,.T.);
#2703=ORIENTED_EDGE('',*,*,#4596,.T.);
#2704=ORIENTED_EDGE('',*,*,#4599,.F.);
#2705=ORIENTED_EDGE('',*,*,#4600,.F.);
#2706=ORIENTED_EDGE('',*,*,#4476,.T.);
#2707=ORIENTED_EDGE('',*,*,#4598,.T.);
#2708=ORIENTED_EDGE('',*,*,#4601,.F.);
#2709=ORIENTED_EDGE('',*,*,#4602,.F.);
#2710=ORIENTED_EDGE('',*,*,#4477,.T.);
#2711=ORIENTED_EDGE('',*,*,#4600,.T.);
#2712=ORIENTED_EDGE('',*,*,#4603,.F.);
#2713=ORIENTED_EDGE('',*,*,#4604,.F.);
#2714=ORIENTED_EDGE('',*,*,#4482,.T.);
#2715=ORIENTED_EDGE('',*,*,#4478,.T.);
#2716=ORIENTED_EDGE('',*,*,#4472,.T.);
#2717=ORIENTED_EDGE('',*,*,#4602,.T.);
#2718=ORIENTED_EDGE('',*,*,#4605,.F.);
#2719=ORIENTED_EDGE('',*,*,#4483,.T.);
#2720=ORIENTED_EDGE('',*,*,#4604,.T.);
#2721=ORIENTED_EDGE('',*,*,#4606,.F.);
#2722=ORIENTED_EDGE('',*,*,#4607,.F.);
#2723=ORIENTED_EDGE('',*,*,#4608,.F.);
#2724=ORIENTED_EDGE('',*,*,#4609,.T.);
#2725=ORIENTED_EDGE('',*,*,#4537,.F.);
#2726=ORIENTED_EDGE('',*,*,#4480,.T.);
#2727=ORIENTED_EDGE('',*,*,#4605,.T.);
#2728=ORIENTED_EDGE('',*,*,#4610,.F.);
#2729=ORIENTED_EDGE('',*,*,#4611,.F.);
#2730=ORIENTED_EDGE('',*,*,#4612,.T.);
#2731=ORIENTED_EDGE('',*,*,#4608,.T.);
#2732=ORIENTED_EDGE('',*,*,#4613,.F.);
#2733=ORIENTED_EDGE('',*,*,#4614,.F.);
#2734=ORIENTED_EDGE('',*,*,#4615,.F.);
#2735=ORIENTED_EDGE('',*,*,#4616,.F.);
#2736=ORIENTED_EDGE('',*,*,#4617,.T.);
#2737=ORIENTED_EDGE('',*,*,#4618,.T.);
#2738=ORIENTED_EDGE('',*,*,#4619,.T.);
#2739=ORIENTED_EDGE('',*,*,#4616,.T.);
#2740=ORIENTED_EDGE('',*,*,#4620,.F.);
#2741=ORIENTED_EDGE('',*,*,#4621,.F.);
#2742=ORIENTED_EDGE('',*,*,#4622,.F.);
#2743=ORIENTED_EDGE('',*,*,#4618,.F.);
#2744=ORIENTED_EDGE('',*,*,#4485,.F.);
#2745=ORIENTED_EDGE('',*,*,#4587,.F.);
#2746=ORIENTED_EDGE('',*,*,#4623,.F.);
#2747=ORIENTED_EDGE('',*,*,#4624,.F.);
#2748=ORIENTED_EDGE('',*,*,#4625,.F.);
#2749=ORIENTED_EDGE('',*,*,#4486,.T.);
#2750=ORIENTED_EDGE('',*,*,#4625,.T.);
#2751=ORIENTED_EDGE('',*,*,#4626,.T.);
#2752=ORIENTED_EDGE('',*,*,#4589,.F.);
#2753=ORIENTED_EDGE('',*,*,#4627,.F.);
#2754=ORIENTED_EDGE('',*,*,#4628,.F.);
#2755=ORIENTED_EDGE('',*,*,#4629,.F.);
#2756=ORIENTED_EDGE('',*,*,#4630,.F.);
#2757=ORIENTED_EDGE('',*,*,#4631,.F.);
#2758=ORIENTED_EDGE('',*,*,#4632,.F.);
#2759=ORIENTED_EDGE('',*,*,#4633,.F.);
#2760=ORIENTED_EDGE('',*,*,#4634,.F.);
#2761=ORIENTED_EDGE('',*,*,#4487,.F.);
#2762=ORIENTED_EDGE('',*,*,#4635,.F.);
#2763=ORIENTED_EDGE('',*,*,#4636,.T.);
#2764=ORIENTED_EDGE('',*,*,#4637,.F.);
#2765=ORIENTED_EDGE('',*,*,#4638,.T.);
#2766=ORIENTED_EDGE('',*,*,#4639,.F.);
#2767=ORIENTED_EDGE('',*,*,#4640,.F.);
#2768=ORIENTED_EDGE('',*,*,#4641,.F.);
#2769=ORIENTED_EDGE('',*,*,#4642,.F.);
#2770=ORIENTED_EDGE('',*,*,#4643,.F.);
#2771=ORIENTED_EDGE('',*,*,#4644,.F.);
#2772=ORIENTED_EDGE('',*,*,#4645,.F.);
#2773=ORIENTED_EDGE('',*,*,#4646,.F.);
#2774=ORIENTED_EDGE('',*,*,#4647,.F.);
#2775=ORIENTED_EDGE('',*,*,#4648,.F.);
#2776=ORIENTED_EDGE('',*,*,#4649,.F.);
#2777=ORIENTED_EDGE('',*,*,#4650,.F.);
#2778=ORIENTED_EDGE('',*,*,#4488,.F.);
#2779=ORIENTED_EDGE('',*,*,#4651,.F.);
#2780=ORIENTED_EDGE('',*,*,#4652,.F.);
#2781=ORIENTED_EDGE('',*,*,#4653,.F.);
#2782=ORIENTED_EDGE('',*,*,#4654,.F.);
#2783=ORIENTED_EDGE('',*,*,#4655,.F.);
#2784=ORIENTED_EDGE('',*,*,#4656,.F.);
#2785=ORIENTED_EDGE('',*,*,#4657,.F.);
#2786=ORIENTED_EDGE('',*,*,#4658,.F.);
#2787=ORIENTED_EDGE('',*,*,#4659,.T.);
#2788=ORIENTED_EDGE('',*,*,#4660,.T.);
#2789=ORIENTED_EDGE('',*,*,#4661,.T.);
#2790=ORIENTED_EDGE('',*,*,#4662,.T.);
#2791=ORIENTED_EDGE('',*,*,#4663,.F.);
#2792=ORIENTED_EDGE('',*,*,#4664,.F.);
#2793=ORIENTED_EDGE('',*,*,#4665,.F.);
#2794=ORIENTED_EDGE('',*,*,#4666,.F.);
#2795=ORIENTED_EDGE('',*,*,#4667,.F.);
#2796=ORIENTED_EDGE('',*,*,#4668,.F.);
#2797=ORIENTED_EDGE('',*,*,#4669,.F.);
#2798=ORIENTED_EDGE('',*,*,#4670,.F.);
#2799=ORIENTED_EDGE('',*,*,#4671,.T.);
#2800=ORIENTED_EDGE('',*,*,#4670,.T.);
#2801=ORIENTED_EDGE('',*,*,#4672,.T.);
#2802=ORIENTED_EDGE('',*,*,#4666,.T.);
#2803=ORIENTED_EDGE('',*,*,#4673,.F.);
#2804=ORIENTED_EDGE('',*,*,#4674,.F.);
#2805=ORIENTED_EDGE('',*,*,#4675,.F.);
#2806=ORIENTED_EDGE('',*,*,#4676,.F.);
#2807=ORIENTED_EDGE('',*,*,#4677,.F.);
#2808=ORIENTED_EDGE('',*,*,#4678,.F.);
#2809=ORIENTED_EDGE('',*,*,#4679,.F.);
#2810=ORIENTED_EDGE('',*,*,#4680,.F.);
#2811=ORIENTED_EDGE('',*,*,#4681,.T.);
#2812=ORIENTED_EDGE('',*,*,#4680,.T.);
#2813=ORIENTED_EDGE('',*,*,#4682,.T.);
#2814=ORIENTED_EDGE('',*,*,#4676,.T.);
#2815=ORIENTED_EDGE('',*,*,#4683,.F.);
#2816=ORIENTED_EDGE('',*,*,#4684,.F.);
#2817=ORIENTED_EDGE('',*,*,#4685,.F.);
#2818=ORIENTED_EDGE('',*,*,#4686,.F.);
#2819=ORIENTED_EDGE('',*,*,#4687,.F.);
#2820=ORIENTED_EDGE('',*,*,#4688,.F.);
#2821=ORIENTED_EDGE('',*,*,#4689,.F.);
#2822=ORIENTED_EDGE('',*,*,#4690,.F.);
#2823=ORIENTED_EDGE('',*,*,#4691,.T.);
#2824=ORIENTED_EDGE('',*,*,#4690,.T.);
#2825=ORIENTED_EDGE('',*,*,#4692,.T.);
#2826=ORIENTED_EDGE('',*,*,#4686,.T.);
#2827=ORIENTED_EDGE('',*,*,#4693,.F.);
#2828=ORIENTED_EDGE('',*,*,#4694,.F.);
#2829=ORIENTED_EDGE('',*,*,#4695,.F.);
#2830=ORIENTED_EDGE('',*,*,#4696,.F.);
#2831=ORIENTED_EDGE('',*,*,#4697,.F.);
#2832=ORIENTED_EDGE('',*,*,#4698,.F.);
#2833=ORIENTED_EDGE('',*,*,#4699,.F.);
#2834=ORIENTED_EDGE('',*,*,#4700,.F.);
#2835=ORIENTED_EDGE('',*,*,#4701,.T.);
#2836=ORIENTED_EDGE('',*,*,#4700,.T.);
#2837=ORIENTED_EDGE('',*,*,#4702,.T.);
#2838=ORIENTED_EDGE('',*,*,#4696,.T.);
#2839=ORIENTED_EDGE('',*,*,#4703,.F.);
#2840=ORIENTED_EDGE('',*,*,#4704,.F.);
#2841=ORIENTED_EDGE('',*,*,#4705,.F.);
#2842=ORIENTED_EDGE('',*,*,#4706,.F.);
#2843=ORIENTED_EDGE('',*,*,#3346,.T.);
#2844=ORIENTED_EDGE('',*,*,#4707,.F.);
#2845=ORIENTED_EDGE('',*,*,#4492,.F.);
#2846=ORIENTED_EDGE('',*,*,#4708,.T.);
#2847=ORIENTED_EDGE('',*,*,#3345,.T.);
#2848=ORIENTED_EDGE('',*,*,#4709,.F.);
#2849=ORIENTED_EDGE('',*,*,#4489,.F.);
#2850=ORIENTED_EDGE('',*,*,#4707,.T.);
#2851=ORIENTED_EDGE('',*,*,#3344,.T.);
#2852=ORIENTED_EDGE('',*,*,#4710,.F.);
#2853=ORIENTED_EDGE('',*,*,#4490,.F.);
#2854=ORIENTED_EDGE('',*,*,#4709,.T.);
#2855=ORIENTED_EDGE('',*,*,#3343,.T.);
#2856=ORIENTED_EDGE('',*,*,#4708,.F.);
#2857=ORIENTED_EDGE('',*,*,#4491,.F.);
#2858=ORIENTED_EDGE('',*,*,#4710,.T.);
#2859=ORIENTED_EDGE('',*,*,#4711,.F.);
#2860=ORIENTED_EDGE('',*,*,#4494,.T.);
#2861=ORIENTED_EDGE('',*,*,#4712,.T.);
#2862=ORIENTED_EDGE('',*,*,#3350,.T.);
#2863=ORIENTED_EDGE('',*,*,#4713,.F.);
#2864=ORIENTED_EDGE('',*,*,#4497,.T.);
#2865=ORIENTED_EDGE('',*,*,#4501,.F.);
#2866=ORIENTED_EDGE('',*,*,#4495,.T.);
#2867=ORIENTED_EDGE('',*,*,#4711,.T.);
#2868=ORIENTED_EDGE('',*,*,#3349,.T.);
#2869=ORIENTED_EDGE('',*,*,#4714,.F.);
#2870=ORIENTED_EDGE('',*,*,#4498,.T.);
#2871=ORIENTED_EDGE('',*,*,#4713,.T.);
#2872=ORIENTED_EDGE('',*,*,#3348,.T.);
#2873=ORIENTED_EDGE('',*,*,#4502,.F.);
#2874=ORIENTED_EDGE('',*,*,#4499,.T.);
#2875=ORIENTED_EDGE('',*,*,#4714,.T.);
#2876=ORIENTED_EDGE('',*,*,#3347,.T.);
#2877=ORIENTED_EDGE('',*,*,#4712,.F.);
#2878=ORIENTED_EDGE('',*,*,#4493,.T.);
#2879=ORIENTED_EDGE('',*,*,#4715,.F.);
#2880=ORIENTED_EDGE('',*,*,#4504,.T.);
#2881=ORIENTED_EDGE('',*,*,#4716,.T.);
#2882=ORIENTED_EDGE('',*,*,#3354,.T.);
#2883=ORIENTED_EDGE('',*,*,#4717,.F.);
#2884=ORIENTED_EDGE('',*,*,#4507,.T.);
#2885=ORIENTED_EDGE('',*,*,#4511,.F.);
#2886=ORIENTED_EDGE('',*,*,#4505,.T.);
#2887=ORIENTED_EDGE('',*,*,#4715,.T.);
#2888=ORIENTED_EDGE('',*,*,#3353,.T.);
#2889=ORIENTED_EDGE('',*,*,#4718,.F.);
#2890=ORIENTED_EDGE('',*,*,#4508,.T.);
#2891=ORIENTED_EDGE('',*,*,#4717,.T.);
#2892=ORIENTED_EDGE('',*,*,#3352,.T.);
#2893=ORIENTED_EDGE('',*,*,#4512,.F.);
#2894=ORIENTED_EDGE('',*,*,#4509,.T.);
#2895=ORIENTED_EDGE('',*,*,#4718,.T.);
#2896=ORIENTED_EDGE('',*,*,#3351,.T.);
#2897=ORIENTED_EDGE('',*,*,#4716,.F.);
#2898=ORIENTED_EDGE('',*,*,#4503,.T.);
#2899=ORIENTED_EDGE('',*,*,#4719,.F.);
#2900=ORIENTED_EDGE('',*,*,#4514,.T.);
#2901=ORIENTED_EDGE('',*,*,#4720,.T.);
#2902=ORIENTED_EDGE('',*,*,#3358,.T.);
#2903=ORIENTED_EDGE('',*,*,#4721,.F.);
#2904=ORIENTED_EDGE('',*,*,#4517,.T.);
#2905=ORIENTED_EDGE('',*,*,#4521,.F.);
#2906=ORIENTED_EDGE('',*,*,#4515,.T.);
#2907=ORIENTED_EDGE('',*,*,#4719,.T.);
#2908=ORIENTED_EDGE('',*,*,#3357,.T.);
#2909=ORIENTED_EDGE('',*,*,#4722,.F.);
#2910=ORIENTED_EDGE('',*,*,#4518,.T.);
#2911=ORIENTED_EDGE('',*,*,#4721,.T.);
#2912=ORIENTED_EDGE('',*,*,#3356,.T.);
#2913=ORIENTED_EDGE('',*,*,#4522,.F.);
#2914=ORIENTED_EDGE('',*,*,#4519,.T.);
#2915=ORIENTED_EDGE('',*,*,#4722,.T.);
#2916=ORIENTED_EDGE('',*,*,#3355,.T.);
#2917=ORIENTED_EDGE('',*,*,#4720,.F.);
#2918=ORIENTED_EDGE('',*,*,#4513,.T.);
#2919=ORIENTED_EDGE('',*,*,#4723,.F.);
#2920=ORIENTED_EDGE('',*,*,#4524,.T.);
#2921=ORIENTED_EDGE('',*,*,#4724,.T.);
#2922=ORIENTED_EDGE('',*,*,#3362,.T.);
#2923=ORIENTED_EDGE('',*,*,#4725,.F.);
#2924=ORIENTED_EDGE('',*,*,#4527,.T.);
#2925=ORIENTED_EDGE('',*,*,#4531,.F.);
#2926=ORIENTED_EDGE('',*,*,#4525,.T.);
#2927=ORIENTED_EDGE('',*,*,#4723,.T.);
#2928=ORIENTED_EDGE('',*,*,#3361,.T.);
#2929=ORIENTED_EDGE('',*,*,#4726,.F.);
#2930=ORIENTED_EDGE('',*,*,#4528,.T.);
#2931=ORIENTED_EDGE('',*,*,#4725,.T.);
#2932=ORIENTED_EDGE('',*,*,#3360,.T.);
#2933=ORIENTED_EDGE('',*,*,#4532,.F.);
#2934=ORIENTED_EDGE('',*,*,#4529,.T.);
#2935=ORIENTED_EDGE('',*,*,#4726,.T.);
#2936=ORIENTED_EDGE('',*,*,#3359,.T.);
#2937=ORIENTED_EDGE('',*,*,#4724,.F.);
#2938=ORIENTED_EDGE('',*,*,#4523,.T.);
#2939=ORIENTED_EDGE('',*,*,#3366,.T.);
#2940=ORIENTED_EDGE('',*,*,#4727,.F.);
#2941=ORIENTED_EDGE('',*,*,#4533,.F.);
#2942=ORIENTED_EDGE('',*,*,#4728,.T.);
#2943=ORIENTED_EDGE('',*,*,#3365,.T.);
#2944=ORIENTED_EDGE('',*,*,#4729,.F.);
#2945=ORIENTED_EDGE('',*,*,#4534,.F.);
#2946=ORIENTED_EDGE('',*,*,#4727,.T.);
#2947=ORIENTED_EDGE('',*,*,#3364,.T.);
#2948=ORIENTED_EDGE('',*,*,#4730,.F.);
#2949=ORIENTED_EDGE('',*,*,#4535,.F.);
#2950=ORIENTED_EDGE('',*,*,#4729,.T.);
#2951=ORIENTED_EDGE('',*,*,#3363,.T.);
#2952=ORIENTED_EDGE('',*,*,#4728,.F.);
#2953=ORIENTED_EDGE('',*,*,#4536,.F.);
#2954=ORIENTED_EDGE('',*,*,#4730,.T.);
#2955=ORIENTED_EDGE('',*,*,#4731,.F.);
#2956=ORIENTED_EDGE('',*,*,#4621,.T.);
#2957=ORIENTED_EDGE('',*,*,#4732,.T.);
#2958=ORIENTED_EDGE('',*,*,#3382,.T.);
#2959=ORIENTED_EDGE('',*,*,#4619,.F.);
#2960=ORIENTED_EDGE('',*,*,#4622,.T.);
#2961=ORIENTED_EDGE('',*,*,#4731,.T.);
#2962=ORIENTED_EDGE('',*,*,#3381,.T.);
#2963=ORIENTED_EDGE('',*,*,#4733,.F.);
#2964=ORIENTED_EDGE('',*,*,#4613,.T.);
#2965=ORIENTED_EDGE('',*,*,#4734,.F.);
#2966=ORIENTED_EDGE('',*,*,#4614,.T.);
#2967=ORIENTED_EDGE('',*,*,#4733,.T.);
#2968=ORIENTED_EDGE('',*,*,#3380,.T.);
#2969=ORIENTED_EDGE('',*,*,#4735,.F.);
#2970=ORIENTED_EDGE('',*,*,#3378,.F.);
#2971=ORIENTED_EDGE('',*,*,#4736,.T.);
#2972=ORIENTED_EDGE('',*,*,#4611,.T.);
#2973=ORIENTED_EDGE('',*,*,#4538,.F.);
#2974=ORIENTED_EDGE('',*,*,#4609,.F.);
#2975=ORIENTED_EDGE('',*,*,#4612,.F.);
#2976=ORIENTED_EDGE('',*,*,#4736,.F.);
#2977=ORIENTED_EDGE('',*,*,#3377,.F.);
#2978=ORIENTED_EDGE('',*,*,#4737,.T.);
#2979=ORIENTED_EDGE('',*,*,#4540,.F.);
#2980=ORIENTED_EDGE('',*,*,#3376,.F.);
#2981=ORIENTED_EDGE('',*,*,#4738,.T.);
#2982=ORIENTED_EDGE('',*,*,#4541,.T.);
#2983=ORIENTED_EDGE('',*,*,#4737,.F.);
#2984=ORIENTED_EDGE('',*,*,#4562,.T.);
#2985=ORIENTED_EDGE('',*,*,#4545,.T.);
#2986=ORIENTED_EDGE('',*,*,#4542,.T.);
#2987=ORIENTED_EDGE('',*,*,#4738,.F.);
#2988=ORIENTED_EDGE('',*,*,#3375,.T.);
#2989=ORIENTED_EDGE('',*,*,#4739,.T.);
#2990=ORIENTED_EDGE('',*,*,#4558,.T.);
#2991=ORIENTED_EDGE('',*,*,#4740,.T.);
#2992=ORIENTED_EDGE('',*,*,#4559,.F.);
#2993=ORIENTED_EDGE('',*,*,#4739,.F.);
#2994=ORIENTED_EDGE('',*,*,#3374,.T.);
#2995=ORIENTED_EDGE('',*,*,#4741,.F.);
#2996=ORIENTED_EDGE('',*,*,#4555,.T.);
#2997=ORIENTED_EDGE('',*,*,#4742,.T.);
#2998=ORIENTED_EDGE('',*,*,#3372,.F.);
#2999=ORIENTED_EDGE('',*,*,#4552,.T.);
#3000=ORIENTED_EDGE('',*,*,#4553,.T.);
#3001=ORIENTED_EDGE('',*,*,#4741,.T.);
#3002=ORIENTED_EDGE('',*,*,#3371,.F.);
#3003=ORIENTED_EDGE('',*,*,#4743,.F.);
#3004=ORIENTED_EDGE('',*,*,#4548,.T.);
#3005=ORIENTED_EDGE('',*,*,#4744,.F.);
#3006=ORIENTED_EDGE('',*,*,#4549,.T.);
#3007=ORIENTED_EDGE('',*,*,#4743,.T.);
#3008=ORIENTED_EDGE('',*,*,#3370,.F.);
#3009=ORIENTED_EDGE('',*,*,#3369,.T.);
#3010=ORIENTED_EDGE('',*,*,#4585,.T.);
#3011=ORIENTED_EDGE('',*,*,#4581,.T.);
#3012=ORIENTED_EDGE('',*,*,#4580,.T.);
#3013=ORIENTED_EDGE('',*,*,#4578,.T.);
#3014=ORIENTED_EDGE('',*,*,#4576,.F.);
#3015=ORIENTED_EDGE('',*,*,#4573,.F.);
#3016=ORIENTED_EDGE('',*,*,#4571,.F.);
#3017=ORIENTED_EDGE('',*,*,#4569,.F.);
#3018=ORIENTED_EDGE('',*,*,#4567,.F.);
#3019=ORIENTED_EDGE('',*,*,#4565,.F.);
#3020=ORIENTED_EDGE('',*,*,#4563,.F.);
#3021=ORIENTED_EDGE('',*,*,#4560,.F.);
#3022=ORIENTED_EDGE('',*,*,#4556,.F.);
#3023=ORIENTED_EDGE('',*,*,#4740,.F.);
#3024=ORIENTED_EDGE('',*,*,#3373,.T.);
#3025=ORIENTED_EDGE('',*,*,#4742,.F.);
#3026=ORIENTED_EDGE('',*,*,#4554,.T.);
#3027=ORIENTED_EDGE('',*,*,#4550,.T.);
#3028=ORIENTED_EDGE('',*,*,#4546,.T.);
#3029=ORIENTED_EDGE('',*,*,#4744,.T.);
#3030=ORIENTED_EDGE('',*,*,#4623,.T.);
#3031=ORIENTED_EDGE('',*,*,#4586,.F.);
#3032=ORIENTED_EDGE('',*,*,#4583,.F.);
#3033=ORIENTED_EDGE('',*,*,#3368,.F.);
#3034=ORIENTED_EDGE('',*,*,#4626,.F.);
#3035=ORIENTED_EDGE('',*,*,#4624,.T.);
#3036=ORIENTED_EDGE('',*,*,#3367,.F.);
#3037=ORIENTED_EDGE('',*,*,#4732,.F.);
#3038=ORIENTED_EDGE('',*,*,#4620,.T.);
#3039=ORIENTED_EDGE('',*,*,#4617,.F.);
#3040=ORIENTED_EDGE('',*,*,#4615,.T.);
#3041=ORIENTED_EDGE('',*,*,#4734,.T.);
#3042=ORIENTED_EDGE('',*,*,#3379,.F.);
#3043=ORIENTED_EDGE('',*,*,#4735,.T.);
#3044=ORIENTED_EDGE('',*,*,#4610,.T.);
#3045=ORIENTED_EDGE('',*,*,#4607,.T.);
#3046=ORIENTED_EDGE('',*,*,#4606,.T.);
#3047=ORIENTED_EDGE('',*,*,#4603,.T.);
#3048=ORIENTED_EDGE('',*,*,#4601,.T.);
#3049=ORIENTED_EDGE('',*,*,#4599,.T.);
#3050=ORIENTED_EDGE('',*,*,#4597,.T.);
#3051=ORIENTED_EDGE('',*,*,#4595,.T.);
#3052=ORIENTED_EDGE('',*,*,#4594,.T.);
#3053=ORIENTED_EDGE('',*,*,#4592,.F.);
#3054=ORIENTED_EDGE('',*,*,#4590,.F.);
#3055=ORIENTED_EDGE('',*,*,#3394,.F.);
#3056=ORIENTED_EDGE('',*,*,#4745,.F.);
#3057=ORIENTED_EDGE('',*,*,#4634,.T.);
#3058=ORIENTED_EDGE('',*,*,#4746,.T.);
#3059=ORIENTED_EDGE('',*,*,#3393,.F.);
#3060=ORIENTED_EDGE('',*,*,#4747,.F.);
#3061=ORIENTED_EDGE('',*,*,#4631,.T.);
#3062=ORIENTED_EDGE('',*,*,#4745,.T.);
#3063=ORIENTED_EDGE('',*,*,#3392,.F.);
#3064=ORIENTED_EDGE('',*,*,#4748,.F.);
#3065=ORIENTED_EDGE('',*,*,#4632,.T.);
#3066=ORIENTED_EDGE('',*,*,#4747,.T.);
#3067=ORIENTED_EDGE('',*,*,#3390,.F.);
#3068=ORIENTED_EDGE('',*,*,#4749,.F.);
#3069=ORIENTED_EDGE('',*,*,#4636,.F.);
#3070=ORIENTED_EDGE('',*,*,#4750,.F.);
#3071=ORIENTED_EDGE('',*,*,#3388,.F.);
#3072=ORIENTED_EDGE('',*,*,#4751,.F.);
#3073=ORIENTED_EDGE('',*,*,#4628,.T.);
#3074=ORIENTED_EDGE('',*,*,#4752,.T.);
#3075=ORIENTED_EDGE('',*,*,#3387,.F.);
#3076=ORIENTED_EDGE('',*,*,#4753,.F.);
#3077=ORIENTED_EDGE('',*,*,#4629,.T.);
#3078=ORIENTED_EDGE('',*,*,#4751,.T.);
#3079=ORIENTED_EDGE('',*,*,#3386,.F.);
#3080=ORIENTED_EDGE('',*,*,#4754,.F.);
#3081=ORIENTED_EDGE('',*,*,#4630,.T.);
#3082=ORIENTED_EDGE('',*,*,#4753,.T.);
#3083=ORIENTED_EDGE('',*,*,#4637,.T.);
#3084=ORIENTED_EDGE('',*,*,#4749,.T.);
#3085=ORIENTED_EDGE('',*,*,#3389,.F.);
#3086=ORIENTED_EDGE('',*,*,#4752,.F.);
#3087=ORIENTED_EDGE('',*,*,#4627,.T.);
#3088=ORIENTED_EDGE('',*,*,#4754,.T.);
#3089=ORIENTED_EDGE('',*,*,#3385,.F.);
#3090=ORIENTED_EDGE('',*,*,#4755,.T.);
#3091=ORIENTED_EDGE('',*,*,#3384,.F.);
#3092=ORIENTED_EDGE('',*,*,#4756,.F.);
#3093=ORIENTED_EDGE('',*,*,#4638,.F.);
#3094=ORIENTED_EDGE('',*,*,#4755,.F.);
#3095=ORIENTED_EDGE('',*,*,#3391,.F.);
#3096=ORIENTED_EDGE('',*,*,#4750,.T.);
#3097=ORIENTED_EDGE('',*,*,#4635,.T.);
#3098=ORIENTED_EDGE('',*,*,#4756,.T.);
#3099=ORIENTED_EDGE('',*,*,#3383,.F.);
#3100=ORIENTED_EDGE('',*,*,#4746,.F.);
#3101=ORIENTED_EDGE('',*,*,#4633,.T.);
#3102=ORIENTED_EDGE('',*,*,#4748,.T.);
#3103=ORIENTED_EDGE('',*,*,#3406,.F.);
#3104=ORIENTED_EDGE('',*,*,#4757,.F.);
#3105=ORIENTED_EDGE('',*,*,#4643,.T.);
#3106=ORIENTED_EDGE('',*,*,#4758,.T.);
#3107=ORIENTED_EDGE('',*,*,#3405,.F.);
#3108=ORIENTED_EDGE('',*,*,#4759,.F.);
#3109=ORIENTED_EDGE('',*,*,#4644,.T.);
#3110=ORIENTED_EDGE('',*,*,#4757,.T.);
#3111=ORIENTED_EDGE('',*,*,#3404,.F.);
#3112=ORIENTED_EDGE('',*,*,#4760,.F.);
#3113=ORIENTED_EDGE('',*,*,#4645,.T.);
#3114=ORIENTED_EDGE('',*,*,#4759,.T.);
#3115=ORIENTED_EDGE('',*,*,#4647,.T.);
#3116=ORIENTED_EDGE('',*,*,#4761,.F.);
#3117=ORIENTED_EDGE('',*,*,#3402,.T.);
#3118=ORIENTED_EDGE('',*,*,#4762,.F.);
#3119=ORIENTED_EDGE('',*,*,#3400,.F.);
#3120=ORIENTED_EDGE('',*,*,#4763,.F.);
#3121=ORIENTED_EDGE('',*,*,#4639,.T.);
#3122=ORIENTED_EDGE('',*,*,#4764,.T.);
#3123=ORIENTED_EDGE('',*,*,#3399,.F.);
#3124=ORIENTED_EDGE('',*,*,#4765,.F.);
#3125=ORIENTED_EDGE('',*,*,#4640,.T.);
#3126=ORIENTED_EDGE('',*,*,#4763,.T.);
#3127=ORIENTED_EDGE('',*,*,#3398,.F.);
#3128=ORIENTED_EDGE('',*,*,#4766,.F.);
#3129=ORIENTED_EDGE('',*,*,#4641,.T.);
#3130=ORIENTED_EDGE('',*,*,#4765,.T.);
#3131=ORIENTED_EDGE('',*,*,#4648,.T.);
#3132=ORIENTED_EDGE('',*,*,#4762,.T.);
#3133=ORIENTED_EDGE('',*,*,#3401,.T.);
#3134=ORIENTED_EDGE('',*,*,#4764,.F.);
#3135=ORIENTED_EDGE('',*,*,#4642,.T.);
#3136=ORIENTED_EDGE('',*,*,#4766,.T.);
#3137=ORIENTED_EDGE('',*,*,#3397,.T.);
#3138=ORIENTED_EDGE('',*,*,#4767,.T.);
#3139=ORIENTED_EDGE('',*,*,#4649,.T.);
#3140=ORIENTED_EDGE('',*,*,#4767,.F.);
#3141=ORIENTED_EDGE('',*,*,#3396,.T.);
#3142=ORIENTED_EDGE('',*,*,#4768,.F.);
#3143=ORIENTED_EDGE('',*,*,#3403,.T.);
#3144=ORIENTED_EDGE('',*,*,#4761,.T.);
#3145=ORIENTED_EDGE('',*,*,#4650,.T.);
#3146=ORIENTED_EDGE('',*,*,#4768,.T.);
#3147=ORIENTED_EDGE('',*,*,#3395,.T.);
#3148=ORIENTED_EDGE('',*,*,#4758,.F.);
#3149=ORIENTED_EDGE('',*,*,#4646,.T.);
#3150=ORIENTED_EDGE('',*,*,#4760,.T.);
#3151=ORIENTED_EDGE('',*,*,#3410,.F.);
#3152=ORIENTED_EDGE('',*,*,#4769,.F.);
#3153=ORIENTED_EDGE('',*,*,#4652,.T.);
#3154=ORIENTED_EDGE('',*,*,#4770,.T.);
#3155=ORIENTED_EDGE('',*,*,#3409,.F.);
#3156=ORIENTED_EDGE('',*,*,#4771,.F.);
#3157=ORIENTED_EDGE('',*,*,#4653,.T.);
#3158=ORIENTED_EDGE('',*,*,#4769,.T.);
#3159=ORIENTED_EDGE('',*,*,#3408,.F.);
#3160=ORIENTED_EDGE('',*,*,#4772,.F.);
#3161=ORIENTED_EDGE('',*,*,#4654,.T.);
#3162=ORIENTED_EDGE('',*,*,#4771,.T.);
#3163=ORIENTED_EDGE('',*,*,#3407,.F.);
#3164=ORIENTED_EDGE('',*,*,#4770,.F.);
#3165=ORIENTED_EDGE('',*,*,#4651,.T.);
#3166=ORIENTED_EDGE('',*,*,#4772,.T.);
#3167=ORIENTED_EDGE('',*,*,#3414,.F.);
#3168=ORIENTED_EDGE('',*,*,#4773,.F.);
#3169=ORIENTED_EDGE('',*,*,#4656,.T.);
#3170=ORIENTED_EDGE('',*,*,#4774,.T.);
#3171=ORIENTED_EDGE('',*,*,#3413,.F.);
#3172=ORIENTED_EDGE('',*,*,#4775,.F.);
#3173=ORIENTED_EDGE('',*,*,#4657,.T.);
#3174=ORIENTED_EDGE('',*,*,#4773,.T.);
#3175=ORIENTED_EDGE('',*,*,#3412,.F.);
#3176=ORIENTED_EDGE('',*,*,#4776,.F.);
#3177=ORIENTED_EDGE('',*,*,#4658,.T.);
#3178=ORIENTED_EDGE('',*,*,#4775,.T.);
#3179=ORIENTED_EDGE('',*,*,#3411,.F.);
#3180=ORIENTED_EDGE('',*,*,#4774,.F.);
#3181=ORIENTED_EDGE('',*,*,#4655,.T.);
#3182=ORIENTED_EDGE('',*,*,#4776,.T.);
#3183=ORIENTED_EDGE('',*,*,#3418,.T.);
#3184=ORIENTED_EDGE('',*,*,#4777,.F.);
#3185=ORIENTED_EDGE('',*,*,#4659,.F.);
#3186=ORIENTED_EDGE('',*,*,#4778,.T.);
#3187=ORIENTED_EDGE('',*,*,#3417,.T.);
#3188=ORIENTED_EDGE('',*,*,#4779,.F.);
#3189=ORIENTED_EDGE('',*,*,#4660,.F.);
#3190=ORIENTED_EDGE('',*,*,#4777,.T.);
#3191=ORIENTED_EDGE('',*,*,#3416,.T.);
#3192=ORIENTED_EDGE('',*,*,#4780,.F.);
#3193=ORIENTED_EDGE('',*,*,#4661,.F.);
#3194=ORIENTED_EDGE('',*,*,#4779,.T.);
#3195=ORIENTED_EDGE('',*,*,#3415,.T.);
#3196=ORIENTED_EDGE('',*,*,#4778,.F.);
#3197=ORIENTED_EDGE('',*,*,#4662,.F.);
#3198=ORIENTED_EDGE('',*,*,#4780,.T.);
#3199=ORIENTED_EDGE('',*,*,#4781,.F.);
#3200=ORIENTED_EDGE('',*,*,#4664,.T.);
#3201=ORIENTED_EDGE('',*,*,#4782,.T.);
#3202=ORIENTED_EDGE('',*,*,#3422,.T.);
#3203=ORIENTED_EDGE('',*,*,#4783,.F.);
#3204=ORIENTED_EDGE('',*,*,#4667,.T.);
#3205=ORIENTED_EDGE('',*,*,#4671,.F.);
#3206=ORIENTED_EDGE('',*,*,#4665,.T.);
#3207=ORIENTED_EDGE('',*,*,#4781,.T.);
#3208=ORIENTED_EDGE('',*,*,#3421,.T.);
#3209=ORIENTED_EDGE('',*,*,#4784,.F.);
#3210=ORIENTED_EDGE('',*,*,#4668,.T.);
#3211=ORIENTED_EDGE('',*,*,#4783,.T.);
#3212=ORIENTED_EDGE('',*,*,#3420,.T.);
#3213=ORIENTED_EDGE('',*,*,#4672,.F.);
#3214=ORIENTED_EDGE('',*,*,#4669,.T.);
#3215=ORIENTED_EDGE('',*,*,#4784,.T.);
#3216=ORIENTED_EDGE('',*,*,#3419,.T.);
#3217=ORIENTED_EDGE('',*,*,#4782,.F.);
#3218=ORIENTED_EDGE('',*,*,#4663,.T.);
#3219=ORIENTED_EDGE('',*,*,#4785,.F.);
#3220=ORIENTED_EDGE('',*,*,#4674,.T.);
#3221=ORIENTED_EDGE('',*,*,#4786,.T.);
#3222=ORIENTED_EDGE('',*,*,#3426,.T.);
#3223=ORIENTED_EDGE('',*,*,#4787,.F.);
#3224=ORIENTED_EDGE('',*,*,#4677,.T.);
#3225=ORIENTED_EDGE('',*,*,#4681,.F.);
#3226=ORIENTED_EDGE('',*,*,#4675,.T.);
#3227=ORIENTED_EDGE('',*,*,#4785,.T.);
#3228=ORIENTED_EDGE('',*,*,#3425,.T.);
#3229=ORIENTED_EDGE('',*,*,#4788,.F.);
#3230=ORIENTED_EDGE('',*,*,#4678,.T.);
#3231=ORIENTED_EDGE('',*,*,#4787,.T.);
#3232=ORIENTED_EDGE('',*,*,#3424,.T.);
#3233=ORIENTED_EDGE('',*,*,#4682,.F.);
#3234=ORIENTED_EDGE('',*,*,#4679,.T.);
#3235=ORIENTED_EDGE('',*,*,#4788,.T.);
#3236=ORIENTED_EDGE('',*,*,#3423,.T.);
#3237=ORIENTED_EDGE('',*,*,#4786,.F.);
#3238=ORIENTED_EDGE('',*,*,#4673,.T.);
#3239=ORIENTED_EDGE('',*,*,#4789,.F.);
#3240=ORIENTED_EDGE('',*,*,#4684,.T.);
#3241=ORIENTED_EDGE('',*,*,#4790,.T.);
#3242=ORIENTED_EDGE('',*,*,#3430,.T.);
#3243=ORIENTED_EDGE('',*,*,#4791,.F.);
#3244=ORIENTED_EDGE('',*,*,#4687,.T.);
#3245=ORIENTED_EDGE('',*,*,#4691,.F.);
#3246=ORIENTED_EDGE('',*,*,#4685,.T.);
#3247=ORIENTED_EDGE('',*,*,#4789,.T.);
#3248=ORIENTED_EDGE('',*,*,#3429,.T.);
#3249=ORIENTED_EDGE('',*,*,#4792,.F.);
#3250=ORIENTED_EDGE('',*,*,#4688,.T.);
#3251=ORIENTED_EDGE('',*,*,#4791,.T.);
#3252=ORIENTED_EDGE('',*,*,#3428,.T.);
#3253=ORIENTED_EDGE('',*,*,#4692,.F.);
#3254=ORIENTED_EDGE('',*,*,#4689,.T.);
#3255=ORIENTED_EDGE('',*,*,#4792,.T.);
#3256=ORIENTED_EDGE('',*,*,#3427,.T.);
#3257=ORIENTED_EDGE('',*,*,#4790,.F.);
#3258=ORIENTED_EDGE('',*,*,#4683,.T.);
#3259=ORIENTED_EDGE('',*,*,#4793,.F.);
#3260=ORIENTED_EDGE('',*,*,#4694,.T.);
#3261=ORIENTED_EDGE('',*,*,#4794,.T.);
#3262=ORIENTED_EDGE('',*,*,#3434,.T.);
#3263=ORIENTED_EDGE('',*,*,#4795,.F.);
#3264=ORIENTED_EDGE('',*,*,#4697,.T.);
#3265=ORIENTED_EDGE('',*,*,#4701,.F.);
#3266=ORIENTED_EDGE('',*,*,#4695,.T.);
#3267=ORIENTED_EDGE('',*,*,#4793,.T.);
#3268=ORIENTED_EDGE('',*,*,#3433,.T.);
#3269=ORIENTED_EDGE('',*,*,#4796,.F.);
#3270=ORIENTED_EDGE('',*,*,#4698,.T.);
#3271=ORIENTED_EDGE('',*,*,#4795,.T.);
#3272=ORIENTED_EDGE('',*,*,#3432,.T.);
#3273=ORIENTED_EDGE('',*,*,#4702,.F.);
#3274=ORIENTED_EDGE('',*,*,#4699,.T.);
#3275=ORIENTED_EDGE('',*,*,#4796,.T.);
#3276=ORIENTED_EDGE('',*,*,#3431,.T.);
#3277=ORIENTED_EDGE('',*,*,#4794,.F.);
#3278=ORIENTED_EDGE('',*,*,#4693,.T.);
#3279=ORIENTED_EDGE('',*,*,#3438,.F.);
#3280=ORIENTED_EDGE('',*,*,#4797,.F.);
#3281=ORIENTED_EDGE('',*,*,#4703,.T.);
#3282=ORIENTED_EDGE('',*,*,#4798,.T.);
#3283=ORIENTED_EDGE('',*,*,#3437,.F.);
#3284=ORIENTED_EDGE('',*,*,#4799,.F.);
#3285=ORIENTED_EDGE('',*,*,#4704,.T.);
#3286=ORIENTED_EDGE('',*,*,#4797,.T.);
#3287=ORIENTED_EDGE('',*,*,#3436,.F.);
#3288=ORIENTED_EDGE('',*,*,#4800,.F.);
#3289=ORIENTED_EDGE('',*,*,#4705,.T.);
#3290=ORIENTED_EDGE('',*,*,#4799,.T.);
#3291=ORIENTED_EDGE('',*,*,#3435,.F.);
#3292=ORIENTED_EDGE('',*,*,#4798,.F.);
#3293=ORIENTED_EDGE('',*,*,#4706,.T.);
#3294=ORIENTED_EDGE('',*,*,#4800,.T.);
#3295=ORIENTED_EDGE('',*,*,#3440,.F.);
#3296=ORIENTED_EDGE('',*,*,#4801,.F.);
#3297=ORIENTED_EDGE('',*,*,#4802,.T.);
#3298=ORIENTED_EDGE('',*,*,#4803,.T.);
#3299=ORIENTED_EDGE('',*,*,#3439,.F.);
#3300=ORIENTED_EDGE('',*,*,#4804,.F.);
#3301=ORIENTED_EDGE('',*,*,#4805,.T.);
#3302=ORIENTED_EDGE('',*,*,#4801,.T.);
#3303=ORIENTED_EDGE('',*,*,#4806,.F.);
#3304=ORIENTED_EDGE('',*,*,#4807,.F.);
#3305=ORIENTED_EDGE('',*,*,#4802,.F.);
#3306=ORIENTED_EDGE('',*,*,#4805,.F.);
#3307=ORIENTED_EDGE('',*,*,#3441,.F.);
#3308=ORIENTED_EDGE('',*,*,#4803,.F.);
#3309=ORIENTED_EDGE('',*,*,#4807,.T.);
#3310=ORIENTED_EDGE('',*,*,#4808,.T.);
#3311=ORIENTED_EDGE('',*,*,#3442,.F.);
#3312=ORIENTED_EDGE('',*,*,#4808,.F.);
#3313=ORIENTED_EDGE('',*,*,#4806,.T.);
#3314=ORIENTED_EDGE('',*,*,#4804,.T.);
#3315=EDGE_CURVE('',#4809,#4810,#5789,.T.);
#3316=EDGE_CURVE('',#4811,#4810,#5790,.T.);
#3317=EDGE_CURVE('',#4812,#4811,#5791,.T.);
#3318=EDGE_CURVE('',#4812,#4809,#5792,.T.);
#3319=EDGE_CURVE('',#4810,#4813,#5793,.T.);
#3320=EDGE_CURVE('',#4814,#4813,#5794,.T.);
#3321=EDGE_CURVE('',#4811,#4814,#5795,.T.);
#3322=EDGE_CURVE('',#4814,#4815,#5796,.T.);
#3323=EDGE_CURVE('',#4815,#4812,#5797,.T.);
#3324=EDGE_CURVE('',#4816,#4809,#5798,.T.);
#3325=EDGE_CURVE('',#4815,#4816,#5799,.T.);
#3326=EDGE_CURVE('',#4813,#4816,#5800,.T.);
#3327=EDGE_CURVE('',#4817,#4818,#5801,.T.);
#3328=EDGE_CURVE('',#4819,#4817,#5802,.T.);
#3329=EDGE_CURVE('',#4820,#4819,#5803,.T.);
#3330=EDGE_CURVE('',#4818,#4820,#5804,.T.);
#3331=EDGE_CURVE('',#4821,#4822,#5805,.T.);
#3332=EDGE_CURVE('',#4823,#4821,#5806,.T.);
#3333=EDGE_CURVE('',#4824,#4823,#5807,.T.);
#3334=EDGE_CURVE('',#4822,#4824,#5808,.T.);
#3335=EDGE_CURVE('',#4825,#4826,#5809,.T.);
#3336=EDGE_CURVE('',#4827,#4825,#5810,.T.);
#3337=EDGE_CURVE('',#4828,#4827,#5811,.T.);
#3338=EDGE_CURVE('',#4826,#4828,#5812,.T.);
#3339=EDGE_CURVE('',#4829,#4830,#5813,.T.);
#3340=EDGE_CURVE('',#4831,#4829,#5814,.T.);
#3341=EDGE_CURVE('',#4832,#4831,#5815,.T.);
#3342=EDGE_CURVE('',#4830,#4832,#5816,.T.);
#3343=EDGE_CURVE('',#4833,#4834,#5817,.T.);
#3344=EDGE_CURVE('',#4835,#4833,#5818,.T.);
#3345=EDGE_CURVE('',#4836,#4835,#5819,.T.);
#3346=EDGE_CURVE('',#4834,#4836,#5820,.T.);
#3347=EDGE_CURVE('',#4837,#4838,#5821,.T.);
#3348=EDGE_CURVE('',#4839,#4837,#5822,.T.);
#3349=EDGE_CURVE('',#4840,#4839,#5823,.T.);
#3350=EDGE_CURVE('',#4838,#4840,#5824,.T.);
#3351=EDGE_CURVE('',#4841,#4842,#5825,.T.);
#3352=EDGE_CURVE('',#4843,#4841,#5826,.T.);
#3353=EDGE_CURVE('',#4844,#4843,#5827,.T.);
#3354=EDGE_CURVE('',#4842,#4844,#5828,.T.);
#3355=EDGE_CURVE('',#4845,#4846,#5829,.T.);
#3356=EDGE_CURVE('',#4847,#4845,#5830,.T.);
#3357=EDGE_CURVE('',#4848,#4847,#5831,.T.);
#3358=EDGE_CURVE('',#4846,#4848,#5832,.T.);
#3359=EDGE_CURVE('',#4849,#4850,#5833,.T.);
#3360=EDGE_CURVE('',#4851,#4849,#5834,.T.);
#3361=EDGE_CURVE('',#4852,#4851,#5835,.T.);
#3362=EDGE_CURVE('',#4850,#4852,#5836,.T.);
#3363=EDGE_CURVE('',#4853,#4854,#5837,.T.);
#3364=EDGE_CURVE('',#4855,#4853,#5838,.T.);
#3365=EDGE_CURVE('',#4856,#4855,#5839,.T.);
#3366=EDGE_CURVE('',#4854,#4856,#5840,.T.);
#3367=EDGE_CURVE('',#4857,#4858,#5841,.T.);
#3368=EDGE_CURVE('',#4858,#4859,#5842,.T.);
#3369=EDGE_CURVE('',#4860,#4859,#5843,.T.);
#3370=EDGE_CURVE('',#4860,#4861,#5844,.T.);
#3371=EDGE_CURVE('',#4861,#4862,#5845,.T.);
#3372=EDGE_CURVE('',#4862,#4863,#5846,.T.);
#3373=EDGE_CURVE('',#4864,#4863,#5847,.T.);
#3374=EDGE_CURVE('',#4865,#4864,#5848,.T.);
#3375=EDGE_CURVE('',#4866,#4865,#5849,.T.);
#3376=EDGE_CURVE('',#4866,#4867,#5850,.T.);
#3377=EDGE_CURVE('',#4867,#4868,#5851,.T.);
#3378=EDGE_CURVE('',#4868,#4869,#5852,.T.);
#3379=EDGE_CURVE('',#4869,#4870,#5853,.T.);
#3380=EDGE_CURVE('',#4871,#4870,#5854,.T.);
#3381=EDGE_CURVE('',#4872,#4871,#5855,.T.);
#3382=EDGE_CURVE('',#4857,#4872,#5856,.T.);
#3383=EDGE_CURVE('',#4873,#4874,#162,.T.);
#3384=EDGE_CURVE('',#4874,#4875,#5857,.T.);
#3385=EDGE_CURVE('',#4875,#4876,#163,.T.);
#3386=EDGE_CURVE('',#4876,#4877,#5858,.T.);
#3387=EDGE_CURVE('',#4877,#4878,#5859,.T.);
#3388=EDGE_CURVE('',#4878,#4879,#5860,.T.);
#3389=EDGE_CURVE('',#4879,#4880,#164,.T.);
#3390=EDGE_CURVE('',#4880,#4881,#5861,.T.);
#3391=EDGE_CURVE('',#4881,#4882,#165,.T.);
#3392=EDGE_CURVE('',#4882,#4883,#5862,.T.);
#3393=EDGE_CURVE('',#4883,#4884,#5863,.T.);
#3394=EDGE_CURVE('',#4884,#4873,#5864,.T.);
#3395=EDGE_CURVE('',#4885,#4886,#166,.F.);
#3396=EDGE_CURVE('',#4887,#4885,#5865,.T.);
#3397=EDGE_CURVE('',#4888,#4887,#167,.F.);
#3398=EDGE_CURVE('',#4888,#4889,#5866,.T.);
#3399=EDGE_CURVE('',#4889,#4890,#5867,.T.);
#3400=EDGE_CURVE('',#4890,#4891,#5868,.T.);
#3401=EDGE_CURVE('',#4892,#4891,#168,.F.);
#3402=EDGE_CURVE('',#4893,#4892,#5869,.T.);
#3403=EDGE_CURVE('',#4894,#4893,#169,.F.);
#3404=EDGE_CURVE('',#4894,#4895,#5870,.T.);
#3405=EDGE_CURVE('',#4895,#4896,#5871,.T.);
#3406=EDGE_CURVE('',#4896,#4886,#5872,.T.);
#3407=EDGE_CURVE('',#4897,#4898,#5873,.T.);
#3408=EDGE_CURVE('',#4898,#4899,#5874,.T.);
#3409=EDGE_CURVE('',#4899,#4900,#5875,.T.);
#3410=EDGE_CURVE('',#4900,#4897,#5876,.T.);
#3411=EDGE_CURVE('',#4901,#4902,#5877,.T.);
#3412=EDGE_CURVE('',#4902,#4903,#5878,.T.);
#3413=EDGE_CURVE('',#4903,#4904,#5879,.T.);
#3414=EDGE_CURVE('',#4904,#4901,#5880,.T.);
#3415=EDGE_CURVE('',#4905,#4906,#5881,.T.);
#3416=EDGE_CURVE('',#4907,#4905,#5882,.T.);
#3417=EDGE_CURVE('',#4908,#4907,#5883,.T.);
#3418=EDGE_CURVE('',#4906,#4908,#5884,.T.);
#3419=EDGE_CURVE('',#4909,#4910,#5885,.T.);
#3420=EDGE_CURVE('',#4911,#4909,#5886,.T.);
#3421=EDGE_CURVE('',#4912,#4911,#5887,.T.);
#3422=EDGE_CURVE('',#4910,#4912,#5888,.T.);
#3423=EDGE_CURVE('',#4913,#4914,#5889,.T.);
#3424=EDGE_CURVE('',#4915,#4913,#5890,.T.);
#3425=EDGE_CURVE('',#4916,#4915,#5891,.T.);
#3426=EDGE_CURVE('',#4914,#4916,#5892,.T.);
#3427=EDGE_CURVE('',#4917,#4918,#5893,.T.);
#3428=EDGE_CURVE('',#4919,#4917,#5894,.T.);
#3429=EDGE_CURVE('',#4920,#4919,#5895,.T.);
#3430=EDGE_CURVE('',#4918,#4920,#5896,.T.);
#3431=EDGE_CURVE('',#4921,#4922,#5897,.T.);
#3432=EDGE_CURVE('',#4923,#4921,#5898,.T.);
#3433=EDGE_CURVE('',#4924,#4923,#5899,.T.);
#3434=EDGE_CURVE('',#4922,#4924,#5900,.T.);
#3435=EDGE_CURVE('',#4925,#4926,#5901,.T.);
#3436=EDGE_CURVE('',#4926,#4927,#5902,.T.);
#3437=EDGE_CURVE('',#4927,#4928,#5903,.T.);
#3438=EDGE_CURVE('',#4928,#4925,#5904,.T.);
#3439=EDGE_CURVE('',#4929,#4930,#5905,.T.);
#3440=EDGE_CURVE('',#4930,#4931,#5906,.T.);
#3441=EDGE_CURVE('',#4931,#4932,#5907,.T.);
#3442=EDGE_CURVE('',#4932,#4929,#5908,.T.);
#3443=EDGE_CURVE('',#4933,#4934,#5909,.T.);
#3444=EDGE_CURVE('',#4935,#4933,#5910,.T.);
#3445=EDGE_CURVE('',#4936,#4935,#5911,.T.);
#3446=EDGE_CURVE('',#4934,#4936,#5912,.T.);
#3447=EDGE_CURVE('',#4937,#4938,#5913,.T.);
#3448=EDGE_CURVE('',#4939,#4937,#5914,.T.);
#3449=EDGE_CURVE('',#4940,#4939,#5915,.T.);
#3450=EDGE_CURVE('',#4938,#4940,#5916,.T.);
#3451=EDGE_CURVE('',#4941,#4942,#5917,.T.);
#3452=EDGE_CURVE('',#4943,#4941,#5918,.T.);
#3453=EDGE_CURVE('',#4944,#4943,#5919,.T.);
#3454=EDGE_CURVE('',#4942,#4944,#5920,.T.);
#3455=EDGE_CURVE('',#4945,#4946,#5921,.T.);
#3456=EDGE_CURVE('',#4947,#4945,#5922,.T.);
#3457=EDGE_CURVE('',#4948,#4947,#5923,.T.);
#3458=EDGE_CURVE('',#4946,#4948,#5924,.T.);
#3459=EDGE_CURVE('',#4949,#4818,#5925,.T.);
#3460=EDGE_CURVE('',#4949,#4950,#5926,.T.);
#3461=EDGE_CURVE('',#4950,#4817,#5927,.T.);
#3462=EDGE_CURVE('',#4950,#4951,#5928,.T.);
#3463=EDGE_CURVE('',#4952,#4949,#5929,.T.);
#3464=EDGE_CURVE('',#4951,#4952,#5930,.T.);
#3465=EDGE_CURVE('',#4952,#4953,#5931,.T.);
#3466=EDGE_CURVE('',#4953,#4954,#5932,.T.);
#3467=EDGE_CURVE('',#4954,#4951,#5933,.T.);
#3468=EDGE_CURVE('',#4954,#4955,#5934,.T.);
#3469=EDGE_CURVE('',#4955,#4819,#5935,.T.);
#3470=EDGE_CURVE('',#4955,#4956,#5936,.T.);
#3471=EDGE_CURVE('',#4956,#4820,#5937,.T.);
#3472=EDGE_CURVE('',#4956,#4953,#5938,.T.);
#3473=EDGE_CURVE('',#4957,#4946,#5939,.T.);
#3474=EDGE_CURVE('',#4957,#4958,#5940,.T.);
#3475=EDGE_CURVE('',#4958,#4945,#5941,.T.);
#3476=EDGE_CURVE('',#4958,#4959,#5942,.T.);
#3477=EDGE_CURVE('',#4960,#4957,#5943,.T.);
#3478=EDGE_CURVE('',#4959,#4960,#5944,.T.);
#3479=EDGE_CURVE('',#4960,#4961,#5945,.T.);
#3480=EDGE_CURVE('',#4961,#4962,#5946,.T.);
#3481=EDGE_CURVE('',#4962,#4959,#5947,.T.);
#3482=EDGE_CURVE('',#4962,#4963,#5948,.T.);
#3483=EDGE_CURVE('',#4963,#4947,#5949,.T.);
#3484=EDGE_CURVE('',#4963,#4964,#5950,.T.);
#3485=EDGE_CURVE('',#4964,#4948,#5951,.T.);
#3486=EDGE_CURVE('',#4964,#4961,#5952,.T.);
#3487=EDGE_CURVE('',#4965,#4822,#5953,.T.);
#3488=EDGE_CURVE('',#4965,#4966,#5954,.T.);
#3489=EDGE_CURVE('',#4966,#4821,#5955,.T.);
#3490=EDGE_CURVE('',#4966,#4967,#5956,.T.);
#3491=EDGE_CURVE('',#4968,#4965,#5957,.T.);
#3492=EDGE_CURVE('',#4967,#4968,#5958,.T.);
#3493=EDGE_CURVE('',#4968,#4969,#5959,.T.);
#3494=EDGE_CURVE('',#4969,#4970,#5960,.T.);
#3495=EDGE_CURVE('',#4970,#4967,#5961,.T.);
#3496=EDGE_CURVE('',#4970,#4971,#5962,.T.);
#3497=EDGE_CURVE('',#4971,#4823,#5963,.T.);
#3498=EDGE_CURVE('',#4971,#4972,#5964,.T.);
#3499=EDGE_CURVE('',#4972,#4824,#5965,.T.);
#3500=EDGE_CURVE('',#4972,#4969,#5966,.T.);
#3501=EDGE_CURVE('',#4973,#4942,#5967,.T.);
#3502=EDGE_CURVE('',#4973,#4974,#5968,.T.);
#3503=EDGE_CURVE('',#4974,#4941,#5969,.T.);
#3504=EDGE_CURVE('',#4974,#4975,#5970,.T.);
#3505=EDGE_CURVE('',#4976,#4973,#5971,.T.);
#3506=EDGE_CURVE('',#4975,#4976,#5972,.T.);
#3507=EDGE_CURVE('',#4976,#4977,#5973,.T.);
#3508=EDGE_CURVE('',#4977,#4978,#5974,.T.);
#3509=EDGE_CURVE('',#4978,#4975,#5975,.T.);
#3510=EDGE_CURVE('',#4978,#4979,#5976,.T.);
#3511=EDGE_CURVE('',#4979,#4943,#5977,.T.);
#3512=EDGE_CURVE('',#4979,#4980,#5978,.T.);
#3513=EDGE_CURVE('',#4980,#4944,#5979,.T.);
#3514=EDGE_CURVE('',#4980,#4977,#5980,.T.);
#3515=EDGE_CURVE('',#4981,#4826,#5981,.T.);
#3516=EDGE_CURVE('',#4981,#4982,#5982,.T.);
#3517=EDGE_CURVE('',#4982,#4825,#5983,.T.);
#3518=EDGE_CURVE('',#4982,#4983,#5984,.T.);
#3519=EDGE_CURVE('',#4984,#4981,#5985,.T.);
#3520=EDGE_CURVE('',#4983,#4984,#5986,.T.);
#3521=EDGE_CURVE('',#4984,#4985,#5987,.T.);
#3522=EDGE_CURVE('',#4985,#4986,#5988,.T.);
#3523=EDGE_CURVE('',#4986,#4983,#5989,.T.);
#3524=EDGE_CURVE('',#4986,#4987,#5990,.T.);
#3525=EDGE_CURVE('',#4987,#4827,#5991,.T.);
#3526=EDGE_CURVE('',#4987,#4988,#5992,.T.);
#3527=EDGE_CURVE('',#4988,#4828,#5993,.T.);
#3528=EDGE_CURVE('',#4988,#4985,#5994,.T.);
#3529=EDGE_CURVE('',#4989,#4938,#5995,.T.);
#3530=EDGE_CURVE('',#4989,#4990,#5996,.T.);
#3531=EDGE_CURVE('',#4990,#4937,#5997,.T.);
#3532=EDGE_CURVE('',#4990,#4991,#5998,.T.);
#3533=EDGE_CURVE('',#4992,#4989,#5999,.T.);
#3534=EDGE_CURVE('',#4991,#4992,#6000,.T.);
#3535=EDGE_CURVE('',#4993,#4991,#6001,.T.);
#3536=EDGE_CURVE('',#4992,#4994,#6002,.T.);
#3537=EDGE_CURVE('',#4994,#4993,#6003,.T.);
#3538=EDGE_CURVE('',#4993,#4995,#6004,.T.);
#3539=EDGE_CURVE('',#4995,#4939,#6005,.T.);
#3540=EDGE_CURVE('',#4995,#4996,#6006,.T.);
#3541=EDGE_CURVE('',#4996,#4940,#6007,.T.);
#3542=EDGE_CURVE('',#4996,#4994,#6008,.T.);
#3543=EDGE_CURVE('',#4997,#4830,#6009,.T.);
#3544=EDGE_CURVE('',#4997,#4998,#6010,.T.);
#3545=EDGE_CURVE('',#4998,#4829,#6011,.T.);
#3546=EDGE_CURVE('',#4998,#4999,#6012,.T.);
#3547=EDGE_CURVE('',#5000,#4997,#6013,.T.);
#3548=EDGE_CURVE('',#4999,#5000,#6014,.T.);
#3549=EDGE_CURVE('',#5000,#5001,#6015,.T.);
#3550=EDGE_CURVE('',#5001,#5002,#6016,.T.);
#3551=EDGE_CURVE('',#5002,#4999,#6017,.T.);
#3552=EDGE_CURVE('',#5002,#5003,#6018,.T.);
#3553=EDGE_CURVE('',#5003,#4831,#6019,.T.);
#3554=EDGE_CURVE('',#5003,#5004,#6020,.T.);
#3555=EDGE_CURVE('',#5004,#4832,#6021,.T.);
#3556=EDGE_CURVE('',#5004,#5001,#6022,.T.);
#3557=EDGE_CURVE('',#5005,#4934,#6023,.T.);
#3558=EDGE_CURVE('',#5005,#5006,#6024,.T.);
#3559=EDGE_CURVE('',#5006,#4933,#6025,.T.);
#3560=EDGE_CURVE('',#5006,#5007,#6026,.T.);
#3561=EDGE_CURVE('',#5008,#5005,#6027,.T.);
#3562=EDGE_CURVE('',#5007,#5008,#6028,.T.);
#3563=EDGE_CURVE('',#5008,#5009,#6029,.T.);
#3564=EDGE_CURVE('',#5009,#5010,#6030,.T.);
#3565=EDGE_CURVE('',#5010,#5007,#6031,.T.);
#3566=EDGE_CURVE('',#5010,#5011,#6032,.T.);
#3567=EDGE_CURVE('',#5011,#4935,#6033,.T.);
#3568=EDGE_CURVE('',#5011,#5012,#6034,.T.);
#3569=EDGE_CURVE('',#5012,#4936,#6035,.T.);
#3570=EDGE_CURVE('',#5012,#5009,#6036,.T.);
#3571=EDGE_CURVE('',#5013,#5014,#170,.F.);
#3572=EDGE_CURVE('',#5015,#5013,#6037,.F.);
#3573=EDGE_CURVE('',#5016,#5015,#171,.F.);
#3574=EDGE_CURVE('',#5014,#5016,#6038,.T.);
#3575=EDGE_CURVE('',#5015,#5017,#6039,.T.);
#3576=EDGE_CURVE('',#5018,#5013,#6040,.T.);
#3577=EDGE_CURVE('',#5017,#5018,#6041,.T.);
#3578=EDGE_CURVE('',#5019,#5020,#172,.F.);
#3579=EDGE_CURVE('',#5021,#5019,#6042,.F.);
#3580=EDGE_CURVE('',#5022,#5021,#173,.F.);
#3581=EDGE_CURVE('',#5020,#5022,#6043,.T.);
#3582=EDGE_CURVE('',#5021,#5023,#6044,.T.);
#3583=EDGE_CURVE('',#5024,#5019,#6045,.T.);
#3584=EDGE_CURVE('',#5023,#5024,#6046,.T.);
#3585=EDGE_CURVE('',#5025,#5026,#174,.F.);
#3586=EDGE_CURVE('',#5027,#5025,#6047,.F.);
#3587=EDGE_CURVE('',#5028,#5027,#175,.F.);
#3588=EDGE_CURVE('',#5026,#5028,#6048,.T.);
#3589=EDGE_CURVE('',#5027,#5029,#6049,.T.);
#3590=EDGE_CURVE('',#5030,#5025,#6050,.T.);
#3591=EDGE_CURVE('',#5029,#5030,#6051,.T.);
#3592=EDGE_CURVE('',#5031,#5032,#176,.F.);
#3593=EDGE_CURVE('',#5033,#5031,#6052,.F.);
#3594=EDGE_CURVE('',#5034,#5033,#177,.F.);
#3595=EDGE_CURVE('',#5032,#5034,#6053,.T.);
#3596=EDGE_CURVE('',#5033,#5035,#6054,.T.);
#3597=EDGE_CURVE('',#5036,#5031,#6055,.T.);
#3598=EDGE_CURVE('',#5035,#5036,#6056,.T.);
#3599=EDGE_CURVE('',#5037,#5038,#178,.F.);
#3600=EDGE_CURVE('',#5039,#5037,#6057,.F.);
#3601=EDGE_CURVE('',#5040,#5039,#179,.F.);
#3602=EDGE_CURVE('',#5038,#5040,#6058,.T.);
#3603=EDGE_CURVE('',#5039,#5041,#6059,.T.);
#3604=EDGE_CURVE('',#5042,#5037,#6060,.T.);
#3605=EDGE_CURVE('',#5041,#5042,#6061,.T.);
#3606=EDGE_CURVE('',#5043,#5044,#180,.F.);
#3607=EDGE_CURVE('',#5045,#5043,#6062,.F.);
#3608=EDGE_CURVE('',#5046,#5045,#181,.F.);
#3609=EDGE_CURVE('',#5044,#5046,#6063,.T.);
#3610=EDGE_CURVE('',#5045,#5047,#6064,.T.);
#3611=EDGE_CURVE('',#5048,#5043,#6065,.T.);
#3612=EDGE_CURVE('',#5047,#5048,#6066,.T.);
#3613=EDGE_CURVE('',#5049,#5050,#182,.F.);
#3614=EDGE_CURVE('',#5051,#5049,#6067,.F.);
#3615=EDGE_CURVE('',#5052,#5051,#183,.F.);
#3616=EDGE_CURVE('',#5050,#5052,#6068,.T.);
#3617=EDGE_CURVE('',#5051,#5053,#6069,.T.);
#3618=EDGE_CURVE('',#5054,#5049,#6070,.T.);
#3619=EDGE_CURVE('',#5053,#5054,#6071,.T.);
#3620=EDGE_CURVE('',#5055,#5056,#184,.T.);
#3621=EDGE_CURVE('',#5057,#5055,#6072,.F.);
#3622=EDGE_CURVE('',#5058,#5057,#185,.T.);
#3623=EDGE_CURVE('',#5056,#5058,#6073,.T.);
#3624=EDGE_CURVE('',#5057,#5059,#6074,.T.);
#3625=EDGE_CURVE('',#5060,#5055,#6075,.T.);
#3626=EDGE_CURVE('',#5059,#5060,#6076,.T.);
#3627=EDGE_CURVE('',#5061,#5062,#186,.F.);
#3628=EDGE_CURVE('',#5063,#5061,#6077,.F.);
#3629=EDGE_CURVE('',#5064,#5063,#187,.F.);
#3630=EDGE_CURVE('',#5062,#5064,#6078,.T.);
#3631=EDGE_CURVE('',#5063,#5065,#6079,.T.);
#3632=EDGE_CURVE('',#5066,#5061,#6080,.T.);
#3633=EDGE_CURVE('',#5065,#5066,#6081,.T.);
#3634=EDGE_CURVE('',#5067,#5068,#188,.F.);
#3635=EDGE_CURVE('',#5069,#5067,#6082,.F.);
#3636=EDGE_CURVE('',#5070,#5069,#189,.F.);
#3637=EDGE_CURVE('',#5068,#5070,#6083,.T.);
#3638=EDGE_CURVE('',#5069,#5071,#6084,.T.);
#3639=EDGE_CURVE('',#5072,#5067,#6085,.T.);
#3640=EDGE_CURVE('',#5071,#5072,#6086,.T.);
#3641=EDGE_CURVE('',#5073,#5074,#190,.F.);
#3642=EDGE_CURVE('',#5075,#5073,#6087,.F.);
#3643=EDGE_CURVE('',#5076,#5075,#191,.F.);
#3644=EDGE_CURVE('',#5074,#5076,#6088,.T.);
#3645=EDGE_CURVE('',#5075,#5077,#6089,.T.);
#3646=EDGE_CURVE('',#5078,#5073,#6090,.T.);
#3647=EDGE_CURVE('',#5077,#5078,#6091,.T.);
#3648=EDGE_CURVE('',#5079,#5080,#192,.F.);
#3649=EDGE_CURVE('',#5081,#5079,#6092,.F.);
#3650=EDGE_CURVE('',#5082,#5081,#193,.F.);
#3651=EDGE_CURVE('',#5080,#5082,#6093,.T.);
#3652=EDGE_CURVE('',#5081,#5083,#6094,.T.);
#3653=EDGE_CURVE('',#5084,#5079,#6095,.T.);
#3654=EDGE_CURVE('',#5083,#5084,#6096,.T.);
#3655=EDGE_CURVE('',#5085,#5086,#194,.F.);
#3656=EDGE_CURVE('',#5087,#5085,#6097,.F.);
#3657=EDGE_CURVE('',#5088,#5087,#195,.F.);
#3658=EDGE_CURVE('',#5086,#5088,#6098,.T.);
#3659=EDGE_CURVE('',#5087,#5089,#6099,.T.);
#3660=EDGE_CURVE('',#5090,#5085,#6100,.T.);
#3661=EDGE_CURVE('',#5089,#5090,#6101,.T.);
#3662=EDGE_CURVE('',#5091,#5092,#196,.F.);
#3663=EDGE_CURVE('',#5093,#5091,#6102,.F.);
#3664=EDGE_CURVE('',#5094,#5093,#197,.F.);
#3665=EDGE_CURVE('',#5092,#5094,#6103,.T.);
#3666=EDGE_CURVE('',#5093,#5095,#6104,.T.);
#3667=EDGE_CURVE('',#5096,#5091,#6105,.T.);
#3668=EDGE_CURVE('',#5095,#5096,#6106,.T.);
#3669=EDGE_CURVE('',#5097,#5098,#198,.F.);
#3670=EDGE_CURVE('',#5099,#5097,#6107,.F.);
#3671=EDGE_CURVE('',#5100,#5099,#199,.F.);
#3672=EDGE_CURVE('',#5098,#5100,#6108,.T.);
#3673=EDGE_CURVE('',#5099,#5101,#6109,.T.);
#3674=EDGE_CURVE('',#5102,#5097,#6110,.T.);
#3675=EDGE_CURVE('',#5101,#5102,#6111,.T.);
#3676=EDGE_CURVE('',#5103,#5104,#200,.T.);
#3677=EDGE_CURVE('',#5105,#5103,#6112,.F.);
#3678=EDGE_CURVE('',#5106,#5105,#201,.T.);
#3679=EDGE_CURVE('',#5104,#5106,#6113,.T.);
#3680=EDGE_CURVE('',#5105,#5107,#6114,.T.);
#3681=EDGE_CURVE('',#5108,#5103,#6115,.T.);
#3682=EDGE_CURVE('',#5107,#5108,#6116,.T.);
#3683=EDGE_CURVE('',#5109,#5110,#202,.F.);
#3684=EDGE_CURVE('',#5111,#5109,#6117,.F.);
#3685=EDGE_CURVE('',#5112,#5111,#203,.F.);
#3686=EDGE_CURVE('',#5110,#5112,#6118,.T.);
#3687=EDGE_CURVE('',#5113,#5114,#6119,.T.);
#3688=EDGE_CURVE('',#5114,#5115,#6120,.T.);
#3689=EDGE_CURVE('',#5115,#5116,#6121,.T.);
#3690=EDGE_CURVE('',#5116,#5113,#6122,.T.);
#3691=EDGE_CURVE('',#5117,#5114,#204,.F.);
#3692=EDGE_CURVE('',#5118,#5117,#6123,.F.);
#3693=EDGE_CURVE('',#5115,#5118,#205,.F.);
#3694=EDGE_CURVE('',#5118,#5109,#6124,.T.);
#3695=EDGE_CURVE('',#5111,#5117,#6125,.T.);
#3696=EDGE_CURVE('',#5119,#5120,#206,.F.);
#3697=EDGE_CURVE('',#5120,#5121,#6126,.T.);
#3698=EDGE_CURVE('',#5121,#5122,#207,.F.);
#3699=EDGE_CURVE('',#5122,#5119,#6127,.F.);
#3700=EDGE_CURVE('',#5123,#5120,#6128,.T.);
#3701=EDGE_CURVE('',#5124,#5123,#6129,.T.);
#3702=EDGE_CURVE('',#5121,#5124,#6130,.T.);
#3703=EDGE_CURVE('',#5125,#5126,#208,.F.);
#3704=EDGE_CURVE('',#5126,#5127,#6131,.T.);
#3705=EDGE_CURVE('',#5127,#5128,#209,.F.);
#3706=EDGE_CURVE('',#5128,#5125,#6132,.F.);
#3707=EDGE_CURVE('',#5122,#5125,#6133,.T.);
#3708=EDGE_CURVE('',#5128,#5119,#6134,.T.);
#3709=EDGE_CURVE('',#5035,#5129,#6135,.T.);
#3710=EDGE_CURVE('',#5036,#5130,#6136,.T.);
#3711=EDGE_CURVE('',#5130,#5129,#6137,.T.);
#3712=EDGE_CURVE('',#5029,#5131,#6138,.T.);
#3713=EDGE_CURVE('',#5030,#5132,#6139,.T.);
#3714=EDGE_CURVE('',#5132,#5131,#6140,.T.);
#3715=EDGE_CURVE('',#5023,#5133,#6141,.T.);
#3716=EDGE_CURVE('',#5024,#5134,#6142,.T.);
#3717=EDGE_CURVE('',#5134,#5133,#6143,.T.);
#3718=EDGE_CURVE('',#5017,#5135,#6144,.T.);
#3719=EDGE_CURVE('',#5018,#5136,#6145,.T.);
#3720=EDGE_CURVE('',#5136,#5135,#6146,.T.);
#3721=EDGE_CURVE('',#5059,#5137,#6147,.T.);
#3722=EDGE_CURVE('',#5060,#5138,#6148,.T.);
#3723=EDGE_CURVE('',#5137,#5138,#6149,.T.);
#3724=EDGE_CURVE('',#5053,#5139,#6150,.T.);
#3725=EDGE_CURVE('',#5054,#5140,#6151,.T.);
#3726=EDGE_CURVE('',#5140,#5139,#6152,.T.);
#3727=EDGE_CURVE('',#5047,#5141,#6153,.T.);
#3728=EDGE_CURVE('',#5048,#5142,#6154,.T.);
#3729=EDGE_CURVE('',#5142,#5141,#6155,.T.);
#3730=EDGE_CURVE('',#5041,#5143,#6156,.T.);
#3731=EDGE_CURVE('',#5042,#5144,#6157,.T.);
#3732=EDGE_CURVE('',#5144,#5143,#6158,.T.);
#3733=EDGE_CURVE('',#5016,#5145,#6159,.T.);
#3734=EDGE_CURVE('',#5135,#5146,#6160,.T.);
#3735=EDGE_CURVE('',#5145,#5146,#6161,.T.);
#3736=EDGE_CURVE('',#5147,#5014,#6162,.T.);
#3737=EDGE_CURVE('',#5145,#5147,#6163,.T.);
#3738=EDGE_CURVE('',#5147,#5148,#6164,.T.);
#3739=EDGE_CURVE('',#5148,#5136,#6165,.T.);
#3740=EDGE_CURVE('',#5022,#5149,#6166,.T.);
#3741=EDGE_CURVE('',#5133,#5150,#6167,.T.);
#3742=EDGE_CURVE('',#5149,#5150,#6168,.T.);
#3743=EDGE_CURVE('',#5151,#5020,#6169,.T.);
#3744=EDGE_CURVE('',#5149,#5151,#6170,.T.);
#3745=EDGE_CURVE('',#5151,#5152,#6171,.T.);
#3746=EDGE_CURVE('',#5152,#5134,#6172,.T.);
#3747=EDGE_CURVE('',#5028,#5153,#6173,.T.);
#3748=EDGE_CURVE('',#5131,#5154,#6174,.T.);
#3749=EDGE_CURVE('',#5153,#5154,#6175,.T.);
#3750=EDGE_CURVE('',#5155,#5026,#6176,.T.);
#3751=EDGE_CURVE('',#5153,#5155,#6177,.T.);
#3752=EDGE_CURVE('',#5155,#5156,#6178,.T.);
#3753=EDGE_CURVE('',#5156,#5132,#6179,.T.);
#3754=EDGE_CURVE('',#5034,#5157,#6180,.T.);
#3755=EDGE_CURVE('',#5129,#5158,#6181,.T.);
#3756=EDGE_CURVE('',#5157,#5158,#6182,.T.);
#3757=EDGE_CURVE('',#5159,#5032,#6183,.T.);
#3758=EDGE_CURVE('',#5157,#5159,#6184,.T.);
#3759=EDGE_CURVE('',#5159,#5160,#6185,.T.);
#3760=EDGE_CURVE('',#5160,#5130,#6186,.T.);
#3761=EDGE_CURVE('',#5040,#5161,#6187,.T.);
#3762=EDGE_CURVE('',#5143,#5162,#6188,.T.);
#3763=EDGE_CURVE('',#5161,#5162,#6189,.T.);
#3764=EDGE_CURVE('',#5163,#5038,#6190,.T.);
#3765=EDGE_CURVE('',#5161,#5163,#6191,.T.);
#3766=EDGE_CURVE('',#5163,#5164,#6192,.T.);
#3767=EDGE_CURVE('',#5164,#5144,#6193,.T.);
#3768=EDGE_CURVE('',#5046,#5165,#6194,.T.);
#3769=EDGE_CURVE('',#5141,#5166,#6195,.T.);
#3770=EDGE_CURVE('',#5165,#5166,#6196,.T.);
#3771=EDGE_CURVE('',#5167,#5044,#6197,.T.);
#3772=EDGE_CURVE('',#5165,#5167,#6198,.T.);
#3773=EDGE_CURVE('',#5167,#5168,#6199,.T.);
#3774=EDGE_CURVE('',#5168,#5142,#6200,.T.);
#3775=EDGE_CURVE('',#5052,#5169,#6201,.T.);
#3776=EDGE_CURVE('',#5139,#5170,#6202,.T.);
#3777=EDGE_CURVE('',#5169,#5170,#6203,.T.);
#3778=EDGE_CURVE('',#5171,#5050,#6204,.T.);
#3779=EDGE_CURVE('',#5169,#5171,#6205,.T.);
#3780=EDGE_CURVE('',#5171,#5172,#6206,.T.);
#3781=EDGE_CURVE('',#5172,#5140,#6207,.T.);
#3782=EDGE_CURVE('',#5173,#5058,#6208,.T.);
#3783=EDGE_CURVE('',#5174,#5137,#6209,.T.);
#3784=EDGE_CURVE('',#5173,#5174,#6210,.T.);
#3785=EDGE_CURVE('',#5056,#5175,#6211,.T.);
#3786=EDGE_CURVE('',#5175,#5173,#6212,.T.);
#3787=EDGE_CURVE('',#5175,#5176,#6213,.T.);
#3788=EDGE_CURVE('',#5138,#5176,#6214,.T.);
#3789=EDGE_CURVE('',#5083,#5177,#6215,.T.);
#3790=EDGE_CURVE('',#5084,#5178,#6216,.T.);
#3791=EDGE_CURVE('',#5178,#5177,#6217,.T.);
#3792=EDGE_CURVE('',#5077,#5179,#6218,.T.);
#3793=EDGE_CURVE('',#5078,#5180,#6219,.T.);
#3794=EDGE_CURVE('',#5180,#5179,#6220,.T.);
#3795=EDGE_CURVE('',#5071,#5181,#6221,.T.);
#3796=EDGE_CURVE('',#5072,#5182,#6222,.T.);
#3797=EDGE_CURVE('',#5182,#5181,#6223,.T.);
#3798=EDGE_CURVE('',#5065,#5183,#6224,.T.);
#3799=EDGE_CURVE('',#5066,#5184,#6225,.T.);
#3800=EDGE_CURVE('',#5184,#5183,#6226,.T.);
#3801=EDGE_CURVE('',#5107,#5185,#6227,.T.);
#3802=EDGE_CURVE('',#5108,#5186,#6228,.T.);
#3803=EDGE_CURVE('',#5185,#5186,#6229,.T.);
#3804=EDGE_CURVE('',#5101,#5187,#6230,.T.);
#3805=EDGE_CURVE('',#5102,#5188,#6231,.T.);
#3806=EDGE_CURVE('',#5188,#5187,#6232,.T.);
#3807=EDGE_CURVE('',#5095,#5189,#6233,.T.);
#3808=EDGE_CURVE('',#5096,#5190,#6234,.T.);
#3809=EDGE_CURVE('',#5190,#5189,#6235,.T.);
#3810=EDGE_CURVE('',#5089,#5191,#6236,.T.);
#3811=EDGE_CURVE('',#5090,#5192,#6237,.T.);
#3812=EDGE_CURVE('',#5192,#5191,#6238,.T.);
#3813=EDGE_CURVE('',#5064,#5193,#6239,.T.);
#3814=EDGE_CURVE('',#5183,#5194,#6240,.T.);
#3815=EDGE_CURVE('',#5193,#5194,#6241,.T.);
#3816=EDGE_CURVE('',#5195,#5062,#6242,.T.);
#3817=EDGE_CURVE('',#5193,#5195,#6243,.T.);
#3818=EDGE_CURVE('',#5195,#5196,#6244,.T.);
#3819=EDGE_CURVE('',#5196,#5184,#6245,.T.);
#3820=EDGE_CURVE('',#5070,#5197,#6246,.T.);
#3821=EDGE_CURVE('',#5181,#5198,#6247,.T.);
#3822=EDGE_CURVE('',#5197,#5198,#6248,.T.);
#3823=EDGE_CURVE('',#5199,#5068,#6249,.T.);
#3824=EDGE_CURVE('',#5197,#5199,#6250,.T.);
#3825=EDGE_CURVE('',#5199,#5200,#6251,.T.);
#3826=EDGE_CURVE('',#5200,#5182,#6252,.T.);
#3827=EDGE_CURVE('',#5076,#5201,#6253,.T.);
#3828=EDGE_CURVE('',#5179,#5202,#6254,.T.);
#3829=EDGE_CURVE('',#5201,#5202,#6255,.T.);
#3830=EDGE_CURVE('',#5203,#5074,#6256,.T.);
#3831=EDGE_CURVE('',#5201,#5203,#6257,.T.);
#3832=EDGE_CURVE('',#5203,#5204,#6258,.T.);
#3833=EDGE_CURVE('',#5204,#5180,#6259,.T.);
#3834=EDGE_CURVE('',#5082,#5205,#6260,.T.);
#3835=EDGE_CURVE('',#5177,#5206,#6261,.T.);
#3836=EDGE_CURVE('',#5205,#5206,#6262,.T.);
#3837=EDGE_CURVE('',#5207,#5080,#6263,.T.);
#3838=EDGE_CURVE('',#5205,#5207,#6264,.T.);
#3839=EDGE_CURVE('',#5207,#5208,#6265,.T.);
#3840=EDGE_CURVE('',#5208,#5178,#6266,.T.);
#3841=EDGE_CURVE('',#5088,#5209,#6267,.T.);
#3842=EDGE_CURVE('',#5191,#5210,#6268,.T.);
#3843=EDGE_CURVE('',#5209,#5210,#6269,.T.);
#3844=EDGE_CURVE('',#5211,#5086,#6270,.T.);
#3845=EDGE_CURVE('',#5209,#5211,#6271,.T.);
#3846=EDGE_CURVE('',#5211,#5212,#6272,.T.);
#3847=EDGE_CURVE('',#5212,#5192,#6273,.T.);
#3848=EDGE_CURVE('',#5094,#5213,#6274,.T.);
#3849=EDGE_CURVE('',#5189,#5214,#6275,.T.);
#3850=EDGE_CURVE('',#5213,#5214,#6276,.T.);
#3851=EDGE_CURVE('',#5215,#5092,#6277,.T.);
#3852=EDGE_CURVE('',#5213,#5215,#6278,.T.);
#3853=EDGE_CURVE('',#5215,#5216,#6279,.T.);
#3854=EDGE_CURVE('',#5216,#5190,#6280,.T.);
#3855=EDGE_CURVE('',#5100,#5217,#6281,.T.);
#3856=EDGE_CURVE('',#5187,#5218,#6282,.T.);
#3857=EDGE_CURVE('',#5217,#5218,#6283,.T.);
#3858=EDGE_CURVE('',#5219,#5098,#6284,.T.);
#3859=EDGE_CURVE('',#5217,#5219,#6285,.T.);
#3860=EDGE_CURVE('',#5219,#5220,#6286,.T.);
#3861=EDGE_CURVE('',#5220,#5188,#6287,.T.);
#3862=EDGE_CURVE('',#5221,#5106,#6288,.T.);
#3863=EDGE_CURVE('',#5222,#5185,#6289,.T.);
#3864=EDGE_CURVE('',#5221,#5222,#6290,.T.);
#3865=EDGE_CURVE('',#5104,#5223,#6291,.T.);
#3866=EDGE_CURVE('',#5223,#5221,#6292,.T.);
#3867=EDGE_CURVE('',#5223,#5224,#6293,.T.);
#3868=EDGE_CURVE('',#5186,#5224,#6294,.T.);
#3869=EDGE_CURVE('',#5110,#5225,#6295,.T.);
#3870=EDGE_CURVE('',#5112,#5226,#6296,.T.);
#3871=EDGE_CURVE('',#5226,#5225,#6297,.T.);
#3872=EDGE_CURVE('',#5225,#5227,#6298,.T.);
#3873=EDGE_CURVE('',#5116,#5227,#6299,.T.);
#3874=EDGE_CURVE('',#5227,#5228,#6300,.T.);
#3875=EDGE_CURVE('',#5113,#5228,#6301,.T.);
#3876=EDGE_CURVE('',#5228,#5226,#6302,.T.);
#3877=EDGE_CURVE('',#5229,#5230,#6303,.T.);
#3878=EDGE_CURVE('',#5124,#5229,#6304,.T.);
#3879=EDGE_CURVE('',#5123,#5230,#6305,.T.);
#3880=EDGE_CURVE('',#5231,#5229,#6306,.T.);
#3881=EDGE_CURVE('',#5126,#5231,#6307,.T.);
#3882=EDGE_CURVE('',#5232,#5231,#6308,.T.);
#3883=EDGE_CURVE('',#5127,#5232,#6309,.T.);
#3884=EDGE_CURVE('',#5230,#5232,#6310,.T.);
#3885=EDGE_CURVE('',#5164,#5166,#6311,.T.);
#3886=EDGE_CURVE('',#5168,#5170,#6312,.T.);
#3887=EDGE_CURVE('',#5172,#5174,#6313,.T.);
#3888=EDGE_CURVE('',#5176,#5233,#6314,.T.);
#3889=EDGE_CURVE('',#5233,#5234,#6315,.T.);
#3890=EDGE_CURVE('',#5234,#5235,#6316,.T.);
#3891=EDGE_CURVE('',#5235,#5236,#6317,.T.);
#3892=EDGE_CURVE('',#5236,#5237,#6318,.T.);
#3893=EDGE_CURVE('',#5237,#5238,#6319,.T.);
#3894=EDGE_CURVE('',#5238,#5239,#6320,.T.);
#3895=EDGE_CURVE('',#5239,#5240,#6321,.T.);
#3896=EDGE_CURVE('',#5240,#5241,#6322,.T.);
#3897=EDGE_CURVE('',#5241,#5242,#6323,.T.);
#3898=EDGE_CURVE('',#5242,#5243,#6324,.T.);
#3899=EDGE_CURVE('',#5243,#5244,#6325,.T.);
#3900=EDGE_CURVE('',#5244,#5146,#6326,.T.);
#3901=EDGE_CURVE('',#5148,#5150,#6327,.T.);
#3902=EDGE_CURVE('',#5152,#5154,#6328,.T.);
#3903=EDGE_CURVE('',#5156,#5158,#6329,.T.);
#3904=EDGE_CURVE('',#5160,#5162,#6330,.T.);
#3905=EDGE_CURVE('',#5244,#5245,#6331,.T.);
#3906=EDGE_CURVE('',#5245,#5246,#6332,.T.);
#3907=EDGE_CURVE('',#5233,#5246,#6333,.T.);
#3908=EDGE_CURVE('',#5247,#5248,#6334,.T.);
#3909=EDGE_CURVE('',#5248,#5249,#6335,.T.);
#3910=EDGE_CURVE('',#5249,#5250,#6336,.T.);
#3911=EDGE_CURVE('',#5250,#5247,#6337,.T.);
#3912=EDGE_CURVE('',#5235,#5251,#6338,.T.);
#3913=EDGE_CURVE('',#5251,#5252,#6339,.T.);
#3914=EDGE_CURVE('',#5236,#5252,#6340,.T.);
#3915=EDGE_CURVE('',#5252,#5253,#6341,.T.);
#3916=EDGE_CURVE('',#5237,#5253,#6342,.T.);
#3917=EDGE_CURVE('',#5253,#5254,#6343,.T.);
#3918=EDGE_CURVE('',#5238,#5254,#6344,.T.);
#3919=EDGE_CURVE('',#5254,#5255,#6345,.T.);
#3920=EDGE_CURVE('',#5239,#5255,#6346,.T.);
#3921=EDGE_CURVE('',#5255,#5256,#6347,.T.);
#3922=EDGE_CURVE('',#5240,#5256,#6348,.T.);
#3923=EDGE_CURVE('',#5256,#5257,#6349,.T.);
#3924=EDGE_CURVE('',#5241,#5257,#6350,.T.);
#3925=EDGE_CURVE('',#5257,#5258,#6351,.T.);
#3926=EDGE_CURVE('',#5242,#5258,#6352,.T.);
#3927=EDGE_CURVE('',#5258,#5259,#6353,.T.);
#3928=EDGE_CURVE('',#5243,#5259,#6354,.T.);
#3929=EDGE_CURVE('',#5234,#5260,#6355,.T.);
#3930=EDGE_CURVE('',#5260,#5251,#6356,.T.);
#3931=EDGE_CURVE('',#5261,#5262,#6357,.T.);
#3932=EDGE_CURVE('',#5262,#5263,#6358,.T.);
#3933=EDGE_CURVE('',#5263,#5264,#6359,.T.);
#3934=EDGE_CURVE('',#5264,#5261,#6360,.T.);
#3935=EDGE_CURVE('',#5212,#5214,#6361,.T.);
#3936=EDGE_CURVE('',#5216,#5218,#6362,.T.);
#3937=EDGE_CURVE('',#5220,#5222,#6363,.T.);
#3938=EDGE_CURVE('',#5224,#5265,#6364,.T.);
#3939=EDGE_CURVE('',#5265,#5266,#6365,.T.);
#3940=EDGE_CURVE('',#5266,#5267,#6366,.T.);
#3941=EDGE_CURVE('',#5267,#5268,#6367,.T.);
#3942=EDGE_CURVE('',#5268,#5269,#6368,.T.);
#3943=EDGE_CURVE('',#5269,#5270,#6369,.T.);
#3944=EDGE_CURVE('',#5270,#5271,#6370,.T.);
#3945=EDGE_CURVE('',#5271,#5272,#6371,.T.);
#3946=EDGE_CURVE('',#5272,#5273,#6372,.T.);
#3947=EDGE_CURVE('',#5273,#5274,#6373,.T.);
#3948=EDGE_CURVE('',#5274,#5275,#6374,.T.);
#3949=EDGE_CURVE('',#5275,#5276,#6375,.T.);
#3950=EDGE_CURVE('',#5276,#5194,#6376,.T.);
#3951=EDGE_CURVE('',#5196,#5198,#6377,.T.);
#3952=EDGE_CURVE('',#5200,#5202,#6378,.T.);
#3953=EDGE_CURVE('',#5204,#5206,#6379,.T.);
#3954=EDGE_CURVE('',#5208,#5210,#6380,.T.);
#3955=EDGE_CURVE('',#5276,#5277,#6381,.T.);
#3956=EDGE_CURVE('',#5277,#5278,#6382,.T.);
#3957=EDGE_CURVE('',#5265,#5278,#6383,.T.);
#3958=EDGE_CURVE('',#5279,#5280,#6384,.F.);
#3959=EDGE_CURVE('',#5280,#5281,#6385,.F.);
#3960=EDGE_CURVE('',#5281,#5282,#6386,.F.);
#3961=EDGE_CURVE('',#5282,#5279,#6387,.F.);
#3962=EDGE_CURVE('',#5283,#5284,#6388,.F.);
#3963=EDGE_CURVE('',#5284,#5285,#6389,.F.);
#3964=EDGE_CURVE('',#5285,#5286,#6390,.F.);
#3965=EDGE_CURVE('',#5286,#5283,#6391,.F.);
#3966=EDGE_CURVE('',#5267,#5287,#6392,.T.);
#3967=EDGE_CURVE('',#5287,#5288,#6393,.F.);
#3968=EDGE_CURVE('',#5268,#5288,#6394,.T.);
#3969=EDGE_CURVE('',#5288,#5289,#6395,.F.);
#3970=EDGE_CURVE('',#5269,#5289,#6396,.T.);
#3971=EDGE_CURVE('',#5289,#5290,#6397,.F.);
#3972=EDGE_CURVE('',#5270,#5290,#6398,.T.);
#3973=EDGE_CURVE('',#5290,#5291,#6399,.F.);
#3974=EDGE_CURVE('',#5271,#5291,#6400,.T.);
#3975=EDGE_CURVE('',#5291,#5292,#6401,.F.);
#3976=EDGE_CURVE('',#5272,#5292,#6402,.T.);
#3977=EDGE_CURVE('',#5292,#5293,#6403,.F.);
#3978=EDGE_CURVE('',#5273,#5293,#6404,.T.);
#3979=EDGE_CURVE('',#5293,#5294,#6405,.F.);
#3980=EDGE_CURVE('',#5274,#5294,#6406,.T.);
#3981=EDGE_CURVE('',#5294,#5295,#6407,.F.);
#3982=EDGE_CURVE('',#5275,#5295,#6408,.T.);
#3983=EDGE_CURVE('',#5266,#5296,#6409,.T.);
#3984=EDGE_CURVE('',#5296,#5287,#6410,.F.);
#3985=EDGE_CURVE('',#5297,#5298,#6411,.T.);
#3986=EDGE_CURVE('',#5298,#5299,#6412,.T.);
#3987=EDGE_CURVE('',#5299,#5300,#6413,.T.);
#3988=EDGE_CURVE('',#5300,#5297,#6414,.T.);
#3989=EDGE_CURVE('',#5301,#5302,#6415,.T.);
#3990=EDGE_CURVE('',#5303,#5301,#6416,.T.);
#3991=EDGE_CURVE('',#5304,#5303,#6417,.T.);
#3992=EDGE_CURVE('',#5302,#5304,#6418,.T.);
#3993=EDGE_CURVE('',#5305,#5306,#210,.T.);
#3994=EDGE_CURVE('',#5305,#5307,#211,.T.);
#3995=EDGE_CURVE('',#5306,#5307,#212,.T.);
#3996=EDGE_CURVE('',#5308,#5309,#213,.T.);
#3997=EDGE_CURVE('',#5310,#5309,#214,.F.);
#3998=EDGE_CURVE('',#5308,#5310,#215,.T.);
#3999=EDGE_CURVE('',#5311,#5312,#6419,.T.);
#4000=EDGE_CURVE('',#5312,#5313,#6420,.T.);
#4001=EDGE_CURVE('',#5314,#5313,#6421,.T.);
#4002=EDGE_CURVE('',#5314,#5311,#6422,.F.);
#4003=EDGE_CURVE('',#5315,#5316,#6423,.T.);
#4004=EDGE_CURVE('',#5316,#5245,#6424,.T.);
#4005=EDGE_CURVE('',#5259,#5317,#6425,.T.);
#4006=EDGE_CURVE('',#5318,#5317,#6426,.T.);
#4007=EDGE_CURVE('',#5318,#5315,#6427,.T.);
#4008=EDGE_CURVE('',#5319,#5245,#6428,.F.);
#4009=EDGE_CURVE('',#5320,#5316,#6429,.T.);
#4010=EDGE_CURVE('',#5319,#5320,#6430,.T.);
#4011=EDGE_CURVE('',#5321,#5246,#6431,.F.);
#4012=EDGE_CURVE('',#5321,#5319,#6432,.T.);
#4013=EDGE_CURVE('',#5322,#5323,#6433,.T.);
#4014=EDGE_CURVE('',#5246,#5322,#6434,.T.);
#4015=EDGE_CURVE('',#5323,#5321,#6435,.T.);
#4016=EDGE_CURVE('',#5324,#5322,#6436,.T.);
#4017=EDGE_CURVE('',#5324,#5325,#6437,.T.);
#4018=EDGE_CURVE('',#5325,#5326,#6438,.T.);
#4019=EDGE_CURVE('',#5326,#5260,#6439,.T.);
#4020=EDGE_CURVE('',#5327,#5248,#52,.T.);
#4021=EDGE_CURVE('',#5247,#5328,#53,.F.);
#4022=EDGE_CURVE('',#5328,#5327,#6440,.T.);
#4023=EDGE_CURVE('',#5327,#5329,#6441,.T.);
#4024=EDGE_CURVE('',#5249,#5329,#54,.F.);
#4025=EDGE_CURVE('',#5330,#5250,#55,.T.);
#4026=EDGE_CURVE('',#5329,#5330,#6442,.T.);
#4027=EDGE_CURVE('',#5330,#5328,#6443,.T.);
#4028=EDGE_CURVE('',#5331,#5252,#6444,.F.);
#4029=EDGE_CURVE('',#5332,#5251,#6445,.F.);
#4030=EDGE_CURVE('',#5331,#5332,#6446,.T.);
#4031=EDGE_CURVE('',#5333,#5253,#6447,.F.);
#4032=EDGE_CURVE('',#5333,#5331,#6448,.T.);
#4033=EDGE_CURVE('',#5334,#5254,#6449,.F.);
#4034=EDGE_CURVE('',#5334,#5333,#6450,.T.);
#4035=EDGE_CURVE('',#5335,#5255,#6451,.F.);
#4036=EDGE_CURVE('',#5335,#5334,#6452,.T.);
#4037=EDGE_CURVE('',#5336,#5256,#6453,.F.);
#4038=EDGE_CURVE('',#5336,#5335,#6454,.T.);
#4039=EDGE_CURVE('',#5337,#5257,#6455,.F.);
#4040=EDGE_CURVE('',#5337,#5336,#6456,.T.);
#4041=EDGE_CURVE('',#5338,#5258,#6457,.F.);
#4042=EDGE_CURVE('',#5338,#5337,#6458,.T.);
#4043=EDGE_CURVE('',#5339,#5259,#6459,.F.);
#4044=EDGE_CURVE('',#5339,#5338,#6460,.T.);
#4045=EDGE_CURVE('',#5317,#5340,#6461,.F.);
#4046=EDGE_CURVE('',#5340,#5339,#6462,.T.);
#4047=EDGE_CURVE('',#5341,#5326,#6463,.F.);
#4048=EDGE_CURVE('',#5342,#5341,#6464,.T.);
#4049=EDGE_CURVE('',#5342,#5260,#6465,.F.);
#4050=EDGE_CURVE('',#5332,#5342,#6466,.T.);
#4051=EDGE_CURVE('',#5343,#5262,#56,.F.);
#4052=EDGE_CURVE('',#5261,#5344,#57,.T.);
#4053=EDGE_CURVE('',#5343,#5344,#6467,.T.);
#4054=EDGE_CURVE('',#5345,#5343,#6468,.T.);
#4055=EDGE_CURVE('',#5263,#5345,#58,.T.);
#4056=EDGE_CURVE('',#5346,#5264,#59,.F.);
#4057=EDGE_CURVE('',#5346,#5345,#6469,.T.);
#4058=EDGE_CURVE('',#5344,#5346,#6470,.T.);
#4059=EDGE_CURVE('',#5347,#5348,#6471,.T.);
#4060=EDGE_CURVE('',#5347,#5349,#6472,.F.);
#4061=EDGE_CURVE('',#5349,#5350,#6473,.T.);
#4062=EDGE_CURVE('',#5350,#5348,#6474,.T.);
#4063=EDGE_CURVE('',#5351,#5352,#6475,.T.);
#4064=EDGE_CURVE('',#5352,#5353,#6476,.T.);
#4065=EDGE_CURVE('',#5354,#5353,#6477,.T.);
#4066=EDGE_CURVE('',#5354,#5351,#6478,.F.);
#4067=EDGE_CURVE('',#5355,#5356,#6479,.T.);
#4068=EDGE_CURVE('',#5356,#5277,#6480,.T.);
#4069=EDGE_CURVE('',#5295,#5357,#6481,.F.);
#4070=EDGE_CURVE('',#5358,#5357,#6482,.T.);
#4071=EDGE_CURVE('',#5358,#5355,#6483,.T.);
#4072=EDGE_CURVE('',#5359,#5277,#6484,.T.);
#4073=EDGE_CURVE('',#5360,#5356,#6485,.T.);
#4074=EDGE_CURVE('',#5359,#5360,#6486,.T.);
#4075=EDGE_CURVE('',#5361,#5278,#6487,.T.);
#4076=EDGE_CURVE('',#5361,#5359,#6488,.T.);
#4077=EDGE_CURVE('',#5362,#5363,#6489,.T.);
#4078=EDGE_CURVE('',#5278,#5362,#6490,.T.);
#4079=EDGE_CURVE('',#5363,#5361,#6491,.T.);
#4080=EDGE_CURVE('',#5364,#5362,#6492,.T.);
#4081=EDGE_CURVE('',#5364,#5365,#6493,.T.);
#4082=EDGE_CURVE('',#5365,#5366,#6494,.T.);
#4083=EDGE_CURVE('',#5366,#5296,#6495,.F.);
#4084=EDGE_CURVE('',#5367,#5368,#6496,.F.);
#4085=EDGE_CURVE('',#5279,#5368,#60,.F.);
#4086=EDGE_CURVE('',#5367,#5282,#61,.T.);
#4087=EDGE_CURVE('',#5369,#5280,#62,.T.);
#4088=EDGE_CURVE('',#5368,#5369,#6497,.F.);
#4089=EDGE_CURVE('',#5370,#5369,#6498,.T.);
#4090=EDGE_CURVE('',#5281,#5370,#63,.F.);
#4091=EDGE_CURVE('',#5370,#5367,#6499,.F.);
#4092=EDGE_CURVE('',#5371,#5372,#6500,.T.);
#4093=EDGE_CURVE('',#5283,#5372,#64,.T.);
#4094=EDGE_CURVE('',#5371,#5286,#65,.F.);
#4095=EDGE_CURVE('',#5373,#5284,#66,.F.);
#4096=EDGE_CURVE('',#5372,#5373,#6501,.T.);
#4097=EDGE_CURVE('',#5374,#5373,#6502,.F.);
#4098=EDGE_CURVE('',#5285,#5374,#67,.T.);
#4099=EDGE_CURVE('',#5374,#5371,#6503,.T.);
#4100=EDGE_CURVE('',#5375,#5288,#6504,.T.);
#4101=EDGE_CURVE('',#5376,#5287,#6505,.T.);
#4102=EDGE_CURVE('',#5375,#5376,#6506,.F.);
#4103=EDGE_CURVE('',#5377,#5289,#6507,.T.);
#4104=EDGE_CURVE('',#5377,#5375,#6508,.F.);
#4105=EDGE_CURVE('',#5378,#5290,#6509,.T.);
#4106=EDGE_CURVE('',#5378,#5377,#6510,.F.);
#4107=EDGE_CURVE('',#5379,#5291,#6511,.T.);
#4108=EDGE_CURVE('',#5379,#5378,#6512,.F.);
#4109=EDGE_CURVE('',#5380,#5292,#6513,.T.);
#4110=EDGE_CURVE('',#5380,#5379,#6514,.F.);
#4111=EDGE_CURVE('',#5381,#5293,#6515,.T.);
#4112=EDGE_CURVE('',#5381,#5380,#6516,.F.);
#4113=EDGE_CURVE('',#5382,#5294,#6517,.T.);
#4114=EDGE_CURVE('',#5382,#5381,#6518,.F.);
#4115=EDGE_CURVE('',#5383,#5295,#6519,.T.);
#4116=EDGE_CURVE('',#5383,#5382,#6520,.F.);
#4117=EDGE_CURVE('',#5357,#5384,#6521,.F.);
#4118=EDGE_CURVE('',#5384,#5383,#6522,.F.);
#4119=EDGE_CURVE('',#5385,#5366,#6523,.F.);
#4120=EDGE_CURVE('',#5386,#5385,#6524,.F.);
#4121=EDGE_CURVE('',#5386,#5296,#6525,.T.);
#4122=EDGE_CURVE('',#5376,#5386,#6526,.F.);
#4123=EDGE_CURVE('',#5387,#5388,#6527,.T.);
#4124=EDGE_CURVE('',#5387,#5389,#6528,.F.);
#4125=EDGE_CURVE('',#5389,#5390,#6529,.T.);
#4126=EDGE_CURVE('',#5390,#5388,#6530,.T.);
#4127=EDGE_CURVE('',#5391,#5392,#6531,.T.);
#4128=EDGE_CURVE('',#5300,#5392,#6532,.T.);
#4129=EDGE_CURVE('',#5299,#5391,#6533,.T.);
#4130=EDGE_CURVE('',#5392,#5393,#6534,.T.);
#4131=EDGE_CURVE('',#5297,#5393,#6535,.T.);
#4132=EDGE_CURVE('',#5393,#5394,#6536,.T.);
#4133=EDGE_CURVE('',#5298,#5394,#6537,.T.);
#4134=EDGE_CURVE('',#5394,#5391,#6538,.T.);
#4135=EDGE_CURVE('',#5395,#5307,#6539,.F.);
#4136=EDGE_CURVE('',#5395,#5396,#216,.T.);
#4137=EDGE_CURVE('',#5306,#5396,#6540,.T.);
#4138=EDGE_CURVE('',#5397,#5310,#6541,.F.);
#4139=EDGE_CURVE('',#5397,#5398,#217,.T.);
#4140=EDGE_CURVE('',#5308,#5398,#6542,.T.);
#4141=EDGE_CURVE('',#5399,#5400,#6543,.T.);
#4142=EDGE_CURVE('',#5303,#5399,#6544,.T.);
#4143=EDGE_CURVE('',#5301,#5400,#6545,.T.);
#4144=EDGE_CURVE('',#5401,#5399,#6546,.T.);
#4145=EDGE_CURVE('',#5304,#5401,#6547,.T.);
#4146=EDGE_CURVE('',#5402,#5401,#6548,.T.);
#4147=EDGE_CURVE('',#5302,#5402,#6549,.T.);
#4148=EDGE_CURVE('',#5400,#5402,#6550,.T.);
#4149=EDGE_CURVE('',#5403,#5404,#6551,.T.);
#4150=EDGE_CURVE('',#5403,#5405,#218,.F.);
#4151=EDGE_CURVE('',#5405,#5406,#219,.T.);
#4152=EDGE_CURVE('',#5406,#5407,#6552,.T.);
#4153=EDGE_CURVE('',#5404,#5407,#6553,.T.);
#4154=EDGE_CURVE('',#5408,#5409,#220,.T.);
#4155=EDGE_CURVE('',#5410,#5409,#26,.T.);
#4156=EDGE_CURVE('',#5411,#5410,#221,.T.);
#4157=EDGE_CURVE('',#5408,#5411,#27,.T.);
#4158=EDGE_CURVE('',#5412,#5410,#6554,.T.);
#4159=EDGE_CURVE('',#5413,#5412,#222,.T.);
#4160=EDGE_CURVE('',#5411,#5413,#6555,.T.);
#4161=EDGE_CURVE('',#5398,#5412,#28,.T.);
#4162=EDGE_CURVE('',#5413,#5397,#29,.T.);
#4163=EDGE_CURVE('',#5414,#5308,#6556,.F.);
#4164=EDGE_CURVE('',#5398,#5414,#223,.F.);
#4165=EDGE_CURVE('',#5415,#5416,#224,.T.);
#4166=EDGE_CURVE('',#5307,#5416,#6557,.T.);
#4167=EDGE_CURVE('',#5415,#5305,#6558,.F.);
#4168=EDGE_CURVE('',#5417,#5418,#225,.T.);
#4169=EDGE_CURVE('',#5419,#5418,#30,.T.);
#4170=EDGE_CURVE('',#5414,#5419,#226,.T.);
#4171=EDGE_CURVE('',#5417,#5414,#31,.T.);
#4172=EDGE_CURVE('',#5309,#5419,#6559,.T.);
#4173=EDGE_CURVE('',#5310,#5306,#6560,.T.);
#4174=EDGE_CURVE('',#5305,#5309,#6561,.F.);
#4175=EDGE_CURVE('',#5420,#5312,#227,.F.);
#4176=EDGE_CURVE('',#5421,#5420,#6562,.F.);
#4177=EDGE_CURVE('',#5313,#5421,#228,.F.);
#4178=EDGE_CURVE('',#5422,#5423,#229,.T.);
#4179=EDGE_CURVE('',#5424,#5422,#6563,.F.);
#4180=EDGE_CURVE('',#5425,#5424,#230,.T.);
#4181=EDGE_CURVE('',#5423,#5425,#6564,.T.);
#4182=EDGE_CURVE('',#5421,#5426,#6565,.T.);
#4183=EDGE_CURVE('',#5426,#5427,#6566,.T.);
#4184=EDGE_CURVE('',#5428,#5427,#6567,.T.);
#4185=EDGE_CURVE('',#5428,#5314,#231,.F.);
#4186=EDGE_CURVE('',#5311,#5429,#232,.F.);
#4187=EDGE_CURVE('',#5429,#5428,#6568,.T.);
#4188=EDGE_CURVE('',#5425,#5420,#6569,.T.);
#4189=EDGE_CURVE('',#5423,#5429,#6570,.T.);
#4190=EDGE_CURVE('',#5340,#5430,#6571,.T.);
#4191=EDGE_CURVE('',#5431,#5430,#6572,.T.);
#4192=EDGE_CURVE('',#5431,#5318,#6573,.T.);
#4193=EDGE_CURVE('',#5432,#5431,#6574,.T.);
#4194=EDGE_CURVE('',#5315,#5432,#6575,.T.);
#4195=EDGE_CURVE('',#5320,#5433,#6576,.T.);
#4196=EDGE_CURVE('',#5432,#5433,#6577,.T.);
#4197=EDGE_CURVE('',#5434,#5424,#6578,.T.);
#4198=EDGE_CURVE('',#5435,#5422,#6579,.T.);
#4199=EDGE_CURVE('',#5435,#5434,#6580,.T.);
#4200=EDGE_CURVE('',#5433,#5436,#6581,.T.);
#4201=EDGE_CURVE('',#5436,#5437,#6582,.T.);
#4202=EDGE_CURVE('',#5437,#5438,#6583,.T.);
#4203=EDGE_CURVE('',#5438,#5323,#6584,.T.);
#4204=EDGE_CURVE('',#5439,#5438,#6585,.T.);
#4205=EDGE_CURVE('',#5439,#5324,#6586,.T.);
#4206=EDGE_CURVE('',#5440,#5439,#6587,.T.);
#4207=EDGE_CURVE('',#5325,#5440,#6588,.T.);
#4208=EDGE_CURVE('',#5441,#5341,#6589,.T.);
#4209=EDGE_CURVE('',#5440,#5441,#6590,.T.);
#4210=EDGE_CURVE('',#5442,#5441,#6591,.T.);
#4211=EDGE_CURVE('',#5443,#5442,#6592,.T.);
#4212=EDGE_CURVE('',#5444,#5443,#6593,.T.);
#4213=EDGE_CURVE('',#5445,#5444,#6594,.T.);
#4214=EDGE_CURVE('',#5446,#5445,#6595,.T.);
#4215=EDGE_CURVE('',#5447,#5446,#6596,.T.);
#4216=EDGE_CURVE('',#5448,#5447,#6597,.T.);
#4217=EDGE_CURVE('',#5448,#5449,#6598,.T.);
#4218=EDGE_CURVE('',#5449,#5450,#6599,.T.);
#4219=EDGE_CURVE('',#5450,#5451,#6600,.T.);
#4220=EDGE_CURVE('',#5430,#5451,#6601,.T.);
#4221=EDGE_CURVE('',#5349,#5452,#233,.F.);
#4222=EDGE_CURVE('',#5453,#5347,#234,.F.);
#4223=EDGE_CURVE('',#5452,#5453,#6602,.T.);
#4224=EDGE_CURVE('',#5454,#5455,#235,.T.);
#4225=EDGE_CURVE('',#5456,#5454,#6603,.F.);
#4226=EDGE_CURVE('',#5457,#5456,#236,.T.);
#4227=EDGE_CURVE('',#5455,#5457,#6604,.T.);
#4228=EDGE_CURVE('',#5455,#5458,#6605,.T.);
#4229=EDGE_CURVE('',#5457,#5459,#6606,.T.);
#4230=EDGE_CURVE('',#5458,#5459,#6607,.T.);
#4231=EDGE_CURVE('',#5452,#5460,#6608,.T.);
#4232=EDGE_CURVE('',#5460,#5461,#6609,.T.);
#4233=EDGE_CURVE('',#5462,#5461,#6610,.T.);
#4234=EDGE_CURVE('',#5462,#5350,#237,.F.);
#4235=EDGE_CURVE('',#5463,#5462,#6611,.F.);
#4236=EDGE_CURVE('',#5348,#5463,#238,.F.);
#4237=EDGE_CURVE('',#5453,#5454,#6612,.T.);
#4238=EDGE_CURVE('',#5463,#5456,#6613,.T.);
#4239=EDGE_CURVE('',#5464,#5352,#239,.F.);
#4240=EDGE_CURVE('',#5465,#5464,#6614,.F.);
#4241=EDGE_CURVE('',#5353,#5465,#240,.F.);
#4242=EDGE_CURVE('',#5466,#5467,#241,.T.);
#4243=EDGE_CURVE('',#5468,#5466,#6615,.F.);
#4244=EDGE_CURVE('',#5469,#5468,#242,.T.);
#4245=EDGE_CURVE('',#5467,#5469,#6616,.T.);
#4246=EDGE_CURVE('',#5465,#5470,#6617,.T.);
#4247=EDGE_CURVE('',#5470,#5471,#6618,.T.);
#4248=EDGE_CURVE('',#5472,#5471,#6619,.T.);
#4249=EDGE_CURVE('',#5472,#5354,#243,.F.);
#4250=EDGE_CURVE('',#5351,#5473,#244,.F.);
#4251=EDGE_CURVE('',#5473,#5472,#6620,.T.);
#4252=EDGE_CURVE('',#5469,#5464,#6621,.T.);
#4253=EDGE_CURVE('',#5467,#5473,#6622,.T.);
#4254=EDGE_CURVE('',#5384,#5474,#6623,.T.);
#4255=EDGE_CURVE('',#5475,#5474,#6624,.T.);
#4256=EDGE_CURVE('',#5475,#5358,#6625,.T.);
#4257=EDGE_CURVE('',#5476,#5475,#6626,.T.);
#4258=EDGE_CURVE('',#5355,#5476,#6627,.T.);
#4259=EDGE_CURVE('',#5360,#5477,#6628,.T.);
#4260=EDGE_CURVE('',#5476,#5477,#6629,.T.);
#4261=EDGE_CURVE('',#5478,#5468,#6630,.T.);
#4262=EDGE_CURVE('',#5479,#5466,#6631,.T.);
#4263=EDGE_CURVE('',#5479,#5478,#6632,.T.);
#4264=EDGE_CURVE('',#5477,#5480,#6633,.T.);
#4265=EDGE_CURVE('',#5480,#5481,#6634,.T.);
#4266=EDGE_CURVE('',#5481,#5482,#6635,.T.);
#4267=EDGE_CURVE('',#5482,#5363,#6636,.T.);
#4268=EDGE_CURVE('',#5483,#5482,#6637,.T.);
#4269=EDGE_CURVE('',#5483,#5364,#6638,.T.);
#4270=EDGE_CURVE('',#5484,#5483,#6639,.T.);
#4271=EDGE_CURVE('',#5365,#5484,#6640,.T.);
#4272=EDGE_CURVE('',#5485,#5385,#6641,.T.);
#4273=EDGE_CURVE('',#5484,#5485,#6642,.T.);
#4274=EDGE_CURVE('',#5486,#5485,#6643,.T.);
#4275=EDGE_CURVE('',#5487,#5486,#6644,.T.);
#4276=EDGE_CURVE('',#5488,#5487,#6645,.T.);
#4277=EDGE_CURVE('',#5489,#5488,#6646,.T.);
#4278=EDGE_CURVE('',#5490,#5489,#6647,.T.);
#4279=EDGE_CURVE('',#5491,#5490,#6648,.T.);
#4280=EDGE_CURVE('',#5492,#5491,#6649,.T.);
#4281=EDGE_CURVE('',#5492,#5493,#6650,.T.);
#4282=EDGE_CURVE('',#5493,#5494,#6651,.T.);
#4283=EDGE_CURVE('',#5494,#5495,#6652,.T.);
#4284=EDGE_CURVE('',#5474,#5495,#6653,.T.);
#4285=EDGE_CURVE('',#5389,#5496,#245,.F.);
#4286=EDGE_CURVE('',#5497,#5387,#246,.F.);
#4287=EDGE_CURVE('',#5496,#5497,#6654,.T.);
#4288=EDGE_CURVE('',#5498,#5499,#247,.T.);
#4289=EDGE_CURVE('',#5500,#5498,#6655,.F.);
#4290=EDGE_CURVE('',#5501,#5500,#248,.T.);
#4291=EDGE_CURVE('',#5499,#5501,#6656,.T.);
#4292=EDGE_CURVE('',#5499,#5502,#6657,.T.);
#4293=EDGE_CURVE('',#5501,#5503,#6658,.T.);
#4294=EDGE_CURVE('',#5502,#5503,#6659,.T.);
#4295=EDGE_CURVE('',#5496,#5504,#6660,.T.);
#4296=EDGE_CURVE('',#5504,#5505,#6661,.T.);
#4297=EDGE_CURVE('',#5506,#5505,#6662,.T.);
#4298=EDGE_CURVE('',#5506,#5390,#249,.F.);
#4299=EDGE_CURVE('',#5507,#5506,#6663,.F.);
#4300=EDGE_CURVE('',#5388,#5507,#250,.F.);
#4301=EDGE_CURVE('',#5497,#5498,#6664,.T.);
#4302=EDGE_CURVE('',#5507,#5500,#6665,.T.);
#4303=EDGE_CURVE('',#5508,#5509,#251,.T.);
#4304=EDGE_CURVE('',#5416,#5509,#32,.T.);
#4305=EDGE_CURVE('',#5508,#5415,#33,.T.);
#4306=EDGE_CURVE('',#5416,#5395,#252,.F.);
#4307=EDGE_CURVE('',#5510,#5511,#253,.F.);
#4308=EDGE_CURVE('',#5396,#5511,#34,.T.);
#4309=EDGE_CURVE('',#5510,#5395,#35,.T.);
#4310=EDGE_CURVE('',#5512,#5513,#254,.F.);
#4311=EDGE_CURVE('',#5511,#5513,#6666,.F.);
#4312=EDGE_CURVE('',#5512,#5510,#6667,.F.);
#4313=EDGE_CURVE('',#5514,#5515,#255,.T.);
#4314=EDGE_CURVE('',#5513,#5515,#36,.T.);
#4315=EDGE_CURVE('',#5514,#5512,#37,.T.);
#4316=EDGE_CURVE('',#5516,#5517,#6668,.T.);
#4317=EDGE_CURVE('',#5516,#5518,#256,.T.);
#4318=EDGE_CURVE('',#5519,#5518,#6669,.T.);
#4319=EDGE_CURVE('',#5519,#5520,#257,.F.);
#4320=EDGE_CURVE('',#5520,#5521,#6670,.T.);
#4321=EDGE_CURVE('',#5521,#5517,#6671,.T.);
#4322=EDGE_CURVE('',#5522,#5523,#6672,.T.);
#4323=EDGE_CURVE('',#5523,#5524,#6673,.T.);
#4324=EDGE_CURVE('',#5525,#5524,#6674,.T.);
#4325=EDGE_CURVE('',#5522,#5525,#6675,.T.);
#4326=EDGE_CURVE('',#5526,#5527,#6676,.T.);
#4327=EDGE_CURVE('',#5527,#5516,#6677,.F.);
#4328=EDGE_CURVE('',#5517,#5525,#258,.T.);
#4329=EDGE_CURVE('',#5524,#5526,#259,.T.);
#4330=EDGE_CURVE('',#5528,#5527,#260,.T.);
#4331=EDGE_CURVE('',#5518,#5528,#6678,.T.);
#4332=EDGE_CURVE('',#5529,#5528,#6679,.T.);
#4333=EDGE_CURVE('',#5529,#5408,#6680,.F.);
#4334=EDGE_CURVE('',#5515,#5519,#6681,.T.);
#4335=EDGE_CURVE('',#5530,#5531,#261,.T.);
#4336=EDGE_CURVE('',#5406,#5530,#6682,.F.);
#4337=EDGE_CURVE('',#5405,#5531,#6683,.T.);
#4338=EDGE_CURVE('',#5532,#5530,#6684,.T.);
#4339=EDGE_CURVE('',#5533,#5532,#262,.T.);
#4340=EDGE_CURVE('',#5534,#5533,#6685,.T.);
#4341=EDGE_CURVE('',#5407,#5534,#263,.T.);
#4342=EDGE_CURVE('',#5535,#5533,#6686,.T.);
#4343=EDGE_CURVE('',#5536,#5535,#6687,.T.);
#4344=EDGE_CURVE('',#5536,#5534,#6688,.T.);
#4345=EDGE_CURVE('',#5535,#5537,#264,.T.);
#4346=EDGE_CURVE('',#5537,#5538,#6689,.T.);
#4347=EDGE_CURVE('',#5538,#5539,#6690,.T.);
#4348=EDGE_CURVE('',#5539,#5540,#6691,.T.);
#4349=EDGE_CURVE('',#5540,#5536,#265,.T.);
#4350=EDGE_CURVE('',#5540,#5541,#6692,.T.);
#4351=EDGE_CURVE('',#5404,#5541,#266,.T.);
#4352=EDGE_CURVE('',#5541,#5542,#6693,.T.);
#4353=EDGE_CURVE('',#5542,#5543,#267,.T.);
#4354=EDGE_CURVE('',#5543,#5544,#6694,.T.);
#4355=EDGE_CURVE('',#5544,#5545,#268,.T.);
#4356=EDGE_CURVE('',#5545,#5546,#6695,.T.);
#4357=EDGE_CURVE('',#5546,#5403,#6696,.T.);
#4358=EDGE_CURVE('',#5547,#5546,#269,.T.);
#4359=EDGE_CURVE('',#5409,#5547,#6697,.T.);
#4360=EDGE_CURVE('',#5531,#5529,#270,.T.);
#4361=EDGE_CURVE('',#5548,#5409,#271,.F.);
#4362=EDGE_CURVE('',#5548,#5547,#6698,.T.);
#4363=EDGE_CURVE('',#5410,#5549,#272,.T.);
#4364=EDGE_CURVE('',#5550,#5548,#38,.F.);
#4365=EDGE_CURVE('',#5549,#5550,#273,.T.);
#4366=EDGE_CURVE('',#5412,#5551,#274,.T.);
#4367=EDGE_CURVE('',#5551,#5549,#6699,.T.);
#4368=EDGE_CURVE('',#5552,#5551,#275,.T.);
#4369=EDGE_CURVE('',#5417,#5552,#276,.T.);
#4370=EDGE_CURVE('',#5553,#5554,#277,.F.);
#4371=EDGE_CURVE('',#5509,#5553,#6700,.F.);
#4372=EDGE_CURVE('',#5554,#5508,#6701,.T.);
#4373=EDGE_CURVE('',#5555,#5556,#278,.T.);
#4374=EDGE_CURVE('',#5555,#5417,#6702,.T.);
#4375=EDGE_CURVE('',#5557,#5552,#6703,.T.);
#4376=EDGE_CURVE('',#5557,#5556,#39,.T.);
#4377=EDGE_CURVE('',#5558,#5555,#279,.F.);
#4378=EDGE_CURVE('',#5418,#5558,#6704,.F.);
#4379=EDGE_CURVE('',#5558,#5554,#6705,.T.);
#4380=EDGE_CURVE('',#5559,#5560,#6706,.T.);
#4381=EDGE_CURVE('',#5443,#5560,#6707,.T.);
#4382=EDGE_CURVE('',#5442,#5559,#6708,.T.);
#4383=EDGE_CURVE('',#5560,#5561,#6709,.T.);
#4384=EDGE_CURVE('',#5444,#5561,#6710,.T.);
#4385=EDGE_CURVE('',#5561,#5562,#6711,.T.);
#4386=EDGE_CURVE('',#5445,#5562,#6712,.T.);
#4387=EDGE_CURVE('',#5562,#5563,#6713,.T.);
#4388=EDGE_CURVE('',#5446,#5563,#6714,.T.);
#4389=EDGE_CURVE('',#5563,#5564,#6715,.T.);
#4390=EDGE_CURVE('',#5447,#5564,#6716,.T.);
#4391=EDGE_CURVE('',#5448,#5565,#6717,.T.);
#4392=EDGE_CURVE('',#5564,#5565,#6718,.T.);
#4393=EDGE_CURVE('',#5566,#5565,#6719,.T.);
#4394=EDGE_CURVE('',#5449,#5566,#6720,.T.);
#4395=EDGE_CURVE('',#5567,#5566,#6721,.T.);
#4396=EDGE_CURVE('',#5450,#5567,#6722,.T.);
#4397=EDGE_CURVE('',#5568,#5567,#6723,.T.);
#4398=EDGE_CURVE('',#5451,#5568,#6724,.T.);
#4399=EDGE_CURVE('',#5434,#5569,#6725,.T.);
#4400=EDGE_CURVE('',#5570,#5569,#6726,.T.);
#4401=EDGE_CURVE('',#5570,#5426,#280,.F.);
#4402=EDGE_CURVE('',#5571,#5570,#6727,.F.);
#4403=EDGE_CURVE('',#5427,#5571,#281,.F.);
#4404=EDGE_CURVE('',#5571,#5572,#6728,.T.);
#4405=EDGE_CURVE('',#5435,#5572,#6729,.T.);
#4406=EDGE_CURVE('',#5568,#5569,#6730,.T.);
#4407=EDGE_CURVE('',#5573,#5572,#6731,.T.);
#4408=EDGE_CURVE('',#5436,#5573,#6732,.T.);
#4409=EDGE_CURVE('',#5574,#5573,#6733,.T.);
#4410=EDGE_CURVE('',#5437,#5574,#6734,.T.);
#4411=EDGE_CURVE('',#5574,#5575,#6735,.T.);
#4412=EDGE_CURVE('',#5458,#5575,#6736,.T.);
#4413=EDGE_CURVE('',#5459,#5576,#6737,.T.);
#4414=EDGE_CURVE('',#5576,#5559,#6738,.T.);
#4415=EDGE_CURVE('',#5577,#5575,#6739,.T.);
#4416=EDGE_CURVE('',#5577,#5460,#282,.F.);
#4417=EDGE_CURVE('',#5578,#5577,#6740,.F.);
#4418=EDGE_CURVE('',#5461,#5578,#283,.F.);
#4419=EDGE_CURVE('',#5576,#5578,#6741,.T.);
#4420=EDGE_CURVE('',#5579,#5580,#6742,.T.);
#4421=EDGE_CURVE('',#5487,#5580,#6743,.T.);
#4422=EDGE_CURVE('',#5486,#5579,#6744,.T.);
#4423=EDGE_CURVE('',#5580,#5581,#6745,.T.);
#4424=EDGE_CURVE('',#5488,#5581,#6746,.T.);
#4425=EDGE_CURVE('',#5581,#5582,#6747,.T.);
#4426=EDGE_CURVE('',#5489,#5582,#6748,.T.);
#4427=EDGE_CURVE('',#5582,#5583,#6749,.T.);
#4428=EDGE_CURVE('',#5490,#5583,#6750,.T.);
#4429=EDGE_CURVE('',#5583,#5584,#6751,.T.);
#4430=EDGE_CURVE('',#5491,#5584,#6752,.T.);
#4431=EDGE_CURVE('',#5492,#5585,#6753,.T.);
#4432=EDGE_CURVE('',#5584,#5585,#6754,.T.);
#4433=EDGE_CURVE('',#5586,#5585,#6755,.T.);
#4434=EDGE_CURVE('',#5493,#5586,#6756,.T.);
#4435=EDGE_CURVE('',#5587,#5586,#6757,.T.);
#4436=EDGE_CURVE('',#5494,#5587,#6758,.T.);
#4437=EDGE_CURVE('',#5588,#5587,#6759,.T.);
#4438=EDGE_CURVE('',#5495,#5588,#6760,.T.);
#4439=EDGE_CURVE('',#5478,#5589,#6761,.T.);
#4440=EDGE_CURVE('',#5590,#5589,#6762,.T.);
#4441=EDGE_CURVE('',#5590,#5470,#284,.F.);
#4442=EDGE_CURVE('',#5591,#5590,#6763,.F.);
#4443=EDGE_CURVE('',#5471,#5591,#285,.F.);
#4444=EDGE_CURVE('',#5592,#5591,#6764,.T.);
#4445=EDGE_CURVE('',#5479,#5592,#6765,.T.);
#4446=EDGE_CURVE('',#5588,#5589,#6766,.T.);
#4447=EDGE_CURVE('',#5592,#5593,#6767,.T.);
#4448=EDGE_CURVE('',#5480,#5593,#6768,.T.);
#4449=EDGE_CURVE('',#5594,#5593,#6769,.T.);
#4450=EDGE_CURVE('',#5481,#5594,#6770,.T.);
#4451=EDGE_CURVE('',#5594,#5595,#6771,.T.);
#4452=EDGE_CURVE('',#5502,#5595,#6772,.T.);
#4453=EDGE_CURVE('',#5503,#5596,#6773,.T.);
#4454=EDGE_CURVE('',#5596,#5579,#6774,.T.);
#4455=EDGE_CURVE('',#5597,#5595,#6775,.T.);
#4456=EDGE_CURVE('',#5597,#5504,#286,.F.);
#4457=EDGE_CURVE('',#5598,#5597,#6776,.F.);
#4458=EDGE_CURVE('',#5505,#5598,#287,.F.);
#4459=EDGE_CURVE('',#5596,#5598,#6777,.T.);
#4460=EDGE_CURVE('',#5510,#5599,#288,.T.);
#4461=EDGE_CURVE('',#5509,#5600,#289,.T.);
#4462=EDGE_CURVE('',#5599,#5600,#290,.T.);
#4463=EDGE_CURVE('',#5512,#5601,#291,.T.);
#4464=EDGE_CURVE('',#5601,#5599,#6778,.F.);
#4465=EDGE_CURVE('',#5514,#5602,#292,.F.);
#4466=EDGE_CURVE('',#5603,#5601,#293,.T.);
#4467=EDGE_CURVE('',#5602,#5603,#40,.T.);
#4468=EDGE_CURVE('',#5602,#5604,#6779,.T.);
#4469=EDGE_CURVE('',#5604,#5514,#6780,.F.);
#4470=EDGE_CURVE('',#5605,#5604,#294,.T.);
#4471=EDGE_CURVE('',#5520,#5605,#6781,.F.);
#4472=EDGE_CURVE('',#5606,#5607,#6782,.T.);
#4473=EDGE_CURVE('',#5521,#5606,#295,.T.);
#4474=EDGE_CURVE('',#5608,#5605,#6783,.T.);
#4475=EDGE_CURVE('',#5609,#5608,#296,.T.);
#4476=EDGE_CURVE('',#5610,#5609,#6784,.T.);
#4477=EDGE_CURVE('',#5607,#5610,#297,.T.);
#4478=EDGE_CURVE('',#5611,#5606,#6785,.T.);
#4479=EDGE_CURVE('',#5611,#5522,#298,.T.);
#4480=EDGE_CURVE('',#5612,#5613,#6786,.T.);
#4481=EDGE_CURVE('',#5523,#5612,#299,.T.);
#4482=EDGE_CURVE('',#5614,#5611,#6787,.T.);
#4483=EDGE_CURVE('',#5613,#5614,#6788,.T.);
#4484=EDGE_CURVE('',#5615,#5553,#300,.T.);
#4485=EDGE_CURVE('',#5615,#5616,#41,.T.);
#4486=EDGE_CURVE('',#5600,#5616,#6789,.F.);
#4487=EDGE_CURVE('',#5617,#5617,#301,.F.);
#4488=EDGE_CURVE('',#5618,#5618,#302,.T.);
#4489=EDGE_CURVE('',#5619,#5620,#6790,.T.);
#4490=EDGE_CURVE('',#5620,#5621,#6791,.T.);
#4491=EDGE_CURVE('',#5621,#5622,#6792,.T.);
#4492=EDGE_CURVE('',#5622,#5619,#6793,.T.);
#4493=EDGE_CURVE('',#5623,#5624,#6794,.T.);
#4494=EDGE_CURVE('',#5625,#5623,#6795,.T.);
#4495=EDGE_CURVE('',#5626,#5625,#6796,.T.);
#4496=EDGE_CURVE('',#5624,#5626,#6797,.T.);
#4497=EDGE_CURVE('',#5627,#5628,#6798,.T.);
#4498=EDGE_CURVE('',#5629,#5627,#6799,.T.);
#4499=EDGE_CURVE('',#5630,#5629,#6800,.T.);
#4500=EDGE_CURVE('',#5628,#5630,#6801,.T.);
#4501=EDGE_CURVE('',#5626,#5628,#6802,.T.);
#4502=EDGE_CURVE('',#5630,#5624,#6803,.T.);
#4503=EDGE_CURVE('',#5631,#5632,#6804,.T.);
#4504=EDGE_CURVE('',#5633,#5631,#6805,.T.);
#4505=EDGE_CURVE('',#5634,#5633,#6806,.T.);
#4506=EDGE_CURVE('',#5632,#5634,#6807,.T.);
#4507=EDGE_CURVE('',#5635,#5636,#6808,.T.);
#4508=EDGE_CURVE('',#5637,#5635,#6809,.T.);
#4509=EDGE_CURVE('',#5638,#5637,#6810,.T.);
#4510=EDGE_CURVE('',#5636,#5638,#6811,.T.);
#4511=EDGE_CURVE('',#5634,#5636,#6812,.T.);
#4512=EDGE_CURVE('',#5638,#5632,#6813,.T.);
#4513=EDGE_CURVE('',#5639,#5640,#6814,.T.);
#4514=EDGE_CURVE('',#5641,#5639,#6815,.T.);
#4515=EDGE_CURVE('',#5642,#5641,#6816,.T.);
#4516=EDGE_CURVE('',#5640,#5642,#6817,.T.);
#4517=EDGE_CURVE('',#5643,#5644,#6818,.T.);
#4518=EDGE_CURVE('',#5645,#5643,#6819,.T.);
#4519=EDGE_CURVE('',#5646,#5645,#6820,.T.);
#4520=EDGE_CURVE('',#5644,#5646,#6821,.T.);
#4521=EDGE_CURVE('',#5642,#5644,#6822,.T.);
#4522=EDGE_CURVE('',#5646,#5640,#6823,.T.);
#4523=EDGE_CURVE('',#5647,#5648,#6824,.T.);
#4524=EDGE_CURVE('',#5649,#5647,#6825,.T.);
#4525=EDGE_CURVE('',#5650,#5649,#6826,.T.);
#4526=EDGE_CURVE('',#5648,#5650,#6827,.T.);
#4527=EDGE_CURVE('',#5651,#5652,#6828,.T.);
#4528=EDGE_CURVE('',#5653,#5651,#6829,.T.);
#4529=EDGE_CURVE('',#5654,#5653,#6830,.T.);
#4530=EDGE_CURVE('',#5652,#5654,#6831,.T.);
#4531=EDGE_CURVE('',#5650,#5652,#6832,.T.);
#4532=EDGE_CURVE('',#5654,#5648,#6833,.T.);
#4533=EDGE_CURVE('',#5655,#5656,#6834,.T.);
#4534=EDGE_CURVE('',#5656,#5657,#6835,.T.);
#4535=EDGE_CURVE('',#5657,#5658,#6836,.T.);
#4536=EDGE_CURVE('',#5658,#5655,#6837,.T.);
#4537=EDGE_CURVE('',#5612,#5659,#6838,.T.);
#4538=EDGE_CURVE('',#5659,#5660,#303,.T.);
#4539=EDGE_CURVE('',#5660,#5526,#6839,.T.);
#4540=EDGE_CURVE('',#5660,#5661,#6840,.T.);
#4541=EDGE_CURVE('',#5662,#5661,#6841,.T.);
#4542=EDGE_CURVE('',#5663,#5662,#6842,.T.);
#4543=EDGE_CURVE('',#5663,#5532,#6843,.T.);
#4544=EDGE_CURVE('',#5537,#5664,#6844,.T.);
#4545=EDGE_CURVE('',#5664,#5663,#304,.T.);
#4546=EDGE_CURVE('',#5665,#5666,#6845,.T.);
#4547=EDGE_CURVE('',#5667,#5665,#6846,.T.);
#4548=EDGE_CURVE('',#5668,#5667,#6847,.T.);
#4549=EDGE_CURVE('',#5666,#5668,#6848,.T.);
#4550=EDGE_CURVE('',#5669,#5665,#6849,.T.);
#4551=EDGE_CURVE('',#5669,#5670,#6850,.T.);
#4552=EDGE_CURVE('',#5667,#5670,#6851,.T.);
#4553=EDGE_CURVE('',#5670,#5671,#6852,.T.);
#4554=EDGE_CURVE('',#5672,#5669,#6853,.T.);
#4555=EDGE_CURVE('',#5671,#5672,#6854,.T.);
#4556=EDGE_CURVE('',#5673,#5674,#305,.T.);
#4557=EDGE_CURVE('',#5675,#5674,#6855,.T.);
#4558=EDGE_CURVE('',#5676,#5675,#306,.T.);
#4559=EDGE_CURVE('',#5676,#5673,#6856,.T.);
#4560=EDGE_CURVE('',#5674,#5677,#6857,.T.);
#4561=EDGE_CURVE('',#5538,#5677,#6858,.T.);
#4562=EDGE_CURVE('',#5675,#5664,#6859,.T.);
#4563=EDGE_CURVE('',#5677,#5678,#6860,.T.);
#4564=EDGE_CURVE('',#5539,#5678,#6861,.T.);
#4565=EDGE_CURVE('',#5678,#5679,#6862,.T.);
#4566=EDGE_CURVE('',#5542,#5679,#6863,.T.);
#4567=EDGE_CURVE('',#5679,#5680,#307,.T.);
#4568=EDGE_CURVE('',#5543,#5680,#6864,.T.);
#4569=EDGE_CURVE('',#5680,#5681,#6865,.T.);
#4570=EDGE_CURVE('',#5544,#5681,#6866,.T.);
#4571=EDGE_CURVE('',#5681,#5682,#308,.T.);
#4572=EDGE_CURVE('',#5545,#5682,#6867,.T.);
#4573=EDGE_CURVE('',#5682,#5683,#6868,.T.);
#4574=EDGE_CURVE('',#5550,#5683,#6869,.T.);
#4575=EDGE_CURVE('',#5684,#5549,#6870,.F.);
#4576=EDGE_CURVE('',#5683,#5684,#309,.T.);
#4577=EDGE_CURVE('',#5551,#5685,#6871,.T.);
#4578=EDGE_CURVE('',#5685,#5684,#6872,.T.);
#4579=EDGE_CURVE('',#5552,#5686,#6873,.T.);
#4580=EDGE_CURVE('',#5686,#5685,#310,.F.);
#4581=EDGE_CURVE('',#5687,#5686,#6874,.T.);
#4582=EDGE_CURVE('',#5687,#5557,#311,.F.);
#4583=EDGE_CURVE('',#4859,#5688,#68,.T.);
#4584=EDGE_CURVE('',#5556,#5688,#6875,.F.);
#4585=EDGE_CURVE('',#4859,#5687,#6876,.T.);
#4586=EDGE_CURVE('',#5688,#5689,#6877,.F.);
#4587=EDGE_CURVE('',#5689,#5615,#6878,.F.);
#4588=EDGE_CURVE('',#5599,#5690,#6879,.T.);
#4589=EDGE_CURVE('',#5600,#5691,#6880,.T.);
#4590=EDGE_CURVE('',#5691,#5690,#312,.T.);
#4591=EDGE_CURVE('',#5692,#5601,#6881,.F.);
#4592=EDGE_CURVE('',#5690,#5692,#6882,.T.);
#4593=EDGE_CURVE('',#5603,#5693,#6883,.T.);
#4594=EDGE_CURVE('',#5693,#5692,#313,.F.);
#4595=EDGE_CURVE('',#5694,#5693,#6884,.T.);
#4596=EDGE_CURVE('',#5608,#5694,#6885,.T.);
#4597=EDGE_CURVE('',#5695,#5694,#314,.T.);
#4598=EDGE_CURVE('',#5609,#5695,#6886,.T.);
#4599=EDGE_CURVE('',#5696,#5695,#6887,.T.);
#4600=EDGE_CURVE('',#5610,#5696,#6888,.T.);
#4601=EDGE_CURVE('',#5697,#5696,#315,.T.);
#4602=EDGE_CURVE('',#5607,#5697,#6889,.T.);
#4603=EDGE_CURVE('',#5698,#5697,#6890,.T.);
#4604=EDGE_CURVE('',#5614,#5698,#6891,.T.);
#4605=EDGE_CURVE('',#5613,#5699,#6892,.T.);
#4606=EDGE_CURVE('',#5699,#5698,#6893,.T.);
#4607=EDGE_CURVE('',#5700,#5699,#6894,.T.);
#4608=EDGE_CURVE('',#5701,#5700,#6895,.T.);
#4609=EDGE_CURVE('',#5701,#5659,#6896,.T.);
#4610=EDGE_CURVE('',#5702,#5700,#316,.T.);
#4611=EDGE_CURVE('',#5703,#5702,#6897,.T.);
#4612=EDGE_CURVE('',#5703,#5701,#317,.T.);
#4613=EDGE_CURVE('',#5704,#5705,#6898,.T.);
#4614=EDGE_CURVE('',#5706,#5704,#6899,.T.);
#4615=EDGE_CURVE('',#5707,#5706,#6900,.T.);
#4616=EDGE_CURVE('',#5705,#5707,#6901,.T.);
#4617=EDGE_CURVE('',#5707,#5708,#6902,.T.);
#4618=EDGE_CURVE('',#5708,#5709,#6903,.T.);
#4619=EDGE_CURVE('',#5709,#5705,#6904,.T.);
#4620=EDGE_CURVE('',#5710,#5708,#6905,.T.);
#4621=EDGE_CURVE('',#5711,#5710,#6906,.T.);
#4622=EDGE_CURVE('',#5709,#5711,#6907,.T.);
#4623=EDGE_CURVE('',#4858,#5689,#69,.T.);
#4624=EDGE_CURVE('',#5712,#4858,#6908,.T.);
#4625=EDGE_CURVE('',#5616,#5712,#318,.F.);
#4626=EDGE_CURVE('',#5712,#5691,#6909,.T.);
#4627=EDGE_CURVE('',#5713,#5714,#319,.T.);
#4628=EDGE_CURVE('',#5715,#5713,#6910,.T.);
#4629=EDGE_CURVE('',#5716,#5715,#6911,.T.);
#4630=EDGE_CURVE('',#5714,#5716,#6912,.T.);
#4631=EDGE_CURVE('',#5717,#5718,#6913,.T.);
#4632=EDGE_CURVE('',#5719,#5717,#6914,.T.);
#4633=EDGE_CURVE('',#5720,#5719,#320,.T.);
#4634=EDGE_CURVE('',#5718,#5720,#6915,.T.);
#4635=EDGE_CURVE('',#5721,#5722,#321,.T.);
#4636=EDGE_CURVE('',#5721,#5723,#42,.T.);
#4637=EDGE_CURVE('',#5724,#5723,#322,.T.);
#4638=EDGE_CURVE('',#5724,#5722,#43,.T.);
#4639=EDGE_CURVE('',#5725,#5726,#6916,.T.);
#4640=EDGE_CURVE('',#5727,#5725,#6917,.T.);
#4641=EDGE_CURVE('',#5728,#5727,#6918,.T.);
#4642=EDGE_CURVE('',#5726,#5728,#323,.T.);
#4643=EDGE_CURVE('',#5729,#5730,#6919,.T.);
#4644=EDGE_CURVE('',#5731,#5729,#6920,.T.);
#4645=EDGE_CURVE('',#5732,#5731,#6921,.T.);
#4646=EDGE_CURVE('',#5730,#5732,#324,.T.);
#4647=EDGE_CURVE('',#5733,#5734,#44,.T.);
#4648=EDGE_CURVE('',#5735,#5733,#325,.F.);
#4649=EDGE_CURVE('',#5736,#5735,#45,.T.);
#4650=EDGE_CURVE('',#5734,#5736,#326,.F.);
#4651=EDGE_CURVE('',#5737,#5738,#6922,.T.);
#4652=EDGE_CURVE('',#5739,#5737,#6923,.T.);
#4653=EDGE_CURVE('',#5740,#5739,#6924,.T.);
#4654=EDGE_CURVE('',#5738,#5740,#6925,.T.);
#4655=EDGE_CURVE('',#5741,#5742,#6926,.T.);
#4656=EDGE_CURVE('',#5743,#5741,#6927,.T.);
#4657=EDGE_CURVE('',#5744,#5743,#6928,.T.);
#4658=EDGE_CURVE('',#5742,#5744,#6929,.T.);
#4659=EDGE_CURVE('',#5745,#5746,#6930,.T.);
#4660=EDGE_CURVE('',#5746,#5747,#6931,.T.);
#4661=EDGE_CURVE('',#5747,#5748,#6932,.T.);
#4662=EDGE_CURVE('',#5748,#5745,#6933,.T.);
#4663=EDGE_CURVE('',#5749,#5750,#6934,.T.);
#4664=EDGE_CURVE('',#5751,#5749,#6935,.T.);
#4665=EDGE_CURVE('',#5752,#5751,#6936,.T.);
#4666=EDGE_CURVE('',#5750,#5752,#6937,.T.);
#4667=EDGE_CURVE('',#5753,#5754,#6938,.T.);
#4668=EDGE_CURVE('',#5755,#5753,#6939,.T.);
#4669=EDGE_CURVE('',#5756,#5755,#6940,.T.);
#4670=EDGE_CURVE('',#5754,#5756,#6941,.T.);
#4671=EDGE_CURVE('',#5752,#5754,#6942,.T.);
#4672=EDGE_CURVE('',#5756,#5750,#6943,.T.);
#4673=EDGE_CURVE('',#5757,#5758,#6944,.T.);
#4674=EDGE_CURVE('',#5759,#5757,#6945,.T.);
#4675=EDGE_CURVE('',#5760,#5759,#6946,.T.);
#4676=EDGE_CURVE('',#5758,#5760,#6947,.T.);
#4677=EDGE_CURVE('',#5761,#5762,#6948,.T.);
#4678=EDGE_CURVE('',#5763,#5761,#6949,.T.);
#4679=EDGE_CURVE('',#5764,#5763,#6950,.T.);
#4680=EDGE_CURVE('',#5762,#5764,#6951,.T.);
#4681=EDGE_CURVE('',#5760,#5762,#6952,.T.);
#4682=EDGE_CURVE('',#5764,#5758,#6953,.T.);
#4683=EDGE_CURVE('',#5765,#5766,#6954,.T.);
#4684=EDGE_CURVE('',#5767,#5765,#6955,.T.);
#4685=EDGE_CURVE('',#5768,#5767,#6956,.T.);
#4686=EDGE_CURVE('',#5766,#5768,#6957,.T.);
#4687=EDGE_CURVE('',#5769,#5770,#6958,.T.);
#4688=EDGE_CURVE('',#5771,#5769,#6959,.T.);
#4689=EDGE_CURVE('',#5772,#5771,#6960,.T.);
#4690=EDGE_CURVE('',#5770,#5772,#6961,.T.);
#4691=EDGE_CURVE('',#5768,#5770,#6962,.T.);
#4692=EDGE_CURVE('',#5772,#5766,#6963,.T.);
#4693=EDGE_CURVE('',#5773,#5774,#6964,.T.);
#4694=EDGE_CURVE('',#5775,#5773,#6965,.T.);
#4695=EDGE_CURVE('',#5776,#5775,#6966,.T.);
#4696=EDGE_CURVE('',#5774,#5776,#6967,.T.);
#4697=EDGE_CURVE('',#5777,#5778,#6968,.T.);
#4698=EDGE_CURVE('',#5779,#5777,#6969,.T.);
#4699=EDGE_CURVE('',#5780,#5779,#6970,.T.);
#4700=EDGE_CURVE('',#5778,#5780,#6971,.T.);
#4701=EDGE_CURVE('',#5776,#5778,#6972,.T.);
#4702=EDGE_CURVE('',#5780,#5774,#6973,.T.);
#4703=EDGE_CURVE('',#5781,#5782,#6974,.T.);
#4704=EDGE_CURVE('',#5783,#5781,#6975,.T.);
#4705=EDGE_CURVE('',#5784,#5783,#6976,.T.);
#4706=EDGE_CURVE('',#5782,#5784,#6977,.T.);
#4707=EDGE_CURVE('',#5619,#4836,#6978,.T.);
#4708=EDGE_CURVE('',#5622,#4834,#6979,.T.);
#4709=EDGE_CURVE('',#5620,#4835,#6980,.T.);
#4710=EDGE_CURVE('',#5621,#4833,#6981,.T.);
#4711=EDGE_CURVE('',#5625,#4840,#6982,.T.);
#4712=EDGE_CURVE('',#5623,#4838,#6983,.T.);
#4713=EDGE_CURVE('',#5627,#4839,#6984,.T.);
#4714=EDGE_CURVE('',#5629,#4837,#6985,.T.);
#4715=EDGE_CURVE('',#5633,#4844,#6986,.T.);
#4716=EDGE_CURVE('',#5631,#4842,#6987,.T.);
#4717=EDGE_CURVE('',#5635,#4843,#6988,.T.);
#4718=EDGE_CURVE('',#5637,#4841,#6989,.T.);
#4719=EDGE_CURVE('',#5641,#4848,#6990,.T.);
#4720=EDGE_CURVE('',#5639,#4846,#6991,.T.);
#4721=EDGE_CURVE('',#5643,#4847,#6992,.T.);
#4722=EDGE_CURVE('',#5645,#4845,#6993,.T.);
#4723=EDGE_CURVE('',#5649,#4852,#6994,.T.);
#4724=EDGE_CURVE('',#5647,#4850,#6995,.T.);
#4725=EDGE_CURVE('',#5651,#4851,#6996,.T.);
#4726=EDGE_CURVE('',#5653,#4849,#6997,.T.);
#4727=EDGE_CURVE('',#5656,#4856,#6998,.T.);
#4728=EDGE_CURVE('',#5655,#4854,#6999,.T.);
#4729=EDGE_CURVE('',#5657,#4855,#7000,.T.);
#4730=EDGE_CURVE('',#5658,#4853,#7001,.T.);
#4731=EDGE_CURVE('',#5711,#4872,#7002,.T.);
#4732=EDGE_CURVE('',#5710,#4857,#7003,.T.);
#4733=EDGE_CURVE('',#5704,#4871,#7004,.T.);
#4734=EDGE_CURVE('',#5706,#4870,#7005,.T.);
#4735=EDGE_CURVE('',#4869,#5702,#7006,.T.);
#4736=EDGE_CURVE('',#4868,#5703,#7007,.T.);
#4737=EDGE_CURVE('',#4867,#5661,#7008,.T.);
#4738=EDGE_CURVE('',#4866,#5662,#7009,.T.);
#4739=EDGE_CURVE('',#4865,#5676,#7010,.T.);
#4740=EDGE_CURVE('',#4864,#5673,#7011,.T.);
#4741=EDGE_CURVE('',#5671,#4862,#7012,.T.);
#4742=EDGE_CURVE('',#5672,#4863,#7013,.T.);
#4743=EDGE_CURVE('',#5668,#4861,#7014,.T.);
#4744=EDGE_CURVE('',#5666,#4860,#7015,.T.);
#4745=EDGE_CURVE('',#5718,#4884,#7016,.T.);
#4746=EDGE_CURVE('',#5720,#4873,#7017,.T.);
#4747=EDGE_CURVE('',#5717,#4883,#7018,.T.);
#4748=EDGE_CURVE('',#5719,#4882,#7019,.T.);
#4749=EDGE_CURVE('',#5723,#4880,#7020,.T.);
#4750=EDGE_CURVE('',#4881,#5721,#7021,.F.);
#4751=EDGE_CURVE('',#5715,#4878,#7022,.T.);
#4752=EDGE_CURVE('',#5713,#4879,#7023,.T.);
#4753=EDGE_CURVE('',#5716,#4877,#7024,.T.);
#4754=EDGE_CURVE('',#5714,#4876,#7025,.T.);
#4755=EDGE_CURVE('',#4875,#5724,#7026,.F.);
#4756=EDGE_CURVE('',#5722,#4874,#7027,.T.);
#4757=EDGE_CURVE('',#5729,#4896,#7028,.T.);
#4758=EDGE_CURVE('',#5730,#4886,#7029,.T.);
#4759=EDGE_CURVE('',#5731,#4895,#7030,.T.);
#4760=EDGE_CURVE('',#5732,#4894,#7031,.T.);
#4761=EDGE_CURVE('',#4893,#5734,#7032,.F.);
#4762=EDGE_CURVE('',#5733,#4892,#7033,.T.);
#4763=EDGE_CURVE('',#5725,#4890,#7034,.T.);
#4764=EDGE_CURVE('',#5726,#4891,#7035,.T.);
#4765=EDGE_CURVE('',#5727,#4889,#7036,.T.);
#4766=EDGE_CURVE('',#5728,#4888,#7037,.T.);
#4767=EDGE_CURVE('',#4887,#5735,#7038,.F.);
#4768=EDGE_CURVE('',#5736,#4885,#7039,.T.);
#4769=EDGE_CURVE('',#5739,#4900,#7040,.T.);
#4770=EDGE_CURVE('',#5737,#4897,#7041,.T.);
#4771=EDGE_CURVE('',#5740,#4899,#7042,.T.);
#4772=EDGE_CURVE('',#5738,#4898,#7043,.T.);
#4773=EDGE_CURVE('',#5743,#4904,#7044,.T.);
#4774=EDGE_CURVE('',#5741,#4901,#7045,.T.);
#4775=EDGE_CURVE('',#5744,#4903,#7046,.T.);
#4776=EDGE_CURVE('',#5742,#4902,#7047,.T.);
#4777=EDGE_CURVE('',#5746,#4908,#7048,.T.);
#4778=EDGE_CURVE('',#5745,#4906,#7049,.T.);
#4779=EDGE_CURVE('',#5747,#4907,#7050,.T.);
#4780=EDGE_CURVE('',#5748,#4905,#7051,.T.);
#4781=EDGE_CURVE('',#5751,#4912,#7052,.T.);
#4782=EDGE_CURVE('',#5749,#4910,#7053,.T.);
#4783=EDGE_CURVE('',#5753,#4911,#7054,.T.);
#4784=EDGE_CURVE('',#5755,#4909,#7055,.T.);
#4785=EDGE_CURVE('',#5759,#4916,#7056,.T.);
#4786=EDGE_CURVE('',#5757,#4914,#7057,.T.);
#4787=EDGE_CURVE('',#5761,#4915,#7058,.T.);
#4788=EDGE_CURVE('',#5763,#4913,#7059,.T.);
#4789=EDGE_CURVE('',#5767,#4920,#7060,.T.);
#4790=EDGE_CURVE('',#5765,#4918,#7061,.T.);
#4791=EDGE_CURVE('',#5769,#4919,#7062,.T.);
#4792=EDGE_CURVE('',#5771,#4917,#7063,.T.);
#4793=EDGE_CURVE('',#5775,#4924,#7064,.T.);
#4794=EDGE_CURVE('',#5773,#4922,#7065,.T.);
#4795=EDGE_CURVE('',#5777,#4923,#7066,.T.);
#4796=EDGE_CURVE('',#5779,#4921,#7067,.T.);
#4797=EDGE_CURVE('',#5781,#4928,#7068,.T.);
#4798=EDGE_CURVE('',#5782,#4925,#7069,.T.);
#4799=EDGE_CURVE('',#5783,#4927,#7070,.T.);
#4800=EDGE_CURVE('',#5784,#4926,#7071,.T.);
#4801=EDGE_CURVE('',#5785,#4930,#7072,.T.);
#4802=EDGE_CURVE('',#5785,#5786,#7073,.T.);
#4803=EDGE_CURVE('',#5786,#4931,#7074,.T.);
#4804=EDGE_CURVE('',#5787,#4929,#7075,.T.);
#4805=EDGE_CURVE('',#5787,#5785,#7076,.T.);
#4806=EDGE_CURVE('',#5788,#5787,#7077,.T.);
#4807=EDGE_CURVE('',#5786,#5788,#7078,.T.);
#4808=EDGE_CURVE('',#5788,#4932,#7079,.T.);
#4809=VERTEX_POINT('',#17936);
#4810=VERTEX_POINT('',#17937);
#4811=VERTEX_POINT('',#17939);
#4812=VERTEX_POINT('',#17941);
#4813=VERTEX_POINT('',#17945);
#4814=VERTEX_POINT('',#17947);
#4815=VERTEX_POINT('',#17951);
#4816=VERTEX_POINT('',#17955);
#4817=VERTEX_POINT('',#17961);
#4818=VERTEX_POINT('',#17962);
#4819=VERTEX_POINT('',#17964);
#4820=VERTEX_POINT('',#17966);
#4821=VERTEX_POINT('',#17969);
#4822=VERTEX_POINT('',#17970);
#4823=VERTEX_POINT('',#17972);
#4824=VERTEX_POINT('',#17974);
#4825=VERTEX_POINT('',#17977);
#4826=VERTEX_POINT('',#17978);
#4827=VERTEX_POINT('',#17980);
#4828=VERTEX_POINT('',#17982);
#4829=VERTEX_POINT('',#17985);
#4830=VERTEX_POINT('',#17986);
#4831=VERTEX_POINT('',#17988);
#4832=VERTEX_POINT('',#17990);
#4833=VERTEX_POINT('',#17993);
#4834=VERTEX_POINT('',#17994);
#4835=VERTEX_POINT('',#17996);
#4836=VERTEX_POINT('',#17998);
#4837=VERTEX_POINT('',#18001);
#4838=VERTEX_POINT('',#18002);
#4839=VERTEX_POINT('',#18004);
#4840=VERTEX_POINT('',#18006);
#4841=VERTEX_POINT('',#18009);
#4842=VERTEX_POINT('',#18010);
#4843=VERTEX_POINT('',#18012);
#4844=VERTEX_POINT('',#18014);
#4845=VERTEX_POINT('',#18017);
#4846=VERTEX_POINT('',#18018);
#4847=VERTEX_POINT('',#18020);
#4848=VERTEX_POINT('',#18022);
#4849=VERTEX_POINT('',#18025);
#4850=VERTEX_POINT('',#18026);
#4851=VERTEX_POINT('',#18028);
#4852=VERTEX_POINT('',#18030);
#4853=VERTEX_POINT('',#18033);
#4854=VERTEX_POINT('',#18034);
#4855=VERTEX_POINT('',#18036);
#4856=VERTEX_POINT('',#18038);
#4857=VERTEX_POINT('',#18041);
#4858=VERTEX_POINT('',#18042);
#4859=VERTEX_POINT('',#18044);
#4860=VERTEX_POINT('',#18046);
#4861=VERTEX_POINT('',#18048);
#4862=VERTEX_POINT('',#18050);
#4863=VERTEX_POINT('',#18052);
#4864=VERTEX_POINT('',#18054);
#4865=VERTEX_POINT('',#18056);
#4866=VERTEX_POINT('',#18058);
#4867=VERTEX_POINT('',#18060);
#4868=VERTEX_POINT('',#18062);
#4869=VERTEX_POINT('',#18064);
#4870=VERTEX_POINT('',#18066);
#4871=VERTEX_POINT('',#18068);
#4872=VERTEX_POINT('',#18070);
#4873=VERTEX_POINT('',#18073);
#4874=VERTEX_POINT('',#18074);
#4875=VERTEX_POINT('',#18076);
#4876=VERTEX_POINT('',#18078);
#4877=VERTEX_POINT('',#18080);
#4878=VERTEX_POINT('',#18082);
#4879=VERTEX_POINT('',#18084);
#4880=VERTEX_POINT('',#18086);
#4881=VERTEX_POINT('',#18088);
#4882=VERTEX_POINT('',#18090);
#4883=VERTEX_POINT('',#18092);
#4884=VERTEX_POINT('',#18094);
#4885=VERTEX_POINT('',#18097);
#4886=VERTEX_POINT('',#18098);
#4887=VERTEX_POINT('',#18100);
#4888=VERTEX_POINT('',#18102);
#4889=VERTEX_POINT('',#18104);
#4890=VERTEX_POINT('',#18106);
#4891=VERTEX_POINT('',#18108);
#4892=VERTEX_POINT('',#18110);
#4893=VERTEX_POINT('',#18112);
#4894=VERTEX_POINT('',#18114);
#4895=VERTEX_POINT('',#18116);
#4896=VERTEX_POINT('',#18118);
#4897=VERTEX_POINT('',#18121);
#4898=VERTEX_POINT('',#18122);
#4899=VERTEX_POINT('',#18124);
#4900=VERTEX_POINT('',#18126);
#4901=VERTEX_POINT('',#18129);
#4902=VERTEX_POINT('',#18130);
#4903=VERTEX_POINT('',#18132);
#4904=VERTEX_POINT('',#18134);
#4905=VERTEX_POINT('',#18137);
#4906=VERTEX_POINT('',#18138);
#4907=VERTEX_POINT('',#18140);
#4908=VERTEX_POINT('',#18142);
#4909=VERTEX_POINT('',#18145);
#4910=VERTEX_POINT('',#18146);
#4911=VERTEX_POINT('',#18148);
#4912=VERTEX_POINT('',#18150);
#4913=VERTEX_POINT('',#18153);
#4914=VERTEX_POINT('',#18154);
#4915=VERTEX_POINT('',#18156);
#4916=VERTEX_POINT('',#18158);
#4917=VERTEX_POINT('',#18161);
#4918=VERTEX_POINT('',#18162);
#4919=VERTEX_POINT('',#18164);
#4920=VERTEX_POINT('',#18166);
#4921=VERTEX_POINT('',#18169);
#4922=VERTEX_POINT('',#18170);
#4923=VERTEX_POINT('',#18172);
#4924=VERTEX_POINT('',#18174);
#4925=VERTEX_POINT('',#18177);
#4926=VERTEX_POINT('',#18178);
#4927=VERTEX_POINT('',#18180);
#4928=VERTEX_POINT('',#18182);
#4929=VERTEX_POINT('',#18185);
#4930=VERTEX_POINT('',#18186);
#4931=VERTEX_POINT('',#18188);
#4932=VERTEX_POINT('',#18190);
#4933=VERTEX_POINT('',#18193);
#4934=VERTEX_POINT('',#18194);
#4935=VERTEX_POINT('',#18196);
#4936=VERTEX_POINT('',#18198);
#4937=VERTEX_POINT('',#18201);
#4938=VERTEX_POINT('',#18202);
#4939=VERTEX_POINT('',#18204);
#4940=VERTEX_POINT('',#18206);
#4941=VERTEX_POINT('',#18209);
#4942=VERTEX_POINT('',#18210);
#4943=VERTEX_POINT('',#18212);
#4944=VERTEX_POINT('',#18214);
#4945=VERTEX_POINT('',#18217);
#4946=VERTEX_POINT('',#18218);
#4947=VERTEX_POINT('',#18220);
#4948=VERTEX_POINT('',#18222);
#4949=VERTEX_POINT('',#18226);
#4950=VERTEX_POINT('',#18228);
#4951=VERTEX_POINT('',#18232);
#4952=VERTEX_POINT('',#18234);
#4953=VERTEX_POINT('',#18238);
#4954=VERTEX_POINT('',#18240);
#4955=VERTEX_POINT('',#18244);
#4956=VERTEX_POINT('',#18248);
#4957=VERTEX_POINT('',#18255);
#4958=VERTEX_POINT('',#18257);
#4959=VERTEX_POINT('',#18261);
#4960=VERTEX_POINT('',#18263);
#4961=VERTEX_POINT('',#18267);
#4962=VERTEX_POINT('',#18269);
#4963=VERTEX_POINT('',#18273);
#4964=VERTEX_POINT('',#18277);
#4965=VERTEX_POINT('',#18284);
#4966=VERTEX_POINT('',#18286);
#4967=VERTEX_POINT('',#18290);
#4968=VERTEX_POINT('',#18292);
#4969=VERTEX_POINT('',#18296);
#4970=VERTEX_POINT('',#18298);
#4971=VERTEX_POINT('',#18302);
#4972=VERTEX_POINT('',#18306);
#4973=VERTEX_POINT('',#18313);
#4974=VERTEX_POINT('',#18315);
#4975=VERTEX_POINT('',#18319);
#4976=VERTEX_POINT('',#18321);
#4977=VERTEX_POINT('',#18325);
#4978=VERTEX_POINT('',#18327);
#4979=VERTEX_POINT('',#18331);
#4980=VERTEX_POINT('',#18335);
#4981=VERTEX_POINT('',#18342);
#4982=VERTEX_POINT('',#18344);
#4983=VERTEX_POINT('',#18348);
#4984=VERTEX_POINT('',#18350);
#4985=VERTEX_POINT('',#18354);
#4986=VERTEX_POINT('',#18356);
#4987=VERTEX_POINT('',#18360);
#4988=VERTEX_POINT('',#18364);
#4989=VERTEX_POINT('',#18371);
#4990=VERTEX_POINT('',#18373);
#4991=VERTEX_POINT('',#18377);
#4992=VERTEX_POINT('',#18379);
#4993=VERTEX_POINT('',#18383);
#4994=VERTEX_POINT('',#18385);
#4995=VERTEX_POINT('',#18389);
#4996=VERTEX_POINT('',#18393);
#4997=VERTEX_POINT('',#18400);
#4998=VERTEX_POINT('',#18402);
#4999=VERTEX_POINT('',#18406);
#5000=VERTEX_POINT('',#18408);
#5001=VERTEX_POINT('',#18412);
#5002=VERTEX_POINT('',#18414);
#5003=VERTEX_POINT('',#18418);
#5004=VERTEX_POINT('',#18422);
#5005=VERTEX_POINT('',#18429);
#5006=VERTEX_POINT('',#18431);
#5007=VERTEX_POINT('',#18435);
#5008=VERTEX_POINT('',#18437);
#5009=VERTEX_POINT('',#18441);
#5010=VERTEX_POINT('',#18443);
#5011=VERTEX_POINT('',#18447);
#5012=VERTEX_POINT('',#18451);
#5013=VERTEX_POINT('',#18458);
#5014=VERTEX_POINT('',#18459);
#5015=VERTEX_POINT('',#18461);
#5016=VERTEX_POINT('',#18463);
#5017=VERTEX_POINT('',#18467);
#5018=VERTEX_POINT('',#18469);
#5019=VERTEX_POINT('',#18473);
#5020=VERTEX_POINT('',#18474);
#5021=VERTEX_POINT('',#18476);
#5022=VERTEX_POINT('',#18478);
#5023=VERTEX_POINT('',#18482);
#5024=VERTEX_POINT('',#18484);
#5025=VERTEX_POINT('',#18488);
#5026=VERTEX_POINT('',#18489);
#5027=VERTEX_POINT('',#18491);
#5028=VERTEX_POINT('',#18493);
#5029=VERTEX_POINT('',#18497);
#5030=VERTEX_POINT('',#18499);
#5031=VERTEX_POINT('',#18503);
#5032=VERTEX_POINT('',#18504);
#5033=VERTEX_POINT('',#18506);
#5034=VERTEX_POINT('',#18508);
#5035=VERTEX_POINT('',#18512);
#5036=VERTEX_POINT('',#18514);
#5037=VERTEX_POINT('',#18518);
#5038=VERTEX_POINT('',#18519);
#5039=VERTEX_POINT('',#18521);
#5040=VERTEX_POINT('',#18523);
#5041=VERTEX_POINT('',#18527);
#5042=VERTEX_POINT('',#18529);
#5043=VERTEX_POINT('',#18533);
#5044=VERTEX_POINT('',#18534);
#5045=VERTEX_POINT('',#18536);
#5046=VERTEX_POINT('',#18538);
#5047=VERTEX_POINT('',#18542);
#5048=VERTEX_POINT('',#18544);
#5049=VERTEX_POINT('',#18548);
#5050=VERTEX_POINT('',#18549);
#5051=VERTEX_POINT('',#18551);
#5052=VERTEX_POINT('',#18553);
#5053=VERTEX_POINT('',#18557);
#5054=VERTEX_POINT('',#18559);
#5055=VERTEX_POINT('',#18563);
#5056=VERTEX_POINT('',#18564);
#5057=VERTEX_POINT('',#18566);
#5058=VERTEX_POINT('',#18568);
#5059=VERTEX_POINT('',#18572);
#5060=VERTEX_POINT('',#18574);
#5061=VERTEX_POINT('',#18578);
#5062=VERTEX_POINT('',#18579);
#5063=VERTEX_POINT('',#18581);
#5064=VERTEX_POINT('',#18583);
#5065=VERTEX_POINT('',#18587);
#5066=VERTEX_POINT('',#18589);
#5067=VERTEX_POINT('',#18593);
#5068=VERTEX_POINT('',#18594);
#5069=VERTEX_POINT('',#18596);
#5070=VERTEX_POINT('',#18598);
#5071=VERTEX_POINT('',#18602);
#5072=VERTEX_POINT('',#18604);
#5073=VERTEX_POINT('',#18608);
#5074=VERTEX_POINT('',#18609);
#5075=VERTEX_POINT('',#18611);
#5076=VERTEX_POINT('',#18613);
#5077=VERTEX_POINT('',#18617);
#5078=VERTEX_POINT('',#18619);
#5079=VERTEX_POINT('',#18623);
#5080=VERTEX_POINT('',#18624);
#5081=VERTEX_POINT('',#18626);
#5082=VERTEX_POINT('',#18628);
#5083=VERTEX_POINT('',#18632);
#5084=VERTEX_POINT('',#18634);
#5085=VERTEX_POINT('',#18638);
#5086=VERTEX_POINT('',#18639);
#5087=VERTEX_POINT('',#18641);
#5088=VERTEX_POINT('',#18643);
#5089=VERTEX_POINT('',#18647);
#5090=VERTEX_POINT('',#18649);
#5091=VERTEX_POINT('',#18653);
#5092=VERTEX_POINT('',#18654);
#5093=VERTEX_POINT('',#18656);
#5094=VERTEX_POINT('',#18658);
#5095=VERTEX_POINT('',#18662);
#5096=VERTEX_POINT('',#18664);
#5097=VERTEX_POINT('',#18668);
#5098=VERTEX_POINT('',#18669);
#5099=VERTEX_POINT('',#18671);
#5100=VERTEX_POINT('',#18673);
#5101=VERTEX_POINT('',#18677);
#5102=VERTEX_POINT('',#18679);
#5103=VERTEX_POINT('',#18683);
#5104=VERTEX_POINT('',#18684);
#5105=VERTEX_POINT('',#18686);
#5106=VERTEX_POINT('',#18688);
#5107=VERTEX_POINT('',#18692);
#5108=VERTEX_POINT('',#18694);
#5109=VERTEX_POINT('',#18698);
#5110=VERTEX_POINT('',#18699);
#5111=VERTEX_POINT('',#18701);
#5112=VERTEX_POINT('',#18703);
#5113=VERTEX_POINT('',#18707);
#5114=VERTEX_POINT('',#18708);
#5115=VERTEX_POINT('',#18710);
#5116=VERTEX_POINT('',#18712);
#5117=VERTEX_POINT('',#18716);
#5118=VERTEX_POINT('',#18718);
#5119=VERTEX_POINT('',#18725);
#5120=VERTEX_POINT('',#18726);
#5121=VERTEX_POINT('',#18728);
#5122=VERTEX_POINT('',#18730);
#5123=VERTEX_POINT('',#18734);
#5124=VERTEX_POINT('',#18736);
#5125=VERTEX_POINT('',#18740);
#5126=VERTEX_POINT('',#18741);
#5127=VERTEX_POINT('',#18743);
#5128=VERTEX_POINT('',#18745);
#5129=VERTEX_POINT('',#18752);
#5130=VERTEX_POINT('',#18754);
#5131=VERTEX_POINT('',#18758);
#5132=VERTEX_POINT('',#18760);
#5133=VERTEX_POINT('',#18764);
#5134=VERTEX_POINT('',#18766);
#5135=VERTEX_POINT('',#18770);
#5136=VERTEX_POINT('',#18772);
#5137=VERTEX_POINT('',#18776);
#5138=VERTEX_POINT('',#18778);
#5139=VERTEX_POINT('',#18782);
#5140=VERTEX_POINT('',#18784);
#5141=VERTEX_POINT('',#18788);
#5142=VERTEX_POINT('',#18790);
#5143=VERTEX_POINT('',#18794);
#5144=VERTEX_POINT('',#18796);
#5145=VERTEX_POINT('',#18800);
#5146=VERTEX_POINT('',#18802);
#5147=VERTEX_POINT('',#18806);
#5148=VERTEX_POINT('',#18810);
#5149=VERTEX_POINT('',#18814);
#5150=VERTEX_POINT('',#18816);
#5151=VERTEX_POINT('',#18820);
#5152=VERTEX_POINT('',#18824);
#5153=VERTEX_POINT('',#18828);
#5154=VERTEX_POINT('',#18830);
#5155=VERTEX_POINT('',#18834);
#5156=VERTEX_POINT('',#18838);
#5157=VERTEX_POINT('',#18842);
#5158=VERTEX_POINT('',#18844);
#5159=VERTEX_POINT('',#18848);
#5160=VERTEX_POINT('',#18852);
#5161=VERTEX_POINT('',#18856);
#5162=VERTEX_POINT('',#18858);
#5163=VERTEX_POINT('',#18862);
#5164=VERTEX_POINT('',#18866);
#5165=VERTEX_POINT('',#18870);
#5166=VERTEX_POINT('',#18872);
#5167=VERTEX_POINT('',#18876);
#5168=VERTEX_POINT('',#18880);
#5169=VERTEX_POINT('',#18884);
#5170=VERTEX_POINT('',#18886);
#5171=VERTEX_POINT('',#18890);
#5172=VERTEX_POINT('',#18894);
#5173=VERTEX_POINT('',#18898);
#5174=VERTEX_POINT('',#18900);
#5175=VERTEX_POINT('',#18904);
#5176=VERTEX_POINT('',#18908);
#5177=VERTEX_POINT('',#18912);
#5178=VERTEX_POINT('',#18914);
#5179=VERTEX_POINT('',#18918);
#5180=VERTEX_POINT('',#18920);
#5181=VERTEX_POINT('',#18924);
#5182=VERTEX_POINT('',#18926);
#5183=VERTEX_POINT('',#18930);
#5184=VERTEX_POINT('',#18932);
#5185=VERTEX_POINT('',#18936);
#5186=VERTEX_POINT('',#18938);
#5187=VERTEX_POINT('',#18942);
#5188=VERTEX_POINT('',#18944);
#5189=VERTEX_POINT('',#18948);
#5190=VERTEX_POINT('',#18950);
#5191=VERTEX_POINT('',#18954);
#5192=VERTEX_POINT('',#18956);
#5193=VERTEX_POINT('',#18960);
#5194=VERTEX_POINT('',#18962);
#5195=VERTEX_POINT('',#18966);
#5196=VERTEX_POINT('',#18970);
#5197=VERTEX_POINT('',#18974);
#5198=VERTEX_POINT('',#18976);
#5199=VERTEX_POINT('',#18980);
#5200=VERTEX_POINT('',#18984);
#5201=VERTEX_POINT('',#18988);
#5202=VERTEX_POINT('',#18990);
#5203=VERTEX_POINT('',#18994);
#5204=VERTEX_POINT('',#18998);
#5205=VERTEX_POINT('',#19002);
#5206=VERTEX_POINT('',#19004);
#5207=VERTEX_POINT('',#19008);
#5208=VERTEX_POINT('',#19012);
#5209=VERTEX_POINT('',#19016);
#5210=VERTEX_POINT('',#19018);
#5211=VERTEX_POINT('',#19022);
#5212=VERTEX_POINT('',#19026);
#5213=VERTEX_POINT('',#19030);
#5214=VERTEX_POINT('',#19032);
#5215=VERTEX_POINT('',#19036);
#5216=VERTEX_POINT('',#19040);
#5217=VERTEX_POINT('',#19044);
#5218=VERTEX_POINT('',#19046);
#5219=VERTEX_POINT('',#19050);
#5220=VERTEX_POINT('',#19054);
#5221=VERTEX_POINT('',#19058);
#5222=VERTEX_POINT('',#19060);
#5223=VERTEX_POINT('',#19064);
#5224=VERTEX_POINT('',#19068);
#5225=VERTEX_POINT('',#19072);
#5226=VERTEX_POINT('',#19074);
#5227=VERTEX_POINT('',#19078);
#5228=VERTEX_POINT('',#19082);
#5229=VERTEX_POINT('',#19088);
#5230=VERTEX_POINT('',#19089);
#5231=VERTEX_POINT('',#19094);
#5232=VERTEX_POINT('',#19098);
#5233=VERTEX_POINT('',#19107);
#5234=VERTEX_POINT('',#19109);
#5235=VERTEX_POINT('',#19111);
#5236=VERTEX_POINT('',#19113);
#5237=VERTEX_POINT('',#19115);
#5238=VERTEX_POINT('',#19117);
#5239=VERTEX_POINT('',#19119);
#5240=VERTEX_POINT('',#19121);
#5241=VERTEX_POINT('',#19123);
#5242=VERTEX_POINT('',#19125);
#5243=VERTEX_POINT('',#19127);
#5244=VERTEX_POINT('',#19129);
#5245=VERTEX_POINT('',#19137);
#5246=VERTEX_POINT('',#19139);
#5247=VERTEX_POINT('',#19143);
#5248=VERTEX_POINT('',#19144);
#5249=VERTEX_POINT('',#19146);
#5250=VERTEX_POINT('',#19148);
#5251=VERTEX_POINT('',#19152);
#5252=VERTEX_POINT('',#19154);
#5253=VERTEX_POINT('',#19158);
#5254=VERTEX_POINT('',#19162);
#5255=VERTEX_POINT('',#19166);
#5256=VERTEX_POINT('',#19170);
#5257=VERTEX_POINT('',#19174);
#5258=VERTEX_POINT('',#19178);
#5259=VERTEX_POINT('',#19182);
#5260=VERTEX_POINT('',#19186);
#5261=VERTEX_POINT('',#19190);
#5262=VERTEX_POINT('',#19191);
#5263=VERTEX_POINT('',#19193);
#5264=VERTEX_POINT('',#19195);
#5265=VERTEX_POINT('',#19202);
#5266=VERTEX_POINT('',#19204);
#5267=VERTEX_POINT('',#19206);
#5268=VERTEX_POINT('',#19208);
#5269=VERTEX_POINT('',#19210);
#5270=VERTEX_POINT('',#19212);
#5271=VERTEX_POINT('',#19214);
#5272=VERTEX_POINT('',#19216);
#5273=VERTEX_POINT('',#19218);
#5274=VERTEX_POINT('',#19220);
#5275=VERTEX_POINT('',#19222);
#5276=VERTEX_POINT('',#19224);
#5277=VERTEX_POINT('',#19232);
#5278=VERTEX_POINT('',#19234);
#5279=VERTEX_POINT('',#19238);
#5280=VERTEX_POINT('',#19239);
#5281=VERTEX_POINT('',#19241);
#5282=VERTEX_POINT('',#19243);
#5283=VERTEX_POINT('',#19247);
#5284=VERTEX_POINT('',#19248);
#5285=VERTEX_POINT('',#19250);
#5286=VERTEX_POINT('',#19252);
#5287=VERTEX_POINT('',#19256);
#5288=VERTEX_POINT('',#19258);
#5289=VERTEX_POINT('',#19262);
#5290=VERTEX_POINT('',#19266);
#5291=VERTEX_POINT('',#19270);
#5292=VERTEX_POINT('',#19274);
#5293=VERTEX_POINT('',#19278);
#5294=VERTEX_POINT('',#19282);
#5295=VERTEX_POINT('',#19286);
#5296=VERTEX_POINT('',#19290);
#5297=VERTEX_POINT('',#19294);
#5298=VERTEX_POINT('',#19295);
#5299=VERTEX_POINT('',#19297);
#5300=VERTEX_POINT('',#19299);
#5301=VERTEX_POINT('',#19303);
#5302=VERTEX_POINT('',#19304);
#5303=VERTEX_POINT('',#19306);
#5304=VERTEX_POINT('',#19308);
#5305=VERTEX_POINT('',#19312);
#5306=VERTEX_POINT('',#19313);
#5307=VERTEX_POINT('',#19315);
#5308=VERTEX_POINT('',#19319);
#5309=VERTEX_POINT('',#19320);
#5310=VERTEX_POINT('',#19322);
#5311=VERTEX_POINT('',#19326);
#5312=VERTEX_POINT('',#19327);
#5313=VERTEX_POINT('',#19329);
#5314=VERTEX_POINT('',#19331);
#5315=VERTEX_POINT('',#19335);
#5316=VERTEX_POINT('',#19336);
#5317=VERTEX_POINT('',#19339);
#5318=VERTEX_POINT('',#19341);
#5319=VERTEX_POINT('',#19345);
#5320=VERTEX_POINT('',#19347);
#5321=VERTEX_POINT('',#19351);
#5322=VERTEX_POINT('',#19355);
#5323=VERTEX_POINT('',#19356);
#5324=VERTEX_POINT('',#19361);
#5325=VERTEX_POINT('',#19363);
#5326=VERTEX_POINT('',#19365);
#5327=VERTEX_POINT('',#19369);
#5328=VERTEX_POINT('',#19371);
#5329=VERTEX_POINT('',#19375);
#5330=VERTEX_POINT('',#19379);
#5331=VERTEX_POINT('',#19385);
#5332=VERTEX_POINT('',#19387);
#5333=VERTEX_POINT('',#19391);
#5334=VERTEX_POINT('',#19395);
#5335=VERTEX_POINT('',#19399);
#5336=VERTEX_POINT('',#19403);
#5337=VERTEX_POINT('',#19407);
#5338=VERTEX_POINT('',#19411);
#5339=VERTEX_POINT('',#19415);
#5340=VERTEX_POINT('',#19419);
#5341=VERTEX_POINT('',#19423);
#5342=VERTEX_POINT('',#19425);
#5343=VERTEX_POINT('',#19431);
#5344=VERTEX_POINT('',#19433);
#5345=VERTEX_POINT('',#19437);
#5346=VERTEX_POINT('',#19441);
#5347=VERTEX_POINT('',#19447);
#5348=VERTEX_POINT('',#19448);
#5349=VERTEX_POINT('',#19450);
#5350=VERTEX_POINT('',#19452);
#5351=VERTEX_POINT('',#19456);
#5352=VERTEX_POINT('',#19457);
#5353=VERTEX_POINT('',#19459);
#5354=VERTEX_POINT('',#19461);
#5355=VERTEX_POINT('',#19465);
#5356=VERTEX_POINT('',#19466);
#5357=VERTEX_POINT('',#19469);
#5358=VERTEX_POINT('',#19471);
#5359=VERTEX_POINT('',#19475);
#5360=VERTEX_POINT('',#19477);
#5361=VERTEX_POINT('',#19481);
#5362=VERTEX_POINT('',#19485);
#5363=VERTEX_POINT('',#19486);
#5364=VERTEX_POINT('',#19491);
#5365=VERTEX_POINT('',#19493);
#5366=VERTEX_POINT('',#19495);
#5367=VERTEX_POINT('',#19499);
#5368=VERTEX_POINT('',#19500);
#5369=VERTEX_POINT('',#19505);
#5370=VERTEX_POINT('',#19509);
#5371=VERTEX_POINT('',#19515);
#5372=VERTEX_POINT('',#19516);
#5373=VERTEX_POINT('',#19521);
#5374=VERTEX_POINT('',#19525);
#5375=VERTEX_POINT('',#19531);
#5376=VERTEX_POINT('',#19533);
#5377=VERTEX_POINT('',#19537);
#5378=VERTEX_POINT('',#19541);
#5379=VERTEX_POINT('',#19545);
#5380=VERTEX_POINT('',#19549);
#5381=VERTEX_POINT('',#19553);
#5382=VERTEX_POINT('',#19557);
#5383=VERTEX_POINT('',#19561);
#5384=VERTEX_POINT('',#19565);
#5385=VERTEX_POINT('',#19569);
#5386=VERTEX_POINT('',#19571);
#5387=VERTEX_POINT('',#19577);
#5388=VERTEX_POINT('',#19578);
#5389=VERTEX_POINT('',#19580);
#5390=VERTEX_POINT('',#19582);
#5391=VERTEX_POINT('',#19586);
#5392=VERTEX_POINT('',#19587);
#5393=VERTEX_POINT('',#19592);
#5394=VERTEX_POINT('',#19596);
#5395=VERTEX_POINT('',#19602);
#5396=VERTEX_POINT('',#19604);
#5397=VERTEX_POINT('',#19608);
#5398=VERTEX_POINT('',#19610);
#5399=VERTEX_POINT('',#19614);
#5400=VERTEX_POINT('',#19615);
#5401=VERTEX_POINT('',#19620);
#5402=VERTEX_POINT('',#19624);
#5403=VERTEX_POINT('',#19630);
#5404=VERTEX_POINT('',#19631);
#5405=VERTEX_POINT('',#19633);
#5406=VERTEX_POINT('',#19635);
#5407=VERTEX_POINT('',#19637);
#5408=VERTEX_POINT('',#19652);
#5409=VERTEX_POINT('',#19653);
#5410=VERTEX_POINT('',#19658);
#5411=VERTEX_POINT('',#19660);
#5412=VERTEX_POINT('',#19667);
#5413=VERTEX_POINT('',#19669);
#5414=VERTEX_POINT('',#19693);
#5415=VERTEX_POINT('',#19697);
#5416=VERTEX_POINT('',#19698);
#5417=VERTEX_POINT('',#19714);
#5418=VERTEX_POINT('',#19715);
#5419=VERTEX_POINT('',#19720);
#5420=VERTEX_POINT('',#19733);
#5421=VERTEX_POINT('',#19735);
#5422=VERTEX_POINT('',#19739);
#5423=VERTEX_POINT('',#19740);
#5424=VERTEX_POINT('',#19742);
#5425=VERTEX_POINT('',#19744);
#5426=VERTEX_POINT('',#19748);
#5427=VERTEX_POINT('',#19750);
#5428=VERTEX_POINT('',#19752);
#5429=VERTEX_POINT('',#19756);
#5430=VERTEX_POINT('',#19763);
#5431=VERTEX_POINT('',#19765);
#5432=VERTEX_POINT('',#19769);
#5433=VERTEX_POINT('',#19773);
#5434=VERTEX_POINT('',#19777);
#5435=VERTEX_POINT('',#19779);
#5436=VERTEX_POINT('',#19783);
#5437=VERTEX_POINT('',#19785);
#5438=VERTEX_POINT('',#19787);
#5439=VERTEX_POINT('',#19791);
#5440=VERTEX_POINT('',#19795);
#5441=VERTEX_POINT('',#19799);
#5442=VERTEX_POINT('',#19803);
#5443=VERTEX_POINT('',#19805);
#5444=VERTEX_POINT('',#19807);
#5445=VERTEX_POINT('',#19809);
#5446=VERTEX_POINT('',#19811);
#5447=VERTEX_POINT('',#19813);
#5448=VERTEX_POINT('',#19815);
#5449=VERTEX_POINT('',#19817);
#5450=VERTEX_POINT('',#19819);
#5451=VERTEX_POINT('',#19821);
#5452=VERTEX_POINT('',#19825);
#5453=VERTEX_POINT('',#19827);
#5454=VERTEX_POINT('',#19831);
#5455=VERTEX_POINT('',#19832);
#5456=VERTEX_POINT('',#19834);
#5457=VERTEX_POINT('',#19836);
#5458=VERTEX_POINT('',#19840);
#5459=VERTEX_POINT('',#19842);
#5460=VERTEX_POINT('',#19846);
#5461=VERTEX_POINT('',#19848);
#5462=VERTEX_POINT('',#19850);
#5463=VERTEX_POINT('',#19854);
#5464=VERTEX_POINT('',#19861);
#5465=VERTEX_POINT('',#19863);
#5466=VERTEX_POINT('',#19867);
#5467=VERTEX_POINT('',#19868);
#5468=VERTEX_POINT('',#19870);
#5469=VERTEX_POINT('',#19872);
#5470=VERTEX_POINT('',#19876);
#5471=VERTEX_POINT('',#19878);
#5472=VERTEX_POINT('',#19880);
#5473=VERTEX_POINT('',#19884);
#5474=VERTEX_POINT('',#19891);
#5475=VERTEX_POINT('',#19893);
#5476=VERTEX_POINT('',#19897);
#5477=VERTEX_POINT('',#19901);
#5478=VERTEX_POINT('',#19905);
#5479=VERTEX_POINT('',#19907);
#5480=VERTEX_POINT('',#19911);
#5481=VERTEX_POINT('',#19913);
#5482=VERTEX_POINT('',#19915);
#5483=VERTEX_POINT('',#19919);
#5484=VERTEX_POINT('',#19923);
#5485=VERTEX_POINT('',#19927);
#5486=VERTEX_POINT('',#19931);
#5487=VERTEX_POINT('',#19933);
#5488=VERTEX_POINT('',#19935);
#5489=VERTEX_POINT('',#19937);
#5490=VERTEX_POINT('',#19939);
#5491=VERTEX_POINT('',#19941);
#5492=VERTEX_POINT('',#19943);
#5493=VERTEX_POINT('',#19945);
#5494=VERTEX_POINT('',#19947);
#5495=VERTEX_POINT('',#19949);
#5496=VERTEX_POINT('',#19953);
#5497=VERTEX_POINT('',#19955);
#5498=VERTEX_POINT('',#19959);
#5499=VERTEX_POINT('',#19960);
#5500=VERTEX_POINT('',#19962);
#5501=VERTEX_POINT('',#19964);
#5502=VERTEX_POINT('',#19968);
#5503=VERTEX_POINT('',#19970);
#5504=VERTEX_POINT('',#19974);
#5505=VERTEX_POINT('',#19976);
#5506=VERTEX_POINT('',#19978);
#5507=VERTEX_POINT('',#19982);
#5508=VERTEX_POINT('',#20000);
#5509=VERTEX_POINT('',#20001);
#5510=VERTEX_POINT('',#20025);
#5511=VERTEX_POINT('',#20026);
#5512=VERTEX_POINT('',#20037);
#5513=VERTEX_POINT('',#20038);
#5514=VERTEX_POINT('',#20054);
#5515=VERTEX_POINT('',#20055);
#5516=VERTEX_POINT('',#20066);
#5517=VERTEX_POINT('',#20067);
#5518=VERTEX_POINT('',#20069);
#5519=VERTEX_POINT('',#20071);
#5520=VERTEX_POINT('',#20073);
#5521=VERTEX_POINT('',#20075);
#5522=VERTEX_POINT('',#20079);
#5523=VERTEX_POINT('',#20080);
#5524=VERTEX_POINT('',#20082);
#5525=VERTEX_POINT('',#20084);
#5526=VERTEX_POINT('',#20088);
#5527=VERTEX_POINT('',#20089);
#5528=VERTEX_POINT('',#20095);
#5529=VERTEX_POINT('',#20099);
#5530=VERTEX_POINT('',#20104);
#5531=VERTEX_POINT('',#20105);
#5532=VERTEX_POINT('',#20110);
#5533=VERTEX_POINT('',#20112);
#5534=VERTEX_POINT('',#20114);
#5535=VERTEX_POINT('',#20118);
#5536=VERTEX_POINT('',#20120);
#5537=VERTEX_POINT('',#20124);
#5538=VERTEX_POINT('',#20126);
#5539=VERTEX_POINT('',#20128);
#5540=VERTEX_POINT('',#20130);
#5541=VERTEX_POINT('',#20134);
#5542=VERTEX_POINT('',#20138);
#5543=VERTEX_POINT('',#20140);
#5544=VERTEX_POINT('',#20142);
#5545=VERTEX_POINT('',#20144);
#5546=VERTEX_POINT('',#20146);
#5547=VERTEX_POINT('',#20150);
#5548=VERTEX_POINT('',#20155);
#5549=VERTEX_POINT('',#20159);
#5550=VERTEX_POINT('',#20164);
#5551=VERTEX_POINT('',#20168);
#5552=VERTEX_POINT('',#20172);
#5553=VERTEX_POINT('',#20176);
#5554=VERTEX_POINT('',#20177);
#5555=VERTEX_POINT('',#20182);
#5556=VERTEX_POINT('',#20183);
#5557=VERTEX_POINT('',#20186);
#5558=VERTEX_POINT('',#20193);
#5559=VERTEX_POINT('',#20199);
#5560=VERTEX_POINT('',#20200);
#5561=VERTEX_POINT('',#20205);
#5562=VERTEX_POINT('',#20209);
#5563=VERTEX_POINT('',#20213);
#5564=VERTEX_POINT('',#20217);
#5565=VERTEX_POINT('',#20221);
#5566=VERTEX_POINT('',#20225);
#5567=VERTEX_POINT('',#20229);
#5568=VERTEX_POINT('',#20233);
#5569=VERTEX_POINT('',#20237);
#5570=VERTEX_POINT('',#20239);
#5571=VERTEX_POINT('',#20243);
#5572=VERTEX_POINT('',#20247);
#5573=VERTEX_POINT('',#20252);
#5574=VERTEX_POINT('',#20256);
#5575=VERTEX_POINT('',#20260);
#5576=VERTEX_POINT('',#20263);
#5577=VERTEX_POINT('',#20267);
#5578=VERTEX_POINT('',#20271);
#5579=VERTEX_POINT('',#20277);
#5580=VERTEX_POINT('',#20278);
#5581=VERTEX_POINT('',#20283);
#5582=VERTEX_POINT('',#20287);
#5583=VERTEX_POINT('',#20291);
#5584=VERTEX_POINT('',#20295);
#5585=VERTEX_POINT('',#20299);
#5586=VERTEX_POINT('',#20303);
#5587=VERTEX_POINT('',#20307);
#5588=VERTEX_POINT('',#20311);
#5589=VERTEX_POINT('',#20315);
#5590=VERTEX_POINT('',#20317);
#5591=VERTEX_POINT('',#20321);
#5592=VERTEX_POINT('',#20325);
#5593=VERTEX_POINT('',#20330);
#5594=VERTEX_POINT('',#20334);
#5595=VERTEX_POINT('',#20338);
#5596=VERTEX_POINT('',#20341);
#5597=VERTEX_POINT('',#20345);
#5598=VERTEX_POINT('',#20349);
#5599=VERTEX_POINT('',#20355);
#5600=VERTEX_POINT('',#20357);
#5601=VERTEX_POINT('',#20361);
#5602=VERTEX_POINT('',#20365);
#5603=VERTEX_POINT('',#20367);
#5604=VERTEX_POINT('',#20374);
#5605=VERTEX_POINT('',#20378);
#5606=VERTEX_POINT('',#20382);
#5607=VERTEX_POINT('',#20383);
#5608=VERTEX_POINT('',#20386);
#5609=VERTEX_POINT('',#20388);
#5610=VERTEX_POINT('',#20390);
#5611=VERTEX_POINT('',#20394);
#5612=VERTEX_POINT('',#20398);
#5613=VERTEX_POINT('',#20399);
#5614=VERTEX_POINT('',#20402);
#5615=VERTEX_POINT('',#20406);
#5616=VERTEX_POINT('',#20411);
#5617=VERTEX_POINT('',#20415);
#5618=VERTEX_POINT('',#20418);
#5619=VERTEX_POINT('',#20421);
#5620=VERTEX_POINT('',#20422);
#5621=VERTEX_POINT('',#20424);
#5622=VERTEX_POINT('',#20426);
#5623=VERTEX_POINT('',#20430);
#5624=VERTEX_POINT('',#20431);
#5625=VERTEX_POINT('',#20433);
#5626=VERTEX_POINT('',#20435);
#5627=VERTEX_POINT('',#20439);
#5628=VERTEX_POINT('',#20440);
#5629=VERTEX_POINT('',#20442);
#5630=VERTEX_POINT('',#20444);
#5631=VERTEX_POINT('',#20451);
#5632=VERTEX_POINT('',#20452);
#5633=VERTEX_POINT('',#20454);
#5634=VERTEX_POINT('',#20456);
#5635=VERTEX_POINT('',#20460);
#5636=VERTEX_POINT('',#20461);
#5637=VERTEX_POINT('',#20463);
#5638=VERTEX_POINT('',#20465);
#5639=VERTEX_POINT('',#20472);
#5640=VERTEX_POINT('',#20473);
#5641=VERTEX_POINT('',#20475);
#5642=VERTEX_POINT('',#20477);
#5643=VERTEX_POINT('',#20481);
#5644=VERTEX_POINT('',#20482);
#5645=VERTEX_POINT('',#20484);
#5646=VERTEX_POINT('',#20486);
#5647=VERTEX_POINT('',#20493);
#5648=VERTEX_POINT('',#20494);
#5649=VERTEX_POINT('',#20496);
#5650=VERTEX_POINT('',#20498);
#5651=VERTEX_POINT('',#20502);
#5652=VERTEX_POINT('',#20503);
#5653=VERTEX_POINT('',#20505);
#5654=VERTEX_POINT('',#20507);
#5655=VERTEX_POINT('',#20514);
#5656=VERTEX_POINT('',#20515);
#5657=VERTEX_POINT('',#20517);
#5658=VERTEX_POINT('',#20519);
#5659=VERTEX_POINT('',#20523);
#5660=VERTEX_POINT('',#20525);
#5661=VERTEX_POINT('',#20529);
#5662=VERTEX_POINT('',#20531);
#5663=VERTEX_POINT('',#20533);
#5664=VERTEX_POINT('',#20537);
#5665=VERTEX_POINT('',#20541);
#5666=VERTEX_POINT('',#20542);
#5667=VERTEX_POINT('',#20544);
#5668=VERTEX_POINT('',#20546);
#5669=VERTEX_POINT('',#20550);
#5670=VERTEX_POINT('',#20552);
#5671=VERTEX_POINT('',#20556);
#5672=VERTEX_POINT('',#20558);
#5673=VERTEX_POINT('',#20562);
#5674=VERTEX_POINT('',#20563);
#5675=VERTEX_POINT('',#20565);
#5676=VERTEX_POINT('',#20567);
#5677=VERTEX_POINT('',#20571);
#5678=VERTEX_POINT('',#20576);
#5679=VERTEX_POINT('',#20580);
#5680=VERTEX_POINT('',#20584);
#5681=VERTEX_POINT('',#20588);
#5682=VERTEX_POINT('',#20592);
#5683=VERTEX_POINT('',#20596);
#5684=VERTEX_POINT('',#20600);
#5685=VERTEX_POINT('',#20604);
#5686=VERTEX_POINT('',#20608);
#5687=VERTEX_POINT('',#20612);
#5688=VERTEX_POINT('',#20616);
#5689=VERTEX_POINT('',#20621);
#5690=VERTEX_POINT('',#20625);
#5691=VERTEX_POINT('',#20627);
#5692=VERTEX_POINT('',#20631);
#5693=VERTEX_POINT('',#20635);
#5694=VERTEX_POINT('',#20639);
#5695=VERTEX_POINT('',#20643);
#5696=VERTEX_POINT('',#20647);
#5697=VERTEX_POINT('',#20651);
#5698=VERTEX_POINT('',#20655);
#5699=VERTEX_POINT('',#20659);
#5700=VERTEX_POINT('',#20663);
#5701=VERTEX_POINT('',#20665);
#5702=VERTEX_POINT('',#20669);
#5703=VERTEX_POINT('',#20671);
#5704=VERTEX_POINT('',#20675);
#5705=VERTEX_POINT('',#20676);
#5706=VERTEX_POINT('',#20678);
#5707=VERTEX_POINT('',#20680);
#5708=VERTEX_POINT('',#20684);
#5709=VERTEX_POINT('',#20686);
#5710=VERTEX_POINT('',#20690);
#5711=VERTEX_POINT('',#20692);
#5712=VERTEX_POINT('',#20697);
#5713=VERTEX_POINT('',#20703);
#5714=VERTEX_POINT('',#20704);
#5715=VERTEX_POINT('',#20706);
#5716=VERTEX_POINT('',#20708);
#5717=VERTEX_POINT('',#20712);
#5718=VERTEX_POINT('',#20713);
#5719=VERTEX_POINT('',#20715);
#5720=VERTEX_POINT('',#20717);
#5721=VERTEX_POINT('',#20721);
#5722=VERTEX_POINT('',#20722);
#5723=VERTEX_POINT('',#20728);
#5724=VERTEX_POINT('',#20730);
#5725=VERTEX_POINT('',#20738);
#5726=VERTEX_POINT('',#20739);
#5727=VERTEX_POINT('',#20741);
#5728=VERTEX_POINT('',#20743);
#5729=VERTEX_POINT('',#20747);
#5730=VERTEX_POINT('',#20748);
#5731=VERTEX_POINT('',#20750);
#5732=VERTEX_POINT('',#20752);
#5733=VERTEX_POINT('',#20760);
#5734=VERTEX_POINT('',#20761);
#5735=VERTEX_POINT('',#20763);
#5736=VERTEX_POINT('',#20769);
#5737=VERTEX_POINT('',#20773);
#5738=VERTEX_POINT('',#20774);
#5739=VERTEX_POINT('',#20776);
#5740=VERTEX_POINT('',#20778);
#5741=VERTEX_POINT('',#20782);
#5742=VERTEX_POINT('',#20783);
#5743=VERTEX_POINT('',#20785);
#5744=VERTEX_POINT('',#20787);
#5745=VERTEX_POINT('',#20791);
#5746=VERTEX_POINT('',#20792);
#5747=VERTEX_POINT('',#20794);
#5748=VERTEX_POINT('',#20796);
#5749=VERTEX_POINT('',#20800);
#5750=VERTEX_POINT('',#20801);
#5751=VERTEX_POINT('',#20803);
#5752=VERTEX_POINT('',#20805);
#5753=VERTEX_POINT('',#20809);
#5754=VERTEX_POINT('',#20810);
#5755=VERTEX_POINT('',#20812);
#5756=VERTEX_POINT('',#20814);
#5757=VERTEX_POINT('',#20821);
#5758=VERTEX_POINT('',#20822);
#5759=VERTEX_POINT('',#20824);
#5760=VERTEX_POINT('',#20826);
#5761=VERTEX_POINT('',#20830);
#5762=VERTEX_POINT('',#20831);
#5763=VERTEX_POINT('',#20833);
#5764=VERTEX_POINT('',#20835);
#5765=VERTEX_POINT('',#20842);
#5766=VERTEX_POINT('',#20843);
#5767=VERTEX_POINT('',#20845);
#5768=VERTEX_POINT('',#20847);
#5769=VERTEX_POINT('',#20851);
#5770=VERTEX_POINT('',#20852);
#5771=VERTEX_POINT('',#20854);
#5772=VERTEX_POINT('',#20856);
#5773=VERTEX_POINT('',#20863);
#5774=VERTEX_POINT('',#20864);
#5775=VERTEX_POINT('',#20866);
#5776=VERTEX_POINT('',#20868);
#5777=VERTEX_POINT('',#20872);
#5778=VERTEX_POINT('',#20873);
#5779=VERTEX_POINT('',#20875);
#5780=VERTEX_POINT('',#20877);
#5781=VERTEX_POINT('',#20884);
#5782=VERTEX_POINT('',#20885);
#5783=VERTEX_POINT('',#20887);
#5784=VERTEX_POINT('',#20889);
#5785=VERTEX_POINT('',#21077);
#5786=VERTEX_POINT('',#21079);
#5787=VERTEX_POINT('',#21083);
#5788=VERTEX_POINT('',#21087);
#5789=LINE('',#17935,#7080);
#5790=LINE('',#17938,#7081);
#5791=LINE('',#17940,#7082);
#5792=LINE('',#17942,#7083);
#5793=LINE('',#17944,#7084);
#5794=LINE('',#17946,#7085);
#5795=LINE('',#17948,#7086);
#5796=LINE('',#17950,#7087);
#5797=LINE('',#17952,#7088);
#5798=LINE('',#17954,#7089);
#5799=LINE('',#17956,#7090);
#5800=LINE('',#17958,#7091);
#5801=LINE('',#17960,#7092);
#5802=LINE('',#17963,#7093);
#5803=LINE('',#17965,#7094);
#5804=LINE('',#17967,#7095);
#5805=LINE('',#17968,#7096);
#5806=LINE('',#17971,#7097);
#5807=LINE('',#17973,#7098);
#5808=LINE('',#17975,#7099);
#5809=LINE('',#17976,#7100);
#5810=LINE('',#17979,#7101);
#5811=LINE('',#17981,#7102);
#5812=LINE('',#17983,#7103);
#5813=LINE('',#17984,#7104);
#5814=LINE('',#17987,#7105);
#5815=LINE('',#17989,#7106);
#5816=LINE('',#17991,#7107);
#5817=LINE('',#17992,#7108);
#5818=LINE('',#17995,#7109);
#5819=LINE('',#17997,#7110);
#5820=LINE('',#17999,#7111);
#5821=LINE('',#18000,#7112);
#5822=LINE('',#18003,#7113);
#5823=LINE('',#18005,#7114);
#5824=LINE('',#18007,#7115);
#5825=LINE('',#18008,#7116);
#5826=LINE('',#18011,#7117);
#5827=LINE('',#18013,#7118);
#5828=LINE('',#18015,#7119);
#5829=LINE('',#18016,#7120);
#5830=LINE('',#18019,#7121);
#5831=LINE('',#18021,#7122);
#5832=LINE('',#18023,#7123);
#5833=LINE('',#18024,#7124);
#5834=LINE('',#18027,#7125);
#5835=LINE('',#18029,#7126);
#5836=LINE('',#18031,#7127);
#5837=LINE('',#18032,#7128);
#5838=LINE('',#18035,#7129);
#5839=LINE('',#18037,#7130);
#5840=LINE('',#18039,#7131);
#5841=LINE('',#18040,#7132);
#5842=LINE('',#18043,#7133);
#5843=LINE('',#18045,#7134);
#5844=LINE('',#18047,#7135);
#5845=LINE('',#18049,#7136);
#5846=LINE('',#18051,#7137);
#5847=LINE('',#18053,#7138);
#5848=LINE('',#18055,#7139);
#5849=LINE('',#18057,#7140);
#5850=LINE('',#18059,#7141);
#5851=LINE('',#18061,#7142);
#5852=LINE('',#18063,#7143);
#5853=LINE('',#18065,#7144);
#5854=LINE('',#18067,#7145);
#5855=LINE('',#18069,#7146);
#5856=LINE('',#18071,#7147);
#5857=LINE('',#18075,#7148);
#5858=LINE('',#18079,#7149);
#5859=LINE('',#18081,#7150);
#5860=LINE('',#18083,#7151);
#5861=LINE('',#18087,#7152);
#5862=LINE('',#18091,#7153);
#5863=LINE('',#18093,#7154);
#5864=LINE('',#18095,#7155);
#5865=LINE('',#18099,#7156);
#5866=LINE('',#18103,#7157);
#5867=LINE('',#18105,#7158);
#5868=LINE('',#18107,#7159);
#5869=LINE('',#18111,#7160);
#5870=LINE('',#18115,#7161);
#5871=LINE('',#18117,#7162);
#5872=LINE('',#18119,#7163);
#5873=LINE('',#18120,#7164);
#5874=LINE('',#18123,#7165);
#5875=LINE('',#18125,#7166);
#5876=LINE('',#18127,#7167);
#5877=LINE('',#18128,#7168);
#5878=LINE('',#18131,#7169);
#5879=LINE('',#18133,#7170);
#5880=LINE('',#18135,#7171);
#5881=LINE('',#18136,#7172);
#5882=LINE('',#18139,#7173);
#5883=LINE('',#18141,#7174);
#5884=LINE('',#18143,#7175);
#5885=LINE('',#18144,#7176);
#5886=LINE('',#18147,#7177);
#5887=LINE('',#18149,#7178);
#5888=LINE('',#18151,#7179);
#5889=LINE('',#18152,#7180);
#5890=LINE('',#18155,#7181);
#5891=LINE('',#18157,#7182);
#5892=LINE('',#18159,#7183);
#5893=LINE('',#18160,#7184);
#5894=LINE('',#18163,#7185);
#5895=LINE('',#18165,#7186);
#5896=LINE('',#18167,#7187);
#5897=LINE('',#18168,#7188);
#5898=LINE('',#18171,#7189);
#5899=LINE('',#18173,#7190);
#5900=LINE('',#18175,#7191);
#5901=LINE('',#18176,#7192);
#5902=LINE('',#18179,#7193);
#5903=LINE('',#18181,#7194);
#5904=LINE('',#18183,#7195);
#5905=LINE('',#18184,#7196);
#5906=LINE('',#18187,#7197);
#5907=LINE('',#18189,#7198);
#5908=LINE('',#18191,#7199);
#5909=LINE('',#18192,#7200);
#5910=LINE('',#18195,#7201);
#5911=LINE('',#18197,#7202);
#5912=LINE('',#18199,#7203);
#5913=LINE('',#18200,#7204);
#5914=LINE('',#18203,#7205);
#5915=LINE('',#18205,#7206);
#5916=LINE('',#18207,#7207);
#5917=LINE('',#18208,#7208);
#5918=LINE('',#18211,#7209);
#5919=LINE('',#18213,#7210);
#5920=LINE('',#18215,#7211);
#5921=LINE('',#18216,#7212);
#5922=LINE('',#18219,#7213);
#5923=LINE('',#18221,#7214);
#5924=LINE('',#18223,#7215);
#5925=LINE('',#18225,#7216);
#5926=LINE('',#18227,#7217);
#5927=LINE('',#18229,#7218);
#5928=LINE('',#18231,#7219);
#5929=LINE('',#18233,#7220);
#5930=LINE('',#18235,#7221);
#5931=LINE('',#18237,#7222);
#5932=LINE('',#18239,#7223);
#5933=LINE('',#18241,#7224);
#5934=LINE('',#18243,#7225);
#5935=LINE('',#18245,#7226);
#5936=LINE('',#18247,#7227);
#5937=LINE('',#18249,#7228);
#5938=LINE('',#18251,#7229);
#5939=LINE('',#18254,#7230);
#5940=LINE('',#18256,#7231);
#5941=LINE('',#18258,#7232);
#5942=LINE('',#18260,#7233);
#5943=LINE('',#18262,#7234);
#5944=LINE('',#18264,#7235);
#5945=LINE('',#18266,#7236);
#5946=LINE('',#18268,#7237);
#5947=LINE('',#18270,#7238);
#5948=LINE('',#18272,#7239);
#5949=LINE('',#18274,#7240);
#5950=LINE('',#18276,#7241);
#5951=LINE('',#18278,#7242);
#5952=LINE('',#18280,#7243);
#5953=LINE('',#18283,#7244);
#5954=LINE('',#18285,#7245);
#5955=LINE('',#18287,#7246);
#5956=LINE('',#18289,#7247);
#5957=LINE('',#18291,#7248);
#5958=LINE('',#18293,#7249);
#5959=LINE('',#18295,#7250);
#5960=LINE('',#18297,#7251);
#5961=LINE('',#18299,#7252);
#5962=LINE('',#18301,#7253);
#5963=LINE('',#18303,#7254);
#5964=LINE('',#18305,#7255);
#5965=LINE('',#18307,#7256);
#5966=LINE('',#18309,#7257);
#5967=LINE('',#18312,#7258);
#5968=LINE('',#18314,#7259);
#5969=LINE('',#18316,#7260);
#5970=LINE('',#18318,#7261);
#5971=LINE('',#18320,#7262);
#5972=LINE('',#18322,#7263);
#5973=LINE('',#18324,#7264);
#5974=LINE('',#18326,#7265);
#5975=LINE('',#18328,#7266);
#5976=LINE('',#18330,#7267);
#5977=LINE('',#18332,#7268);
#5978=LINE('',#18334,#7269);
#5979=LINE('',#18336,#7270);
#5980=LINE('',#18338,#7271);
#5981=LINE('',#18341,#7272);
#5982=LINE('',#18343,#7273);
#5983=LINE('',#18345,#7274);
#5984=LINE('',#18347,#7275);
#5985=LINE('',#18349,#7276);
#5986=LINE('',#18351,#7277);
#5987=LINE('',#18353,#7278);
#5988=LINE('',#18355,#7279);
#5989=LINE('',#18357,#7280);
#5990=LINE('',#18359,#7281);
#5991=LINE('',#18361,#7282);
#5992=LINE('',#18363,#7283);
#5993=LINE('',#18365,#7284);
#5994=LINE('',#18367,#7285);
#5995=LINE('',#18370,#7286);
#5996=LINE('',#18372,#7287);
#5997=LINE('',#18374,#7288);
#5998=LINE('',#18376,#7289);
#5999=LINE('',#18378,#7290);
#6000=LINE('',#18380,#7291);
#6001=LINE('',#18382,#7292);
#6002=LINE('',#18384,#7293);
#6003=LINE('',#18386,#7294);
#6004=LINE('',#18388,#7295);
#6005=LINE('',#18390,#7296);
#6006=LINE('',#18392,#7297);
#6007=LINE('',#18394,#7298);
#6008=LINE('',#18396,#7299);
#6009=LINE('',#18399,#7300);
#6010=LINE('',#18401,#7301);
#6011=LINE('',#18403,#7302);
#6012=LINE('',#18405,#7303);
#6013=LINE('',#18407,#7304);
#6014=LINE('',#18409,#7305);
#6015=LINE('',#18411,#7306);
#6016=LINE('',#18413,#7307);
#6017=LINE('',#18415,#7308);
#6018=LINE('',#18417,#7309);
#6019=LINE('',#18419,#7310);
#6020=LINE('',#18421,#7311);
#6021=LINE('',#18423,#7312);
#6022=LINE('',#18425,#7313);
#6023=LINE('',#18428,#7314);
#6024=LINE('',#18430,#7315);
#6025=LINE('',#18432,#7316);
#6026=LINE('',#18434,#7317);
#6027=LINE('',#18436,#7318);
#6028=LINE('',#18438,#7319);
#6029=LINE('',#18440,#7320);
#6030=LINE('',#18442,#7321);
#6031=LINE('',#18444,#7322);
#6032=LINE('',#18446,#7323);
#6033=LINE('',#18448,#7324);
#6034=LINE('',#18450,#7325);
#6035=LINE('',#18452,#7326);
#6036=LINE('',#18454,#7327);
#6037=LINE('',#18460,#7328);
#6038=LINE('',#18464,#7329);
#6039=LINE('',#18466,#7330);
#6040=LINE('',#18468,#7331);
#6041=LINE('',#18470,#7332);
#6042=LINE('',#18475,#7333);
#6043=LINE('',#18479,#7334);
#6044=LINE('',#18481,#7335);
#6045=LINE('',#18483,#7336);
#6046=LINE('',#18485,#7337);
#6047=LINE('',#18490,#7338);
#6048=LINE('',#18494,#7339);
#6049=LINE('',#18496,#7340);
#6050=LINE('',#18498,#7341);
#6051=LINE('',#18500,#7342);
#6052=LINE('',#18505,#7343);
#6053=LINE('',#18509,#7344);
#6054=LINE('',#18511,#7345);
#6055=LINE('',#18513,#7346);
#6056=LINE('',#18515,#7347);
#6057=LINE('',#18520,#7348);
#6058=LINE('',#18524,#7349);
#6059=LINE('',#18526,#7350);
#6060=LINE('',#18528,#7351);
#6061=LINE('',#18530,#7352);
#6062=LINE('',#18535,#7353);
#6063=LINE('',#18539,#7354);
#6064=LINE('',#18541,#7355);
#6065=LINE('',#18543,#7356);
#6066=LINE('',#18545,#7357);
#6067=LINE('',#18550,#7358);
#6068=LINE('',#18554,#7359);
#6069=LINE('',#18556,#7360);
#6070=LINE('',#18558,#7361);
#6071=LINE('',#18560,#7362);
#6072=LINE('',#18565,#7363);
#6073=LINE('',#18569,#7364);
#6074=LINE('',#18571,#7365);
#6075=LINE('',#18573,#7366);
#6076=LINE('',#18575,#7367);
#6077=LINE('',#18580,#7368);
#6078=LINE('',#18584,#7369);
#6079=LINE('',#18586,#7370);
#6080=LINE('',#18588,#7371);
#6081=LINE('',#18590,#7372);
#6082=LINE('',#18595,#7373);
#6083=LINE('',#18599,#7374);
#6084=LINE('',#18601,#7375);
#6085=LINE('',#18603,#7376);
#6086=LINE('',#18605,#7377);
#6087=LINE('',#18610,#7378);
#6088=LINE('',#18614,#7379);
#6089=LINE('',#18616,#7380);
#6090=LINE('',#18618,#7381);
#6091=LINE('',#18620,#7382);
#6092=LINE('',#18625,#7383);
#6093=LINE('',#18629,#7384);
#6094=LINE('',#18631,#7385);
#6095=LINE('',#18633,#7386);
#6096=LINE('',#18635,#7387);
#6097=LINE('',#18640,#7388);
#6098=LINE('',#18644,#7389);
#6099=LINE('',#18646,#7390);
#6100=LINE('',#18648,#7391);
#6101=LINE('',#18650,#7392);
#6102=LINE('',#18655,#7393);
#6103=LINE('',#18659,#7394);
#6104=LINE('',#18661,#7395);
#6105=LINE('',#18663,#7396);
#6106=LINE('',#18665,#7397);
#6107=LINE('',#18670,#7398);
#6108=LINE('',#18674,#7399);
#6109=LINE('',#18676,#7400);
#6110=LINE('',#18678,#7401);
#6111=LINE('',#18680,#7402);
#6112=LINE('',#18685,#7403);
#6113=LINE('',#18689,#7404);
#6114=LINE('',#18691,#7405);
#6115=LINE('',#18693,#7406);
#6116=LINE('',#18695,#7407);
#6117=LINE('',#18700,#7408);
#6118=LINE('',#18704,#7409);
#6119=LINE('',#18706,#7410);
#6120=LINE('',#18709,#7411);
#6121=LINE('',#18711,#7412);
#6122=LINE('',#18713,#7413);
#6123=LINE('',#18717,#7414);
#6124=LINE('',#18721,#7415);
#6125=LINE('',#18722,#7416);
#6126=LINE('',#18727,#7417);
#6127=LINE('',#18731,#7418);
#6128=LINE('',#18733,#7419);
#6129=LINE('',#18735,#7420);
#6130=LINE('',#18737,#7421);
#6131=LINE('',#18742,#7422);
#6132=LINE('',#18746,#7423);
#6133=LINE('',#18748,#7424);
#6134=LINE('',#18749,#7425);
#6135=LINE('',#18751,#7426);
#6136=LINE('',#18753,#7427);
#6137=LINE('',#18755,#7428);
#6138=LINE('',#18757,#7429);
#6139=LINE('',#18759,#7430);
#6140=LINE('',#18761,#7431);
#6141=LINE('',#18763,#7432);
#6142=LINE('',#18765,#7433);
#6143=LINE('',#18767,#7434);
#6144=LINE('',#18769,#7435);
#6145=LINE('',#18771,#7436);
#6146=LINE('',#18773,#7437);
#6147=LINE('',#18775,#7438);
#6148=LINE('',#18777,#7439);
#6149=LINE('',#18779,#7440);
#6150=LINE('',#18781,#7441);
#6151=LINE('',#18783,#7442);
#6152=LINE('',#18785,#7443);
#6153=LINE('',#18787,#7444);
#6154=LINE('',#18789,#7445);
#6155=LINE('',#18791,#7446);
#6156=LINE('',#18793,#7447);
#6157=LINE('',#18795,#7448);
#6158=LINE('',#18797,#7449);
#6159=LINE('',#18799,#7450);
#6160=LINE('',#18801,#7451);
#6161=LINE('',#18803,#7452);
#6162=LINE('',#18805,#7453);
#6163=LINE('',#18807,#7454);
#6164=LINE('',#18809,#7455);
#6165=LINE('',#18811,#7456);
#6166=LINE('',#18813,#7457);
#6167=LINE('',#18815,#7458);
#6168=LINE('',#18817,#7459);
#6169=LINE('',#18819,#7460);
#6170=LINE('',#18821,#7461);
#6171=LINE('',#18823,#7462);
#6172=LINE('',#18825,#7463);
#6173=LINE('',#18827,#7464);
#6174=LINE('',#18829,#7465);
#6175=LINE('',#18831,#7466);
#6176=LINE('',#18833,#7467);
#6177=LINE('',#18835,#7468);
#6178=LINE('',#18837,#7469);
#6179=LINE('',#18839,#7470);
#6180=LINE('',#18841,#7471);
#6181=LINE('',#18843,#7472);
#6182=LINE('',#18845,#7473);
#6183=LINE('',#18847,#7474);
#6184=LINE('',#18849,#7475);
#6185=LINE('',#18851,#7476);
#6186=LINE('',#18853,#7477);
#6187=LINE('',#18855,#7478);
#6188=LINE('',#18857,#7479);
#6189=LINE('',#18859,#7480);
#6190=LINE('',#18861,#7481);
#6191=LINE('',#18863,#7482);
#6192=LINE('',#18865,#7483);
#6193=LINE('',#18867,#7484);
#6194=LINE('',#18869,#7485);
#6195=LINE('',#18871,#7486);
#6196=LINE('',#18873,#7487);
#6197=LINE('',#18875,#7488);
#6198=LINE('',#18877,#7489);
#6199=LINE('',#18879,#7490);
#6200=LINE('',#18881,#7491);
#6201=LINE('',#18883,#7492);
#6202=LINE('',#18885,#7493);
#6203=LINE('',#18887,#7494);
#6204=LINE('',#18889,#7495);
#6205=LINE('',#18891,#7496);
#6206=LINE('',#18893,#7497);
#6207=LINE('',#18895,#7498);
#6208=LINE('',#18897,#7499);
#6209=LINE('',#18899,#7500);
#6210=LINE('',#18901,#7501);
#6211=LINE('',#18903,#7502);
#6212=LINE('',#18905,#7503);
#6213=LINE('',#18907,#7504);
#6214=LINE('',#18909,#7505);
#6215=LINE('',#18911,#7506);
#6216=LINE('',#18913,#7507);
#6217=LINE('',#18915,#7508);
#6218=LINE('',#18917,#7509);
#6219=LINE('',#18919,#7510);
#6220=LINE('',#18921,#7511);
#6221=LINE('',#18923,#7512);
#6222=LINE('',#18925,#7513);
#6223=LINE('',#18927,#7514);
#6224=LINE('',#18929,#7515);
#6225=LINE('',#18931,#7516);
#6226=LINE('',#18933,#7517);
#6227=LINE('',#18935,#7518);
#6228=LINE('',#18937,#7519);
#6229=LINE('',#18939,#7520);
#6230=LINE('',#18941,#7521);
#6231=LINE('',#18943,#7522);
#6232=LINE('',#18945,#7523);
#6233=LINE('',#18947,#7524);
#6234=LINE('',#18949,#7525);
#6235=LINE('',#18951,#7526);
#6236=LINE('',#18953,#7527);
#6237=LINE('',#18955,#7528);
#6238=LINE('',#18957,#7529);
#6239=LINE('',#18959,#7530);
#6240=LINE('',#18961,#7531);
#6241=LINE('',#18963,#7532);
#6242=LINE('',#18965,#7533);
#6243=LINE('',#18967,#7534);
#6244=LINE('',#18969,#7535);
#6245=LINE('',#18971,#7536);
#6246=LINE('',#18973,#7537);
#6247=LINE('',#18975,#7538);
#6248=LINE('',#18977,#7539);
#6249=LINE('',#18979,#7540);
#6250=LINE('',#18981,#7541);
#6251=LINE('',#18983,#7542);
#6252=LINE('',#18985,#7543);
#6253=LINE('',#18987,#7544);
#6254=LINE('',#18989,#7545);
#6255=LINE('',#18991,#7546);
#6256=LINE('',#18993,#7547);
#6257=LINE('',#18995,#7548);
#6258=LINE('',#18997,#7549);
#6259=LINE('',#18999,#7550);
#6260=LINE('',#19001,#7551);
#6261=LINE('',#19003,#7552);
#6262=LINE('',#19005,#7553);
#6263=LINE('',#19007,#7554);
#6264=LINE('',#19009,#7555);
#6265=LINE('',#19011,#7556);
#6266=LINE('',#19013,#7557);
#6267=LINE('',#19015,#7558);
#6268=LINE('',#19017,#7559);
#6269=LINE('',#19019,#7560);
#6270=LINE('',#19021,#7561);
#6271=LINE('',#19023,#7562);
#6272=LINE('',#19025,#7563);
#6273=LINE('',#19027,#7564);
#6274=LINE('',#19029,#7565);
#6275=LINE('',#19031,#7566);
#6276=LINE('',#19033,#7567);
#6277=LINE('',#19035,#7568);
#6278=LINE('',#19037,#7569);
#6279=LINE('',#19039,#7570);
#6280=LINE('',#19041,#7571);
#6281=LINE('',#19043,#7572);
#6282=LINE('',#19045,#7573);
#6283=LINE('',#19047,#7574);
#6284=LINE('',#19049,#7575);
#6285=LINE('',#19051,#7576);
#6286=LINE('',#19053,#7577);
#6287=LINE('',#19055,#7578);
#6288=LINE('',#19057,#7579);
#6289=LINE('',#19059,#7580);
#6290=LINE('',#19061,#7581);
#6291=LINE('',#19063,#7582);
#6292=LINE('',#19065,#7583);
#6293=LINE('',#19067,#7584);
#6294=LINE('',#19069,#7585);
#6295=LINE('',#19071,#7586);
#6296=LINE('',#19073,#7587);
#6297=LINE('',#19075,#7588);
#6298=LINE('',#19077,#7589);
#6299=LINE('',#19079,#7590);
#6300=LINE('',#19081,#7591);
#6301=LINE('',#19083,#7592);
#6302=LINE('',#19085,#7593);
#6303=LINE('',#19087,#7594);
#6304=LINE('',#19090,#7595);
#6305=LINE('',#19091,#7596);
#6306=LINE('',#19093,#7597);
#6307=LINE('',#19095,#7598);
#6308=LINE('',#19097,#7599);
#6309=LINE('',#19099,#7600);
#6310=LINE('',#19101,#7601);
#6311=LINE('',#19103,#7602);
#6312=LINE('',#19104,#7603);
#6313=LINE('',#19105,#7604);
#6314=LINE('',#19106,#7605);
#6315=LINE('',#19108,#7606);
#6316=LINE('',#19110,#7607);
#6317=LINE('',#19112,#7608);
#6318=LINE('',#19114,#7609);
#6319=LINE('',#19116,#7610);
#6320=LINE('',#19118,#7611);
#6321=LINE('',#19120,#7612);
#6322=LINE('',#19122,#7613);
#6323=LINE('',#19124,#7614);
#6324=LINE('',#19126,#7615);
#6325=LINE('',#19128,#7616);
#6326=LINE('',#19130,#7617);
#6327=LINE('',#19131,#7618);
#6328=LINE('',#19132,#7619);
#6329=LINE('',#19133,#7620);
#6330=LINE('',#19134,#7621);
#6331=LINE('',#19136,#7622);
#6332=LINE('',#19138,#7623);
#6333=LINE('',#19140,#7624);
#6334=LINE('',#19142,#7625);
#6335=LINE('',#19145,#7626);
#6336=LINE('',#19147,#7627);
#6337=LINE('',#19149,#7628);
#6338=LINE('',#19151,#7629);
#6339=LINE('',#19153,#7630);
#6340=LINE('',#19155,#7631);
#6341=LINE('',#19157,#7632);
#6342=LINE('',#19159,#7633);
#6343=LINE('',#19161,#7634);
#6344=LINE('',#19163,#7635);
#6345=LINE('',#19165,#7636);
#6346=LINE('',#19167,#7637);
#6347=LINE('',#19169,#7638);
#6348=LINE('',#19171,#7639);
#6349=LINE('',#19173,#7640);
#6350=LINE('',#19175,#7641);
#6351=LINE('',#19177,#7642);
#6352=LINE('',#19179,#7643);
#6353=LINE('',#19181,#7644);
#6354=LINE('',#19183,#7645);
#6355=LINE('',#19185,#7646);
#6356=LINE('',#19187,#7647);
#6357=LINE('',#19189,#7648);
#6358=LINE('',#19192,#7649);
#6359=LINE('',#19194,#7650);
#6360=LINE('',#19196,#7651);
#6361=LINE('',#19198,#7652);
#6362=LINE('',#19199,#7653);
#6363=LINE('',#19200,#7654);
#6364=LINE('',#19201,#7655);
#6365=LINE('',#19203,#7656);
#6366=LINE('',#19205,#7657);
#6367=LINE('',#19207,#7658);
#6368=LINE('',#19209,#7659);
#6369=LINE('',#19211,#7660);
#6370=LINE('',#19213,#7661);
#6371=LINE('',#19215,#7662);
#6372=LINE('',#19217,#7663);
#6373=LINE('',#19219,#7664);
#6374=LINE('',#19221,#7665);
#6375=LINE('',#19223,#7666);
#6376=LINE('',#19225,#7667);
#6377=LINE('',#19226,#7668);
#6378=LINE('',#19227,#7669);
#6379=LINE('',#19228,#7670);
#6380=LINE('',#19229,#7671);
#6381=LINE('',#19231,#7672);
#6382=LINE('',#19233,#7673);
#6383=LINE('',#19235,#7674);
#6384=LINE('',#19237,#7675);
#6385=LINE('',#19240,#7676);
#6386=LINE('',#19242,#7677);
#6387=LINE('',#19244,#7678);
#6388=LINE('',#19246,#7679);
#6389=LINE('',#19249,#7680);
#6390=LINE('',#19251,#7681);
#6391=LINE('',#19253,#7682);
#6392=LINE('',#19255,#7683);
#6393=LINE('',#19257,#7684);
#6394=LINE('',#19259,#7685);
#6395=LINE('',#19261,#7686);
#6396=LINE('',#19263,#7687);
#6397=LINE('',#19265,#7688);
#6398=LINE('',#19267,#7689);
#6399=LINE('',#19269,#7690);
#6400=LINE('',#19271,#7691);
#6401=LINE('',#19273,#7692);
#6402=LINE('',#19275,#7693);
#6403=LINE('',#19277,#7694);
#6404=LINE('',#19279,#7695);
#6405=LINE('',#19281,#7696);
#6406=LINE('',#19283,#7697);
#6407=LINE('',#19285,#7698);
#6408=LINE('',#19287,#7699);
#6409=LINE('',#19289,#7700);
#6410=LINE('',#19291,#7701);
#6411=LINE('',#19293,#7702);
#6412=LINE('',#19296,#7703);
#6413=LINE('',#19298,#7704);
#6414=LINE('',#19300,#7705);
#6415=LINE('',#19302,#7706);
#6416=LINE('',#19305,#7707);
#6417=LINE('',#19307,#7708);
#6418=LINE('',#19309,#7709);
#6419=LINE('',#19325,#7710);
#6420=LINE('',#19328,#7711);
#6421=LINE('',#19330,#7712);
#6422=LINE('',#19332,#7713);
#6423=LINE('',#19334,#7714);
#6424=LINE('',#19337,#7715);
#6425=LINE('',#19338,#7716);
#6426=LINE('',#19340,#7717);
#6427=LINE('',#19342,#7718);
#6428=LINE('',#19344,#7719);
#6429=LINE('',#19346,#7720);
#6430=LINE('',#19348,#7721);
#6431=LINE('',#19350,#7722);
#6432=LINE('',#19352,#7723);
#6433=LINE('',#19354,#7724);
#6434=LINE('',#19357,#7725);
#6435=LINE('',#19358,#7726);
#6436=LINE('',#19360,#7727);
#6437=LINE('',#19362,#7728);
#6438=LINE('',#19364,#7729);
#6439=LINE('',#19366,#7730);
#6440=LINE('',#19372,#7731);
#6441=LINE('',#19374,#7732);
#6442=LINE('',#19380,#7733);
#6443=LINE('',#19382,#7734);
#6444=LINE('',#19384,#7735);
#6445=LINE('',#19386,#7736);
#6446=LINE('',#19388,#7737);
#6447=LINE('',#19390,#7738);
#6448=LINE('',#19392,#7739);
#6449=LINE('',#19394,#7740);
#6450=LINE('',#19396,#7741);
#6451=LINE('',#19398,#7742);
#6452=LINE('',#19400,#7743);
#6453=LINE('',#19402,#7744);
#6454=LINE('',#19404,#7745);
#6455=LINE('',#19406,#7746);
#6456=LINE('',#19408,#7747);
#6457=LINE('',#19410,#7748);
#6458=LINE('',#19412,#7749);
#6459=LINE('',#19414,#7750);
#6460=LINE('',#19416,#7751);
#6461=LINE('',#19418,#7752);
#6462=LINE('',#19420,#7753);
#6463=LINE('',#19422,#7754);
#6464=LINE('',#19424,#7755);
#6465=LINE('',#19426,#7756);
#6466=LINE('',#19428,#7757);
#6467=LINE('',#19434,#7758);
#6468=LINE('',#19436,#7759);
#6469=LINE('',#19442,#7760);
#6470=LINE('',#19444,#7761);
#6471=LINE('',#19446,#7762);
#6472=LINE('',#19449,#7763);
#6473=LINE('',#19451,#7764);
#6474=LINE('',#19453,#7765);
#6475=LINE('',#19455,#7766);
#6476=LINE('',#19458,#7767);
#6477=LINE('',#19460,#7768);
#6478=LINE('',#19462,#7769);
#6479=LINE('',#19464,#7770);
#6480=LINE('',#19467,#7771);
#6481=LINE('',#19468,#7772);
#6482=LINE('',#19470,#7773);
#6483=LINE('',#19472,#7774);
#6484=LINE('',#19474,#7775);
#6485=LINE('',#19476,#7776);
#6486=LINE('',#19478,#7777);
#6487=LINE('',#19480,#7778);
#6488=LINE('',#19482,#7779);
#6489=LINE('',#19484,#7780);
#6490=LINE('',#19487,#7781);
#6491=LINE('',#19488,#7782);
#6492=LINE('',#19490,#7783);
#6493=LINE('',#19492,#7784);
#6494=LINE('',#19494,#7785);
#6495=LINE('',#19496,#7786);
#6496=LINE('',#19498,#7787);
#6497=LINE('',#19506,#7788);
#6498=LINE('',#19508,#7789);
#6499=LINE('',#19512,#7790);
#6500=LINE('',#19514,#7791);
#6501=LINE('',#19522,#7792);
#6502=LINE('',#19524,#7793);
#6503=LINE('',#19528,#7794);
#6504=LINE('',#19530,#7795);
#6505=LINE('',#19532,#7796);
#6506=LINE('',#19534,#7797);
#6507=LINE('',#19536,#7798);
#6508=LINE('',#19538,#7799);
#6509=LINE('',#19540,#7800);
#6510=LINE('',#19542,#7801);
#6511=LINE('',#19544,#7802);
#6512=LINE('',#19546,#7803);
#6513=LINE('',#19548,#7804);
#6514=LINE('',#19550,#7805);
#6515=LINE('',#19552,#7806);
#6516=LINE('',#19554,#7807);
#6517=LINE('',#19556,#7808);
#6518=LINE('',#19558,#7809);
#6519=LINE('',#19560,#7810);
#6520=LINE('',#19562,#7811);
#6521=LINE('',#19564,#7812);
#6522=LINE('',#19566,#7813);
#6523=LINE('',#19568,#7814);
#6524=LINE('',#19570,#7815);
#6525=LINE('',#19572,#7816);
#6526=LINE('',#19574,#7817);
#6527=LINE('',#19576,#7818);
#6528=LINE('',#19579,#7819);
#6529=LINE('',#19581,#7820);
#6530=LINE('',#19583,#7821);
#6531=LINE('',#19585,#7822);
#6532=LINE('',#19588,#7823);
#6533=LINE('',#19589,#7824);
#6534=LINE('',#19591,#7825);
#6535=LINE('',#19593,#7826);
#6536=LINE('',#19595,#7827);
#6537=LINE('',#19597,#7828);
#6538=LINE('',#19599,#7829);
#6539=LINE('',#19601,#7830);
#6540=LINE('',#19605,#7831);
#6541=LINE('',#19607,#7832);
#6542=LINE('',#19611,#7833);
#6543=LINE('',#19613,#7834);
#6544=LINE('',#19616,#7835);
#6545=LINE('',#19617,#7836);
#6546=LINE('',#19619,#7837);
#6547=LINE('',#19621,#7838);
#6548=LINE('',#19623,#7839);
#6549=LINE('',#19625,#7840);
#6550=LINE('',#19627,#7841);
#6551=LINE('',#19629,#7842);
#6552=LINE('',#19636,#7843);
#6553=LINE('',#19638,#7844);
#6554=LINE('',#19666,#7845);
#6555=LINE('',#19670,#7846);
#6556=LINE('',#19692,#7847);
#6557=LINE('',#19699,#7848);
#6558=LINE('',#19700,#7849);
#6559=LINE('',#19727,#7850);
#6560=LINE('',#19729,#7851);
#6561=LINE('',#19730,#7852);
#6562=LINE('',#19734,#7853);
#6563=LINE('',#19741,#7854);
#6564=LINE('',#19745,#7855);
#6565=LINE('',#19747,#7856);
#6566=LINE('',#19749,#7857);
#6567=LINE('',#19751,#7858);
#6568=LINE('',#19757,#7859);
#6569=LINE('',#19759,#7860);
#6570=LINE('',#19760,#7861);
#6571=LINE('',#19762,#7862);
#6572=LINE('',#19764,#7863);
#6573=LINE('',#19766,#7864);
#6574=LINE('',#19768,#7865);
#6575=LINE('',#19770,#7866);
#6576=LINE('',#19772,#7867);
#6577=LINE('',#19774,#7868);
#6578=LINE('',#19776,#7869);
#6579=LINE('',#19778,#7870);
#6580=LINE('',#19780,#7871);
#6581=LINE('',#19782,#7872);
#6582=LINE('',#19784,#7873);
#6583=LINE('',#19786,#7874);
#6584=LINE('',#19788,#7875);
#6585=LINE('',#19790,#7876);
#6586=LINE('',#19792,#7877);
#6587=LINE('',#19794,#7878);
#6588=LINE('',#19796,#7879);
#6589=LINE('',#19798,#7880);
#6590=LINE('',#19800,#7881);
#6591=LINE('',#19802,#7882);
#6592=LINE('',#19804,#7883);
#6593=LINE('',#19806,#7884);
#6594=LINE('',#19808,#7885);
#6595=LINE('',#19810,#7886);
#6596=LINE('',#19812,#7887);
#6597=LINE('',#19814,#7888);
#6598=LINE('',#19816,#7889);
#6599=LINE('',#19818,#7890);
#6600=LINE('',#19820,#7891);
#6601=LINE('',#19822,#7892);
#6602=LINE('',#19828,#7893);
#6603=LINE('',#19833,#7894);
#6604=LINE('',#19837,#7895);
#6605=LINE('',#19839,#7896);
#6606=LINE('',#19841,#7897);
#6607=LINE('',#19843,#7898);
#6608=LINE('',#19845,#7899);
#6609=LINE('',#19847,#7900);
#6610=LINE('',#19849,#7901);
#6611=LINE('',#19853,#7902);
#6612=LINE('',#19857,#7903);
#6613=LINE('',#19858,#7904);
#6614=LINE('',#19862,#7905);
#6615=LINE('',#19869,#7906);
#6616=LINE('',#19873,#7907);
#6617=LINE('',#19875,#7908);
#6618=LINE('',#19877,#7909);
#6619=LINE('',#19879,#7910);
#6620=LINE('',#19885,#7911);
#6621=LINE('',#19887,#7912);
#6622=LINE('',#19888,#7913);
#6623=LINE('',#19890,#7914);
#6624=LINE('',#19892,#7915);
#6625=LINE('',#19894,#7916);
#6626=LINE('',#19896,#7917);
#6627=LINE('',#19898,#7918);
#6628=LINE('',#19900,#7919);
#6629=LINE('',#19902,#7920);
#6630=LINE('',#19904,#7921);
#6631=LINE('',#19906,#7922);
#6632=LINE('',#19908,#7923);
#6633=LINE('',#19910,#7924);
#6634=LINE('',#19912,#7925);
#6635=LINE('',#19914,#7926);
#6636=LINE('',#19916,#7927);
#6637=LINE('',#19918,#7928);
#6638=LINE('',#19920,#7929);
#6639=LINE('',#19922,#7930);
#6640=LINE('',#19924,#7931);
#6641=LINE('',#19926,#7932);
#6642=LINE('',#19928,#7933);
#6643=LINE('',#19930,#7934);
#6644=LINE('',#19932,#7935);
#6645=LINE('',#19934,#7936);
#6646=LINE('',#19936,#7937);
#6647=LINE('',#19938,#7938);
#6648=LINE('',#19940,#7939);
#6649=LINE('',#19942,#7940);
#6650=LINE('',#19944,#7941);
#6651=LINE('',#19946,#7942);
#6652=LINE('',#19948,#7943);
#6653=LINE('',#19950,#7944);
#6654=LINE('',#19956,#7945);
#6655=LINE('',#19961,#7946);
#6656=LINE('',#19965,#7947);
#6657=LINE('',#19967,#7948);
#6658=LINE('',#19969,#7949);
#6659=LINE('',#19971,#7950);
#6660=LINE('',#19973,#7951);
#6661=LINE('',#19975,#7952);
#6662=LINE('',#19977,#7953);
#6663=LINE('',#19981,#7954);
#6664=LINE('',#19985,#7955);
#6665=LINE('',#19986,#7956);
#6666=LINE('',#20039,#7957);
#6667=LINE('',#20040,#7958);
#6668=LINE('',#20065,#7959);
#6669=LINE('',#20070,#7960);
#6670=LINE('',#20074,#7961);
#6671=LINE('',#20076,#7962);
#6672=LINE('',#20078,#7963);
#6673=LINE('',#20081,#7964);
#6674=LINE('',#20083,#7965);
#6675=LINE('',#20085,#7966);
#6676=LINE('',#20087,#7967);
#6677=LINE('',#20090,#7968);
#6678=LINE('',#20096,#7969);
#6679=LINE('',#20098,#7970);
#6680=LINE('',#20100,#7971);
#6681=LINE('',#20101,#7972);
#6682=LINE('',#20106,#7973);
#6683=LINE('',#20107,#7974);
#6684=LINE('',#20109,#7975);
#6685=LINE('',#20113,#7976);
#6686=LINE('',#20117,#7977);
#6687=LINE('',#20119,#7978);
#6688=LINE('',#20121,#7979);
#6689=LINE('',#20125,#7980);
#6690=LINE('',#20127,#7981);
#6691=LINE('',#20129,#7982);
#6692=LINE('',#20133,#7983);
#6693=LINE('',#20137,#7984);
#6694=LINE('',#20141,#7985);
#6695=LINE('',#20145,#7986);
#6696=LINE('',#20147,#7987);
#6697=LINE('',#20151,#7988);
#6698=LINE('',#20156,#7989);
#6699=LINE('',#20169,#7990);
#6700=LINE('',#20178,#7991);
#6701=LINE('',#20179,#7992);
#6702=LINE('',#20184,#7993);
#6703=LINE('',#20185,#7994);
#6704=LINE('',#20194,#7995);
#6705=LINE('',#20196,#7996);
#6706=LINE('',#20198,#7997);
#6707=LINE('',#20201,#7998);
#6708=LINE('',#20202,#7999);
#6709=LINE('',#20204,#8000);
#6710=LINE('',#20206,#8001);
#6711=LINE('',#20208,#8002);
#6712=LINE('',#20210,#8003);
#6713=LINE('',#20212,#8004);
#6714=LINE('',#20214,#8005);
#6715=LINE('',#20216,#8006);
#6716=LINE('',#20218,#8007);
#6717=LINE('',#20220,#8008);
#6718=LINE('',#20222,#8009);
#6719=LINE('',#20224,#8010);
#6720=LINE('',#20226,#8011);
#6721=LINE('',#20228,#8012);
#6722=LINE('',#20230,#8013);
#6723=LINE('',#20232,#8014);
#6724=LINE('',#20234,#8015);
#6725=LINE('',#20236,#8016);
#6726=LINE('',#20238,#8017);
#6727=LINE('',#20242,#8018);
#6728=LINE('',#20246,#8019);
#6729=LINE('',#20248,#8020);
#6730=LINE('',#20250,#8021);
#6731=LINE('',#20251,#8022);
#6732=LINE('',#20253,#8023);
#6733=LINE('',#20255,#8024);
#6734=LINE('',#20257,#8025);
#6735=LINE('',#20259,#8026);
#6736=LINE('',#20261,#8027);
#6737=LINE('',#20262,#8028);
#6738=LINE('',#20264,#8029);
#6739=LINE('',#20266,#8030);
#6740=LINE('',#20270,#8031);
#6741=LINE('',#20274,#8032);
#6742=LINE('',#20276,#8033);
#6743=LINE('',#20279,#8034);
#6744=LINE('',#20280,#8035);
#6745=LINE('',#20282,#8036);
#6746=LINE('',#20284,#8037);
#6747=LINE('',#20286,#8038);
#6748=LINE('',#20288,#8039);
#6749=LINE('',#20290,#8040);
#6750=LINE('',#20292,#8041);
#6751=LINE('',#20294,#8042);
#6752=LINE('',#20296,#8043);
#6753=LINE('',#20298,#8044);
#6754=LINE('',#20300,#8045);
#6755=LINE('',#20302,#8046);
#6756=LINE('',#20304,#8047);
#6757=LINE('',#20306,#8048);
#6758=LINE('',#20308,#8049);
#6759=LINE('',#20310,#8050);
#6760=LINE('',#20312,#8051);
#6761=LINE('',#20314,#8052);
#6762=LINE('',#20316,#8053);
#6763=LINE('',#20320,#8054);
#6764=LINE('',#20324,#8055);
#6765=LINE('',#20326,#8056);
#6766=LINE('',#20328,#8057);
#6767=LINE('',#20329,#8058);
#6768=LINE('',#20331,#8059);
#6769=LINE('',#20333,#8060);
#6770=LINE('',#20335,#8061);
#6771=LINE('',#20337,#8062);
#6772=LINE('',#20339,#8063);
#6773=LINE('',#20340,#8064);
#6774=LINE('',#20342,#8065);
#6775=LINE('',#20344,#8066);
#6776=LINE('',#20348,#8067);
#6777=LINE('',#20352,#8068);
#6778=LINE('',#20362,#8069);
#6779=LINE('',#20373,#8070);
#6780=LINE('',#20375,#8071);
#6781=LINE('',#20379,#8072);
#6782=LINE('',#20381,#8073);
#6783=LINE('',#20385,#8074);
#6784=LINE('',#20389,#8075);
#6785=LINE('',#20393,#8076);
#6786=LINE('',#20397,#8077);
#6787=LINE('',#20401,#8078);
#6788=LINE('',#20403,#8079);
#6789=LINE('',#20412,#8080);
#6790=LINE('',#20420,#8081);
#6791=LINE('',#20423,#8082);
#6792=LINE('',#20425,#8083);
#6793=LINE('',#20427,#8084);
#6794=LINE('',#20429,#8085);
#6795=LINE('',#20432,#8086);
#6796=LINE('',#20434,#8087);
#6797=LINE('',#20436,#8088);
#6798=LINE('',#20438,#8089);
#6799=LINE('',#20441,#8090);
#6800=LINE('',#20443,#8091);
#6801=LINE('',#20445,#8092);
#6802=LINE('',#20447,#8093);
#6803=LINE('',#20448,#8094);
#6804=LINE('',#20450,#8095);
#6805=LINE('',#20453,#8096);
#6806=LINE('',#20455,#8097);
#6807=LINE('',#20457,#8098);
#6808=LINE('',#20459,#8099);
#6809=LINE('',#20462,#8100);
#6810=LINE('',#20464,#8101);
#6811=LINE('',#20466,#8102);
#6812=LINE('',#20468,#8103);
#6813=LINE('',#20469,#8104);
#6814=LINE('',#20471,#8105);
#6815=LINE('',#20474,#8106);
#6816=LINE('',#20476,#8107);
#6817=LINE('',#20478,#8108);
#6818=LINE('',#20480,#8109);
#6819=LINE('',#20483,#8110);
#6820=LINE('',#20485,#8111);
#6821=LINE('',#20487,#8112);
#6822=LINE('',#20489,#8113);
#6823=LINE('',#20490,#8114);
#6824=LINE('',#20492,#8115);
#6825=LINE('',#20495,#8116);
#6826=LINE('',#20497,#8117);
#6827=LINE('',#20499,#8118);
#6828=LINE('',#20501,#8119);
#6829=LINE('',#20504,#8120);
#6830=LINE('',#20506,#8121);
#6831=LINE('',#20508,#8122);
#6832=LINE('',#20510,#8123);
#6833=LINE('',#20511,#8124);
#6834=LINE('',#20513,#8125);
#6835=LINE('',#20516,#8126);
#6836=LINE('',#20518,#8127);
#6837=LINE('',#20520,#8128);
#6838=LINE('',#20522,#8129);
#6839=LINE('',#20526,#8130);
#6840=LINE('',#20528,#8131);
#6841=LINE('',#20530,#8132);
#6842=LINE('',#20532,#8133);
#6843=LINE('',#20534,#8134);
#6844=LINE('',#20536,#8135);
#6845=LINE('',#20540,#8136);
#6846=LINE('',#20543,#8137);
#6847=LINE('',#20545,#8138);
#6848=LINE('',#20547,#8139);
#6849=LINE('',#20549,#8140);
#6850=LINE('',#20551,#8141);
#6851=LINE('',#20553,#8142);
#6852=LINE('',#20555,#8143);
#6853=LINE('',#20557,#8144);
#6854=LINE('',#20559,#8145);
#6855=LINE('',#20564,#8146);
#6856=LINE('',#20568,#8147);
#6857=LINE('',#20570,#8148);
#6858=LINE('',#20572,#8149);
#6859=LINE('',#20573,#8150);
#6860=LINE('',#20575,#8151);
#6861=LINE('',#20577,#8152);
#6862=LINE('',#20579,#8153);
#6863=LINE('',#20581,#8154);
#6864=LINE('',#20585,#8155);
#6865=LINE('',#20587,#8156);
#6866=LINE('',#20589,#8157);
#6867=LINE('',#20593,#8158);
#6868=LINE('',#20595,#8159);
#6869=LINE('',#20597,#8160);
#6870=LINE('',#20599,#8161);
#6871=LINE('',#20603,#8162);
#6872=LINE('',#20605,#8163);
#6873=LINE('',#20607,#8164);
#6874=LINE('',#20611,#8165);
#6875=LINE('',#20617,#8166);
#6876=LINE('',#20618,#8167);
#6877=LINE('',#20620,#8168);
#6878=LINE('',#20622,#8169);
#6879=LINE('',#20624,#8170);
#6880=LINE('',#20626,#8171);
#6881=LINE('',#20630,#8172);
#6882=LINE('',#20632,#8173);
#6883=LINE('',#20634,#8174);
#6884=LINE('',#20638,#8175);
#6885=LINE('',#20640,#8176);
#6886=LINE('',#20644,#8177);
#6887=LINE('',#20646,#8178);
#6888=LINE('',#20648,#8179);
#6889=LINE('',#20652,#8180);
#6890=LINE('',#20654,#8181);
#6891=LINE('',#20656,#8182);
#6892=LINE('',#20658,#8183);
#6893=LINE('',#20660,#8184);
#6894=LINE('',#20662,#8185);
#6895=LINE('',#20664,#8186);
#6896=LINE('',#20666,#8187);
#6897=LINE('',#20670,#8188);
#6898=LINE('',#20674,#8189);
#6899=LINE('',#20677,#8190);
#6900=LINE('',#20679,#8191);
#6901=LINE('',#20681,#8192);
#6902=LINE('',#20683,#8193);
#6903=LINE('',#20685,#8194);
#6904=LINE('',#20687,#8195);
#6905=LINE('',#20689,#8196);
#6906=LINE('',#20691,#8197);
#6907=LINE('',#20693,#8198);
#6908=LINE('',#20696,#8199);
#6909=LINE('',#20700,#8200);
#6910=LINE('',#20705,#8201);
#6911=LINE('',#20707,#8202);
#6912=LINE('',#20709,#8203);
#6913=LINE('',#20711,#8204);
#6914=LINE('',#20714,#8205);
#6915=LINE('',#20718,#8206);
#6916=LINE('',#20737,#8207);
#6917=LINE('',#20740,#8208);
#6918=LINE('',#20742,#8209);
#6919=LINE('',#20746,#8210);
#6920=LINE('',#20749,#8211);
#6921=LINE('',#20751,#8212);
#6922=LINE('',#20772,#8213);
#6923=LINE('',#20775,#8214);
#6924=LINE('',#20777,#8215);
#6925=LINE('',#20779,#8216);
#6926=LINE('',#20781,#8217);
#6927=LINE('',#20784,#8218);
#6928=LINE('',#20786,#8219);
#6929=LINE('',#20788,#8220);
#6930=LINE('',#20790,#8221);
#6931=LINE('',#20793,#8222);
#6932=LINE('',#20795,#8223);
#6933=LINE('',#20797,#8224);
#6934=LINE('',#20799,#8225);
#6935=LINE('',#20802,#8226);
#6936=LINE('',#20804,#8227);
#6937=LINE('',#20806,#8228);
#6938=LINE('',#20808,#8229);
#6939=LINE('',#20811,#8230);
#6940=LINE('',#20813,#8231);
#6941=LINE('',#20815,#8232);
#6942=LINE('',#20817,#8233);
#6943=LINE('',#20818,#8234);
#6944=LINE('',#20820,#8235);
#6945=LINE('',#20823,#8236);
#6946=LINE('',#20825,#8237);
#6947=LINE('',#20827,#8238);
#6948=LINE('',#20829,#8239);
#6949=LINE('',#20832,#8240);
#6950=LINE('',#20834,#8241);
#6951=LINE('',#20836,#8242);
#6952=LINE('',#20838,#8243);
#6953=LINE('',#20839,#8244);
#6954=LINE('',#20841,#8245);
#6955=LINE('',#20844,#8246);
#6956=LINE('',#20846,#8247);
#6957=LINE('',#20848,#8248);
#6958=LINE('',#20850,#8249);
#6959=LINE('',#20853,#8250);
#6960=LINE('',#20855,#8251);
#6961=LINE('',#20857,#8252);
#6962=LINE('',#20859,#8253);
#6963=LINE('',#20860,#8254);
#6964=LINE('',#20862,#8255);
#6965=LINE('',#20865,#8256);
#6966=LINE('',#20867,#8257);
#6967=LINE('',#20869,#8258);
#6968=LINE('',#20871,#8259);
#6969=LINE('',#20874,#8260);
#6970=LINE('',#20876,#8261);
#6971=LINE('',#20878,#8262);
#6972=LINE('',#20880,#8263);
#6973=LINE('',#20881,#8264);
#6974=LINE('',#20883,#8265);
#6975=LINE('',#20886,#8266);
#6976=LINE('',#20888,#8267);
#6977=LINE('',#20890,#8268);
#6978=LINE('',#20892,#8269);
#6979=LINE('',#20893,#8270);
#6980=LINE('',#20895,#8271);
#6981=LINE('',#20897,#8272);
#6982=LINE('',#20900,#8273);
#6983=LINE('',#20901,#8274);
#6984=LINE('',#20903,#8275);
#6985=LINE('',#20905,#8276);
#6986=LINE('',#20908,#8277);
#6987=LINE('',#20909,#8278);
#6988=LINE('',#20911,#8279);
#6989=LINE('',#20913,#8280);
#6990=LINE('',#20916,#8281);
#6991=LINE('',#20917,#8282);
#6992=LINE('',#20919,#8283);
#6993=LINE('',#20921,#8284);
#6994=LINE('',#20924,#8285);
#6995=LINE('',#20925,#8286);
#6996=LINE('',#20927,#8287);
#6997=LINE('',#20929,#8288);
#6998=LINE('',#20932,#8289);
#6999=LINE('',#20933,#8290);
#7000=LINE('',#20935,#8291);
#7001=LINE('',#20937,#8292);
#7002=LINE('',#20940,#8293);
#7003=LINE('',#20941,#8294);
#7004=LINE('',#20943,#8295);
#7005=LINE('',#20945,#8296);
#7006=LINE('',#20947,#8297);
#7007=LINE('',#20948,#8298);
#7008=LINE('',#20950,#8299);
#7009=LINE('',#20952,#8300);
#7010=LINE('',#20954,#8301);
#7011=LINE('',#20956,#8302);
#7012=LINE('',#20958,#8303);
#7013=LINE('',#20959,#8304);
#7014=LINE('',#20961,#8305);
#7015=LINE('',#20963,#8306);
#7016=LINE('',#20968,#8307);
#7017=LINE('',#20969,#8308);
#7018=LINE('',#20971,#8309);
#7019=LINE('',#20973,#8310);
#7020=LINE('',#20975,#8311);
#7021=LINE('',#20976,#8312);
#7022=LINE('',#20978,#8313);
#7023=LINE('',#20979,#8314);
#7024=LINE('',#20981,#8315);
#7025=LINE('',#20983,#8316);
#7026=LINE('',#20985,#8317);
#7027=LINE('',#20987,#8318);
#7028=LINE('',#20990,#8319);
#7029=LINE('',#20991,#8320);
#7030=LINE('',#20993,#8321);
#7031=LINE('',#20995,#8322);
#7032=LINE('',#20997,#8323);
#7033=LINE('',#20998,#8324);
#7034=LINE('',#21000,#8325);
#7035=LINE('',#21001,#8326);
#7036=LINE('',#21003,#8327);
#7037=LINE('',#21005,#8328);
#7038=LINE('',#21007,#8329);
#7039=LINE('',#21009,#8330);
#7040=LINE('',#21012,#8331);
#7041=LINE('',#21013,#8332);
#7042=LINE('',#21015,#8333);
#7043=LINE('',#21017,#8334);
#7044=LINE('',#21020,#8335);
#7045=LINE('',#21021,#8336);
#7046=LINE('',#21023,#8337);
#7047=LINE('',#21025,#8338);
#7048=LINE('',#21028,#8339);
#7049=LINE('',#21029,#8340);
#7050=LINE('',#21031,#8341);
#7051=LINE('',#21033,#8342);
#7052=LINE('',#21036,#8343);
#7053=LINE('',#21037,#8344);
#7054=LINE('',#21039,#8345);
#7055=LINE('',#21041,#8346);
#7056=LINE('',#21044,#8347);
#7057=LINE('',#21045,#8348);
#7058=LINE('',#21047,#8349);
#7059=LINE('',#21049,#8350);
#7060=LINE('',#21052,#8351);
#7061=LINE('',#21053,#8352);
#7062=LINE('',#21055,#8353);
#7063=LINE('',#21057,#8354);
#7064=LINE('',#21060,#8355);
#7065=LINE('',#21061,#8356);
#7066=LINE('',#21063,#8357);
#7067=LINE('',#21065,#8358);
#7068=LINE('',#21068,#8359);
#7069=LINE('',#21069,#8360);
#7070=LINE('',#21071,#8361);
#7071=LINE('',#21073,#8362);
#7072=LINE('',#21076,#8363);
#7073=LINE('',#21078,#8364);
#7074=LINE('',#21080,#8365);
#7075=LINE('',#21082,#8366);
#7076=LINE('',#21084,#8367);
#7077=LINE('',#21086,#8368);
#7078=LINE('',#21088,#8369);
#7079=LINE('',#21090,#8370);
#7080=VECTOR('',#15182,1000.);
#7081=VECTOR('',#15183,1000.);
#7082=VECTOR('',#15184,1000.);
#7083=VECTOR('',#15185,1000.);
#7084=VECTOR('',#15188,1000.);
#7085=VECTOR('',#15189,1000.);
#7086=VECTOR('',#15190,1000.);
#7087=VECTOR('',#15193,1000.);
#7088=VECTOR('',#15194,1000.);
#7089=VECTOR('',#15197,1000.);
#7090=VECTOR('',#15198,1000.);
#7091=VECTOR('',#15201,1000.);
#7092=VECTOR('',#15204,1000.);
#7093=VECTOR('',#15205,1000.);
#7094=VECTOR('',#15206,1000.);
#7095=VECTOR('',#15207,1000.);
#7096=VECTOR('',#15208,1000.);
#7097=VECTOR('',#15209,1000.);
#7098=VECTOR('',#15210,1000.);
#7099=VECTOR('',#15211,1000.);
#7100=VECTOR('',#15212,1000.);
#7101=VECTOR('',#15213,1000.);
#7102=VECTOR('',#15214,1000.);
#7103=VECTOR('',#15215,1000.);
#7104=VECTOR('',#15216,1000.);
#7105=VECTOR('',#15217,1000.);
#7106=VECTOR('',#15218,1000.);
#7107=VECTOR('',#15219,1000.);
#7108=VECTOR('',#15220,1000.);
#7109=VECTOR('',#15221,1000.);
#7110=VECTOR('',#15222,1000.);
#7111=VECTOR('',#15223,1000.);
#7112=VECTOR('',#15224,1000.);
#7113=VECTOR('',#15225,1000.);
#7114=VECTOR('',#15226,1000.);
#7115=VECTOR('',#15227,1000.);
#7116=VECTOR('',#15228,1000.);
#7117=VECTOR('',#15229,1000.);
#7118=VECTOR('',#15230,1000.);
#7119=VECTOR('',#15231,1000.);
#7120=VECTOR('',#15232,1000.);
#7121=VECTOR('',#15233,1000.);
#7122=VECTOR('',#15234,1000.);
#7123=VECTOR('',#15235,1000.);
#7124=VECTOR('',#15236,1000.);
#7125=VECTOR('',#15237,1000.);
#7126=VECTOR('',#15238,1000.);
#7127=VECTOR('',#15239,1000.);
#7128=VECTOR('',#15240,1000.);
#7129=VECTOR('',#15241,1000.);
#7130=VECTOR('',#15242,1000.);
#7131=VECTOR('',#15243,1000.);
#7132=VECTOR('',#15244,1000.);
#7133=VECTOR('',#15245,1000.);
#7134=VECTOR('',#15246,1000.);
#7135=VECTOR('',#15247,1000.);
#7136=VECTOR('',#15248,1000.);
#7137=VECTOR('',#15249,1000.);
#7138=VECTOR('',#15250,1000.);
#7139=VECTOR('',#15251,1000.);
#7140=VECTOR('',#15252,1000.);
#7141=VECTOR('',#15253,1000.);
#7142=VECTOR('',#15254,1000.);
#7143=VECTOR('',#15255,1000.);
#7144=VECTOR('',#15256,1000.);
#7145=VECTOR('',#15257,1000.);
#7146=VECTOR('',#15258,1000.);
#7147=VECTOR('',#15259,1000.);
#7148=VECTOR('',#15262,1000.);
#7149=VECTOR('',#15265,1000.);
#7150=VECTOR('',#15266,1000.);
#7151=VECTOR('',#15267,1000.);
#7152=VECTOR('',#15270,1000.);
#7153=VECTOR('',#15273,1000.);
#7154=VECTOR('',#15274,1000.);
#7155=VECTOR('',#15275,1000.);
#7156=VECTOR('',#15278,1000.);
#7157=VECTOR('',#15281,1000.);
#7158=VECTOR('',#15282,1000.);
#7159=VECTOR('',#15283,1000.);
#7160=VECTOR('',#15286,1000.);
#7161=VECTOR('',#15289,1000.);
#7162=VECTOR('',#15290,1000.);
#7163=VECTOR('',#15291,1000.);
#7164=VECTOR('',#15292,1000.);
#7165=VECTOR('',#15293,1000.);
#7166=VECTOR('',#15294,1000.);
#7167=VECTOR('',#15295,1000.);
#7168=VECTOR('',#15296,1000.);
#7169=VECTOR('',#15297,1000.);
#7170=VECTOR('',#15298,1000.);
#7171=VECTOR('',#15299,1000.);
#7172=VECTOR('',#15300,1000.);
#7173=VECTOR('',#15301,1000.);
#7174=VECTOR('',#15302,1000.);
#7175=VECTOR('',#15303,1000.);
#7176=VECTOR('',#15304,1000.);
#7177=VECTOR('',#15305,1000.);
#7178=VECTOR('',#15306,1000.);
#7179=VECTOR('',#15307,1000.);
#7180=VECTOR('',#15308,1000.);
#7181=VECTOR('',#15309,1000.);
#7182=VECTOR('',#15310,1000.);
#7183=VECTOR('',#15311,1000.);
#7184=VECTOR('',#15312,1000.);
#7185=VECTOR('',#15313,1000.);
#7186=VECTOR('',#15314,1000.);
#7187=VECTOR('',#15315,1000.);
#7188=VECTOR('',#15316,1000.);
#7189=VECTOR('',#15317,1000.);
#7190=VECTOR('',#15318,1000.);
#7191=VECTOR('',#15319,1000.);
#7192=VECTOR('',#15320,1000.);
#7193=VECTOR('',#15321,1000.);
#7194=VECTOR('',#15322,1000.);
#7195=VECTOR('',#15323,1000.);
#7196=VECTOR('',#15324,1000.);
#7197=VECTOR('',#15325,1000.);
#7198=VECTOR('',#15326,1000.);
#7199=VECTOR('',#15327,1000.);
#7200=VECTOR('',#15328,1000.);
#7201=VECTOR('',#15329,1000.);
#7202=VECTOR('',#15330,1000.);
#7203=VECTOR('',#15331,1000.);
#7204=VECTOR('',#15332,1000.);
#7205=VECTOR('',#15333,1000.);
#7206=VECTOR('',#15334,1000.);
#7207=VECTOR('',#15335,1000.);
#7208=VECTOR('',#15336,1000.);
#7209=VECTOR('',#15337,1000.);
#7210=VECTOR('',#15338,1000.);
#7211=VECTOR('',#15339,1000.);
#7212=VECTOR('',#15340,1000.);
#7213=VECTOR('',#15341,1000.);
#7214=VECTOR('',#15342,1000.);
#7215=VECTOR('',#15343,1000.);
#7216=VECTOR('',#15346,1000.);
#7217=VECTOR('',#15347,1000.);
#7218=VECTOR('',#15348,1000.);
#7219=VECTOR('',#15351,1000.);
#7220=VECTOR('',#15352,1000.);
#7221=VECTOR('',#15353,1000.);
#7222=VECTOR('',#15356,1000.);
#7223=VECTOR('',#15357,1000.);
#7224=VECTOR('',#15358,1000.);
#7225=VECTOR('',#15361,1000.);
#7226=VECTOR('',#15362,1000.);
#7227=VECTOR('',#15365,1000.);
#7228=VECTOR('',#15366,1000.);
#7229=VECTOR('',#15369,1000.);
#7230=VECTOR('',#15374,1000.);
#7231=VECTOR('',#15375,1000.);
#7232=VECTOR('',#15376,1000.);
#7233=VECTOR('',#15379,1000.);
#7234=VECTOR('',#15380,1000.);
#7235=VECTOR('',#15381,1000.);
#7236=VECTOR('',#15384,1000.);
#7237=VECTOR('',#15385,1000.);
#7238=VECTOR('',#15386,1000.);
#7239=VECTOR('',#15389,1000.);
#7240=VECTOR('',#15390,1000.);
#7241=VECTOR('',#15393,1000.);
#7242=VECTOR('',#15394,1000.);
#7243=VECTOR('',#15397,1000.);
#7244=VECTOR('',#15402,1000.);
#7245=VECTOR('',#15403,1000.);
#7246=VECTOR('',#15404,1000.);
#7247=VECTOR('',#15407,1000.);
#7248=VECTOR('',#15408,1000.);
#7249=VECTOR('',#15409,1000.);
#7250=VECTOR('',#15412,1000.);
#7251=VECTOR('',#15413,1000.);
#7252=VECTOR('',#15414,1000.);
#7253=VECTOR('',#15417,1000.);
#7254=VECTOR('',#15418,1000.);
#7255=VECTOR('',#15421,1000.);
#7256=VECTOR('',#15422,1000.);
#7257=VECTOR('',#15425,1000.);
#7258=VECTOR('',#15430,1000.);
#7259=VECTOR('',#15431,1000.);
#7260=VECTOR('',#15432,1000.);
#7261=VECTOR('',#15435,1000.);
#7262=VECTOR('',#15436,1000.);
#7263=VECTOR('',#15437,1000.);
#7264=VECTOR('',#15440,1000.);
#7265=VECTOR('',#15441,1000.);
#7266=VECTOR('',#15442,1000.);
#7267=VECTOR('',#15445,1000.);
#7268=VECTOR('',#15446,1000.);
#7269=VECTOR('',#15449,1000.);
#7270=VECTOR('',#15450,1000.);
#7271=VECTOR('',#15453,1000.);
#7272=VECTOR('',#15458,1000.);
#7273=VECTOR('',#15459,1000.);
#7274=VECTOR('',#15460,1000.);
#7275=VECTOR('',#15463,1000.);
#7276=VECTOR('',#15464,1000.);
#7277=VECTOR('',#15465,1000.);
#7278=VECTOR('',#15468,1000.);
#7279=VECTOR('',#15469,1000.);
#7280=VECTOR('',#15470,1000.);
#7281=VECTOR('',#15473,1000.);
#7282=VECTOR('',#15474,1000.);
#7283=VECTOR('',#15477,1000.);
#7284=VECTOR('',#15478,1000.);
#7285=VECTOR('',#15481,1000.);
#7286=VECTOR('',#15486,1000.);
#7287=VECTOR('',#15487,1000.);
#7288=VECTOR('',#15488,1000.);
#7289=VECTOR('',#15491,1000.);
#7290=VECTOR('',#15492,1000.);
#7291=VECTOR('',#15493,1000.);
#7292=VECTOR('',#15496,1000.);
#7293=VECTOR('',#15497,1000.);
#7294=VECTOR('',#15498,1000.);
#7295=VECTOR('',#15501,1000.);
#7296=VECTOR('',#15502,1000.);
#7297=VECTOR('',#15505,1000.);
#7298=VECTOR('',#15506,1000.);
#7299=VECTOR('',#15509,1000.);
#7300=VECTOR('',#15514,1000.);
#7301=VECTOR('',#15515,1000.);
#7302=VECTOR('',#15516,1000.);
#7303=VECTOR('',#15519,1000.);
#7304=VECTOR('',#15520,1000.);
#7305=VECTOR('',#15521,1000.);
#7306=VECTOR('',#15524,1000.);
#7307=VECTOR('',#15525,1000.);
#7308=VECTOR('',#15526,1000.);
#7309=VECTOR('',#15529,1000.);
#7310=VECTOR('',#15530,1000.);
#7311=VECTOR('',#15533,1000.);
#7312=VECTOR('',#15534,1000.);
#7313=VECTOR('',#15537,1000.);
#7314=VECTOR('',#15542,1000.);
#7315=VECTOR('',#15543,1000.);
#7316=VECTOR('',#15544,1000.);
#7317=VECTOR('',#15547,1000.);
#7318=VECTOR('',#15548,1000.);
#7319=VECTOR('',#15549,1000.);
#7320=VECTOR('',#15552,1000.);
#7321=VECTOR('',#15553,1000.);
#7322=VECTOR('',#15554,1000.);
#7323=VECTOR('',#15557,1000.);
#7324=VECTOR('',#15558,1000.);
#7325=VECTOR('',#15561,1000.);
#7326=VECTOR('',#15562,1000.);
#7327=VECTOR('',#15565,1000.);
#7328=VECTOR('',#15572,1000.);
#7329=VECTOR('',#15575,1000.);
#7330=VECTOR('',#15578,1000.);
#7331=VECTOR('',#15579,1000.);
#7332=VECTOR('',#15580,1000.);
#7333=VECTOR('',#15585,1000.);
#7334=VECTOR('',#15588,1000.);
#7335=VECTOR('',#15591,1000.);
#7336=VECTOR('',#15592,1000.);
#7337=VECTOR('',#15593,1000.);
#7338=VECTOR('',#15598,1000.);
#7339=VECTOR('',#15601,1000.);
#7340=VECTOR('',#15604,1000.);
#7341=VECTOR('',#15605,1000.);
#7342=VECTOR('',#15606,1000.);
#7343=VECTOR('',#15611,1000.);
#7344=VECTOR('',#15614,1000.);
#7345=VECTOR('',#15617,1000.);
#7346=VECTOR('',#15618,1000.);
#7347=VECTOR('',#15619,1000.);
#7348=VECTOR('',#15624,1000.);
#7349=VECTOR('',#15627,1000.);
#7350=VECTOR('',#15630,1000.);
#7351=VECTOR('',#15631,1000.);
#7352=VECTOR('',#15632,1000.);
#7353=VECTOR('',#15637,1000.);
#7354=VECTOR('',#15640,1000.);
#7355=VECTOR('',#15643,1000.);
#7356=VECTOR('',#15644,1000.);
#7357=VECTOR('',#15645,1000.);
#7358=VECTOR('',#15650,1000.);
#7359=VECTOR('',#15653,1000.);
#7360=VECTOR('',#15656,1000.);
#7361=VECTOR('',#15657,1000.);
#7362=VECTOR('',#15658,1000.);
#7363=VECTOR('',#15663,1000.);
#7364=VECTOR('',#15666,1000.);
#7365=VECTOR('',#15669,1000.);
#7366=VECTOR('',#15670,1000.);
#7367=VECTOR('',#15671,1000.);
#7368=VECTOR('',#15676,1000.);
#7369=VECTOR('',#15679,1000.);
#7370=VECTOR('',#15682,1000.);
#7371=VECTOR('',#15683,1000.);
#7372=VECTOR('',#15684,1000.);
#7373=VECTOR('',#15689,1000.);
#7374=VECTOR('',#15692,1000.);
#7375=VECTOR('',#15695,1000.);
#7376=VECTOR('',#15696,1000.);
#7377=VECTOR('',#15697,1000.);
#7378=VECTOR('',#15702,1000.);
#7379=VECTOR('',#15705,1000.);
#7380=VECTOR('',#15708,1000.);
#7381=VECTOR('',#15709,1000.);
#7382=VECTOR('',#15710,1000.);
#7383=VECTOR('',#15715,1000.);
#7384=VECTOR('',#15718,1000.);
#7385=VECTOR('',#15721,1000.);
#7386=VECTOR('',#15722,1000.);
#7387=VECTOR('',#15723,1000.);
#7388=VECTOR('',#15728,1000.);
#7389=VECTOR('',#15731,1000.);
#7390=VECTOR('',#15734,1000.);
#7391=VECTOR('',#15735,1000.);
#7392=VECTOR('',#15736,1000.);
#7393=VECTOR('',#15741,1000.);
#7394=VECTOR('',#15744,1000.);
#7395=VECTOR('',#15747,1000.);
#7396=VECTOR('',#15748,1000.);
#7397=VECTOR('',#15749,1000.);
#7398=VECTOR('',#15754,1000.);
#7399=VECTOR('',#15757,1000.);
#7400=VECTOR('',#15760,1000.);
#7401=VECTOR('',#15761,1000.);
#7402=VECTOR('',#15762,1000.);
#7403=VECTOR('',#15767,1000.);
#7404=VECTOR('',#15770,1000.);
#7405=VECTOR('',#15773,1000.);
#7406=VECTOR('',#15774,1000.);
#7407=VECTOR('',#15775,1000.);
#7408=VECTOR('',#15780,1000.);
#7409=VECTOR('',#15783,1000.);
#7410=VECTOR('',#15786,1000.);
#7411=VECTOR('',#15787,1000.);
#7412=VECTOR('',#15788,1000.);
#7413=VECTOR('',#15789,1000.);
#7414=VECTOR('',#15794,1000.);
#7415=VECTOR('',#15799,1000.);
#7416=VECTOR('',#15800,1000.);
#7417=VECTOR('',#15805,1000.);
#7418=VECTOR('',#15808,1000.);
#7419=VECTOR('',#15811,1000.);
#7420=VECTOR('',#15812,1000.);
#7421=VECTOR('',#15813,1000.);
#7422=VECTOR('',#15818,1000.);
#7423=VECTOR('',#15821,1000.);
#7424=VECTOR('',#15824,1000.);
#7425=VECTOR('',#15825,1000.);
#7426=VECTOR('',#15828,1000.);
#7427=VECTOR('',#15829,1000.);
#7428=VECTOR('',#15830,1000.);
#7429=VECTOR('',#15833,1000.);
#7430=VECTOR('',#15834,1000.);
#7431=VECTOR('',#15835,1000.);
#7432=VECTOR('',#15838,1000.);
#7433=VECTOR('',#15839,1000.);
#7434=VECTOR('',#15840,1000.);
#7435=VECTOR('',#15843,1000.);
#7436=VECTOR('',#15844,1000.);
#7437=VECTOR('',#15845,1000.);
#7438=VECTOR('',#15848,1000.);
#7439=VECTOR('',#15849,1000.);
#7440=VECTOR('',#15850,1000.);
#7441=VECTOR('',#15853,1000.);
#7442=VECTOR('',#15854,1000.);
#7443=VECTOR('',#15855,1000.);
#7444=VECTOR('',#15858,1000.);
#7445=VECTOR('',#15859,1000.);
#7446=VECTOR('',#15860,1000.);
#7447=VECTOR('',#15863,1000.);
#7448=VECTOR('',#15864,1000.);
#7449=VECTOR('',#15865,1000.);
#7450=VECTOR('',#15868,1000.);
#7451=VECTOR('',#15869,1000.);
#7452=VECTOR('',#15870,1000.);
#7453=VECTOR('',#15873,1000.);
#7454=VECTOR('',#15874,1000.);
#7455=VECTOR('',#15877,1000.);
#7456=VECTOR('',#15878,1000.);
#7457=VECTOR('',#15881,1000.);
#7458=VECTOR('',#15882,1000.);
#7459=VECTOR('',#15883,1000.);
#7460=VECTOR('',#15886,1000.);
#7461=VECTOR('',#15887,1000.);
#7462=VECTOR('',#15890,1000.);
#7463=VECTOR('',#15891,1000.);
#7464=VECTOR('',#15894,1000.);
#7465=VECTOR('',#15895,1000.);
#7466=VECTOR('',#15896,1000.);
#7467=VECTOR('',#15899,1000.);
#7468=VECTOR('',#15900,1000.);
#7469=VECTOR('',#15903,1000.);
#7470=VECTOR('',#15904,1000.);
#7471=VECTOR('',#15907,1000.);
#7472=VECTOR('',#15908,1000.);
#7473=VECTOR('',#15909,1000.);
#7474=VECTOR('',#15912,1000.);
#7475=VECTOR('',#15913,1000.);
#7476=VECTOR('',#15916,1000.);
#7477=VECTOR('',#15917,1000.);
#7478=VECTOR('',#15920,1000.);
#7479=VECTOR('',#15921,1000.);
#7480=VECTOR('',#15922,1000.);
#7481=VECTOR('',#15925,1000.);
#7482=VECTOR('',#15926,1000.);
#7483=VECTOR('',#15929,1000.);
#7484=VECTOR('',#15930,1000.);
#7485=VECTOR('',#15933,1000.);
#7486=VECTOR('',#15934,1000.);
#7487=VECTOR('',#15935,1000.);
#7488=VECTOR('',#15938,1000.);
#7489=VECTOR('',#15939,1000.);
#7490=VECTOR('',#15942,1000.);
#7491=VECTOR('',#15943,1000.);
#7492=VECTOR('',#15946,1000.);
#7493=VECTOR('',#15947,1000.);
#7494=VECTOR('',#15948,1000.);
#7495=VECTOR('',#15951,1000.);
#7496=VECTOR('',#15952,1000.);
#7497=VECTOR('',#15955,1000.);
#7498=VECTOR('',#15956,1000.);
#7499=VECTOR('',#15959,1000.);
#7500=VECTOR('',#15960,1000.);
#7501=VECTOR('',#15961,1000.);
#7502=VECTOR('',#15964,1000.);
#7503=VECTOR('',#15965,1000.);
#7504=VECTOR('',#15968,1000.);
#7505=VECTOR('',#15969,1000.);
#7506=VECTOR('',#15972,1000.);
#7507=VECTOR('',#15973,1000.);
#7508=VECTOR('',#15974,1000.);
#7509=VECTOR('',#15977,1000.);
#7510=VECTOR('',#15978,1000.);
#7511=VECTOR('',#15979,1000.);
#7512=VECTOR('',#15982,1000.);
#7513=VECTOR('',#15983,1000.);
#7514=VECTOR('',#15984,1000.);
#7515=VECTOR('',#15987,1000.);
#7516=VECTOR('',#15988,1000.);
#7517=VECTOR('',#15989,1000.);
#7518=VECTOR('',#15992,1000.);
#7519=VECTOR('',#15993,1000.);
#7520=VECTOR('',#15994,1000.);
#7521=VECTOR('',#15997,1000.);
#7522=VECTOR('',#15998,1000.);
#7523=VECTOR('',#15999,1000.);
#7524=VECTOR('',#16002,1000.);
#7525=VECTOR('',#16003,1000.);
#7526=VECTOR('',#16004,1000.);
#7527=VECTOR('',#16007,1000.);
#7528=VECTOR('',#16008,1000.);
#7529=VECTOR('',#16009,1000.);
#7530=VECTOR('',#16012,1000.);
#7531=VECTOR('',#16013,1000.);
#7532=VECTOR('',#16014,1000.);
#7533=VECTOR('',#16017,1000.);
#7534=VECTOR('',#16018,1000.);
#7535=VECTOR('',#16021,1000.);
#7536=VECTOR('',#16022,1000.);
#7537=VECTOR('',#16025,1000.);
#7538=VECTOR('',#16026,1000.);
#7539=VECTOR('',#16027,1000.);
#7540=VECTOR('',#16030,1000.);
#7541=VECTOR('',#16031,1000.);
#7542=VECTOR('',#16034,1000.);
#7543=VECTOR('',#16035,1000.);
#7544=VECTOR('',#16038,1000.);
#7545=VECTOR('',#16039,1000.);
#7546=VECTOR('',#16040,1000.);
#7547=VECTOR('',#16043,1000.);
#7548=VECTOR('',#16044,1000.);
#7549=VECTOR('',#16047,1000.);
#7550=VECTOR('',#16048,1000.);
#7551=VECTOR('',#16051,1000.);
#7552=VECTOR('',#16052,1000.);
#7553=VECTOR('',#16053,1000.);
#7554=VECTOR('',#16056,1000.);
#7555=VECTOR('',#16057,1000.);
#7556=VECTOR('',#16060,1000.);
#7557=VECTOR('',#16061,1000.);
#7558=VECTOR('',#16064,1000.);
#7559=VECTOR('',#16065,1000.);
#7560=VECTOR('',#16066,1000.);
#7561=VECTOR('',#16069,1000.);
#7562=VECTOR('',#16070,1000.);
#7563=VECTOR('',#16073,1000.);
#7564=VECTOR('',#16074,1000.);
#7565=VECTOR('',#16077,1000.);
#7566=VECTOR('',#16078,1000.);
#7567=VECTOR('',#16079,1000.);
#7568=VECTOR('',#16082,1000.);
#7569=VECTOR('',#16083,1000.);
#7570=VECTOR('',#16086,1000.);
#7571=VECTOR('',#16087,1000.);
#7572=VECTOR('',#16090,1000.);
#7573=VECTOR('',#16091,1000.);
#7574=VECTOR('',#16092,1000.);
#7575=VECTOR('',#16095,1000.);
#7576=VECTOR('',#16096,1000.);
#7577=VECTOR('',#16099,1000.);
#7578=VECTOR('',#16100,1000.);
#7579=VECTOR('',#16103,1000.);
#7580=VECTOR('',#16104,1000.);
#7581=VECTOR('',#16105,1000.);
#7582=VECTOR('',#16108,1000.);
#7583=VECTOR('',#16109,1000.);
#7584=VECTOR('',#16112,1000.);
#7585=VECTOR('',#16113,1000.);
#7586=VECTOR('',#16116,1000.);
#7587=VECTOR('',#16117,1000.);
#7588=VECTOR('',#16118,1000.);
#7589=VECTOR('',#16121,1000.);
#7590=VECTOR('',#16122,1000.);
#7591=VECTOR('',#16125,1000.);
#7592=VECTOR('',#16126,1000.);
#7593=VECTOR('',#16129,1000.);
#7594=VECTOR('',#16132,1000.);
#7595=VECTOR('',#16133,1000.);
#7596=VECTOR('',#16134,1000.);
#7597=VECTOR('',#16137,1000.);
#7598=VECTOR('',#16138,1000.);
#7599=VECTOR('',#16141,1000.);
#7600=VECTOR('',#16142,1000.);
#7601=VECTOR('',#16145,1000.);
#7602=VECTOR('',#16148,1000.);
#7603=VECTOR('',#16149,1000.);
#7604=VECTOR('',#16150,1000.);
#7605=VECTOR('',#16151,1000.);
#7606=VECTOR('',#16152,1000.);
#7607=VECTOR('',#16153,1000.);
#7608=VECTOR('',#16154,1000.);
#7609=VECTOR('',#16155,1000.);
#7610=VECTOR('',#16156,1000.);
#7611=VECTOR('',#16157,1000.);
#7612=VECTOR('',#16158,1000.);
#7613=VECTOR('',#16159,1000.);
#7614=VECTOR('',#16160,1000.);
#7615=VECTOR('',#16161,1000.);
#7616=VECTOR('',#16162,1000.);
#7617=VECTOR('',#16163,1000.);
#7618=VECTOR('',#16164,1000.);
#7619=VECTOR('',#16165,1000.);
#7620=VECTOR('',#16166,1000.);
#7621=VECTOR('',#16167,1000.);
#7622=VECTOR('',#16170,1000.);
#7623=VECTOR('',#16171,1000.);
#7624=VECTOR('',#16172,1000.);
#7625=VECTOR('',#16175,1000.);
#7626=VECTOR('',#16176,1000.);
#7627=VECTOR('',#16177,1000.);
#7628=VECTOR('',#16178,1000.);
#7629=VECTOR('',#16181,1000.);
#7630=VECTOR('',#16182,1000.);
#7631=VECTOR('',#16183,1000.);
#7632=VECTOR('',#16186,1000.);
#7633=VECTOR('',#16187,1000.);
#7634=VECTOR('',#16190,1000.);
#7635=VECTOR('',#16191,1000.);
#7636=VECTOR('',#16194,1000.);
#7637=VECTOR('',#16195,1000.);
#7638=VECTOR('',#16198,1000.);
#7639=VECTOR('',#16199,1000.);
#7640=VECTOR('',#16202,1000.);
#7641=VECTOR('',#16203,1000.);
#7642=VECTOR('',#16206,1000.);
#7643=VECTOR('',#16207,1000.);
#7644=VECTOR('',#16210,1000.);
#7645=VECTOR('',#16211,1000.);
#7646=VECTOR('',#16214,1000.);
#7647=VECTOR('',#16215,1000.);
#7648=VECTOR('',#16218,1000.);
#7649=VECTOR('',#16219,1000.);
#7650=VECTOR('',#16220,1000.);
#7651=VECTOR('',#16221,1000.);
#7652=VECTOR('',#16224,1000.);
#7653=VECTOR('',#16225,1000.);
#7654=VECTOR('',#16226,1000.);
#7655=VECTOR('',#16227,1000.);
#7656=VECTOR('',#16228,1000.);
#7657=VECTOR('',#16229,1000.);
#7658=VECTOR('',#16230,1000.);
#7659=VECTOR('',#16231,1000.);
#7660=VECTOR('',#16232,1000.);
#7661=VECTOR('',#16233,1000.);
#7662=VECTOR('',#16234,1000.);
#7663=VECTOR('',#16235,1000.);
#7664=VECTOR('',#16236,1000.);
#7665=VECTOR('',#16237,1000.);
#7666=VECTOR('',#16238,1000.);
#7667=VECTOR('',#16239,1000.);
#7668=VECTOR('',#16240,1000.);
#7669=VECTOR('',#16241,1000.);
#7670=VECTOR('',#16242,1000.);
#7671=VECTOR('',#16243,1000.);
#7672=VECTOR('',#16246,1000.);
#7673=VECTOR('',#16247,1000.);
#7674=VECTOR('',#16248,1000.);
#7675=VECTOR('',#16251,1000.);
#7676=VECTOR('',#16252,1000.);
#7677=VECTOR('',#16253,1000.);
#7678=VECTOR('',#16254,1000.);
#7679=VECTOR('',#16257,1000.);
#7680=VECTOR('',#16258,1000.);
#7681=VECTOR('',#16259,1000.);
#7682=VECTOR('',#16260,1000.);
#7683=VECTOR('',#16263,1000.);
#7684=VECTOR('',#16264,1000.);
#7685=VECTOR('',#16265,1000.);
#7686=VECTOR('',#16268,1000.);
#7687=VECTOR('',#16269,1000.);
#7688=VECTOR('',#16272,1000.);
#7689=VECTOR('',#16273,1000.);
#7690=VECTOR('',#16276,1000.);
#7691=VECTOR('',#16277,1000.);
#7692=VECTOR('',#16280,1000.);
#7693=VECTOR('',#16281,1000.);
#7694=VECTOR('',#16284,1000.);
#7695=VECTOR('',#16285,1000.);
#7696=VECTOR('',#16288,1000.);
#7697=VECTOR('',#16289,1000.);
#7698=VECTOR('',#16292,1000.);
#7699=VECTOR('',#16293,1000.);
#7700=VECTOR('',#16296,1000.);
#7701=VECTOR('',#16297,1000.);
#7702=VECTOR('',#16300,1000.);
#7703=VECTOR('',#16301,1000.);
#7704=VECTOR('',#16302,1000.);
#7705=VECTOR('',#16303,1000.);
#7706=VECTOR('',#16306,1000.);
#7707=VECTOR('',#16307,1000.);
#7708=VECTOR('',#16308,1000.);
#7709=VECTOR('',#16309,1000.);
#7710=VECTOR('',#16328,1000.);
#7711=VECTOR('',#16329,1000.);
#7712=VECTOR('',#16330,1000.);
#7713=VECTOR('',#16331,1000.);
#7714=VECTOR('',#16334,1000.);
#7715=VECTOR('',#16335,1000.);
#7716=VECTOR('',#16336,1000.);
#7717=VECTOR('',#16337,1000.);
#7718=VECTOR('',#16338,1000.);
#7719=VECTOR('',#16341,1000.);
#7720=VECTOR('',#16342,1000.);
#7721=VECTOR('',#16343,1000.);
#7722=VECTOR('',#16346,1000.);
#7723=VECTOR('',#16347,1000.);
#7724=VECTOR('',#16350,1000.);
#7725=VECTOR('',#16351,1000.);
#7726=VECTOR('',#16352,1000.);
#7727=VECTOR('',#16355,1000.);
#7728=VECTOR('',#16356,1000.);
#7729=VECTOR('',#16357,1000.);
#7730=VECTOR('',#16358,1000.);
#7731=VECTOR('',#16365,1000.);
#7732=VECTOR('',#16368,1000.);
#7733=VECTOR('',#16375,1000.);
#7734=VECTOR('',#16378,1000.);
#7735=VECTOR('',#16381,1000.);
#7736=VECTOR('',#16382,1000.);
#7737=VECTOR('',#16383,1000.);
#7738=VECTOR('',#16386,1000.);
#7739=VECTOR('',#16387,1000.);
#7740=VECTOR('',#16390,1000.);
#7741=VECTOR('',#16391,1000.);
#7742=VECTOR('',#16394,1000.);
#7743=VECTOR('',#16395,1000.);
#7744=VECTOR('',#16398,1000.);
#7745=VECTOR('',#16399,1000.);
#7746=VECTOR('',#16402,1000.);
#7747=VECTOR('',#16403,1000.);
#7748=VECTOR('',#16406,1000.);
#7749=VECTOR('',#16407,1000.);
#7750=VECTOR('',#16410,1000.);
#7751=VECTOR('',#16411,1000.);
#7752=VECTOR('',#16414,1000.);
#7753=VECTOR('',#16415,1000.);
#7754=VECTOR('',#16418,1000.);
#7755=VECTOR('',#16419,1000.);
#7756=VECTOR('',#16420,1000.);
#7757=VECTOR('',#16423,1000.);
#7758=VECTOR('',#16430,1000.);
#7759=VECTOR('',#16433,1000.);
#7760=VECTOR('',#16440,1000.);
#7761=VECTOR('',#16443,1000.);
#7762=VECTOR('',#16446,1000.);
#7763=VECTOR('',#16447,1000.);
#7764=VECTOR('',#16448,1000.);
#7765=VECTOR('',#16449,1000.);
#7766=VECTOR('',#16452,1000.);
#7767=VECTOR('',#16453,1000.);
#7768=VECTOR('',#16454,1000.);
#7769=VECTOR('',#16455,1000.);
#7770=VECTOR('',#16458,1000.);
#7771=VECTOR('',#16459,1000.);
#7772=VECTOR('',#16460,1000.);
#7773=VECTOR('',#16461,1000.);
#7774=VECTOR('',#16462,1000.);
#7775=VECTOR('',#16465,1000.);
#7776=VECTOR('',#16466,1000.);
#7777=VECTOR('',#16467,1000.);
#7778=VECTOR('',#16470,1000.);
#7779=VECTOR('',#16471,1000.);
#7780=VECTOR('',#16474,1000.);
#7781=VECTOR('',#16475,1000.);
#7782=VECTOR('',#16476,1000.);
#7783=VECTOR('',#16479,1000.);
#7784=VECTOR('',#16480,1000.);
#7785=VECTOR('',#16481,1000.);
#7786=VECTOR('',#16482,1000.);
#7787=VECTOR('',#16485,1000.);
#7788=VECTOR('',#16494,1000.);
#7789=VECTOR('',#16497,1000.);
#7790=VECTOR('',#16502,1000.);
#7791=VECTOR('',#16505,1000.);
#7792=VECTOR('',#16514,1000.);
#7793=VECTOR('',#16517,1000.);
#7794=VECTOR('',#16522,1000.);
#7795=VECTOR('',#16525,1000.);
#7796=VECTOR('',#16526,1000.);
#7797=VECTOR('',#16527,1000.);
#7798=VECTOR('',#16530,1000.);
#7799=VECTOR('',#16531,1000.);
#7800=VECTOR('',#16534,1000.);
#7801=VECTOR('',#16535,1000.);
#7802=VECTOR('',#16538,1000.);
#7803=VECTOR('',#16539,1000.);
#7804=VECTOR('',#16542,1000.);
#7805=VECTOR('',#16543,1000.);
#7806=VECTOR('',#16546,1000.);
#7807=VECTOR('',#16547,1000.);
#7808=VECTOR('',#16550,1000.);
#7809=VECTOR('',#16551,1000.);
#7810=VECTOR('',#16554,1000.);
#7811=VECTOR('',#16555,1000.);
#7812=VECTOR('',#16558,1000.);
#7813=VECTOR('',#16559,1000.);
#7814=VECTOR('',#16562,1000.);
#7815=VECTOR('',#16563,1000.);
#7816=VECTOR('',#16564,1000.);
#7817=VECTOR('',#16567,1000.);
#7818=VECTOR('',#16570,1000.);
#7819=VECTOR('',#16571,1000.);
#7820=VECTOR('',#16572,1000.);
#7821=VECTOR('',#16573,1000.);
#7822=VECTOR('',#16576,1000.);
#7823=VECTOR('',#16577,1000.);
#7824=VECTOR('',#16578,1000.);
#7825=VECTOR('',#16581,1000.);
#7826=VECTOR('',#16582,1000.);
#7827=VECTOR('',#16585,1000.);
#7828=VECTOR('',#16586,1000.);
#7829=VECTOR('',#16589,1000.);
#7830=VECTOR('',#16592,1000.);
#7831=VECTOR('',#16595,1000.);
#7832=VECTOR('',#16598,1000.);
#7833=VECTOR('',#16601,1000.);
#7834=VECTOR('',#16604,1000.);
#7835=VECTOR('',#16605,1000.);
#7836=VECTOR('',#16606,1000.);
#7837=VECTOR('',#16609,1000.);
#7838=VECTOR('',#16610,1000.);
#7839=VECTOR('',#16613,1000.);
#7840=VECTOR('',#16614,1000.);
#7841=VECTOR('',#16617,1000.);
#7842=VECTOR('',#16620,1000.);
#7843=VECTOR('',#16625,1000.);
#7844=VECTOR('',#16626,1000.);
#7845=VECTOR('',#16633,1000.);
#7846=VECTOR('',#16636,1000.);
#7847=VECTOR('',#16639,1000.);
#7848=VECTOR('',#16646,1000.);
#7849=VECTOR('',#16647,1000.);
#7850=VECTOR('',#16654,1000.);
#7851=VECTOR('',#16657,1000.);
#7852=VECTOR('',#16658,1000.);
#7853=VECTOR('',#16663,1000.);
#7854=VECTOR('',#16670,1000.);
#7855=VECTOR('',#16673,1000.);
#7856=VECTOR('',#16676,1000.);
#7857=VECTOR('',#16677,1000.);
#7858=VECTOR('',#16678,1000.);
#7859=VECTOR('',#16685,1000.);
#7860=VECTOR('',#16688,1000.);
#7861=VECTOR('',#16689,1000.);
#7862=VECTOR('',#16692,1000.);
#7863=VECTOR('',#16693,1000.);
#7864=VECTOR('',#16694,1000.);
#7865=VECTOR('',#16697,1000.);
#7866=VECTOR('',#16698,1000.);
#7867=VECTOR('',#16701,1000.);
#7868=VECTOR('',#16702,1000.);
#7869=VECTOR('',#16705,1000.);
#7870=VECTOR('',#16706,1000.);
#7871=VECTOR('',#16707,1000.);
#7872=VECTOR('',#16710,1000.);
#7873=VECTOR('',#16711,1000.);
#7874=VECTOR('',#16712,1000.);
#7875=VECTOR('',#16713,1000.);
#7876=VECTOR('',#16716,1000.);
#7877=VECTOR('',#16717,1000.);
#7878=VECTOR('',#16720,1000.);
#7879=VECTOR('',#16721,1000.);
#7880=VECTOR('',#16724,1000.);
#7881=VECTOR('',#16725,1000.);
#7882=VECTOR('',#16728,1000.);
#7883=VECTOR('',#16729,1000.);
#7884=VECTOR('',#16730,1000.);
#7885=VECTOR('',#16731,1000.);
#7886=VECTOR('',#16732,1000.);
#7887=VECTOR('',#16733,1000.);
#7888=VECTOR('',#16734,1000.);
#7889=VECTOR('',#16735,1000.);
#7890=VECTOR('',#16736,1000.);
#7891=VECTOR('',#16737,1000.);
#7892=VECTOR('',#16738,1000.);
#7893=VECTOR('',#16745,1000.);
#7894=VECTOR('',#16750,1000.);
#7895=VECTOR('',#16753,1000.);
#7896=VECTOR('',#16756,1000.);
#7897=VECTOR('',#16757,1000.);
#7898=VECTOR('',#16758,1000.);
#7899=VECTOR('',#16761,1000.);
#7900=VECTOR('',#16762,1000.);
#7901=VECTOR('',#16763,1000.);
#7902=VECTOR('',#16768,1000.);
#7903=VECTOR('',#16773,1000.);
#7904=VECTOR('',#16774,1000.);
#7905=VECTOR('',#16779,1000.);
#7906=VECTOR('',#16786,1000.);
#7907=VECTOR('',#16789,1000.);
#7908=VECTOR('',#16792,1000.);
#7909=VECTOR('',#16793,1000.);
#7910=VECTOR('',#16794,1000.);
#7911=VECTOR('',#16801,1000.);
#7912=VECTOR('',#16804,1000.);
#7913=VECTOR('',#16805,1000.);
#7914=VECTOR('',#16808,1000.);
#7915=VECTOR('',#16809,1000.);
#7916=VECTOR('',#16810,1000.);
#7917=VECTOR('',#16813,1000.);
#7918=VECTOR('',#16814,1000.);
#7919=VECTOR('',#16817,1000.);
#7920=VECTOR('',#16818,1000.);
#7921=VECTOR('',#16821,1000.);
#7922=VECTOR('',#16822,1000.);
#7923=VECTOR('',#16823,1000.);
#7924=VECTOR('',#16826,1000.);
#7925=VECTOR('',#16827,1000.);
#7926=VECTOR('',#16828,1000.);
#7927=VECTOR('',#16829,1000.);
#7928=VECTOR('',#16832,1000.);
#7929=VECTOR('',#16833,1000.);
#7930=VECTOR('',#16836,1000.);
#7931=VECTOR('',#16837,1000.);
#7932=VECTOR('',#16840,1000.);
#7933=VECTOR('',#16841,1000.);
#7934=VECTOR('',#16844,1000.);
#7935=VECTOR('',#16845,1000.);
#7936=VECTOR('',#16846,1000.);
#7937=VECTOR('',#16847,1000.);
#7938=VECTOR('',#16848,1000.);
#7939=VECTOR('',#16849,1000.);
#7940=VECTOR('',#16850,1000.);
#7941=VECTOR('',#16851,1000.);
#7942=VECTOR('',#16852,1000.);
#7943=VECTOR('',#16853,1000.);
#7944=VECTOR('',#16854,1000.);
#7945=VECTOR('',#16861,1000.);
#7946=VECTOR('',#16866,1000.);
#7947=VECTOR('',#16869,1000.);
#7948=VECTOR('',#16872,1000.);
#7949=VECTOR('',#16873,1000.);
#7950=VECTOR('',#16874,1000.);
#7951=VECTOR('',#16877,1000.);
#7952=VECTOR('',#16878,1000.);
#7953=VECTOR('',#16879,1000.);
#7954=VECTOR('',#16884,1000.);
#7955=VECTOR('',#16889,1000.);
#7956=VECTOR('',#16890,1000.);
#7957=VECTOR('',#16903,1000.);
#7958=VECTOR('',#16904,1000.);
#7959=VECTOR('',#16909,1000.);
#7960=VECTOR('',#16912,1000.);
#7961=VECTOR('',#16915,1000.);
#7962=VECTOR('',#16916,1000.);
#7963=VECTOR('',#16919,1000.);
#7964=VECTOR('',#16920,1000.);
#7965=VECTOR('',#16921,1000.);
#7966=VECTOR('',#16922,1000.);
#7967=VECTOR('',#16925,1000.);
#7968=VECTOR('',#16926,1000.);
#7969=VECTOR('',#16935,1000.);
#7970=VECTOR('',#16938,1000.);
#7971=VECTOR('',#16939,1000.);
#7972=VECTOR('',#16940,1000.);
#7973=VECTOR('',#16945,1000.);
#7974=VECTOR('',#16946,1000.);
#7975=VECTOR('',#16949,1000.);
#7976=VECTOR('',#16952,1000.);
#7977=VECTOR('',#16957,1000.);
#7978=VECTOR('',#16958,1000.);
#7979=VECTOR('',#16959,1000.);
#7980=VECTOR('',#16964,1000.);
#7981=VECTOR('',#16965,1000.);
#7982=VECTOR('',#16966,1000.);
#7983=VECTOR('',#16971,1000.);
#7984=VECTOR('',#16976,1000.);
#7985=VECTOR('',#16979,1000.);
#7986=VECTOR('',#16982,1000.);
#7987=VECTOR('',#16983,1000.);
#7988=VECTOR('',#16988,1000.);
#7989=VECTOR('',#16995,1000.);
#7990=VECTOR('',#17006,1000.);
#7991=VECTOR('',#17017,1000.);
#7992=VECTOR('',#17018,1000.);
#7993=VECTOR('',#17023,1000.);
#7994=VECTOR('',#17024,1000.);
#7995=VECTOR('',#17029,1000.);
#7996=VECTOR('',#17032,1000.);
#7997=VECTOR('',#17035,1000.);
#7998=VECTOR('',#17036,1000.);
#7999=VECTOR('',#17037,1000.);
#8000=VECTOR('',#17040,1000.);
#8001=VECTOR('',#17041,1000.);
#8002=VECTOR('',#17044,1000.);
#8003=VECTOR('',#17045,1000.);
#8004=VECTOR('',#17048,1000.);
#8005=VECTOR('',#17049,1000.);
#8006=VECTOR('',#17052,1000.);
#8007=VECTOR('',#17053,1000.);
#8008=VECTOR('',#17056,1000.);
#8009=VECTOR('',#17057,1000.);
#8010=VECTOR('',#17060,1000.);
#8011=VECTOR('',#17061,1000.);
#8012=VECTOR('',#17064,1000.);
#8013=VECTOR('',#17065,1000.);
#8014=VECTOR('',#17068,1000.);
#8015=VECTOR('',#17069,1000.);
#8016=VECTOR('',#17072,1000.);
#8017=VECTOR('',#17073,1000.);
#8018=VECTOR('',#17078,1000.);
#8019=VECTOR('',#17083,1000.);
#8020=VECTOR('',#17084,1000.);
#8021=VECTOR('',#17087,1000.);
#8022=VECTOR('',#17088,1000.);
#8023=VECTOR('',#17089,1000.);
#8024=VECTOR('',#17092,1000.);
#8025=VECTOR('',#17093,1000.);
#8026=VECTOR('',#17096,1000.);
#8027=VECTOR('',#17097,1000.);
#8028=VECTOR('',#17098,1000.);
#8029=VECTOR('',#17099,1000.);
#8030=VECTOR('',#17102,1000.);
#8031=VECTOR('',#17107,1000.);
#8032=VECTOR('',#17112,1000.);
#8033=VECTOR('',#17115,1000.);
#8034=VECTOR('',#17116,1000.);
#8035=VECTOR('',#17117,1000.);
#8036=VECTOR('',#17120,1000.);
#8037=VECTOR('',#17121,1000.);
#8038=VECTOR('',#17124,1000.);
#8039=VECTOR('',#17125,1000.);
#8040=VECTOR('',#17128,1000.);
#8041=VECTOR('',#17129,1000.);
#8042=VECTOR('',#17132,1000.);
#8043=VECTOR('',#17133,1000.);
#8044=VECTOR('',#17136,1000.);
#8045=VECTOR('',#17137,1000.);
#8046=VECTOR('',#17140,1000.);
#8047=VECTOR('',#17141,1000.);
#8048=VECTOR('',#17144,1000.);
#8049=VECTOR('',#17145,1000.);
#8050=VECTOR('',#17148,1000.);
#8051=VECTOR('',#17149,1000.);
#8052=VECTOR('',#17152,1000.);
#8053=VECTOR('',#17153,1000.);
#8054=VECTOR('',#17158,1000.);
#8055=VECTOR('',#17163,1000.);
#8056=VECTOR('',#17164,1000.);
#8057=VECTOR('',#17167,1000.);
#8058=VECTOR('',#17168,1000.);
#8059=VECTOR('',#17169,1000.);
#8060=VECTOR('',#17172,1000.);
#8061=VECTOR('',#17173,1000.);
#8062=VECTOR('',#17176,1000.);
#8063=VECTOR('',#17177,1000.);
#8064=VECTOR('',#17178,1000.);
#8065=VECTOR('',#17179,1000.);
#8066=VECTOR('',#17182,1000.);
#8067=VECTOR('',#17187,1000.);
#8068=VECTOR('',#17192,1000.);
#8069=VECTOR('',#17205,1000.);
#8070=VECTOR('',#17214,1000.);
#8071=VECTOR('',#17215,1000.);
#8072=VECTOR('',#17220,1000.);
#8073=VECTOR('',#17223,1000.);
#8074=VECTOR('',#17226,1000.);
#8075=VECTOR('',#17229,1000.);
#8076=VECTOR('',#17234,1000.);
#8077=VECTOR('',#17239,1000.);
#8078=VECTOR('',#17242,1000.);
#8079=VECTOR('',#17243,1000.);
#8080=VECTOR('',#17248,1000.);
#8081=VECTOR('',#17259,1000.);
#8082=VECTOR('',#17260,1000.);
#8083=VECTOR('',#17261,1000.);
#8084=VECTOR('',#17262,1000.);
#8085=VECTOR('',#17265,1000.);
#8086=VECTOR('',#17266,1000.);
#8087=VECTOR('',#17267,1000.);
#8088=VECTOR('',#17268,1000.);
#8089=VECTOR('',#17271,1000.);
#8090=VECTOR('',#17272,1000.);
#8091=VECTOR('',#17273,1000.);
#8092=VECTOR('',#17274,1000.);
#8093=VECTOR('',#17277,1000.);
#8094=VECTOR('',#17278,1000.);
#8095=VECTOR('',#17281,1000.);
#8096=VECTOR('',#17282,1000.);
#8097=VECTOR('',#17283,1000.);
#8098=VECTOR('',#17284,1000.);
#8099=VECTOR('',#17287,1000.);
#8100=VECTOR('',#17288,1000.);
#8101=VECTOR('',#17289,1000.);
#8102=VECTOR('',#17290,1000.);
#8103=VECTOR('',#17293,1000.);
#8104=VECTOR('',#17294,1000.);
#8105=VECTOR('',#17297,1000.);
#8106=VECTOR('',#17298,1000.);
#8107=VECTOR('',#17299,1000.);
#8108=VECTOR('',#17300,1000.);
#8109=VECTOR('',#17303,1000.);
#8110=VECTOR('',#17304,1000.);
#8111=VECTOR('',#17305,1000.);
#8112=VECTOR('',#17306,1000.);
#8113=VECTOR('',#17309,1000.);
#8114=VECTOR('',#17310,1000.);
#8115=VECTOR('',#17313,1000.);
#8116=VECTOR('',#17314,1000.);
#8117=VECTOR('',#17315,1000.);
#8118=VECTOR('',#17316,1000.);
#8119=VECTOR('',#17319,1000.);
#8120=VECTOR('',#17320,1000.);
#8121=VECTOR('',#17321,1000.);
#8122=VECTOR('',#17322,1000.);
#8123=VECTOR('',#17325,1000.);
#8124=VECTOR('',#17326,1000.);
#8125=VECTOR('',#17329,1000.);
#8126=VECTOR('',#17330,1000.);
#8127=VECTOR('',#17331,1000.);
#8128=VECTOR('',#17332,1000.);
#8129=VECTOR('',#17335,1000.);
#8130=VECTOR('',#17338,1000.);
#8131=VECTOR('',#17341,1000.);
#8132=VECTOR('',#17342,1000.);
#8133=VECTOR('',#17343,1000.);
#8134=VECTOR('',#17344,1000.);
#8135=VECTOR('',#17347,1000.);
#8136=VECTOR('',#17352,1000.);
#8137=VECTOR('',#17353,1000.);
#8138=VECTOR('',#17354,1000.);
#8139=VECTOR('',#17355,1000.);
#8140=VECTOR('',#17358,1000.);
#8141=VECTOR('',#17359,1000.);
#8142=VECTOR('',#17360,1000.);
#8143=VECTOR('',#17363,1000.);
#8144=VECTOR('',#17364,1000.);
#8145=VECTOR('',#17365,1000.);
#8146=VECTOR('',#17370,1000.);
#8147=VECTOR('',#17373,1000.);
#8148=VECTOR('',#17376,1000.);
#8149=VECTOR('',#17377,1000.);
#8150=VECTOR('',#17378,1000.);
#8151=VECTOR('',#17381,1000.);
#8152=VECTOR('',#17382,1000.);
#8153=VECTOR('',#17385,1000.);
#8154=VECTOR('',#17386,1000.);
#8155=VECTOR('',#17391,1000.);
#8156=VECTOR('',#17394,1000.);
#8157=VECTOR('',#17395,1000.);
#8158=VECTOR('',#17400,1000.);
#8159=VECTOR('',#17403,1000.);
#8160=VECTOR('',#17404,1000.);
#8161=VECTOR('',#17407,1000.);
#8162=VECTOR('',#17412,1000.);
#8163=VECTOR('',#17413,1000.);
#8164=VECTOR('',#17416,1000.);
#8165=VECTOR('',#17421,1000.);
#8166=VECTOR('',#17428,1000.);
#8167=VECTOR('',#17429,1000.);
#8168=VECTOR('',#17432,1000.);
#8169=VECTOR('',#17433,1000.);
#8170=VECTOR('',#17436,1000.);
#8171=VECTOR('',#17437,1000.);
#8172=VECTOR('',#17442,1000.);
#8173=VECTOR('',#17443,1000.);
#8174=VECTOR('',#17446,1000.);
#8175=VECTOR('',#17451,1000.);
#8176=VECTOR('',#17452,1000.);
#8177=VECTOR('',#17457,1000.);
#8178=VECTOR('',#17460,1000.);
#8179=VECTOR('',#17461,1000.);
#8180=VECTOR('',#17466,1000.);
#8181=VECTOR('',#17469,1000.);
#8182=VECTOR('',#17470,1000.);
#8183=VECTOR('',#17473,1000.);
#8184=VECTOR('',#17474,1000.);
#8185=VECTOR('',#17477,1000.);
#8186=VECTOR('',#17478,1000.);
#8187=VECTOR('',#17479,1000.);
#8188=VECTOR('',#17484,1000.);
#8189=VECTOR('',#17489,1000.);
#8190=VECTOR('',#17490,1000.);
#8191=VECTOR('',#17491,1000.);
#8192=VECTOR('',#17492,1000.);
#8193=VECTOR('',#17495,1000.);
#8194=VECTOR('',#17496,1000.);
#8195=VECTOR('',#17497,1000.);
#8196=VECTOR('',#17500,1000.);
#8197=VECTOR('',#17501,1000.);
#8198=VECTOR('',#17502,1000.);
#8199=VECTOR('',#17507,1000.);
#8200=VECTOR('',#17512,1000.);
#8201=VECTOR('',#17517,1000.);
#8202=VECTOR('',#17518,1000.);
#8203=VECTOR('',#17519,1000.);
#8204=VECTOR('',#17522,1000.);
#8205=VECTOR('',#17523,1000.);
#8206=VECTOR('',#17526,1000.);
#8207=VECTOR('',#17535,1000.);
#8208=VECTOR('',#17536,1000.);
#8209=VECTOR('',#17537,1000.);
#8210=VECTOR('',#17542,1000.);
#8211=VECTOR('',#17543,1000.);
#8212=VECTOR('',#17544,1000.);
#8213=VECTOR('',#17555,1000.);
#8214=VECTOR('',#17556,1000.);
#8215=VECTOR('',#17557,1000.);
#8216=VECTOR('',#17558,1000.);
#8217=VECTOR('',#17561,1000.);
#8218=VECTOR('',#17562,1000.);
#8219=VECTOR('',#17563,1000.);
#8220=VECTOR('',#17564,1000.);
#8221=VECTOR('',#17567,1000.);
#8222=VECTOR('',#17568,1000.);
#8223=VECTOR('',#17569,1000.);
#8224=VECTOR('',#17570,1000.);
#8225=VECTOR('',#17573,1000.);
#8226=VECTOR('',#17574,1000.);
#8227=VECTOR('',#17575,1000.);
#8228=VECTOR('',#17576,1000.);
#8229=VECTOR('',#17579,1000.);
#8230=VECTOR('',#17580,1000.);
#8231=VECTOR('',#17581,1000.);
#8232=VECTOR('',#17582,1000.);
#8233=VECTOR('',#17585,1000.);
#8234=VECTOR('',#17586,1000.);
#8235=VECTOR('',#17589,1000.);
#8236=VECTOR('',#17590,1000.);
#8237=VECTOR('',#17591,1000.);
#8238=VECTOR('',#17592,1000.);
#8239=VECTOR('',#17595,1000.);
#8240=VECTOR('',#17596,1000.);
#8241=VECTOR('',#17597,1000.);
#8242=VECTOR('',#17598,1000.);
#8243=VECTOR('',#17601,1000.);
#8244=VECTOR('',#17602,1000.);
#8245=VECTOR('',#17605,1000.);
#8246=VECTOR('',#17606,1000.);
#8247=VECTOR('',#17607,1000.);
#8248=VECTOR('',#17608,1000.);
#8249=VECTOR('',#17611,1000.);
#8250=VECTOR('',#17612,1000.);
#8251=VECTOR('',#17613,1000.);
#8252=VECTOR('',#17614,1000.);
#8253=VECTOR('',#17617,1000.);
#8254=VECTOR('',#17618,1000.);
#8255=VECTOR('',#17621,1000.);
#8256=VECTOR('',#17622,1000.);
#8257=VECTOR('',#17623,1000.);
#8258=VECTOR('',#17624,1000.);
#8259=VECTOR('',#17627,1000.);
#8260=VECTOR('',#17628,1000.);
#8261=VECTOR('',#17629,1000.);
#8262=VECTOR('',#17630,1000.);
#8263=VECTOR('',#17633,1000.);
#8264=VECTOR('',#17634,1000.);
#8265=VECTOR('',#17637,1000.);
#8266=VECTOR('',#17638,1000.);
#8267=VECTOR('',#17639,1000.);
#8268=VECTOR('',#17640,1000.);
#8269=VECTOR('',#17643,1000.);
#8270=VECTOR('',#17644,1000.);
#8271=VECTOR('',#17647,1000.);
#8272=VECTOR('',#17650,1000.);
#8273=VECTOR('',#17655,1000.);
#8274=VECTOR('',#17656,1000.);
#8275=VECTOR('',#17659,1000.);
#8276=VECTOR('',#17662,1000.);
#8277=VECTOR('',#17667,1000.);
#8278=VECTOR('',#17668,1000.);
#8279=VECTOR('',#17671,1000.);
#8280=VECTOR('',#17674,1000.);
#8281=VECTOR('',#17679,1000.);
#8282=VECTOR('',#17680,1000.);
#8283=VECTOR('',#17683,1000.);
#8284=VECTOR('',#17686,1000.);
#8285=VECTOR('',#17691,1000.);
#8286=VECTOR('',#17692,1000.);
#8287=VECTOR('',#17695,1000.);
#8288=VECTOR('',#17698,1000.);
#8289=VECTOR('',#17703,1000.);
#8290=VECTOR('',#17704,1000.);
#8291=VECTOR('',#17707,1000.);
#8292=VECTOR('',#17710,1000.);
#8293=VECTOR('',#17715,1000.);
#8294=VECTOR('',#17716,1000.);
#8295=VECTOR('',#17719,1000.);
#8296=VECTOR('',#17722,1000.);
#8297=VECTOR('',#17725,1000.);
#8298=VECTOR('',#17726,1000.);
#8299=VECTOR('',#17729,1000.);
#8300=VECTOR('',#17732,1000.);
#8301=VECTOR('',#17735,1000.);
#8302=VECTOR('',#17738,1000.);
#8303=VECTOR('',#17741,1000.);
#8304=VECTOR('',#17742,1000.);
#8305=VECTOR('',#17745,1000.);
#8306=VECTOR('',#17748,1000.);
#8307=VECTOR('',#17757,1000.);
#8308=VECTOR('',#17758,1000.);
#8309=VECTOR('',#17761,1000.);
#8310=VECTOR('',#17764,1000.);
#8311=VECTOR('',#17767,1000.);
#8312=VECTOR('',#17768,1000.);
#8313=VECTOR('',#17771,1000.);
#8314=VECTOR('',#17772,1000.);
#8315=VECTOR('',#17775,1000.);
#8316=VECTOR('',#17778,1000.);
#8317=VECTOR('',#17781,1000.);
#8318=VECTOR('',#17784,1000.);
#8319=VECTOR('',#17789,1000.);
#8320=VECTOR('',#17790,1000.);
#8321=VECTOR('',#17793,1000.);
#8322=VECTOR('',#17796,1000.);
#8323=VECTOR('',#17799,1000.);
#8324=VECTOR('',#17800,1000.);
#8325=VECTOR('',#17803,1000.);
#8326=VECTOR('',#17804,1000.);
#8327=VECTOR('',#17807,1000.);
#8328=VECTOR('',#17810,1000.);
#8329=VECTOR('',#17813,1000.);
#8330=VECTOR('',#17816,1000.);
#8331=VECTOR('',#17821,1000.);
#8332=VECTOR('',#17822,1000.);
#8333=VECTOR('',#17825,1000.);
#8334=VECTOR('',#17828,1000.);
#8335=VECTOR('',#17833,1000.);
#8336=VECTOR('',#17834,1000.);
#8337=VECTOR('',#17837,1000.);
#8338=VECTOR('',#17840,1000.);
#8339=VECTOR('',#17845,1000.);
#8340=VECTOR('',#17846,1000.);
#8341=VECTOR('',#17849,1000.);
#8342=VECTOR('',#17852,1000.);
#8343=VECTOR('',#17857,1000.);
#8344=VECTOR('',#17858,1000.);
#8345=VECTOR('',#17861,1000.);
#8346=VECTOR('',#17864,1000.);
#8347=VECTOR('',#17869,1000.);
#8348=VECTOR('',#17870,1000.);
#8349=VECTOR('',#17873,1000.);
#8350=VECTOR('',#17876,1000.);
#8351=VECTOR('',#17881,1000.);
#8352=VECTOR('',#17882,1000.);
#8353=VECTOR('',#17885,1000.);
#8354=VECTOR('',#17888,1000.);
#8355=VECTOR('',#17893,1000.);
#8356=VECTOR('',#17894,1000.);
#8357=VECTOR('',#17897,1000.);
#8358=VECTOR('',#17900,1000.);
#8359=VECTOR('',#17905,1000.);
#8360=VECTOR('',#17906,1000.);
#8361=VECTOR('',#17909,1000.);
#8362=VECTOR('',#17912,1000.);
#8363=VECTOR('',#17917,1000.);
#8364=VECTOR('',#17918,1000.);
#8365=VECTOR('',#17919,1000.);
#8366=VECTOR('',#17922,1000.);
#8367=VECTOR('',#17923,1000.);
#8368=VECTOR('',#17926,1000.);
#8369=VECTOR('',#17927,1000.);
#8370=VECTOR('',#17930,1000.);
#8371=EDGE_LOOP('',(#327,#328,#329,#330));
#8372=EDGE_LOOP('',(#331,#332,#333,#334));
#8373=EDGE_LOOP('',(#335,#336,#337,#338));
#8374=EDGE_LOOP('',(#339,#340,#341,#342));
#8375=EDGE_LOOP('',(#343,#344,#345,#346));
#8376=EDGE_LOOP('',(#347,#348,#349,#350));
#8377=EDGE_LOOP('',(#351,#352,#353,#354));
#8378=EDGE_LOOP('',(#355,#356,#357,#358));
#8379=EDGE_LOOP('',(#359,#360,#361,#362));
#8380=EDGE_LOOP('',(#363,#364,#365,#366));
#8381=EDGE_LOOP('',(#367,#368,#369,#370));
#8382=EDGE_LOOP('',(#371,#372,#373,#374));
#8383=EDGE_LOOP('',(#375,#376,#377,#378));
#8384=EDGE_LOOP('',(#379,#380,#381,#382));
#8385=EDGE_LOOP('',(#383,#384,#385,#386));
#8386=EDGE_LOOP('',(#387,#388,#389,#390,#391,#392,#393,#394,#395,#396,#397,
#398,#399,#400,#401,#402));
#8387=EDGE_LOOP('',(#403,#404,#405,#406,#407,#408,#409,#410,#411,#412,#413,
#414));
#8388=EDGE_LOOP('',(#415,#416,#417,#418,#419,#420,#421,#422,#423,#424,#425,
#426));
#8389=EDGE_LOOP('',(#427,#428,#429,#430));
#8390=EDGE_LOOP('',(#431,#432,#433,#434));
#8391=EDGE_LOOP('',(#435,#436,#437,#438));
#8392=EDGE_LOOP('',(#439,#440,#441,#442));
#8393=EDGE_LOOP('',(#443,#444,#445,#446));
#8394=EDGE_LOOP('',(#447,#448,#449,#450));
#8395=EDGE_LOOP('',(#451,#452,#453,#454));
#8396=EDGE_LOOP('',(#455,#456,#457,#458));
#8397=EDGE_LOOP('',(#459,#460,#461,#462));
#8398=EDGE_LOOP('',(#463,#464,#465,#466));
#8399=EDGE_LOOP('',(#467,#468,#469,#470));
#8400=EDGE_LOOP('',(#471,#472,#473,#474));
#8401=EDGE_LOOP('',(#475,#476,#477,#478));
#8402=EDGE_LOOP('',(#479,#480,#481,#482));
#8403=EDGE_LOOP('',(#483,#484,#485,#486));
#8404=EDGE_LOOP('',(#487,#488,#489,#490));
#8405=EDGE_LOOP('',(#491,#492,#493,#494));
#8406=EDGE_LOOP('',(#495,#496,#497,#498,#499,#500));
#8407=EDGE_LOOP('',(#501,#502,#503,#504));
#8408=EDGE_LOOP('',(#505,#506,#507,#508,#509,#510));
#8409=EDGE_LOOP('',(#511,#512,#513,#514));
#8410=EDGE_LOOP('',(#515,#516,#517,#518));
#8411=EDGE_LOOP('',(#519,#520,#521,#522));
#8412=EDGE_LOOP('',(#523,#524,#525,#526));
#8413=EDGE_LOOP('',(#527,#528,#529,#530,#531,#532));
#8414=EDGE_LOOP('',(#533,#534,#535,#536));
#8415=EDGE_LOOP('',(#537,#538,#539,#540,#541,#542));
#8416=EDGE_LOOP('',(#543,#544,#545,#546));
#8417=EDGE_LOOP('',(#547,#548,#549,#550));
#8418=EDGE_LOOP('',(#551,#552,#553,#554));
#8419=EDGE_LOOP('',(#555,#556,#557,#558));
#8420=EDGE_LOOP('',(#559,#560,#561,#562,#563,#564));
#8421=EDGE_LOOP('',(#565,#566,#567,#568));
#8422=EDGE_LOOP('',(#569,#570,#571,#572,#573,#574));
#8423=EDGE_LOOP('',(#575,#576,#577,#578));
#8424=EDGE_LOOP('',(#579,#580,#581,#582));
#8425=EDGE_LOOP('',(#583,#584,#585,#586));
#8426=EDGE_LOOP('',(#587,#588,#589,#590));
#8427=EDGE_LOOP('',(#591,#592,#593,#594,#595,#596));
#8428=EDGE_LOOP('',(#597,#598,#599,#600));
#8429=EDGE_LOOP('',(#601,#602,#603,#604,#605,#606));
#8430=EDGE_LOOP('',(#607,#608,#609,#610));
#8431=EDGE_LOOP('',(#611,#612,#613,#614));
#8432=EDGE_LOOP('',(#615,#616,#617,#618));
#8433=EDGE_LOOP('',(#619,#620,#621,#622));
#8434=EDGE_LOOP('',(#623,#624,#625,#626,#627,#628));
#8435=EDGE_LOOP('',(#629,#630,#631,#632));
#8436=EDGE_LOOP('',(#633,#634,#635,#636,#637,#638));
#8437=EDGE_LOOP('',(#639,#640,#641,#642));
#8438=EDGE_LOOP('',(#643,#644,#645,#646));
#8439=EDGE_LOOP('',(#647,#648,#649,#650));
#8440=EDGE_LOOP('',(#651,#652,#653,#654));
#8441=EDGE_LOOP('',(#655,#656,#657,#658,#659,#660));
#8442=EDGE_LOOP('',(#661,#662,#663,#664));
#8443=EDGE_LOOP('',(#665,#666,#667,#668,#669,#670));
#8444=EDGE_LOOP('',(#671,#672,#673,#674));
#8445=EDGE_LOOP('',(#675,#676,#677,#678));
#8446=EDGE_LOOP('',(#679,#680,#681,#682));
#8447=EDGE_LOOP('',(#683,#684,#685,#686));
#8448=EDGE_LOOP('',(#687,#688,#689,#690,#691,#692));
#8449=EDGE_LOOP('',(#693,#694,#695,#696));
#8450=EDGE_LOOP('',(#697,#698,#699,#700,#701,#702));
#8451=EDGE_LOOP('',(#703,#704,#705,#706));
#8452=EDGE_LOOP('',(#707,#708,#709,#710));
#8453=EDGE_LOOP('',(#711,#712,#713,#714));
#8454=EDGE_LOOP('',(#715,#716,#717,#718));
#8455=EDGE_LOOP('',(#719,#720,#721,#722,#723,#724));
#8456=EDGE_LOOP('',(#725,#726,#727,#728));
#8457=EDGE_LOOP('',(#729,#730,#731,#732,#733,#734));
#8458=EDGE_LOOP('',(#735,#736,#737,#738));
#8459=EDGE_LOOP('',(#739,#740,#741,#742));
#8460=EDGE_LOOP('',(#743,#744,#745,#746));
#8461=EDGE_LOOP('',(#747,#748,#749,#750));
#8462=EDGE_LOOP('',(#751,#752,#753,#754));
#8463=EDGE_LOOP('',(#755,#756,#757,#758));
#8464=EDGE_LOOP('',(#759,#760,#761,#762));
#8465=EDGE_LOOP('',(#763,#764,#765,#766));
#8466=EDGE_LOOP('',(#767,#768,#769,#770));
#8467=EDGE_LOOP('',(#771,#772,#773,#774));
#8468=EDGE_LOOP('',(#775,#776,#777,#778));
#8469=EDGE_LOOP('',(#779,#780,#781,#782));
#8470=EDGE_LOOP('',(#783,#784,#785,#786));
#8471=EDGE_LOOP('',(#787,#788,#789,#790));
#8472=EDGE_LOOP('',(#791,#792,#793,#794));
#8473=EDGE_LOOP('',(#795,#796,#797,#798));
#8474=EDGE_LOOP('',(#799,#800,#801,#802));
#8475=EDGE_LOOP('',(#803,#804,#805,#806));
#8476=EDGE_LOOP('',(#807,#808,#809,#810));
#8477=EDGE_LOOP('',(#811,#812,#813,#814));
#8478=EDGE_LOOP('',(#815,#816,#817,#818));
#8479=EDGE_LOOP('',(#819,#820,#821,#822));
#8480=EDGE_LOOP('',(#823,#824,#825,#826));
#8481=EDGE_LOOP('',(#827,#828,#829,#830));
#8482=EDGE_LOOP('',(#831,#832,#833,#834));
#8483=EDGE_LOOP('',(#835,#836,#837,#838));
#8484=EDGE_LOOP('',(#839,#840,#841,#842));
#8485=EDGE_LOOP('',(#843,#844,#845,#846));
#8486=EDGE_LOOP('',(#847,#848,#849,#850));
#8487=EDGE_LOOP('',(#851,#852,#853,#854));
#8488=EDGE_LOOP('',(#855,#856,#857,#858));
#8489=EDGE_LOOP('',(#859,#860,#861,#862));
#8490=EDGE_LOOP('',(#863,#864,#865,#866));
#8491=EDGE_LOOP('',(#867,#868,#869,#870));
#8492=EDGE_LOOP('',(#871,#872,#873,#874));
#8493=EDGE_LOOP('',(#875,#876,#877,#878));
#8494=EDGE_LOOP('',(#879,#880,#881,#882));
#8495=EDGE_LOOP('',(#883,#884,#885,#886));
#8496=EDGE_LOOP('',(#887,#888,#889,#890));
#8497=EDGE_LOOP('',(#891,#892,#893,#894));
#8498=EDGE_LOOP('',(#895,#896,#897,#898));
#8499=EDGE_LOOP('',(#899,#900,#901,#902));
#8500=EDGE_LOOP('',(#903,#904,#905,#906));
#8501=EDGE_LOOP('',(#907,#908,#909,#910));
#8502=EDGE_LOOP('',(#911,#912,#913,#914));
#8503=EDGE_LOOP('',(#915,#916,#917,#918));
#8504=EDGE_LOOP('',(#919,#920,#921,#922));
#8505=EDGE_LOOP('',(#923,#924,#925,#926));
#8506=EDGE_LOOP('',(#927,#928,#929,#930));
#8507=EDGE_LOOP('',(#931,#932,#933,#934,#935,#936));
#8508=EDGE_LOOP('',(#937,#938,#939,#940));
#8509=EDGE_LOOP('',(#941,#942,#943,#944,#945,#946));
#8510=EDGE_LOOP('',(#947,#948,#949,#950,#951,#952));
#8511=EDGE_LOOP('',(#953,#954,#955,#956));
#8512=EDGE_LOOP('',(#957,#958,#959,#960,#961,#962));
#8513=EDGE_LOOP('',(#963,#964,#965,#966,#967,#968));
#8514=EDGE_LOOP('',(#969,#970,#971,#972));
#8515=EDGE_LOOP('',(#973,#974,#975,#976,#977,#978));
#8516=EDGE_LOOP('',(#979,#980,#981,#982,#983,#984));
#8517=EDGE_LOOP('',(#985,#986,#987,#988));
#8518=EDGE_LOOP('',(#989,#990,#991,#992,#993,#994));
#8519=EDGE_LOOP('',(#995,#996,#997,#998,#999,#1000));
#8520=EDGE_LOOP('',(#1001,#1002,#1003,#1004));
#8521=EDGE_LOOP('',(#1005,#1006,#1007,#1008,#1009,#1010));
#8522=EDGE_LOOP('',(#1011,#1012,#1013,#1014,#1015,#1016));
#8523=EDGE_LOOP('',(#1017,#1018,#1019,#1020));
#8524=EDGE_LOOP('',(#1021,#1022,#1023,#1024,#1025,#1026));
#8525=EDGE_LOOP('',(#1027,#1028,#1029,#1030,#1031,#1032));
#8526=EDGE_LOOP('',(#1033,#1034,#1035,#1036));
#8527=EDGE_LOOP('',(#1037,#1038,#1039,#1040,#1041,#1042));
#8528=EDGE_LOOP('',(#1043,#1044,#1045,#1046,#1047,#1048));
#8529=EDGE_LOOP('',(#1049,#1050,#1051,#1052));
#8530=EDGE_LOOP('',(#1053,#1054,#1055,#1056,#1057,#1058));
#8531=EDGE_LOOP('',(#1059,#1060,#1061,#1062));
#8532=EDGE_LOOP('',(#1063,#1064,#1065,#1066));
#8533=EDGE_LOOP('',(#1067,#1068,#1069,#1070));
#8534=EDGE_LOOP('',(#1071,#1072,#1073,#1074));
#8535=EDGE_LOOP('',(#1075,#1076,#1077,#1078));
#8536=EDGE_LOOP('',(#1079,#1080,#1081,#1082));
#8537=EDGE_LOOP('',(#1083,#1084,#1085,#1086));
#8538=EDGE_LOOP('',(#1087,#1088,#1089,#1090));
#8539=EDGE_LOOP('',(#1091,#1092,#1093,#1094,#1095,#1096));
#8540=EDGE_LOOP('',(#1097,#1098,#1099,#1100));
#8541=EDGE_LOOP('',(#1101,#1102,#1103,#1104,#1105,#1106));
#8542=EDGE_LOOP('',(#1107,#1108,#1109,#1110,#1111,#1112));
#8543=EDGE_LOOP('',(#1113,#1114,#1115,#1116));
#8544=EDGE_LOOP('',(#1117,#1118,#1119,#1120,#1121,#1122));
#8545=EDGE_LOOP('',(#1123,#1124,#1125,#1126,#1127,#1128));
#8546=EDGE_LOOP('',(#1129,#1130,#1131,#1132));
#8547=EDGE_LOOP('',(#1133,#1134,#1135,#1136,#1137,#1138));
#8548=EDGE_LOOP('',(#1139,#1140,#1141,#1142,#1143,#1144));
#8549=EDGE_LOOP('',(#1145,#1146,#1147,#1148));
#8550=EDGE_LOOP('',(#1149,#1150,#1151,#1152,#1153,#1154));
#8551=EDGE_LOOP('',(#1155,#1156,#1157,#1158,#1159,#1160));
#8552=EDGE_LOOP('',(#1161,#1162,#1163,#1164));
#8553=EDGE_LOOP('',(#1165,#1166,#1167,#1168,#1169,#1170));
#8554=EDGE_LOOP('',(#1171,#1172,#1173,#1174,#1175,#1176));
#8555=EDGE_LOOP('',(#1177,#1178,#1179,#1180));
#8556=EDGE_LOOP('',(#1181,#1182,#1183,#1184,#1185,#1186));
#8557=EDGE_LOOP('',(#1187,#1188,#1189,#1190,#1191,#1192));
#8558=EDGE_LOOP('',(#1193,#1194,#1195,#1196));
#8559=EDGE_LOOP('',(#1197,#1198,#1199,#1200,#1201,#1202));
#8560=EDGE_LOOP('',(#1203,#1204,#1205,#1206,#1207,#1208));
#8561=EDGE_LOOP('',(#1209,#1210,#1211,#1212));
#8562=EDGE_LOOP('',(#1213,#1214,#1215,#1216,#1217,#1218));
#8563=EDGE_LOOP('',(#1219,#1220,#1221,#1222));
#8564=EDGE_LOOP('',(#1223,#1224,#1225,#1226,#1227,#1228,#1229));
#8565=EDGE_LOOP('',(#1230,#1231,#1232,#1233));
#8566=EDGE_LOOP('',(#1234,#1235,#1236,#1237,#1238,#1239,#1240));
#8567=EDGE_LOOP('',(#1241,#1242,#1243,#1244));
#8568=EDGE_LOOP('',(#1245,#1246,#1247,#1248,#1249,#1250,#1251));
#8569=EDGE_LOOP('',(#1252,#1253,#1254,#1255));
#8570=EDGE_LOOP('',(#1256,#1257,#1258,#1259,#1260,#1261,#1262));
#8571=EDGE_LOOP('',(#1263,#1264,#1265,#1266,#1267,#1268,#1269,#1270,#1271,
#1272,#1273,#1274,#1275,#1276,#1277,#1278,#1279,#1280,#1281,#1282,#1283,
#1284,#1285,#1286,#1287,#1288,#1289,#1290,#1291,#1292,#1293,#1294,#1295,
#1296,#1297,#1298,#1299,#1300,#1301,#1302,#1303,#1304,#1305,#1306));
#8572=EDGE_LOOP('',(#1307,#1308,#1309,#1310,#1311,#1312,#1313,#1314,#1315,
#1316,#1317,#1318,#1319,#1320,#1321,#1322,#1323,#1324,#1325,#1326,#1327,
#1328,#1329,#1330,#1331,#1332,#1333,#1334,#1335,#1336,#1337,#1338,#1339,
#1340,#1341,#1342));
#8573=EDGE_LOOP('',(#1343,#1344,#1345,#1346));
#8574=EDGE_LOOP('',(#1347,#1348,#1349,#1350));
#8575=EDGE_LOOP('',(#1351,#1352,#1353,#1354));
#8576=EDGE_LOOP('',(#1355,#1356,#1357,#1358));
#8577=EDGE_LOOP('',(#1359,#1360,#1361,#1362));
#8578=EDGE_LOOP('',(#1363,#1364,#1365,#1366));
#8579=EDGE_LOOP('',(#1367,#1368,#1369,#1370));
#8580=EDGE_LOOP('',(#1371,#1372,#1373,#1374));
#8581=EDGE_LOOP('',(#1375,#1376,#1377,#1378));
#8582=EDGE_LOOP('',(#1379,#1380,#1381,#1382));
#8583=EDGE_LOOP('',(#1383,#1384,#1385,#1386));
#8584=EDGE_LOOP('',(#1387,#1388,#1389,#1390,#1391,#1392,#1393,#1394,#1395,
#1396,#1397,#1398,#1399,#1400,#1401,#1402,#1403,#1404,#1405,#1406,#1407,
#1408,#1409,#1410,#1411,#1412,#1413,#1414,#1415,#1416,#1417,#1418,#1419,
#1420,#1421,#1422,#1423,#1424,#1425,#1426,#1427,#1428,#1429,#1430));
#8585=EDGE_LOOP('',(#1431,#1432,#1433,#1434,#1435,#1436,#1437,#1438,#1439,
#1440,#1441,#1442,#1443,#1444,#1445,#1446,#1447,#1448,#1449,#1450,#1451,
#1452,#1453,#1454,#1455,#1456,#1457,#1458,#1459,#1460,#1461,#1462,#1463,
#1464,#1465,#1466));
#8586=EDGE_LOOP('',(#1467,#1468,#1469,#1470));
#8587=EDGE_LOOP('',(#1471,#1472,#1473,#1474));
#8588=EDGE_LOOP('',(#1475,#1476,#1477,#1478));
#8589=EDGE_LOOP('',(#1479,#1480,#1481,#1482));
#8590=EDGE_LOOP('',(#1483,#1484,#1485,#1486));
#8591=EDGE_LOOP('',(#1487,#1488,#1489,#1490));
#8592=EDGE_LOOP('',(#1491,#1492,#1493,#1494));
#8593=EDGE_LOOP('',(#1495,#1496,#1497,#1498));
#8594=EDGE_LOOP('',(#1499,#1500,#1501,#1502));
#8595=EDGE_LOOP('',(#1503,#1504,#1505,#1506));
#8596=EDGE_LOOP('',(#1507,#1508,#1509,#1510));
#8597=EDGE_LOOP('',(#1511,#1512,#1513,#1514));
#8598=EDGE_LOOP('',(#1515,#1516,#1517,#1518));
#8599=EDGE_LOOP('',(#1519,#1520,#1521,#1522));
#8600=EDGE_LOOP('',(#1523,#1524,#1525,#1526));
#8601=EDGE_LOOP('',(#1527,#1528,#1529));
#8602=EDGE_LOOP('',(#1530,#1531,#1532));
#8603=EDGE_LOOP('',(#1533,#1534,#1535,#1536));
#8604=EDGE_LOOP('',(#1537,#1538,#1539,#1540,#1541,#1542,#1543,#1544));
#8605=EDGE_LOOP('',(#1545,#1546,#1547,#1548));
#8606=EDGE_LOOP('',(#1549,#1550,#1551,#1552));
#8607=EDGE_LOOP('',(#1553,#1554,#1555,#1556));
#8608=EDGE_LOOP('',(#1557,#1558,#1559,#1560,#1561,#1562,#1563,#1564));
#8609=EDGE_LOOP('',(#1565,#1566,#1567,#1568));
#8610=EDGE_LOOP('',(#1569,#1570,#1571,#1572));
#8611=EDGE_LOOP('',(#1573,#1574,#1575,#1576));
#8612=EDGE_LOOP('',(#1577,#1578,#1579,#1580));
#8613=EDGE_LOOP('',(#1581,#1582,#1583,#1584));
#8614=EDGE_LOOP('',(#1585,#1586,#1587,#1588));
#8615=EDGE_LOOP('',(#1589,#1590,#1591,#1592));
#8616=EDGE_LOOP('',(#1593,#1594,#1595,#1596));
#8617=EDGE_LOOP('',(#1597,#1598,#1599,#1600));
#8618=EDGE_LOOP('',(#1601,#1602,#1603,#1604));
#8619=EDGE_LOOP('',(#1605,#1606,#1607,#1608));
#8620=EDGE_LOOP('',(#1609,#1610,#1611,#1612));
#8621=EDGE_LOOP('',(#1613,#1614,#1615,#1616));
#8622=EDGE_LOOP('',(#1617,#1618,#1619,#1620));
#8623=EDGE_LOOP('',(#1621,#1622,#1623,#1624));
#8624=EDGE_LOOP('',(#1625,#1626,#1627,#1628));
#8625=EDGE_LOOP('',(#1629,#1630,#1631,#1632));
#8626=EDGE_LOOP('',(#1633,#1634,#1635,#1636));
#8627=EDGE_LOOP('',(#1637,#1638,#1639,#1640));
#8628=EDGE_LOOP('',(#1641,#1642,#1643,#1644));
#8629=EDGE_LOOP('',(#1645,#1646,#1647,#1648));
#8630=EDGE_LOOP('',(#1649,#1650,#1651,#1652,#1653,#1654,#1655,#1656));
#8631=EDGE_LOOP('',(#1657,#1658,#1659,#1660));
#8632=EDGE_LOOP('',(#1661,#1662,#1663,#1664));
#8633=EDGE_LOOP('',(#1665,#1666,#1667,#1668));
#8634=EDGE_LOOP('',(#1669,#1670,#1671,#1672,#1673,#1674,#1675,#1676));
#8635=EDGE_LOOP('',(#1677,#1678,#1679,#1680));
#8636=EDGE_LOOP('',(#1681,#1682,#1683,#1684));
#8637=EDGE_LOOP('',(#1685,#1686,#1687,#1688));
#8638=EDGE_LOOP('',(#1689,#1690,#1691,#1692));
#8639=EDGE_LOOP('',(#1693,#1694,#1695,#1696));
#8640=EDGE_LOOP('',(#1697,#1698,#1699,#1700));
#8641=EDGE_LOOP('',(#1701,#1702,#1703,#1704));
#8642=EDGE_LOOP('',(#1705,#1706,#1707,#1708));
#8643=EDGE_LOOP('',(#1709,#1710,#1711,#1712));
#8644=EDGE_LOOP('',(#1713,#1714,#1715,#1716));
#8645=EDGE_LOOP('',(#1717,#1718,#1719,#1720));
#8646=EDGE_LOOP('',(#1721,#1722,#1723,#1724));
#8647=EDGE_LOOP('',(#1725,#1726,#1727,#1728));
#8648=EDGE_LOOP('',(#1729,#1730,#1731,#1732));
#8649=EDGE_LOOP('',(#1733,#1734,#1735,#1736));
#8650=EDGE_LOOP('',(#1737,#1738,#1739,#1740));
#8651=EDGE_LOOP('',(#1741,#1742,#1743,#1744));
#8652=EDGE_LOOP('',(#1745,#1746,#1747,#1748));
#8653=EDGE_LOOP('',(#1749,#1750,#1751,#1752));
#8654=EDGE_LOOP('',(#1753,#1754,#1755,#1756));
#8655=EDGE_LOOP('',(#1757,#1758,#1759,#1760));
#8656=EDGE_LOOP('',(#1761,#1762,#1763,#1764));
#8657=EDGE_LOOP('',(#1765,#1766,#1767,#1768));
#8658=EDGE_LOOP('',(#1769,#1770,#1771,#1772));
#8659=EDGE_LOOP('',(#1773,#1774,#1775,#1776));
#8660=EDGE_LOOP('',(#1777,#1778,#1779,#1780));
#8661=EDGE_LOOP('',(#1781,#1782,#1783,#1784));
#8662=EDGE_LOOP('',(#1785,#1786,#1787,#1788));
#8663=EDGE_LOOP('',(#1789,#1790,#1791,#1792));
#8664=EDGE_LOOP('',(#1793,#1794,#1795,#1796));
#8665=EDGE_LOOP('',(#1797,#1798,#1799,#1800,#1801));
#8666=EDGE_LOOP('',(#1802,#1803,#1804,#1805));
#8667=EDGE_LOOP('',(#1806,#1807,#1808,#1809));
#8668=EDGE_LOOP('',(#1810,#1811,#1812,#1813));
#8669=EDGE_LOOP('',(#1814,#1815,#1816));
#8670=EDGE_LOOP('',(#1817,#1818,#1819,#1820));
#8671=EDGE_LOOP('',(#1821,#1822,#1823,#1824));
#8672=EDGE_LOOP('',(#1825,#1826,#1827,#1828));
#8673=EDGE_LOOP('',(#1829,#1830,#1831,#1832));
#8674=EDGE_LOOP('',(#1833,#1834,#1835,#1836));
#8675=EDGE_LOOP('',(#1837,#1838,#1839,#1840));
#8676=EDGE_LOOP('',(#1841,#1842,#1843,#1844,#1845,#1846));
#8677=EDGE_LOOP('',(#1847,#1848,#1849,#1850));
#8678=EDGE_LOOP('',(#1851,#1852,#1853,#1854,#1855,#1856));
#8679=EDGE_LOOP('',(#1857,#1858,#1859,#1860,#1861));
#8680=EDGE_LOOP('',(#1862,#1863,#1864,#1865));
#8681=EDGE_LOOP('',(#1866,#1867,#1868,#1869,#1870));
#8682=EDGE_LOOP('',(#1871,#1872,#1873,#1874));
#8683=EDGE_LOOP('',(#1875,#1876,#1877,#1878,#1879,#1880,#1881,#1882));
#8684=EDGE_LOOP('',(#1883,#1884,#1885,#1886,#1887));
#8685=EDGE_LOOP('',(#1888,#1889,#1890,#1891));
#8686=EDGE_LOOP('',(#1892,#1893,#1894,#1895,#1896));
#8687=EDGE_LOOP('',(#1897,#1898,#1899,#1900));
#8688=EDGE_LOOP('',(#1901,#1902,#1903,#1904,#1905,#1906,#1907,#1908,#1909,
#1910,#1911,#1912,#1913,#1914,#1915,#1916,#1917,#1918,#1919,#1920,#1921,
#1922,#1923,#1924));
#8689=EDGE_LOOP('',(#1925,#1926,#1927,#1928));
#8690=EDGE_LOOP('',(#1929,#1930,#1931,#1932));
#8691=EDGE_LOOP('',(#1933,#1934,#1935,#1936));
#8692=EDGE_LOOP('',(#1937,#1938,#1939,#1940));
#8693=EDGE_LOOP('',(#1941,#1942,#1943,#1944,#1945,#1946));
#8694=EDGE_LOOP('',(#1947,#1948,#1949,#1950));
#8695=EDGE_LOOP('',(#1951,#1952,#1953,#1954,#1955,#1956));
#8696=EDGE_LOOP('',(#1957,#1958,#1959,#1960));
#8697=EDGE_LOOP('',(#1961,#1962,#1963,#1964));
#8698=EDGE_LOOP('',(#1965,#1966,#1967,#1968,#1969,#1970));
#8699=EDGE_LOOP('',(#1971,#1972,#1973,#1974));
#8700=EDGE_LOOP('',(#1975,#1976,#1977,#1978,#1979,#1980));
#8701=EDGE_LOOP('',(#1981,#1982,#1983,#1984,#1985));
#8702=EDGE_LOOP('',(#1986,#1987,#1988,#1989));
#8703=EDGE_LOOP('',(#1990,#1991,#1992,#1993,#1994));
#8704=EDGE_LOOP('',(#1995,#1996,#1997,#1998));
#8705=EDGE_LOOP('',(#1999,#2000,#2001,#2002,#2003,#2004,#2005,#2006));
#8706=EDGE_LOOP('',(#2007,#2008,#2009,#2010,#2011));
#8707=EDGE_LOOP('',(#2012,#2013,#2014,#2015));
#8708=EDGE_LOOP('',(#2016,#2017,#2018,#2019,#2020));
#8709=EDGE_LOOP('',(#2021,#2022,#2023,#2024,#2025,#2026,#2027,#2028,#2029,
#2030,#2031,#2032,#2033,#2034,#2035,#2036,#2037,#2038,#2039,#2040,#2041,
#2042,#2043,#2044));
#8710=EDGE_LOOP('',(#2045,#2046,#2047,#2048));
#8711=EDGE_LOOP('',(#2049,#2050,#2051,#2052));
#8712=EDGE_LOOP('',(#2053,#2054,#2055,#2056));
#8713=EDGE_LOOP('',(#2057,#2058,#2059,#2060));
#8714=EDGE_LOOP('',(#2061,#2062,#2063,#2064));
#8715=EDGE_LOOP('',(#2065,#2066,#2067,#2068,#2069,#2070));
#8716=EDGE_LOOP('',(#2071,#2072,#2073,#2074));
#8717=EDGE_LOOP('',(#2075,#2076,#2077,#2078,#2079,#2080));
#8718=EDGE_LOOP('',(#2081,#2082,#2083,#2084));
#8719=EDGE_LOOP('',(#2085,#2086,#2087));
#8720=EDGE_LOOP('',(#2088,#2089,#2090,#2091));
#8721=EDGE_LOOP('',(#2092,#2093,#2094,#2095));
#8722=EDGE_LOOP('',(#2096,#2097,#2098,#2099));
#8723=EDGE_LOOP('',(#2100,#2101,#2102,#2103,#2104,#2105));
#8724=EDGE_LOOP('',(#2106,#2107,#2108,#2109));
#8725=EDGE_LOOP('',(#2110,#2111,#2112,#2113));
#8726=EDGE_LOOP('',(#2114,#2115,#2116,#2117,#2118,#2119));
#8727=EDGE_LOOP('',(#2120,#2121,#2122,#2123));
#8728=EDGE_LOOP('',(#2124,#2125,#2126,#2127,#2128,#2129,#2130,#2131,#2132,
#2133,#2134,#2135,#2136,#2137));
#8729=EDGE_LOOP('',(#2138,#2139,#2140,#2141));
#8730=EDGE_LOOP('',(#2142,#2143,#2144,#2145));
#8731=EDGE_LOOP('',(#2146,#2147,#2148,#2149,#2150,#2151));
#8732=EDGE_LOOP('',(#2152,#2153,#2154,#2155));
#8733=EDGE_LOOP('',(#2156,#2157,#2158,#2159,#2160,#2161));
#8734=EDGE_LOOP('',(#2162,#2163,#2164,#2165,#2166,#2167));
#8735=EDGE_LOOP('',(#2168,#2169,#2170,#2171,#2172,#2173,#2174,#2175));
#8736=EDGE_LOOP('',(#2176,#2177,#2178,#2179,#2180,#2181,#2182,#2183));
#8737=EDGE_LOOP('',(#2184,#2185,#2186));
#8738=EDGE_LOOP('',(#2187,#2188,#2189,#2190,#2191));
#8739=EDGE_LOOP('',(#2192,#2193,#2194,#2195));
#8740=EDGE_LOOP('',(#2196,#2197,#2198,#2199,#2200,#2201));
#8741=EDGE_LOOP('',(#2202,#2203,#2204,#2205));
#8742=EDGE_LOOP('',(#2206,#2207,#2208,#2209,#2210));
#8743=EDGE_LOOP('',(#2211,#2212,#2213,#2214));
#8744=EDGE_LOOP('',(#2215,#2216,#2217,#2218,#2219,#2220,#2221,#2222));
#8745=EDGE_LOOP('',(#2223,#2224,#2225,#2226));
#8746=EDGE_LOOP('',(#2227,#2228,#2229,#2230));
#8747=EDGE_LOOP('',(#2231,#2232,#2233,#2234));
#8748=EDGE_LOOP('',(#2235,#2236,#2237,#2238));
#8749=EDGE_LOOP('',(#2239,#2240,#2241,#2242));
#8750=EDGE_LOOP('',(#2243,#2244,#2245,#2246));
#8751=EDGE_LOOP('',(#2247,#2248,#2249,#2250));
#8752=EDGE_LOOP('',(#2251,#2252,#2253,#2254));
#8753=EDGE_LOOP('',(#2255,#2256,#2257,#2258));
#8754=EDGE_LOOP('',(#2259,#2260,#2261,#2262,#2263,#2264,#2265,#2266));
#8755=EDGE_LOOP('',(#2267,#2268,#2269,#2270));
#8756=EDGE_LOOP('',(#2271,#2272,#2273,#2274,#2275,#2276,#2277,#2278));
#8757=EDGE_LOOP('',(#2279,#2280,#2281,#2282,#2283,#2284,#2285,#2286,#2287,
#2288,#2289,#2290));
#8758=EDGE_LOOP('',(#2291,#2292,#2293,#2294));
#8759=EDGE_LOOP('',(#2295,#2296,#2297,#2298,#2299,#2300,#2301,#2302,#2303,
#2304,#2305,#2306));
#8760=EDGE_LOOP('',(#2307,#2308,#2309,#2310,#2311,#2312,#2313,#2314));
#8761=EDGE_LOOP('',(#2315,#2316,#2317,#2318));
#8762=EDGE_LOOP('',(#2319,#2320,#2321,#2322,#2323,#2324,#2325,#2326));
#8763=EDGE_LOOP('',(#2327,#2328,#2329,#2330));
#8764=EDGE_LOOP('',(#2331,#2332,#2333,#2334));
#8765=EDGE_LOOP('',(#2335,#2336,#2337,#2338));
#8766=EDGE_LOOP('',(#2339,#2340,#2341,#2342));
#8767=EDGE_LOOP('',(#2343,#2344,#2345,#2346));
#8768=EDGE_LOOP('',(#2347,#2348,#2349,#2350));
#8769=EDGE_LOOP('',(#2351,#2352,#2353,#2354));
#8770=EDGE_LOOP('',(#2355,#2356,#2357,#2358));
#8771=EDGE_LOOP('',(#2359,#2360,#2361,#2362));
#8772=EDGE_LOOP('',(#2363,#2364,#2365,#2366,#2367,#2368,#2369,#2370));
#8773=EDGE_LOOP('',(#2371,#2372,#2373,#2374));
#8774=EDGE_LOOP('',(#2375,#2376,#2377,#2378,#2379,#2380,#2381,#2382));
#8775=EDGE_LOOP('',(#2383,#2384,#2385,#2386,#2387,#2388,#2389,#2390,#2391,
#2392,#2393,#2394));
#8776=EDGE_LOOP('',(#2395,#2396,#2397,#2398));
#8777=EDGE_LOOP('',(#2399,#2400,#2401,#2402,#2403,#2404,#2405,#2406,#2407,
#2408,#2409,#2410));
#8778=EDGE_LOOP('',(#2411,#2412,#2413,#2414,#2415,#2416,#2417,#2418));
#8779=EDGE_LOOP('',(#2419,#2420,#2421,#2422));
#8780=EDGE_LOOP('',(#2423,#2424,#2425,#2426,#2427,#2428,#2429,#2430));
#8781=EDGE_LOOP('',(#2431,#2432,#2433,#2434,#2435,#2436));
#8782=EDGE_LOOP('',(#2437,#2438,#2439,#2440));
#8783=EDGE_LOOP('',(#2441,#2442,#2443,#2444,#2445));
#8784=EDGE_LOOP('',(#2446,#2447,#2448));
#8785=EDGE_LOOP('',(#2449,#2450,#2451,#2452,#2453,#2454));
#8786=EDGE_LOOP('',(#2455,#2456,#2457,#2458,#2459,#2460,#2461,#2462));
#8787=EDGE_LOOP('',(#2463,#2464,#2465,#2466,#2467,#2468));
#8788=EDGE_LOOP('',(#2469,#2470,#2471,#2472,#2473,#2474));
#8789=EDGE_LOOP('',(#2475,#2476,#2477,#2478,#2479));
#8790=EDGE_LOOP('',(#2480));
#8791=EDGE_LOOP('',(#2481));
#8792=EDGE_LOOP('',(#2482,#2483,#2484,#2485));
#8793=EDGE_LOOP('',(#2486,#2487,#2488,#2489));
#8794=EDGE_LOOP('',(#2490,#2491,#2492,#2493));
#8795=EDGE_LOOP('',(#2494,#2495,#2496,#2497));
#8796=EDGE_LOOP('',(#2498,#2499,#2500,#2501));
#8797=EDGE_LOOP('',(#2502,#2503,#2504,#2505));
#8798=EDGE_LOOP('',(#2506,#2507,#2508,#2509));
#8799=EDGE_LOOP('',(#2510,#2511,#2512,#2513));
#8800=EDGE_LOOP('',(#2514,#2515,#2516,#2517));
#8801=EDGE_LOOP('',(#2518,#2519,#2520,#2521));
#8802=EDGE_LOOP('',(#2522,#2523,#2524,#2525));
#8803=EDGE_LOOP('',(#2526,#2527,#2528,#2529));
#8804=EDGE_LOOP('',(#2530,#2531,#2532,#2533));
#8805=EDGE_LOOP('',(#2534,#2535,#2536,#2537));
#8806=EDGE_LOOP('',(#2538,#2539,#2540,#2541,#2542,#2543));
#8807=EDGE_LOOP('',(#2544,#2545,#2546,#2547,#2548,#2549,#2550,#2551,#2552,
#2553,#2554));
#8808=EDGE_LOOP('',(#2555,#2556,#2557,#2558,#2559,#2560));
#8809=EDGE_LOOP('',(#2561,#2562,#2563,#2564));
#8810=EDGE_LOOP('',(#2565,#2566,#2567,#2568));
#8811=EDGE_LOOP('',(#2569,#2570,#2571,#2572));
#8812=EDGE_LOOP('',(#2573,#2574,#2575,#2576));
#8813=EDGE_LOOP('',(#2577,#2578,#2579,#2580,#2581,#2582));
#8814=EDGE_LOOP('',(#2583,#2584,#2585,#2586));
#8815=EDGE_LOOP('',(#2587,#2588,#2589,#2590,#2591,#2592));
#8816=EDGE_LOOP('',(#2593,#2594,#2595,#2596));
#8817=EDGE_LOOP('',(#2597,#2598,#2599,#2600));
#8818=EDGE_LOOP('',(#2601,#2602,#2603,#2604));
#8819=EDGE_LOOP('',(#2605,#2606,#2607,#2608,#2609,#2610,#2611));
#8820=EDGE_LOOP('',(#2612,#2613,#2614,#2615));
#8821=EDGE_LOOP('',(#2616,#2617,#2618,#2619));
#8822=EDGE_LOOP('',(#2620,#2621,#2622,#2623));
#8823=EDGE_LOOP('',(#2624,#2625,#2626,#2627));
#8824=EDGE_LOOP('',(#2628,#2629,#2630,#2631,#2632));
#8825=EDGE_LOOP('',(#2633,#2634,#2635,#2636,#2637,#2638,#2639,#2640,#2641,
#2642,#2643,#2644,#2645,#2646,#2647,#2648,#2649,#2650,#2651,#2652));
#8826=EDGE_LOOP('',(#2653,#2654,#2655,#2656,#2657,#2658,#2659,#2660,#2661,
#2662,#2663,#2664,#2665,#2666,#2667,#2668,#2669,#2670,#2671,#2672));
#8827=EDGE_LOOP('',(#2673,#2674,#2675,#2676,#2677,#2678,#2679,#2680));
#8828=EDGE_LOOP('',(#2681,#2682,#2683,#2684));
#8829=EDGE_LOOP('',(#2685,#2686,#2687,#2688));
#8830=EDGE_LOOP('',(#2689,#2690,#2691,#2692));
#8831=EDGE_LOOP('',(#2693,#2694,#2695,#2696,#2697,#2698,#2699));
#8832=EDGE_LOOP('',(#2700,#2701,#2702,#2703));
#8833=EDGE_LOOP('',(#2704,#2705,#2706,#2707));
#8834=EDGE_LOOP('',(#2708,#2709,#2710,#2711));
#8835=EDGE_LOOP('',(#2712,#2713,#2714,#2715,#2716,#2717));
#8836=EDGE_LOOP('',(#2718,#2719,#2720,#2721));
#8837=EDGE_LOOP('',(#2722,#2723,#2724,#2725,#2726,#2727));
#8838=EDGE_LOOP('',(#2728,#2729,#2730,#2731));
#8839=EDGE_LOOP('',(#2732,#2733,#2734,#2735));
#8840=EDGE_LOOP('',(#2736,#2737,#2738,#2739));
#8841=EDGE_LOOP('',(#2740,#2741,#2742,#2743));
#8842=EDGE_LOOP('',(#2744,#2745,#2746,#2747,#2748));
#8843=EDGE_LOOP('',(#2749,#2750,#2751,#2752));
#8844=EDGE_LOOP('',(#2753,#2754,#2755,#2756));
#8845=EDGE_LOOP('',(#2757,#2758,#2759,#2760));
#8846=EDGE_LOOP('',(#2761));
#8847=EDGE_LOOP('',(#2762,#2763,#2764,#2765));
#8848=EDGE_LOOP('',(#2766,#2767,#2768,#2769));
#8849=EDGE_LOOP('',(#2770,#2771,#2772,#2773));
#8850=EDGE_LOOP('',(#2774,#2775,#2776,#2777));
#8851=EDGE_LOOP('',(#2778));
#8852=EDGE_LOOP('',(#2779,#2780,#2781,#2782));
#8853=EDGE_LOOP('',(#2783,#2784,#2785,#2786));
#8854=EDGE_LOOP('',(#2787,#2788,#2789,#2790));
#8855=EDGE_LOOP('',(#2791,#2792,#2793,#2794));
#8856=EDGE_LOOP('',(#2795,#2796,#2797,#2798));
#8857=EDGE_LOOP('',(#2799,#2800,#2801,#2802));
#8858=EDGE_LOOP('',(#2803,#2804,#2805,#2806));
#8859=EDGE_LOOP('',(#2807,#2808,#2809,#2810));
#8860=EDGE_LOOP('',(#2811,#2812,#2813,#2814));
#8861=EDGE_LOOP('',(#2815,#2816,#2817,#2818));
#8862=EDGE_LOOP('',(#2819,#2820,#2821,#2822));
#8863=EDGE_LOOP('',(#2823,#2824,#2825,#2826));
#8864=EDGE_LOOP('',(#2827,#2828,#2829,#2830));
#8865=EDGE_LOOP('',(#2831,#2832,#2833,#2834));
#8866=EDGE_LOOP('',(#2835,#2836,#2837,#2838));
#8867=EDGE_LOOP('',(#2839,#2840,#2841,#2842));
#8868=EDGE_LOOP('',(#2843,#2844,#2845,#2846));
#8869=EDGE_LOOP('',(#2847,#2848,#2849,#2850));
#8870=EDGE_LOOP('',(#2851,#2852,#2853,#2854));
#8871=EDGE_LOOP('',(#2855,#2856,#2857,#2858));
#8872=EDGE_LOOP('',(#2859,#2860,#2861,#2862));
#8873=EDGE_LOOP('',(#2863,#2864,#2865,#2866,#2867,#2868));
#8874=EDGE_LOOP('',(#2869,#2870,#2871,#2872));
#8875=EDGE_LOOP('',(#2873,#2874,#2875,#2876,#2877,#2878));
#8876=EDGE_LOOP('',(#2879,#2880,#2881,#2882));
#8877=EDGE_LOOP('',(#2883,#2884,#2885,#2886,#2887,#2888));
#8878=EDGE_LOOP('',(#2889,#2890,#2891,#2892));
#8879=EDGE_LOOP('',(#2893,#2894,#2895,#2896,#2897,#2898));
#8880=EDGE_LOOP('',(#2899,#2900,#2901,#2902));
#8881=EDGE_LOOP('',(#2903,#2904,#2905,#2906,#2907,#2908));
#8882=EDGE_LOOP('',(#2909,#2910,#2911,#2912));
#8883=EDGE_LOOP('',(#2913,#2914,#2915,#2916,#2917,#2918));
#8884=EDGE_LOOP('',(#2919,#2920,#2921,#2922));
#8885=EDGE_LOOP('',(#2923,#2924,#2925,#2926,#2927,#2928));
#8886=EDGE_LOOP('',(#2929,#2930,#2931,#2932));
#8887=EDGE_LOOP('',(#2933,#2934,#2935,#2936,#2937,#2938));
#8888=EDGE_LOOP('',(#2939,#2940,#2941,#2942));
#8889=EDGE_LOOP('',(#2943,#2944,#2945,#2946));
#8890=EDGE_LOOP('',(#2947,#2948,#2949,#2950));
#8891=EDGE_LOOP('',(#2951,#2952,#2953,#2954));
#8892=EDGE_LOOP('',(#2955,#2956,#2957,#2958));
#8893=EDGE_LOOP('',(#2959,#2960,#2961,#2962,#2963,#2964));
#8894=EDGE_LOOP('',(#2965,#2966,#2967,#2968));
#8895=EDGE_LOOP('',(#2969,#2970,#2971,#2972));
#8896=EDGE_LOOP('',(#2973,#2974,#2975,#2976,#2977,#2978,#2979));
#8897=EDGE_LOOP('',(#2980,#2981,#2982,#2983));
#8898=EDGE_LOOP('',(#2984,#2985,#2986,#2987,#2988,#2989,#2990));
#8899=EDGE_LOOP('',(#2991,#2992,#2993,#2994));
#8900=EDGE_LOOP('',(#2995,#2996,#2997,#2998));
#8901=EDGE_LOOP('',(#2999,#3000,#3001,#3002,#3003,#3004));
#8902=EDGE_LOOP('',(#3005,#3006,#3007,#3008));
#8903=EDGE_LOOP('',(#3009,#3010,#3011,#3012,#3013,#3014,#3015,#3016,#3017,
#3018,#3019,#3020,#3021,#3022,#3023,#3024,#3025,#3026,#3027,#3028,#3029));
#8904=EDGE_LOOP('',(#3030,#3031,#3032,#3033));
#8905=EDGE_LOOP('',(#3034,#3035,#3036,#3037,#3038,#3039,#3040,#3041,#3042,
#3043,#3044,#3045,#3046,#3047,#3048,#3049,#3050,#3051,#3052,#3053,#3054));
#8906=EDGE_LOOP('',(#3055,#3056,#3057,#3058));
#8907=EDGE_LOOP('',(#3059,#3060,#3061,#3062));
#8908=EDGE_LOOP('',(#3063,#3064,#3065,#3066));
#8909=EDGE_LOOP('',(#3067,#3068,#3069,#3070));
#8910=EDGE_LOOP('',(#3071,#3072,#3073,#3074));
#8911=EDGE_LOOP('',(#3075,#3076,#3077,#3078));
#8912=EDGE_LOOP('',(#3079,#3080,#3081,#3082));
#8913=EDGE_LOOP('',(#3083,#3084,#3085,#3086,#3087,#3088,#3089,#3090));
#8914=EDGE_LOOP('',(#3091,#3092,#3093,#3094));
#8915=EDGE_LOOP('',(#3095,#3096,#3097,#3098,#3099,#3100,#3101,#3102));
#8916=EDGE_LOOP('',(#3103,#3104,#3105,#3106));
#8917=EDGE_LOOP('',(#3107,#3108,#3109,#3110));
#8918=EDGE_LOOP('',(#3111,#3112,#3113,#3114));
#8919=EDGE_LOOP('',(#3115,#3116,#3117,#3118));
#8920=EDGE_LOOP('',(#3119,#3120,#3121,#3122));
#8921=EDGE_LOOP('',(#3123,#3124,#3125,#3126));
#8922=EDGE_LOOP('',(#3127,#3128,#3129,#3130));
#8923=EDGE_LOOP('',(#3131,#3132,#3133,#3134,#3135,#3136,#3137,#3138));
#8924=EDGE_LOOP('',(#3139,#3140,#3141,#3142));
#8925=EDGE_LOOP('',(#3143,#3144,#3145,#3146,#3147,#3148,#3149,#3150));
#8926=EDGE_LOOP('',(#3151,#3152,#3153,#3154));
#8927=EDGE_LOOP('',(#3155,#3156,#3157,#3158));
#8928=EDGE_LOOP('',(#3159,#3160,#3161,#3162));
#8929=EDGE_LOOP('',(#3163,#3164,#3165,#3166));
#8930=EDGE_LOOP('',(#3167,#3168,#3169,#3170));
#8931=EDGE_LOOP('',(#3171,#3172,#3173,#3174));
#8932=EDGE_LOOP('',(#3175,#3176,#3177,#3178));
#8933=EDGE_LOOP('',(#3179,#3180,#3181,#3182));
#8934=EDGE_LOOP('',(#3183,#3184,#3185,#3186));
#8935=EDGE_LOOP('',(#3187,#3188,#3189,#3190));
#8936=EDGE_LOOP('',(#3191,#3192,#3193,#3194));
#8937=EDGE_LOOP('',(#3195,#3196,#3197,#3198));
#8938=EDGE_LOOP('',(#3199,#3200,#3201,#3202));
#8939=EDGE_LOOP('',(#3203,#3204,#3205,#3206,#3207,#3208));
#8940=EDGE_LOOP('',(#3209,#3210,#3211,#3212));
#8941=EDGE_LOOP('',(#3213,#3214,#3215,#3216,#3217,#3218));
#8942=EDGE_LOOP('',(#3219,#3220,#3221,#3222));
#8943=EDGE_LOOP('',(#3223,#3224,#3225,#3226,#3227,#3228));
#8944=EDGE_LOOP('',(#3229,#3230,#3231,#3232));
#8945=EDGE_LOOP('',(#3233,#3234,#3235,#3236,#3237,#3238));
#8946=EDGE_LOOP('',(#3239,#3240,#3241,#3242));
#8947=EDGE_LOOP('',(#3243,#3244,#3245,#3246,#3247,#3248));
#8948=EDGE_LOOP('',(#3249,#3250,#3251,#3252));
#8949=EDGE_LOOP('',(#3253,#3254,#3255,#3256,#3257,#3258));
#8950=EDGE_LOOP('',(#3259,#3260,#3261,#3262));
#8951=EDGE_LOOP('',(#3263,#3264,#3265,#3266,#3267,#3268));
#8952=EDGE_LOOP('',(#3269,#3270,#3271,#3272));
#8953=EDGE_LOOP('',(#3273,#3274,#3275,#3276,#3277,#3278));
#8954=EDGE_LOOP('',(#3279,#3280,#3281,#3282));
#8955=EDGE_LOOP('',(#3283,#3284,#3285,#3286));
#8956=EDGE_LOOP('',(#3287,#3288,#3289,#3290));
#8957=EDGE_LOOP('',(#3291,#3292,#3293,#3294));
#8958=EDGE_LOOP('',(#3295,#3296,#3297,#3298));
#8959=EDGE_LOOP('',(#3299,#3300,#3301,#3302));
#8960=EDGE_LOOP('',(#3303,#3304,#3305,#3306));
#8961=EDGE_LOOP('',(#3307,#3308,#3309,#3310));
#8962=EDGE_LOOP('',(#3311,#3312,#3313,#3314));
#8963=FACE_BOUND('',#8371,.T.);
#8964=FACE_BOUND('',#8372,.T.);
#8965=FACE_BOUND('',#8373,.T.);
#8966=FACE_BOUND('',#8374,.T.);
#8967=FACE_BOUND('',#8375,.T.);
#8968=FACE_BOUND('',#8376,.T.);
#8969=FACE_BOUND('',#8377,.T.);
#8970=FACE_BOUND('',#8378,.T.);
#8971=FACE_BOUND('',#8379,.T.);
#8972=FACE_BOUND('',#8380,.T.);
#8973=FACE_BOUND('',#8381,.T.);
#8974=FACE_BOUND('',#8382,.T.);
#8975=FACE_BOUND('',#8383,.T.);
#8976=FACE_BOUND('',#8384,.T.);
#8977=FACE_BOUND('',#8385,.T.);
#8978=FACE_BOUND('',#8386,.T.);
#8979=FACE_BOUND('',#8387,.T.);
#8980=FACE_BOUND('',#8388,.T.);
#8981=FACE_BOUND('',#8389,.T.);
#8982=FACE_BOUND('',#8390,.T.);
#8983=FACE_BOUND('',#8391,.T.);
#8984=FACE_BOUND('',#8392,.T.);
#8985=FACE_BOUND('',#8393,.T.);
#8986=FACE_BOUND('',#8394,.T.);
#8987=FACE_BOUND('',#8395,.T.);
#8988=FACE_BOUND('',#8396,.T.);
#8989=FACE_BOUND('',#8397,.T.);
#8990=FACE_BOUND('',#8398,.T.);
#8991=FACE_BOUND('',#8399,.T.);
#8992=FACE_BOUND('',#8400,.T.);
#8993=FACE_BOUND('',#8401,.T.);
#8994=FACE_BOUND('',#8402,.T.);
#8995=FACE_BOUND('',#8403,.T.);
#8996=FACE_BOUND('',#8404,.T.);
#8997=FACE_BOUND('',#8405,.T.);
#8998=FACE_BOUND('',#8406,.T.);
#8999=FACE_BOUND('',#8407,.T.);
#9000=FACE_BOUND('',#8408,.T.);
#9001=FACE_BOUND('',#8409,.T.);
#9002=FACE_BOUND('',#8410,.T.);
#9003=FACE_BOUND('',#8411,.T.);
#9004=FACE_BOUND('',#8412,.T.);
#9005=FACE_BOUND('',#8413,.T.);
#9006=FACE_BOUND('',#8414,.T.);
#9007=FACE_BOUND('',#8415,.T.);
#9008=FACE_BOUND('',#8416,.T.);
#9009=FACE_BOUND('',#8417,.T.);
#9010=FACE_BOUND('',#8418,.T.);
#9011=FACE_BOUND('',#8419,.T.);
#9012=FACE_BOUND('',#8420,.T.);
#9013=FACE_BOUND('',#8421,.T.);
#9014=FACE_BOUND('',#8422,.T.);
#9015=FACE_BOUND('',#8423,.T.);
#9016=FACE_BOUND('',#8424,.T.);
#9017=FACE_BOUND('',#8425,.T.);
#9018=FACE_BOUND('',#8426,.T.);
#9019=FACE_BOUND('',#8427,.T.);
#9020=FACE_BOUND('',#8428,.T.);
#9021=FACE_BOUND('',#8429,.T.);
#9022=FACE_BOUND('',#8430,.T.);
#9023=FACE_BOUND('',#8431,.T.);
#9024=FACE_BOUND('',#8432,.T.);
#9025=FACE_BOUND('',#8433,.T.);
#9026=FACE_BOUND('',#8434,.T.);
#9027=FACE_BOUND('',#8435,.T.);
#9028=FACE_BOUND('',#8436,.T.);
#9029=FACE_BOUND('',#8437,.T.);
#9030=FACE_BOUND('',#8438,.T.);
#9031=FACE_BOUND('',#8439,.T.);
#9032=FACE_BOUND('',#8440,.T.);
#9033=FACE_BOUND('',#8441,.T.);
#9034=FACE_BOUND('',#8442,.T.);
#9035=FACE_BOUND('',#8443,.T.);
#9036=FACE_BOUND('',#8444,.T.);
#9037=FACE_BOUND('',#8445,.T.);
#9038=FACE_BOUND('',#8446,.T.);
#9039=FACE_BOUND('',#8447,.T.);
#9040=FACE_BOUND('',#8448,.T.);
#9041=FACE_BOUND('',#8449,.T.);
#9042=FACE_BOUND('',#8450,.T.);
#9043=FACE_BOUND('',#8451,.T.);
#9044=FACE_BOUND('',#8452,.T.);
#9045=FACE_BOUND('',#8453,.T.);
#9046=FACE_BOUND('',#8454,.T.);
#9047=FACE_BOUND('',#8455,.T.);
#9048=FACE_BOUND('',#8456,.T.);
#9049=FACE_BOUND('',#8457,.T.);
#9050=FACE_BOUND('',#8458,.T.);
#9051=FACE_BOUND('',#8459,.T.);
#9052=FACE_BOUND('',#8460,.T.);
#9053=FACE_BOUND('',#8461,.T.);
#9054=FACE_BOUND('',#8462,.T.);
#9055=FACE_BOUND('',#8463,.T.);
#9056=FACE_BOUND('',#8464,.T.);
#9057=FACE_BOUND('',#8465,.T.);
#9058=FACE_BOUND('',#8466,.T.);
#9059=FACE_BOUND('',#8467,.T.);
#9060=FACE_BOUND('',#8468,.T.);
#9061=FACE_BOUND('',#8469,.T.);
#9062=FACE_BOUND('',#8470,.T.);
#9063=FACE_BOUND('',#8471,.T.);
#9064=FACE_BOUND('',#8472,.T.);
#9065=FACE_BOUND('',#8473,.T.);
#9066=FACE_BOUND('',#8474,.T.);
#9067=FACE_BOUND('',#8475,.T.);
#9068=FACE_BOUND('',#8476,.T.);
#9069=FACE_BOUND('',#8477,.T.);
#9070=FACE_BOUND('',#8478,.T.);
#9071=FACE_BOUND('',#8479,.T.);
#9072=FACE_BOUND('',#8480,.T.);
#9073=FACE_BOUND('',#8481,.T.);
#9074=FACE_BOUND('',#8482,.T.);
#9075=FACE_BOUND('',#8483,.T.);
#9076=FACE_BOUND('',#8484,.T.);
#9077=FACE_BOUND('',#8485,.T.);
#9078=FACE_BOUND('',#8486,.T.);
#9079=FACE_BOUND('',#8487,.T.);
#9080=FACE_BOUND('',#8488,.T.);
#9081=FACE_BOUND('',#8489,.T.);
#9082=FACE_BOUND('',#8490,.T.);
#9083=FACE_BOUND('',#8491,.T.);
#9084=FACE_BOUND('',#8492,.T.);
#9085=FACE_BOUND('',#8493,.T.);
#9086=FACE_BOUND('',#8494,.T.);
#9087=FACE_BOUND('',#8495,.T.);
#9088=FACE_BOUND('',#8496,.T.);
#9089=FACE_BOUND('',#8497,.T.);
#9090=FACE_BOUND('',#8498,.T.);
#9091=FACE_BOUND('',#8499,.T.);
#9092=FACE_BOUND('',#8500,.T.);
#9093=FACE_BOUND('',#8501,.T.);
#9094=FACE_BOUND('',#8502,.T.);
#9095=FACE_BOUND('',#8503,.T.);
#9096=FACE_BOUND('',#8504,.T.);
#9097=FACE_BOUND('',#8505,.T.);
#9098=FACE_BOUND('',#8506,.T.);
#9099=FACE_BOUND('',#8507,.T.);
#9100=FACE_BOUND('',#8508,.T.);
#9101=FACE_BOUND('',#8509,.T.);
#9102=FACE_BOUND('',#8510,.T.);
#9103=FACE_BOUND('',#8511,.T.);
#9104=FACE_BOUND('',#8512,.T.);
#9105=FACE_BOUND('',#8513,.T.);
#9106=FACE_BOUND('',#8514,.T.);
#9107=FACE_BOUND('',#8515,.T.);
#9108=FACE_BOUND('',#8516,.T.);
#9109=FACE_BOUND('',#8517,.T.);
#9110=FACE_BOUND('',#8518,.T.);
#9111=FACE_BOUND('',#8519,.T.);
#9112=FACE_BOUND('',#8520,.T.);
#9113=FACE_BOUND('',#8521,.T.);
#9114=FACE_BOUND('',#8522,.T.);
#9115=FACE_BOUND('',#8523,.T.);
#9116=FACE_BOUND('',#8524,.T.);
#9117=FACE_BOUND('',#8525,.T.);
#9118=FACE_BOUND('',#8526,.T.);
#9119=FACE_BOUND('',#8527,.T.);
#9120=FACE_BOUND('',#8528,.T.);
#9121=FACE_BOUND('',#8529,.T.);
#9122=FACE_BOUND('',#8530,.T.);
#9123=FACE_BOUND('',#8531,.T.);
#9124=FACE_BOUND('',#8532,.T.);
#9125=FACE_BOUND('',#8533,.T.);
#9126=FACE_BOUND('',#8534,.T.);
#9127=FACE_BOUND('',#8535,.T.);
#9128=FACE_BOUND('',#8536,.T.);
#9129=FACE_BOUND('',#8537,.T.);
#9130=FACE_BOUND('',#8538,.T.);
#9131=FACE_BOUND('',#8539,.T.);
#9132=FACE_BOUND('',#8540,.T.);
#9133=FACE_BOUND('',#8541,.T.);
#9134=FACE_BOUND('',#8542,.T.);
#9135=FACE_BOUND('',#8543,.T.);
#9136=FACE_BOUND('',#8544,.T.);
#9137=FACE_BOUND('',#8545,.T.);
#9138=FACE_BOUND('',#8546,.T.);
#9139=FACE_BOUND('',#8547,.T.);
#9140=FACE_BOUND('',#8548,.T.);
#9141=FACE_BOUND('',#8549,.T.);
#9142=FACE_BOUND('',#8550,.T.);
#9143=FACE_BOUND('',#8551,.T.);
#9144=FACE_BOUND('',#8552,.T.);
#9145=FACE_BOUND('',#8553,.T.);
#9146=FACE_BOUND('',#8554,.T.);
#9147=FACE_BOUND('',#8555,.T.);
#9148=FACE_BOUND('',#8556,.T.);
#9149=FACE_BOUND('',#8557,.T.);
#9150=FACE_BOUND('',#8558,.T.);
#9151=FACE_BOUND('',#8559,.T.);
#9152=FACE_BOUND('',#8560,.T.);
#9153=FACE_BOUND('',#8561,.T.);
#9154=FACE_BOUND('',#8562,.T.);
#9155=FACE_BOUND('',#8563,.T.);
#9156=FACE_BOUND('',#8564,.T.);
#9157=FACE_BOUND('',#8565,.T.);
#9158=FACE_BOUND('',#8566,.T.);
#9159=FACE_BOUND('',#8567,.T.);
#9160=FACE_BOUND('',#8568,.T.);
#9161=FACE_BOUND('',#8569,.T.);
#9162=FACE_BOUND('',#8570,.T.);
#9163=FACE_BOUND('',#8571,.T.);
#9164=FACE_BOUND('',#8572,.T.);
#9165=FACE_BOUND('',#8573,.T.);
#9166=FACE_BOUND('',#8574,.T.);
#9167=FACE_BOUND('',#8575,.T.);
#9168=FACE_BOUND('',#8576,.T.);
#9169=FACE_BOUND('',#8577,.T.);
#9170=FACE_BOUND('',#8578,.T.);
#9171=FACE_BOUND('',#8579,.T.);
#9172=FACE_BOUND('',#8580,.T.);
#9173=FACE_BOUND('',#8581,.T.);
#9174=FACE_BOUND('',#8582,.T.);
#9175=FACE_BOUND('',#8583,.T.);
#9176=FACE_BOUND('',#8584,.T.);
#9177=FACE_BOUND('',#8585,.T.);
#9178=FACE_BOUND('',#8586,.T.);
#9179=FACE_BOUND('',#8587,.T.);
#9180=FACE_BOUND('',#8588,.T.);
#9181=FACE_BOUND('',#8589,.T.);
#9182=FACE_BOUND('',#8590,.T.);
#9183=FACE_BOUND('',#8591,.T.);
#9184=FACE_BOUND('',#8592,.T.);
#9185=FACE_BOUND('',#8593,.T.);
#9186=FACE_BOUND('',#8594,.T.);
#9187=FACE_BOUND('',#8595,.T.);
#9188=FACE_BOUND('',#8596,.T.);
#9189=FACE_BOUND('',#8597,.T.);
#9190=FACE_BOUND('',#8598,.T.);
#9191=FACE_BOUND('',#8599,.T.);
#9192=FACE_BOUND('',#8600,.T.);
#9193=FACE_BOUND('',#8601,.T.);
#9194=FACE_BOUND('',#8602,.T.);
#9195=FACE_BOUND('',#8603,.T.);
#9196=FACE_BOUND('',#8604,.T.);
#9197=FACE_BOUND('',#8605,.T.);
#9198=FACE_BOUND('',#8606,.T.);
#9199=FACE_BOUND('',#8607,.T.);
#9200=FACE_BOUND('',#8608,.T.);
#9201=FACE_BOUND('',#8609,.T.);
#9202=FACE_BOUND('',#8610,.T.);
#9203=FACE_BOUND('',#8611,.T.);
#9204=FACE_BOUND('',#8612,.T.);
#9205=FACE_BOUND('',#8613,.T.);
#9206=FACE_BOUND('',#8614,.T.);
#9207=FACE_BOUND('',#8615,.T.);
#9208=FACE_BOUND('',#8616,.T.);
#9209=FACE_BOUND('',#8617,.T.);
#9210=FACE_BOUND('',#8618,.T.);
#9211=FACE_BOUND('',#8619,.T.);
#9212=FACE_BOUND('',#8620,.T.);
#9213=FACE_BOUND('',#8621,.T.);
#9214=FACE_BOUND('',#8622,.T.);
#9215=FACE_BOUND('',#8623,.T.);
#9216=FACE_BOUND('',#8624,.T.);
#9217=FACE_BOUND('',#8625,.T.);
#9218=FACE_BOUND('',#8626,.T.);
#9219=FACE_BOUND('',#8627,.T.);
#9220=FACE_BOUND('',#8628,.T.);
#9221=FACE_BOUND('',#8629,.T.);
#9222=FACE_BOUND('',#8630,.T.);
#9223=FACE_BOUND('',#8631,.T.);
#9224=FACE_BOUND('',#8632,.T.);
#9225=FACE_BOUND('',#8633,.T.);
#9226=FACE_BOUND('',#8634,.T.);
#9227=FACE_BOUND('',#8635,.T.);
#9228=FACE_BOUND('',#8636,.T.);
#9229=FACE_BOUND('',#8637,.T.);
#9230=FACE_BOUND('',#8638,.T.);
#9231=FACE_BOUND('',#8639,.T.);
#9232=FACE_BOUND('',#8640,.T.);
#9233=FACE_BOUND('',#8641,.T.);
#9234=FACE_BOUND('',#8642,.T.);
#9235=FACE_BOUND('',#8643,.T.);
#9236=FACE_BOUND('',#8644,.T.);
#9237=FACE_BOUND('',#8645,.T.);
#9238=FACE_BOUND('',#8646,.T.);
#9239=FACE_BOUND('',#8647,.T.);
#9240=FACE_BOUND('',#8648,.T.);
#9241=FACE_BOUND('',#8649,.T.);
#9242=FACE_BOUND('',#8650,.T.);
#9243=FACE_BOUND('',#8651,.T.);
#9244=FACE_BOUND('',#8652,.T.);
#9245=FACE_BOUND('',#8653,.T.);
#9246=FACE_BOUND('',#8654,.T.);
#9247=FACE_BOUND('',#8655,.T.);
#9248=FACE_BOUND('',#8656,.T.);
#9249=FACE_BOUND('',#8657,.T.);
#9250=FACE_BOUND('',#8658,.T.);
#9251=FACE_BOUND('',#8659,.T.);
#9252=FACE_BOUND('',#8660,.T.);
#9253=FACE_BOUND('',#8661,.T.);
#9254=FACE_BOUND('',#8662,.T.);
#9255=FACE_BOUND('',#8663,.T.);
#9256=FACE_BOUND('',#8664,.T.);
#9257=FACE_BOUND('',#8665,.T.);
#9258=FACE_BOUND('',#8666,.T.);
#9259=FACE_BOUND('',#8667,.T.);
#9260=FACE_BOUND('',#8668,.T.);
#9261=FACE_BOUND('',#8669,.T.);
#9262=FACE_BOUND('',#8670,.T.);
#9263=FACE_BOUND('',#8671,.T.);
#9264=FACE_BOUND('',#8672,.T.);
#9265=FACE_BOUND('',#8673,.T.);
#9266=FACE_BOUND('',#8674,.T.);
#9267=FACE_BOUND('',#8675,.T.);
#9268=FACE_BOUND('',#8676,.T.);
#9269=FACE_BOUND('',#8677,.T.);
#9270=FACE_BOUND('',#8678,.T.);
#9271=FACE_BOUND('',#8679,.T.);
#9272=FACE_BOUND('',#8680,.T.);
#9273=FACE_BOUND('',#8681,.T.);
#9274=FACE_BOUND('',#8682,.T.);
#9275=FACE_BOUND('',#8683,.T.);
#9276=FACE_BOUND('',#8684,.T.);
#9277=FACE_BOUND('',#8685,.T.);
#9278=FACE_BOUND('',#8686,.T.);
#9279=FACE_BOUND('',#8687,.T.);
#9280=FACE_BOUND('',#8688,.T.);
#9281=FACE_BOUND('',#8689,.T.);
#9282=FACE_BOUND('',#8690,.T.);
#9283=FACE_BOUND('',#8691,.T.);
#9284=FACE_BOUND('',#8692,.T.);
#9285=FACE_BOUND('',#8693,.T.);
#9286=FACE_BOUND('',#8694,.T.);
#9287=FACE_BOUND('',#8695,.T.);
#9288=FACE_BOUND('',#8696,.T.);
#9289=FACE_BOUND('',#8697,.T.);
#9290=FACE_BOUND('',#8698,.T.);
#9291=FACE_BOUND('',#8699,.T.);
#9292=FACE_BOUND('',#8700,.T.);
#9293=FACE_BOUND('',#8701,.T.);
#9294=FACE_BOUND('',#8702,.T.);
#9295=FACE_BOUND('',#8703,.T.);
#9296=FACE_BOUND('',#8704,.T.);
#9297=FACE_BOUND('',#8705,.T.);
#9298=FACE_BOUND('',#8706,.T.);
#9299=FACE_BOUND('',#8707,.T.);
#9300=FACE_BOUND('',#8708,.T.);
#9301=FACE_BOUND('',#8709,.T.);
#9302=FACE_BOUND('',#8710,.T.);
#9303=FACE_BOUND('',#8711,.T.);
#9304=FACE_BOUND('',#8712,.T.);
#9305=FACE_BOUND('',#8713,.T.);
#9306=FACE_BOUND('',#8714,.T.);
#9307=FACE_BOUND('',#8715,.T.);
#9308=FACE_BOUND('',#8716,.T.);
#9309=FACE_BOUND('',#8717,.T.);
#9310=FACE_BOUND('',#8718,.T.);
#9311=FACE_BOUND('',#8719,.T.);
#9312=FACE_BOUND('',#8720,.T.);
#9313=FACE_BOUND('',#8721,.T.);
#9314=FACE_BOUND('',#8722,.T.);
#9315=FACE_BOUND('',#8723,.T.);
#9316=FACE_BOUND('',#8724,.T.);
#9317=FACE_BOUND('',#8725,.T.);
#9318=FACE_BOUND('',#8726,.T.);
#9319=FACE_BOUND('',#8727,.T.);
#9320=FACE_BOUND('',#8728,.T.);
#9321=FACE_BOUND('',#8729,.T.);
#9322=FACE_BOUND('',#8730,.T.);
#9323=FACE_BOUND('',#8731,.T.);
#9324=FACE_BOUND('',#8732,.T.);
#9325=FACE_BOUND('',#8733,.T.);
#9326=FACE_BOUND('',#8734,.T.);
#9327=FACE_BOUND('',#8735,.T.);
#9328=FACE_BOUND('',#8736,.T.);
#9329=FACE_BOUND('',#8737,.T.);
#9330=FACE_BOUND('',#8738,.T.);
#9331=FACE_BOUND('',#8739,.T.);
#9332=FACE_BOUND('',#8740,.T.);
#9333=FACE_BOUND('',#8741,.T.);
#9334=FACE_BOUND('',#8742,.T.);
#9335=FACE_BOUND('',#8743,.T.);
#9336=FACE_BOUND('',#8744,.T.);
#9337=FACE_BOUND('',#8745,.T.);
#9338=FACE_BOUND('',#8746,.T.);
#9339=FACE_BOUND('',#8747,.T.);
#9340=FACE_BOUND('',#8748,.T.);
#9341=FACE_BOUND('',#8749,.T.);
#9342=FACE_BOUND('',#8750,.T.);
#9343=FACE_BOUND('',#8751,.T.);
#9344=FACE_BOUND('',#8752,.T.);
#9345=FACE_BOUND('',#8753,.T.);
#9346=FACE_BOUND('',#8754,.T.);
#9347=FACE_BOUND('',#8755,.T.);
#9348=FACE_BOUND('',#8756,.T.);
#9349=FACE_BOUND('',#8757,.T.);
#9350=FACE_BOUND('',#8758,.T.);
#9351=FACE_BOUND('',#8759,.T.);
#9352=FACE_BOUND('',#8760,.T.);
#9353=FACE_BOUND('',#8761,.T.);
#9354=FACE_BOUND('',#8762,.T.);
#9355=FACE_BOUND('',#8763,.T.);
#9356=FACE_BOUND('',#8764,.T.);
#9357=FACE_BOUND('',#8765,.T.);
#9358=FACE_BOUND('',#8766,.T.);
#9359=FACE_BOUND('',#8767,.T.);
#9360=FACE_BOUND('',#8768,.T.);
#9361=FACE_BOUND('',#8769,.T.);
#9362=FACE_BOUND('',#8770,.T.);
#9363=FACE_BOUND('',#8771,.T.);
#9364=FACE_BOUND('',#8772,.T.);
#9365=FACE_BOUND('',#8773,.T.);
#9366=FACE_BOUND('',#8774,.T.);
#9367=FACE_BOUND('',#8775,.T.);
#9368=FACE_BOUND('',#8776,.T.);
#9369=FACE_BOUND('',#8777,.T.);
#9370=FACE_BOUND('',#8778,.T.);
#9371=FACE_BOUND('',#8779,.T.);
#9372=FACE_BOUND('',#8780,.T.);
#9373=FACE_BOUND('',#8781,.T.);
#9374=FACE_BOUND('',#8782,.T.);
#9375=FACE_BOUND('',#8783,.T.);
#9376=FACE_BOUND('',#8784,.T.);
#9377=FACE_BOUND('',#8785,.T.);
#9378=FACE_BOUND('',#8786,.T.);
#9379=FACE_BOUND('',#8787,.T.);
#9380=FACE_BOUND('',#8788,.T.);
#9381=FACE_BOUND('',#8789,.T.);
#9382=FACE_BOUND('',#8790,.T.);
#9383=FACE_BOUND('',#8791,.T.);
#9384=FACE_BOUND('',#8792,.T.);
#9385=FACE_BOUND('',#8793,.T.);
#9386=FACE_BOUND('',#8794,.T.);
#9387=FACE_BOUND('',#8795,.T.);
#9388=FACE_BOUND('',#8796,.T.);
#9389=FACE_BOUND('',#8797,.T.);
#9390=FACE_BOUND('',#8798,.T.);
#9391=FACE_BOUND('',#8799,.T.);
#9392=FACE_BOUND('',#8800,.T.);
#9393=FACE_BOUND('',#8801,.T.);
#9394=FACE_BOUND('',#8802,.T.);
#9395=FACE_BOUND('',#8803,.T.);
#9396=FACE_BOUND('',#8804,.T.);
#9397=FACE_BOUND('',#8805,.T.);
#9398=FACE_BOUND('',#8806,.T.);
#9399=FACE_BOUND('',#8807,.T.);
#9400=FACE_BOUND('',#8808,.T.);
#9401=FACE_BOUND('',#8809,.T.);
#9402=FACE_BOUND('',#8810,.T.);
#9403=FACE_BOUND('',#8811,.T.);
#9404=FACE_BOUND('',#8812,.T.);
#9405=FACE_BOUND('',#8813,.T.);
#9406=FACE_BOUND('',#8814,.T.);
#9407=FACE_BOUND('',#8815,.T.);
#9408=FACE_BOUND('',#8816,.T.);
#9409=FACE_BOUND('',#8817,.T.);
#9410=FACE_BOUND('',#8818,.T.);
#9411=FACE_BOUND('',#8819,.T.);
#9412=FACE_BOUND('',#8820,.T.);
#9413=FACE_BOUND('',#8821,.T.);
#9414=FACE_BOUND('',#8822,.T.);
#9415=FACE_BOUND('',#8823,.T.);
#9416=FACE_BOUND('',#8824,.T.);
#9417=FACE_BOUND('',#8825,.T.);
#9418=FACE_BOUND('',#8826,.T.);
#9419=FACE_BOUND('',#8827,.T.);
#9420=FACE_BOUND('',#8828,.T.);
#9421=FACE_BOUND('',#8829,.T.);
#9422=FACE_BOUND('',#8830,.T.);
#9423=FACE_BOUND('',#8831,.T.);
#9424=FACE_BOUND('',#8832,.T.);
#9425=FACE_BOUND('',#8833,.T.);
#9426=FACE_BOUND('',#8834,.T.);
#9427=FACE_BOUND('',#8835,.T.);
#9428=FACE_BOUND('',#8836,.T.);
#9429=FACE_BOUND('',#8837,.T.);
#9430=FACE_BOUND('',#8838,.T.);
#9431=FACE_BOUND('',#8839,.T.);
#9432=FACE_BOUND('',#8840,.T.);
#9433=FACE_BOUND('',#8841,.T.);
#9434=FACE_BOUND('',#8842,.T.);
#9435=FACE_BOUND('',#8843,.T.);
#9436=FACE_BOUND('',#8844,.T.);
#9437=FACE_BOUND('',#8845,.T.);
#9438=FACE_BOUND('',#8846,.T.);
#9439=FACE_BOUND('',#8847,.T.);
#9440=FACE_BOUND('',#8848,.T.);
#9441=FACE_BOUND('',#8849,.T.);
#9442=FACE_BOUND('',#8850,.T.);
#9443=FACE_BOUND('',#8851,.T.);
#9444=FACE_BOUND('',#8852,.T.);
#9445=FACE_BOUND('',#8853,.T.);
#9446=FACE_BOUND('',#8854,.T.);
#9447=FACE_BOUND('',#8855,.T.);
#9448=FACE_BOUND('',#8856,.T.);
#9449=FACE_BOUND('',#8857,.T.);
#9450=FACE_BOUND('',#8858,.T.);
#9451=FACE_BOUND('',#8859,.T.);
#9452=FACE_BOUND('',#8860,.T.);
#9453=FACE_BOUND('',#8861,.T.);
#9454=FACE_BOUND('',#8862,.T.);
#9455=FACE_BOUND('',#8863,.T.);
#9456=FACE_BOUND('',#8864,.T.);
#9457=FACE_BOUND('',#8865,.T.);
#9458=FACE_BOUND('',#8866,.T.);
#9459=FACE_BOUND('',#8867,.T.);
#9460=FACE_BOUND('',#8868,.T.);
#9461=FACE_BOUND('',#8869,.T.);
#9462=FACE_BOUND('',#8870,.T.);
#9463=FACE_BOUND('',#8871,.T.);
#9464=FACE_BOUND('',#8872,.T.);
#9465=FACE_BOUND('',#8873,.T.);
#9466=FACE_BOUND('',#8874,.T.);
#9467=FACE_BOUND('',#8875,.T.);
#9468=FACE_BOUND('',#8876,.T.);
#9469=FACE_BOUND('',#8877,.T.);
#9470=FACE_BOUND('',#8878,.T.);
#9471=FACE_BOUND('',#8879,.T.);
#9472=FACE_BOUND('',#8880,.T.);
#9473=FACE_BOUND('',#8881,.T.);
#9474=FACE_BOUND('',#8882,.T.);
#9475=FACE_BOUND('',#8883,.T.);
#9476=FACE_BOUND('',#8884,.T.);
#9477=FACE_BOUND('',#8885,.T.);
#9478=FACE_BOUND('',#8886,.T.);
#9479=FACE_BOUND('',#8887,.T.);
#9480=FACE_BOUND('',#8888,.T.);
#9481=FACE_BOUND('',#8889,.T.);
#9482=FACE_BOUND('',#8890,.T.);
#9483=FACE_BOUND('',#8891,.T.);
#9484=FACE_BOUND('',#8892,.T.);
#9485=FACE_BOUND('',#8893,.T.);
#9486=FACE_BOUND('',#8894,.T.);
#9487=FACE_BOUND('',#8895,.T.);
#9488=FACE_BOUND('',#8896,.T.);
#9489=FACE_BOUND('',#8897,.T.);
#9490=FACE_BOUND('',#8898,.T.);
#9491=FACE_BOUND('',#8899,.T.);
#9492=FACE_BOUND('',#8900,.T.);
#9493=FACE_BOUND('',#8901,.T.);
#9494=FACE_BOUND('',#8902,.T.);
#9495=FACE_BOUND('',#8903,.T.);
#9496=FACE_BOUND('',#8904,.T.);
#9497=FACE_BOUND('',#8905,.T.);
#9498=FACE_BOUND('',#8906,.T.);
#9499=FACE_BOUND('',#8907,.T.);
#9500=FACE_BOUND('',#8908,.T.);
#9501=FACE_BOUND('',#8909,.T.);
#9502=FACE_BOUND('',#8910,.T.);
#9503=FACE_BOUND('',#8911,.T.);
#9504=FACE_BOUND('',#8912,.T.);
#9505=FACE_BOUND('',#8913,.T.);
#9506=FACE_BOUND('',#8914,.T.);
#9507=FACE_BOUND('',#8915,.T.);
#9508=FACE_BOUND('',#8916,.T.);
#9509=FACE_BOUND('',#8917,.T.);
#9510=FACE_BOUND('',#8918,.T.);
#9511=FACE_BOUND('',#8919,.T.);
#9512=FACE_BOUND('',#8920,.T.);
#9513=FACE_BOUND('',#8921,.T.);
#9514=FACE_BOUND('',#8922,.T.);
#9515=FACE_BOUND('',#8923,.T.);
#9516=FACE_BOUND('',#8924,.T.);
#9517=FACE_BOUND('',#8925,.T.);
#9518=FACE_BOUND('',#8926,.T.);
#9519=FACE_BOUND('',#8927,.T.);
#9520=FACE_BOUND('',#8928,.T.);
#9521=FACE_BOUND('',#8929,.T.);
#9522=FACE_BOUND('',#8930,.T.);
#9523=FACE_BOUND('',#8931,.T.);
#9524=FACE_BOUND('',#8932,.T.);
#9525=FACE_BOUND('',#8933,.T.);
#9526=FACE_BOUND('',#8934,.T.);
#9527=FACE_BOUND('',#8935,.T.);
#9528=FACE_BOUND('',#8936,.T.);
#9529=FACE_BOUND('',#8937,.T.);
#9530=FACE_BOUND('',#8938,.T.);
#9531=FACE_BOUND('',#8939,.T.);
#9532=FACE_BOUND('',#8940,.T.);
#9533=FACE_BOUND('',#8941,.T.);
#9534=FACE_BOUND('',#8942,.T.);
#9535=FACE_BOUND('',#8943,.T.);
#9536=FACE_BOUND('',#8944,.T.);
#9537=FACE_BOUND('',#8945,.T.);
#9538=FACE_BOUND('',#8946,.T.);
#9539=FACE_BOUND('',#8947,.T.);
#9540=FACE_BOUND('',#8948,.T.);
#9541=FACE_BOUND('',#8949,.T.);
#9542=FACE_BOUND('',#8950,.T.);
#9543=FACE_BOUND('',#8951,.T.);
#9544=FACE_BOUND('',#8952,.T.);
#9545=FACE_BOUND('',#8953,.T.);
#9546=FACE_BOUND('',#8954,.T.);
#9547=FACE_BOUND('',#8955,.T.);
#9548=FACE_BOUND('',#8956,.T.);
#9549=FACE_BOUND('',#8957,.T.);
#9550=FACE_BOUND('',#8958,.T.);
#9551=FACE_BOUND('',#8959,.T.);
#9552=FACE_BOUND('',#8960,.T.);
#9553=FACE_BOUND('',#8961,.T.);
#9554=FACE_BOUND('',#8962,.T.);
#9555=PLANE('',#14447);
#9556=PLANE('',#14448);
#9557=PLANE('',#14449);
#9558=PLANE('',#14450);
#9559=PLANE('',#14451);
#9560=PLANE('',#14452);
#9561=PLANE('',#14461);
#9562=PLANE('',#14462);
#9563=PLANE('',#14463);
#9564=PLANE('',#14464);
#9565=PLANE('',#14465);
#9566=PLANE('',#14466);
#9567=PLANE('',#14467);
#9568=PLANE('',#14468);
#9569=PLANE('',#14469);
#9570=PLANE('',#14470);
#9571=PLANE('',#14471);
#9572=PLANE('',#14472);
#9573=PLANE('',#14473);
#9574=PLANE('',#14474);
#9575=PLANE('',#14475);
#9576=PLANE('',#14476);
#9577=PLANE('',#14477);
#9578=PLANE('',#14478);
#9579=PLANE('',#14479);
#9580=PLANE('',#14480);
#9581=PLANE('',#14481);
#9582=PLANE('',#14482);
#9583=PLANE('',#14483);
#9584=PLANE('',#14484);
#9585=PLANE('',#14485);
#9586=PLANE('',#14486);
#9587=PLANE('',#14487);
#9588=PLANE('',#14488);
#9589=PLANE('',#14489);
#9590=PLANE('',#14490);
#9591=PLANE('',#14491);
#9592=PLANE('',#14492);
#9593=PLANE('',#14493);
#9594=PLANE('',#14494);
#9595=PLANE('',#14495);
#9596=PLANE('',#14496);
#9597=PLANE('',#14497);
#9598=PLANE('',#14498);
#9599=PLANE('',#14499);
#9600=PLANE('',#14500);
#9601=PLANE('',#14501);
#9602=PLANE('',#14502);
#9603=PLANE('',#14503);
#9604=PLANE('',#14504);
#9605=PLANE('',#14505);
#9606=PLANE('',#14506);
#9607=PLANE('',#14507);
#9608=PLANE('',#14508);
#9609=PLANE('',#14509);
#9610=PLANE('',#14510);
#9611=PLANE('',#14511);
#9612=PLANE('',#14512);
#9613=PLANE('',#14513);
#9614=PLANE('',#14514);
#9615=PLANE('',#14515);
#9616=PLANE('',#14516);
#9617=PLANE('',#14520);
#9618=PLANE('',#14524);
#9619=PLANE('',#14528);
#9620=PLANE('',#14532);
#9621=PLANE('',#14536);
#9622=PLANE('',#14540);
#9623=PLANE('',#14544);
#9624=PLANE('',#14548);
#9625=PLANE('',#14552);
#9626=PLANE('',#14556);
#9627=PLANE('',#14560);
#9628=PLANE('',#14564);
#9629=PLANE('',#14568);
#9630=PLANE('',#14572);
#9631=PLANE('',#14576);
#9632=PLANE('',#14580);
#9633=PLANE('',#14584);
#9634=PLANE('',#14588);
#9635=PLANE('',#14592);
#9636=PLANE('',#14596);
#9637=PLANE('',#14597);
#9638=PLANE('',#14598);
#9639=PLANE('',#14599);
#9640=PLANE('',#14600);
#9641=PLANE('',#14601);
#9642=PLANE('',#14602);
#9643=PLANE('',#14603);
#9644=PLANE('',#14604);
#9645=PLANE('',#14605);
#9646=PLANE('',#14606);
#9647=PLANE('',#14607);
#9648=PLANE('',#14608);
#9649=PLANE('',#14609);
#9650=PLANE('',#14610);
#9651=PLANE('',#14611);
#9652=PLANE('',#14612);
#9653=PLANE('',#14613);
#9654=PLANE('',#14614);
#9655=PLANE('',#14615);
#9656=PLANE('',#14616);
#9657=PLANE('',#14617);
#9658=PLANE('',#14618);
#9659=PLANE('',#14619);
#9660=PLANE('',#14620);
#9661=PLANE('',#14621);
#9662=PLANE('',#14622);
#9663=PLANE('',#14623);
#9664=PLANE('',#14624);
#9665=PLANE('',#14625);
#9666=PLANE('',#14626);
#9667=PLANE('',#14627);
#9668=PLANE('',#14628);
#9669=PLANE('',#14629);
#9670=PLANE('',#14630);
#9671=PLANE('',#14631);
#9672=PLANE('',#14632);
#9673=PLANE('',#14633);
#9674=PLANE('',#14634);
#9675=PLANE('',#14635);
#9676=PLANE('',#14636);
#9677=PLANE('',#14637);
#9678=PLANE('',#14638);
#9679=PLANE('',#14639);
#9680=PLANE('',#14640);
#9681=PLANE('',#14641);
#9682=PLANE('',#14642);
#9683=PLANE('',#14643);
#9684=PLANE('',#14644);
#9685=PLANE('',#14645);
#9686=PLANE('',#14646);
#9687=PLANE('',#14647);
#9688=PLANE('',#14648);
#9689=PLANE('',#14649);
#9690=PLANE('',#14650);
#9691=PLANE('',#14651);
#9692=PLANE('',#14652);
#9693=PLANE('',#14653);
#9694=PLANE('',#14654);
#9695=PLANE('',#14655);
#9696=PLANE('',#14656);
#9697=PLANE('',#14657);
#9698=PLANE('',#14658);
#9699=PLANE('',#14659);
#9700=PLANE('',#14660);
#9701=PLANE('',#14661);
#9702=PLANE('',#14662);
#9703=PLANE('',#14663);
#9704=PLANE('',#14664);
#9705=PLANE('',#14665);
#9706=PLANE('',#14666);
#9707=PLANE('',#14667);
#9708=PLANE('',#14668);
#9709=PLANE('',#14669);
#9710=PLANE('',#14670);
#9711=PLANE('',#14671);
#9712=PLANE('',#14672);
#9713=PLANE('',#14673);
#9714=PLANE('',#14674);
#9715=PLANE('',#14675);
#9716=PLANE('',#14676);
#9717=PLANE('',#14677);
#9718=PLANE('',#14678);
#9719=PLANE('',#14679);
#9720=PLANE('',#14680);
#9721=PLANE('',#14681);
#9722=PLANE('',#14682);
#9723=PLANE('',#14683);
#9724=PLANE('',#14684);
#9725=PLANE('',#14685);
#9726=PLANE('',#14686);
#9727=PLANE('',#14687);
#9728=PLANE('',#14688);
#9729=PLANE('',#14689);
#9730=PLANE('',#14690);
#9731=PLANE('',#14691);
#9732=PLANE('',#14692);
#9733=PLANE('',#14693);
#9734=PLANE('',#14694);
#9735=PLANE('',#14695);
#9736=PLANE('',#14696);
#9737=PLANE('',#14705);
#9738=PLANE('',#14706);
#9739=PLANE('',#14707);
#9740=PLANE('',#14708);
#9741=PLANE('',#14709);
#9742=PLANE('',#14710);
#9743=PLANE('',#14719);
#9744=PLANE('',#14720);
#9745=PLANE('',#14721);
#9746=PLANE('',#14722);
#9747=PLANE('',#14723);
#9748=PLANE('',#14724);
#9749=PLANE('',#14725);
#9750=PLANE('',#14726);
#9751=PLANE('',#14727);
#9752=PLANE('',#14728);
#9753=PLANE('',#14729);
#9754=PLANE('',#14738);
#9755=PLANE('',#14739);
#9756=PLANE('',#14740);
#9757=PLANE('',#14741);
#9758=PLANE('',#14742);
#9759=PLANE('',#14743);
#9760=PLANE('',#14744);
#9761=PLANE('',#14761);
#9762=PLANE('',#14762);
#9763=PLANE('',#14763);
#9764=PLANE('',#14764);
#9765=PLANE('',#14765);
#9766=PLANE('',#14766);
#9767=PLANE('',#14767);
#9768=PLANE('',#14768);
#9769=PLANE('',#14769);
#9770=PLANE('',#14770);
#9771=PLANE('',#14771);
#9772=PLANE('',#14772);
#9773=PLANE('',#14773);
#9774=PLANE('',#14774);
#9775=PLANE('',#14775);
#9776=PLANE('',#14776);
#9777=PLANE('',#14781);
#9778=PLANE('',#14782);
#9779=PLANE('',#14783);
#9780=PLANE('',#14784);
#9781=PLANE('',#14785);
#9782=PLANE('',#14792);
#9783=PLANE('',#14806);
#9784=PLANE('',#14810);
#9785=PLANE('',#14811);
#9786=PLANE('',#14812);
#9787=PLANE('',#14813);
#9788=PLANE('',#14814);
#9789=PLANE('',#14815);
#9790=PLANE('',#14816);
#9791=PLANE('',#14817);
#9792=PLANE('',#14818);
#9793=PLANE('',#14819);
#9794=PLANE('',#14826);
#9795=PLANE('',#14827);
#9796=PLANE('',#14831);
#9797=PLANE('',#14838);
#9798=PLANE('',#14842);
#9799=PLANE('',#14843);
#9800=PLANE('',#14844);
#9801=PLANE('',#14845);
#9802=PLANE('',#14846);
#9803=PLANE('',#14847);
#9804=PLANE('',#14848);
#9805=PLANE('',#14849);
#9806=PLANE('',#14850);
#9807=PLANE('',#14851);
#9808=PLANE('',#14858);
#9809=PLANE('',#14859);
#9810=PLANE('',#14863);
#9811=PLANE('',#14865);
#9812=PLANE('',#14871);
#9813=PLANE('',#14874);
#9814=PLANE('',#14875);
#9815=PLANE('',#14880);
#9816=PLANE('',#14883);
#9817=PLANE('',#14886);
#9818=PLANE('',#14887);
#9819=PLANE('',#14892);
#9820=PLANE('',#14898);
#9821=PLANE('',#14914);
#9822=PLANE('',#14915);
#9823=PLANE('',#14916);
#9824=PLANE('',#14917);
#9825=PLANE('',#14918);
#9826=PLANE('',#14919);
#9827=PLANE('',#14920);
#9828=PLANE('',#14921);
#9829=PLANE('',#14922);
#9830=PLANE('',#14923);
#9831=PLANE('',#14924);
#9832=PLANE('',#14928);
#9833=PLANE('',#14929);
#9834=PLANE('',#14930);
#9835=PLANE('',#14931);
#9836=PLANE('',#14932);
#9837=PLANE('',#14936);
#9838=PLANE('',#14937);
#9839=PLANE('',#14938);
#9840=PLANE('',#14939);
#9841=PLANE('',#14940);
#9842=PLANE('',#14941);
#9843=PLANE('',#14942);
#9844=PLANE('',#14943);
#9845=PLANE('',#14944);
#9846=PLANE('',#14945);
#9847=PLANE('',#14946);
#9848=PLANE('',#14950);
#9849=PLANE('',#14951);
#9850=PLANE('',#14952);
#9851=PLANE('',#14953);
#9852=PLANE('',#14954);
#9853=PLANE('',#14958);
#9854=PLANE('',#14968);
#9855=PLANE('',#14971);
#9856=PLANE('',#14977);
#9857=PLANE('',#14981);
#9858=PLANE('',#14983);
#9859=PLANE('',#14985);
#9860=PLANE('',#14986);
#9861=PLANE('',#14987);
#9862=PLANE('',#14988);
#9863=PLANE('',#14989);
#9864=PLANE('',#14990);
#9865=PLANE('',#14991);
#9866=PLANE('',#14992);
#9867=PLANE('',#14993);
#9868=PLANE('',#14994);
#9869=PLANE('',#14995);
#9870=PLANE('',#14996);
#9871=PLANE('',#14997);
#9872=PLANE('',#14998);
#9873=PLANE('',#15001);
#9874=PLANE('',#15004);
#9875=PLANE('',#15005);
#9876=PLANE('',#15006);
#9877=PLANE('',#15010);
#9878=PLANE('',#15011);
#9879=PLANE('',#15012);
#9880=PLANE('',#15015);
#9881=PLANE('',#15018);
#9882=PLANE('',#15021);
#9883=PLANE('',#15024);
#9884=PLANE('',#15028);
#9885=PLANE('',#15031);
#9886=PLANE('',#15034);
#9887=PLANE('',#15037);
#9888=PLANE('',#15040);
#9889=PLANE('',#15041);
#9890=PLANE('',#15042);
#9891=PLANE('',#15046);
#9892=PLANE('',#15047);
#9893=PLANE('',#15048);
#9894=PLANE('',#15052);
#9895=PLANE('',#15053);
#9896=PLANE('',#15055);
#9897=PLANE('',#15060);
#9898=PLANE('',#15062);
#9899=PLANE('',#15067);
#9900=PLANE('',#15068);
#9901=PLANE('',#15069);
#9902=PLANE('',#15070);
#9903=PLANE('',#15071);
#9904=PLANE('',#15072);
#9905=PLANE('',#15073);
#9906=PLANE('',#15074);
#9907=PLANE('',#15075);
#9908=PLANE('',#15076);
#9909=PLANE('',#15077);
#9910=PLANE('',#15078);
#9911=PLANE('',#15079);
#9912=PLANE('',#15080);
#9913=PLANE('',#15081);
#9914=PLANE('',#15082);
#9915=PLANE('',#15083);
#9916=PLANE('',#15084);
#9917=PLANE('',#15085);
#9918=PLANE('',#15086);
#9919=PLANE('',#15087);
#9920=PLANE('',#15088);
#9921=PLANE('',#15089);
#9922=PLANE('',#15090);
#9923=PLANE('',#15091);
#9924=PLANE('',#15092);
#9925=PLANE('',#15093);
#9926=PLANE('',#15094);
#9927=PLANE('',#15095);
#9928=PLANE('',#15096);
#9929=PLANE('',#15097);
#9930=PLANE('',#15098);
#9931=PLANE('',#15099);
#9932=PLANE('',#15100);
#9933=PLANE('',#15101);
#9934=PLANE('',#15102);
#9935=PLANE('',#15103);
#9936=PLANE('',#15104);
#9937=PLANE('',#15105);
#9938=PLANE('',#15106);
#9939=PLANE('',#15107);
#9940=PLANE('',#15108);
#9941=PLANE('',#15109);
#9942=PLANE('',#15110);
#9943=PLANE('',#15111);
#9944=PLANE('',#15112);
#9945=PLANE('',#15113);
#9946=PLANE('',#15114);
#9947=PLANE('',#15115);
#9948=PLANE('',#15116);
#9949=PLANE('',#15117);
#9950=PLANE('',#15118);
#9951=PLANE('',#15120);
#9952=PLANE('',#15121);
#9953=PLANE('',#15122);
#9954=PLANE('',#15123);
#9955=PLANE('',#15124);
#9956=PLANE('',#15125);
#9957=PLANE('',#15126);
#9958=PLANE('',#15127);
#9959=PLANE('',#15129);
#9960=PLANE('',#15131);
#9961=PLANE('',#15132);
#9962=PLANE('',#15133);
#9963=PLANE('',#15134);
#9964=PLANE('',#15135);
#9965=PLANE('',#15136);
#9966=PLANE('',#15137);
#9967=PLANE('',#15139);
#9968=PLANE('',#15141);
#9969=PLANE('',#15142);
#9970=PLANE('',#15143);
#9971=PLANE('',#15144);
#9972=PLANE('',#15145);
#9973=PLANE('',#15146);
#9974=PLANE('',#15147);
#9975=PLANE('',#15148);
#9976=PLANE('',#15149);
#9977=PLANE('',#15150);
#9978=PLANE('',#15151);
#9979=PLANE('',#15152);
#9980=PLANE('',#15153);
#9981=PLANE('',#15154);
#9982=PLANE('',#15155);
#9983=PLANE('',#15156);
#9984=PLANE('',#15157);
#9985=PLANE('',#15158);
#9986=PLANE('',#15159);
#9987=PLANE('',#15160);
#9988=PLANE('',#15161);
#9989=PLANE('',#15162);
#9990=PLANE('',#15163);
#9991=PLANE('',#15164);
#9992=PLANE('',#15165);
#9993=PLANE('',#15166);
#9994=PLANE('',#15167);
#9995=PLANE('',#15168);
#9996=PLANE('',#15169);
#9997=PLANE('',#15170);
#9998=PLANE('',#15171);
#9999=PLANE('',#15172);
#10000=PLANE('',#15173);
#10001=PLANE('',#15174);
#10002=PLANE('',#15175);
#10003=PLANE('',#15176);
#10004=PLANE('',#15177);
#10005=STYLED_ITEM('',(#10559),#13888);
#10006=STYLED_ITEM('',(#10560),#13889);
#10007=STYLED_ITEM('',(#10561),#13890);
#10008=STYLED_ITEM('',(#10562),#13891);
#10009=STYLED_ITEM('',(#10563),#13892);
#10010=STYLED_ITEM('',(#10564),#13893);
#10011=STYLED_ITEM('',(#10565),#13894);
#10012=STYLED_ITEM('',(#10566),#13895);
#10013=STYLED_ITEM('',(#10567),#13896);
#10014=STYLED_ITEM('',(#10568),#13897);
#10015=STYLED_ITEM('',(#10569),#13898);
#10016=STYLED_ITEM('',(#10570),#13899);
#10017=STYLED_ITEM('',(#10571),#13900);
#10018=STYLED_ITEM('',(#10572),#13901);
#10019=STYLED_ITEM('',(#10573),#13902);
#10020=STYLED_ITEM('',(#10574),#13903);
#10021=STYLED_ITEM('',(#10575),#13904);
#10022=STYLED_ITEM('',(#10576),#13905);
#10023=STYLED_ITEM('',(#10577),#13906);
#10024=STYLED_ITEM('',(#10578),#13907);
#10025=STYLED_ITEM('',(#10579),#13908);
#10026=STYLED_ITEM('',(#10580),#13909);
#10027=STYLED_ITEM('',(#10581),#13910);
#10028=STYLED_ITEM('',(#10582),#13911);
#10029=STYLED_ITEM('',(#10583),#13912);
#10030=STYLED_ITEM('',(#10584),#13913);
#10031=STYLED_ITEM('',(#10585),#13914);
#10032=STYLED_ITEM('',(#10586),#13915);
#10033=STYLED_ITEM('',(#10587),#13916);
#10034=STYLED_ITEM('',(#10588),#13917);
#10035=STYLED_ITEM('',(#10589),#13918);
#10036=STYLED_ITEM('',(#10590),#13919);
#10037=STYLED_ITEM('',(#10591),#13920);
#10038=STYLED_ITEM('',(#10592),#13921);
#10039=STYLED_ITEM('',(#10593),#13922);
#10040=STYLED_ITEM('',(#10594),#13923);
#10041=STYLED_ITEM('',(#10595),#13924);
#10042=STYLED_ITEM('',(#10596),#13925);
#10043=STYLED_ITEM('',(#10597),#13926);
#10044=STYLED_ITEM('',(#10598),#13927);
#10045=STYLED_ITEM('',(#10599),#13928);
#10046=STYLED_ITEM('',(#10600),#13929);
#10047=STYLED_ITEM('',(#10601),#13930);
#10048=STYLED_ITEM('',(#10602),#13931);
#10049=STYLED_ITEM('',(#10603),#13932);
#10050=STYLED_ITEM('',(#10604),#13933);
#10051=STYLED_ITEM('',(#10605),#13934);
#10052=STYLED_ITEM('',(#10606),#13935);
#10053=STYLED_ITEM('',(#10607),#13936);
#10054=STYLED_ITEM('',(#10608),#13937);
#10055=STYLED_ITEM('',(#10609),#13938);
#10056=STYLED_ITEM('',(#10610),#13939);
#10057=STYLED_ITEM('',(#10611),#13940);
#10058=STYLED_ITEM('',(#10612),#13941);
#10059=STYLED_ITEM('',(#10613),#13942);
#10060=STYLED_ITEM('',(#10614),#13943);
#10061=STYLED_ITEM('',(#10615),#13944);
#10062=STYLED_ITEM('',(#10616),#13945);
#10063=STYLED_ITEM('',(#10617),#13946);
#10064=STYLED_ITEM('',(#10618),#13947);
#10065=STYLED_ITEM('',(#10619),#13948);
#10066=STYLED_ITEM('',(#10620),#13949);
#10067=STYLED_ITEM('',(#10621),#13950);
#10068=STYLED_ITEM('',(#10622),#13951);
#10069=STYLED_ITEM('',(#10623),#13952);
#10070=STYLED_ITEM('',(#10624),#13953);
#10071=STYLED_ITEM('',(#10625),#13954);
#10072=STYLED_ITEM('',(#10626),#13955);
#10073=STYLED_ITEM('',(#10627),#13956);
#10074=STYLED_ITEM('',(#10628),#13957);
#10075=STYLED_ITEM('',(#10629),#13958);
#10076=STYLED_ITEM('',(#10630),#13959);
#10077=STYLED_ITEM('',(#10631),#13960);
#10078=STYLED_ITEM('',(#10632),#13961);
#10079=STYLED_ITEM('',(#10633),#13962);
#10080=STYLED_ITEM('',(#10634),#13963);
#10081=STYLED_ITEM('',(#10635),#13964);
#10082=STYLED_ITEM('',(#10636),#13965);
#10083=STYLED_ITEM('',(#10637),#13966);
#10084=STYLED_ITEM('',(#10638),#13967);
#10085=STYLED_ITEM('',(#10639),#13968);
#10086=STYLED_ITEM('',(#10640),#13969);
#10087=STYLED_ITEM('',(#10641),#13970);
#10088=STYLED_ITEM('',(#10642),#13971);
#10089=STYLED_ITEM('',(#10643),#13972);
#10090=STYLED_ITEM('',(#10644),#13973);
#10091=STYLED_ITEM('',(#10645),#13974);
#10092=STYLED_ITEM('',(#10646),#13975);
#10093=STYLED_ITEM('',(#10647),#13976);
#10094=STYLED_ITEM('',(#10648),#13977);
#10095=STYLED_ITEM('',(#10649),#13978);
#10096=STYLED_ITEM('',(#10650),#13979);
#10097=STYLED_ITEM('',(#10651),#13980);
#10098=STYLED_ITEM('',(#10652),#13981);
#10099=STYLED_ITEM('',(#10653),#13982);
#10100=STYLED_ITEM('',(#10654),#13983);
#10101=STYLED_ITEM('',(#10655),#13984);
#10102=STYLED_ITEM('',(#10656),#13985);
#10103=STYLED_ITEM('',(#10657),#13986);
#10104=STYLED_ITEM('',(#10658),#13987);
#10105=STYLED_ITEM('',(#10659),#13988);
#10106=STYLED_ITEM('',(#10660),#13989);
#10107=STYLED_ITEM('',(#10661),#13990);
#10108=STYLED_ITEM('',(#10662),#13991);
#10109=STYLED_ITEM('',(#10663),#13992);
#10110=STYLED_ITEM('',(#10664),#13993);
#10111=STYLED_ITEM('',(#10665),#13994);
#10112=STYLED_ITEM('',(#10666),#13995);
#10113=STYLED_ITEM('',(#10667),#13996);
#10114=STYLED_ITEM('',(#10668),#13997);
#10115=STYLED_ITEM('',(#10669),#13998);
#10116=STYLED_ITEM('',(#10670),#13999);
#10117=STYLED_ITEM('',(#10671),#14000);
#10118=STYLED_ITEM('',(#10672),#14001);
#10119=STYLED_ITEM('',(#10673),#14002);
#10120=STYLED_ITEM('',(#10674),#14003);
#10121=STYLED_ITEM('',(#10675),#14004);
#10122=STYLED_ITEM('',(#10676),#14005);
#10123=STYLED_ITEM('',(#10677),#14006);
#10124=STYLED_ITEM('',(#10678),#14007);
#10125=STYLED_ITEM('',(#10679),#14008);
#10126=STYLED_ITEM('',(#10680),#14009);
#10127=STYLED_ITEM('',(#10681),#14010);
#10128=STYLED_ITEM('',(#10682),#14011);
#10129=STYLED_ITEM('',(#10683),#14012);
#10130=STYLED_ITEM('',(#10684),#14013);
#10131=STYLED_ITEM('',(#10685),#14014);
#10132=STYLED_ITEM('',(#10686),#14015);
#10133=STYLED_ITEM('',(#10687),#14016);
#10134=STYLED_ITEM('',(#10688),#14017);
#10135=STYLED_ITEM('',(#10689),#14018);
#10136=STYLED_ITEM('',(#10690),#14019);
#10137=STYLED_ITEM('',(#10691),#14020);
#10138=STYLED_ITEM('',(#10692),#14021);
#10139=STYLED_ITEM('',(#10693),#14022);
#10140=STYLED_ITEM('',(#10694),#14023);
#10141=STYLED_ITEM('',(#10695),#14024);
#10142=STYLED_ITEM('',(#10696),#14025);
#10143=STYLED_ITEM('',(#10697),#14026);
#10144=STYLED_ITEM('',(#10698),#14027);
#10145=STYLED_ITEM('',(#10699),#14028);
#10146=STYLED_ITEM('',(#10700),#14029);
#10147=STYLED_ITEM('',(#10701),#14030);
#10148=STYLED_ITEM('',(#10702),#14031);
#10149=STYLED_ITEM('',(#10703),#14032);
#10150=STYLED_ITEM('',(#10704),#14033);
#10151=STYLED_ITEM('',(#10705),#14034);
#10152=STYLED_ITEM('',(#10706),#14035);
#10153=STYLED_ITEM('',(#10707),#14036);
#10154=STYLED_ITEM('',(#10708),#14037);
#10155=STYLED_ITEM('',(#10709),#14038);
#10156=STYLED_ITEM('',(#10710),#14039);
#10157=STYLED_ITEM('',(#10711),#14040);
#10158=STYLED_ITEM('',(#10712),#14041);
#10159=STYLED_ITEM('',(#10713),#14042);
#10160=STYLED_ITEM('',(#10714),#14043);
#10161=STYLED_ITEM('',(#10715),#14044);
#10162=STYLED_ITEM('',(#10716),#14045);
#10163=STYLED_ITEM('',(#10717),#14046);
#10164=STYLED_ITEM('',(#10718),#14047);
#10165=STYLED_ITEM('',(#10719),#14048);
#10166=STYLED_ITEM('',(#10720),#14049);
#10167=STYLED_ITEM('',(#10721),#14050);
#10168=STYLED_ITEM('',(#10722),#14051);
#10169=STYLED_ITEM('',(#10723),#14052);
#10170=STYLED_ITEM('',(#10724),#14053);
#10171=STYLED_ITEM('',(#10725),#14054);
#10172=STYLED_ITEM('',(#10726),#14055);
#10173=STYLED_ITEM('',(#10727),#14056);
#10174=STYLED_ITEM('',(#10728),#14057);
#10175=STYLED_ITEM('',(#10729),#14058);
#10176=STYLED_ITEM('',(#10730),#14059);
#10177=STYLED_ITEM('',(#10731),#14060);
#10178=STYLED_ITEM('',(#10732),#14061);
#10179=STYLED_ITEM('',(#10733),#14062);
#10180=STYLED_ITEM('',(#10734),#14063);
#10181=STYLED_ITEM('',(#10735),#14064);
#10182=STYLED_ITEM('',(#10736),#14065);
#10183=STYLED_ITEM('',(#10737),#14066);
#10184=STYLED_ITEM('',(#10738),#14067);
#10185=STYLED_ITEM('',(#10739),#14068);
#10186=STYLED_ITEM('',(#10740),#14069);
#10187=STYLED_ITEM('',(#10741),#14070);
#10188=STYLED_ITEM('',(#10742),#14071);
#10189=STYLED_ITEM('',(#10743),#14072);
#10190=STYLED_ITEM('',(#10744),#14073);
#10191=STYLED_ITEM('',(#10745),#14074);
#10192=STYLED_ITEM('',(#10746),#14075);
#10193=STYLED_ITEM('',(#10747),#14076);
#10194=STYLED_ITEM('',(#10748),#14077);
#10195=STYLED_ITEM('',(#10749),#14078);
#10196=STYLED_ITEM('',(#10750),#14079);
#10197=STYLED_ITEM('',(#10751),#14080);
#10198=STYLED_ITEM('',(#10752),#14081);
#10199=STYLED_ITEM('',(#10753),#14082);
#10200=STYLED_ITEM('',(#10754),#14083);
#10201=STYLED_ITEM('',(#10755),#14084);
#10202=STYLED_ITEM('',(#10756),#14085);
#10203=STYLED_ITEM('',(#10757),#14086);
#10204=STYLED_ITEM('',(#10758),#14087);
#10205=STYLED_ITEM('',(#10759),#14088);
#10206=STYLED_ITEM('',(#10760),#14089);
#10207=STYLED_ITEM('',(#10761),#14090);
#10208=STYLED_ITEM('',(#10762),#14091);
#10209=STYLED_ITEM('',(#10763),#14092);
#10210=STYLED_ITEM('',(#10764),#14093);
#10211=STYLED_ITEM('',(#10765),#14094);
#10212=STYLED_ITEM('',(#10766),#14095);
#10213=STYLED_ITEM('',(#10767),#14096);
#10214=STYLED_ITEM('',(#10768),#14097);
#10215=STYLED_ITEM('',(#10769),#14098);
#10216=STYLED_ITEM('',(#10770),#14099);
#10217=STYLED_ITEM('',(#10771),#14100);
#10218=STYLED_ITEM('',(#10772),#14101);
#10219=STYLED_ITEM('',(#10773),#14102);
#10220=STYLED_ITEM('',(#10774),#14103);
#10221=STYLED_ITEM('',(#10775),#14104);
#10222=STYLED_ITEM('',(#10776),#14105);
#10223=STYLED_ITEM('',(#10777),#14106);
#10224=STYLED_ITEM('',(#10778),#14107);
#10225=STYLED_ITEM('',(#10779),#14108);
#10226=STYLED_ITEM('',(#10780),#14109);
#10227=STYLED_ITEM('',(#10781),#14110);
#10228=STYLED_ITEM('',(#10782),#14111);
#10229=STYLED_ITEM('',(#10783),#14112);
#10230=STYLED_ITEM('',(#10784),#14113);
#10231=STYLED_ITEM('',(#10785),#14114);
#10232=STYLED_ITEM('',(#10786),#14115);
#10233=STYLED_ITEM('',(#10787),#14116);
#10234=STYLED_ITEM('',(#10788),#14117);
#10235=STYLED_ITEM('',(#10789),#14118);
#10236=STYLED_ITEM('',(#10790),#14119);
#10237=STYLED_ITEM('',(#10791),#14120);
#10238=STYLED_ITEM('',(#10792),#14121);
#10239=STYLED_ITEM('',(#10793),#14122);
#10240=STYLED_ITEM('',(#10794),#14123);
#10241=STYLED_ITEM('',(#10795),#14124);
#10242=STYLED_ITEM('',(#10796),#14125);
#10243=STYLED_ITEM('',(#10797),#14126);
#10244=STYLED_ITEM('',(#10798),#14127);
#10245=STYLED_ITEM('',(#10799),#14128);
#10246=STYLED_ITEM('',(#10800),#14129);
#10247=STYLED_ITEM('',(#10801),#14130);
#10248=STYLED_ITEM('',(#10802),#14131);
#10249=STYLED_ITEM('',(#10803),#14132);
#10250=STYLED_ITEM('',(#10804),#14133);
#10251=STYLED_ITEM('',(#10805),#14134);
#10252=STYLED_ITEM('',(#10806),#14135);
#10253=STYLED_ITEM('',(#10807),#14136);
#10254=STYLED_ITEM('',(#10808),#14137);
#10255=STYLED_ITEM('',(#10809),#14138);
#10256=STYLED_ITEM('',(#10810),#14139);
#10257=STYLED_ITEM('',(#10811),#14140);
#10258=STYLED_ITEM('',(#10812),#14141);
#10259=STYLED_ITEM('',(#10813),#14142);
#10260=STYLED_ITEM('',(#10814),#14143);
#10261=STYLED_ITEM('',(#10815),#14144);
#10262=STYLED_ITEM('',(#10816),#14145);
#10263=STYLED_ITEM('',(#10817),#14146);
#10264=STYLED_ITEM('',(#10818),#14147);
#10265=STYLED_ITEM('',(#10819),#14148);
#10266=STYLED_ITEM('',(#10820),#14149);
#10267=STYLED_ITEM('',(#10821),#14150);
#10268=STYLED_ITEM('',(#10822),#14151);
#10269=STYLED_ITEM('',(#10823),#14152);
#10270=STYLED_ITEM('',(#10824),#14153);
#10271=STYLED_ITEM('',(#10825),#14154);
#10272=STYLED_ITEM('',(#10826),#14155);
#10273=STYLED_ITEM('',(#10827),#14156);
#10274=STYLED_ITEM('',(#10828),#14157);
#10275=STYLED_ITEM('',(#10829),#14158);
#10276=STYLED_ITEM('',(#10830),#14159);
#10277=STYLED_ITEM('',(#10831),#14160);
#10278=STYLED_ITEM('',(#10832),#14161);
#10279=STYLED_ITEM('',(#10833),#14162);
#10280=STYLED_ITEM('',(#10834),#14163);
#10281=STYLED_ITEM('',(#10835),#14164);
#10282=STYLED_ITEM('',(#10836),#14165);
#10283=STYLED_ITEM('',(#10837),#14166);
#10284=STYLED_ITEM('',(#10838),#14167);
#10285=STYLED_ITEM('',(#10839),#14168);
#10286=STYLED_ITEM('',(#10840),#14169);
#10287=STYLED_ITEM('',(#10841),#14170);
#10288=STYLED_ITEM('',(#10842),#14171);
#10289=STYLED_ITEM('',(#10843),#14172);
#10290=STYLED_ITEM('',(#10844),#14173);
#10291=STYLED_ITEM('',(#10845),#14174);
#10292=STYLED_ITEM('',(#10846),#14175);
#10293=STYLED_ITEM('',(#10847),#14176);
#10294=STYLED_ITEM('',(#10848),#14177);
#10295=STYLED_ITEM('',(#10849),#14178);
#10296=STYLED_ITEM('',(#10850),#14179);
#10297=STYLED_ITEM('',(#10851),#14180);
#10298=STYLED_ITEM('',(#10852),#14181);
#10299=STYLED_ITEM('',(#10853),#14182);
#10300=STYLED_ITEM('',(#10854),#14183);
#10301=STYLED_ITEM('',(#10855),#14184);
#10302=STYLED_ITEM('',(#10856),#14185);
#10303=STYLED_ITEM('',(#10857),#14186);
#10304=STYLED_ITEM('',(#10858),#14187);
#10305=STYLED_ITEM('',(#10859),#14188);
#10306=STYLED_ITEM('',(#10860),#14189);
#10307=STYLED_ITEM('',(#10861),#14190);
#10308=STYLED_ITEM('',(#10862),#14191);
#10309=STYLED_ITEM('',(#10863),#14192);
#10310=STYLED_ITEM('',(#10864),#14193);
#10311=STYLED_ITEM('',(#10865),#14194);
#10312=STYLED_ITEM('',(#10866),#14195);
#10313=STYLED_ITEM('',(#10867),#14196);
#10314=STYLED_ITEM('',(#10868),#14197);
#10315=STYLED_ITEM('',(#10869),#14198);
#10316=STYLED_ITEM('',(#10870),#14199);
#10317=STYLED_ITEM('',(#10871),#14200);
#10318=STYLED_ITEM('',(#10872),#14201);
#10319=STYLED_ITEM('',(#10873),#14202);
#10320=STYLED_ITEM('',(#10874),#14203);
#10321=STYLED_ITEM('',(#10875),#14204);
#10322=STYLED_ITEM('',(#10876),#14205);
#10323=STYLED_ITEM('',(#10877),#14206);
#10324=STYLED_ITEM('',(#10878),#14207);
#10325=STYLED_ITEM('',(#10879),#14208);
#10326=STYLED_ITEM('',(#10880),#14209);
#10327=STYLED_ITEM('',(#10881),#14210);
#10328=STYLED_ITEM('',(#10882),#14211);
#10329=STYLED_ITEM('',(#10883),#14212);
#10330=STYLED_ITEM('',(#10884),#14213);
#10331=STYLED_ITEM('',(#10885),#14214);
#10332=STYLED_ITEM('',(#10886),#14215);
#10333=STYLED_ITEM('',(#10887),#14216);
#10334=STYLED_ITEM('',(#10888),#14217);
#10335=STYLED_ITEM('',(#10889),#14218);
#10336=STYLED_ITEM('',(#10890),#14219);
#10337=STYLED_ITEM('',(#10891),#14220);
#10338=STYLED_ITEM('',(#10892),#14221);
#10339=STYLED_ITEM('',(#10893),#14222);
#10340=STYLED_ITEM('',(#10894),#14223);
#10341=STYLED_ITEM('',(#10895),#14224);
#10342=STYLED_ITEM('',(#10896),#14225);
#10343=STYLED_ITEM('',(#10897),#14226);
#10344=STYLED_ITEM('',(#10898),#14227);
#10345=STYLED_ITEM('',(#10899),#14228);
#10346=STYLED_ITEM('',(#10900),#14229);
#10347=STYLED_ITEM('',(#10901),#14230);
#10348=STYLED_ITEM('',(#10902),#14231);
#10349=STYLED_ITEM('',(#10903),#14232);
#10350=STYLED_ITEM('',(#10904),#14233);
#10351=STYLED_ITEM('',(#10905),#14234);
#10352=STYLED_ITEM('',(#10906),#14235);
#10353=STYLED_ITEM('',(#10907),#14236);
#10354=STYLED_ITEM('',(#10908),#14237);
#10355=STYLED_ITEM('',(#10909),#14238);
#10356=STYLED_ITEM('',(#10910),#14239);
#10357=STYLED_ITEM('',(#10911),#14240);
#10358=STYLED_ITEM('',(#10912),#14241);
#10359=STYLED_ITEM('',(#10913),#14242);
#10360=STYLED_ITEM('',(#10914),#14243);
#10361=STYLED_ITEM('',(#10915),#14244);
#10362=STYLED_ITEM('',(#10916),#14245);
#10363=STYLED_ITEM('',(#10917),#14246);
#10364=STYLED_ITEM('',(#10918),#14247);
#10365=STYLED_ITEM('',(#10919),#14248);
#10366=STYLED_ITEM('',(#10920),#14249);
#10367=STYLED_ITEM('',(#10921),#14250);
#10368=STYLED_ITEM('',(#10922),#14251);
#10369=STYLED_ITEM('',(#10923),#14252);
#10370=STYLED_ITEM('',(#10924),#14253);
#10371=STYLED_ITEM('',(#10925),#14254);
#10372=STYLED_ITEM('',(#10926),#14255);
#10373=STYLED_ITEM('',(#10927),#14256);
#10374=STYLED_ITEM('',(#10928),#14257);
#10375=STYLED_ITEM('',(#10929),#14258);
#10376=STYLED_ITEM('',(#10930),#14259);
#10377=STYLED_ITEM('',(#10931),#14260);
#10378=STYLED_ITEM('',(#10932),#14261);
#10379=STYLED_ITEM('',(#10933),#14262);
#10380=STYLED_ITEM('',(#10934),#14263);
#10381=STYLED_ITEM('',(#10935),#14264);
#10382=STYLED_ITEM('',(#10936),#14265);
#10383=STYLED_ITEM('',(#10937),#14266);
#10384=STYLED_ITEM('',(#10938),#14267);
#10385=STYLED_ITEM('',(#10939),#14268);
#10386=STYLED_ITEM('',(#10940),#14269);
#10387=STYLED_ITEM('',(#10941),#14270);
#10388=STYLED_ITEM('',(#10942),#14271);
#10389=STYLED_ITEM('',(#10943),#14272);
#10390=STYLED_ITEM('',(#10944),#14273);
#10391=STYLED_ITEM('',(#10945),#14274);
#10392=STYLED_ITEM('',(#10946),#14275);
#10393=STYLED_ITEM('',(#10947),#14276);
#10394=STYLED_ITEM('',(#10948),#14277);
#10395=STYLED_ITEM('',(#10949),#14278);
#10396=STYLED_ITEM('',(#10950),#14279);
#10397=STYLED_ITEM('',(#10951),#14280);
#10398=STYLED_ITEM('',(#10952),#14281);
#10399=STYLED_ITEM('',(#10953),#14282);
#10400=STYLED_ITEM('',(#10954),#14283);
#10401=STYLED_ITEM('',(#10955),#14284);
#10402=STYLED_ITEM('',(#10956),#14285);
#10403=STYLED_ITEM('',(#10957),#14286);
#10404=STYLED_ITEM('',(#10958),#14287);
#10405=STYLED_ITEM('',(#10959),#14288);
#10406=STYLED_ITEM('',(#10960),#14289);
#10407=STYLED_ITEM('',(#10961),#14290);
#10408=STYLED_ITEM('',(#10962),#14291);
#10409=STYLED_ITEM('',(#10963),#14292);
#10410=STYLED_ITEM('',(#10964),#14293);
#10411=STYLED_ITEM('',(#10965),#14294);
#10412=STYLED_ITEM('',(#10966),#14295);
#10413=STYLED_ITEM('',(#10967),#14296);
#10414=STYLED_ITEM('',(#10968),#14297);
#10415=STYLED_ITEM('',(#10969),#14298);
#10416=STYLED_ITEM('',(#10970),#14299);
#10417=STYLED_ITEM('',(#10971),#14300);
#10418=STYLED_ITEM('',(#10972),#14301);
#10419=STYLED_ITEM('',(#10973),#14302);
#10420=STYLED_ITEM('',(#10974),#14303);
#10421=STYLED_ITEM('',(#10975),#14304);
#10422=STYLED_ITEM('',(#10976),#14305);
#10423=STYLED_ITEM('',(#10977),#14306);
#10424=STYLED_ITEM('',(#10978),#14307);
#10425=STYLED_ITEM('',(#10979),#14308);
#10426=STYLED_ITEM('',(#10980),#14309);
#10427=STYLED_ITEM('',(#10981),#14310);
#10428=STYLED_ITEM('',(#10982),#14311);
#10429=STYLED_ITEM('',(#10983),#14312);
#10430=STYLED_ITEM('',(#10984),#14313);
#10431=STYLED_ITEM('',(#10985),#14314);
#10432=STYLED_ITEM('',(#10986),#14315);
#10433=STYLED_ITEM('',(#10987),#14316);
#10434=STYLED_ITEM('',(#10988),#14317);
#10435=STYLED_ITEM('',(#10989),#14318);
#10436=STYLED_ITEM('',(#10990),#14319);
#10437=STYLED_ITEM('',(#10991),#14320);
#10438=STYLED_ITEM('',(#10992),#14321);
#10439=STYLED_ITEM('',(#10993),#14322);
#10440=STYLED_ITEM('',(#10994),#14323);
#10441=STYLED_ITEM('',(#10995),#14324);
#10442=STYLED_ITEM('',(#10996),#14325);
#10443=STYLED_ITEM('',(#10997),#14326);
#10444=STYLED_ITEM('',(#10998),#14327);
#10445=STYLED_ITEM('',(#10999),#14328);
#10446=STYLED_ITEM('',(#11000),#14329);
#10447=STYLED_ITEM('',(#11001),#14330);
#10448=STYLED_ITEM('',(#11002),#14331);
#10449=STYLED_ITEM('',(#11003),#14332);
#10450=STYLED_ITEM('',(#11004),#14333);
#10451=STYLED_ITEM('',(#11005),#14334);
#10452=STYLED_ITEM('',(#11006),#14335);
#10453=STYLED_ITEM('',(#11007),#14336);
#10454=STYLED_ITEM('',(#11008),#14337);
#10455=STYLED_ITEM('',(#11009),#14338);
#10456=STYLED_ITEM('',(#11010),#14339);
#10457=STYLED_ITEM('',(#11011),#14340);
#10458=STYLED_ITEM('',(#11012),#14341);
#10459=STYLED_ITEM('',(#11013),#14342);
#10460=STYLED_ITEM('',(#11014),#14343);
#10461=STYLED_ITEM('',(#11015),#14344);
#10462=STYLED_ITEM('',(#11016),#14345);
#10463=STYLED_ITEM('',(#11017),#14346);
#10464=STYLED_ITEM('',(#11018),#14347);
#10465=STYLED_ITEM('',(#11019),#14348);
#10466=STYLED_ITEM('',(#11020),#14349);
#10467=STYLED_ITEM('',(#11021),#14350);
#10468=STYLED_ITEM('',(#11022),#14351);
#10469=STYLED_ITEM('',(#11023),#14352);
#10470=STYLED_ITEM('',(#11024),#14353);
#10471=STYLED_ITEM('',(#11025),#14354);
#10472=STYLED_ITEM('',(#11026),#14355);
#10473=STYLED_ITEM('',(#11027),#14356);
#10474=STYLED_ITEM('',(#11028),#14357);
#10475=STYLED_ITEM('',(#11029),#14358);
#10476=STYLED_ITEM('',(#11030),#14359);
#10477=STYLED_ITEM('',(#11031),#14360);
#10478=STYLED_ITEM('',(#11032),#14361);
#10479=STYLED_ITEM('',(#11033),#14362);
#10480=STYLED_ITEM('',(#11034),#14363);
#10481=STYLED_ITEM('',(#11035),#14364);
#10482=STYLED_ITEM('',(#11036),#14365);
#10483=STYLED_ITEM('',(#11037),#14366);
#10484=STYLED_ITEM('',(#11038),#14367);
#10485=STYLED_ITEM('',(#11039),#14368);
#10486=STYLED_ITEM('',(#11040),#14369);
#10487=STYLED_ITEM('',(#11041),#14370);
#10488=STYLED_ITEM('',(#11042),#14371);
#10489=STYLED_ITEM('',(#11043),#14372);
#10490=STYLED_ITEM('',(#11044),#14373);
#10491=STYLED_ITEM('',(#11045),#14374);
#10492=STYLED_ITEM('',(#11046),#14375);
#10493=STYLED_ITEM('',(#11047),#14376);
#10494=STYLED_ITEM('',(#11048),#14377);
#10495=STYLED_ITEM('',(#11049),#14378);
#10496=STYLED_ITEM('',(#11050),#14379);
#10497=STYLED_ITEM('',(#11051),#14380);
#10498=STYLED_ITEM('',(#11052),#14381);
#10499=STYLED_ITEM('',(#11053),#14382);
#10500=STYLED_ITEM('',(#11054),#14383);
#10501=STYLED_ITEM('',(#11055),#14384);
#10502=STYLED_ITEM('',(#11056),#14385);
#10503=STYLED_ITEM('',(#11057),#14386);
#10504=STYLED_ITEM('',(#11058),#14387);
#10505=STYLED_ITEM('',(#11059),#14388);
#10506=STYLED_ITEM('',(#11060),#14389);
#10507=STYLED_ITEM('',(#11061),#14390);
#10508=STYLED_ITEM('',(#11062),#14391);
#10509=STYLED_ITEM('',(#11063),#14392);
#10510=STYLED_ITEM('',(#11064),#14393);
#10511=STYLED_ITEM('',(#11065),#14394);
#10512=STYLED_ITEM('',(#11066),#14395);
#10513=STYLED_ITEM('',(#11067),#14396);
#10514=STYLED_ITEM('',(#11068),#14397);
#10515=STYLED_ITEM('',(#11069),#14398);
#10516=STYLED_ITEM('',(#11070),#14399);
#10517=STYLED_ITEM('',(#11071),#14400);
#10518=STYLED_ITEM('',(#11072),#14401);
#10519=STYLED_ITEM('',(#11073),#14402);
#10520=STYLED_ITEM('',(#11074),#14403);
#10521=STYLED_ITEM('',(#11075),#14404);
#10522=STYLED_ITEM('',(#11076),#14405);
#10523=STYLED_ITEM('',(#11077),#14406);
#10524=STYLED_ITEM('',(#11078),#14407);
#10525=STYLED_ITEM('',(#11079),#14408);
#10526=STYLED_ITEM('',(#11080),#14409);
#10527=STYLED_ITEM('',(#11081),#14410);
#10528=STYLED_ITEM('',(#11082),#14411);
#10529=STYLED_ITEM('',(#11083),#14412);
#10530=STYLED_ITEM('',(#11084),#14413);
#10531=STYLED_ITEM('',(#11085),#14414);
#10532=STYLED_ITEM('',(#11086),#14415);
#10533=STYLED_ITEM('',(#11087),#14416);
#10534=STYLED_ITEM('',(#11088),#14417);
#10535=STYLED_ITEM('',(#11089),#14418);
#10536=STYLED_ITEM('',(#11090),#14419);
#10537=STYLED_ITEM('',(#11091),#14420);
#10538=STYLED_ITEM('',(#11092),#14421);
#10539=STYLED_ITEM('',(#11093),#14422);
#10540=STYLED_ITEM('',(#11094),#14423);
#10541=STYLED_ITEM('',(#11095),#14424);
#10542=STYLED_ITEM('',(#11096),#14425);
#10543=STYLED_ITEM('',(#11097),#14426);
#10544=STYLED_ITEM('',(#11098),#14427);
#10545=STYLED_ITEM('',(#11099),#14428);
#10546=STYLED_ITEM('',(#11100),#14429);
#10547=STYLED_ITEM('',(#11101),#14430);
#10548=STYLED_ITEM('',(#11102),#14431);
#10549=STYLED_ITEM('',(#11103),#14432);
#10550=STYLED_ITEM('',(#11104),#14433);
#10551=STYLED_ITEM('',(#11105),#14434);
#10552=STYLED_ITEM('',(#11106),#14435);
#10553=STYLED_ITEM('',(#11107),#14436);
#10554=STYLED_ITEM('',(#11108),#14437);
#10555=STYLED_ITEM('',(#11109),#14438);
#10556=STYLED_ITEM('',(#11110),#14439);
#10557=STYLED_ITEM('',(#11111),#14440);
#10558=STYLED_ITEM('',(#11112),#14441);
#10559=PRESENTATION_STYLE_ASSIGNMENT((#11113));
#10560=PRESENTATION_STYLE_ASSIGNMENT((#11114));
#10561=PRESENTATION_STYLE_ASSIGNMENT((#11115));
#10562=PRESENTATION_STYLE_ASSIGNMENT((#11116));
#10563=PRESENTATION_STYLE_ASSIGNMENT((#11117));
#10564=PRESENTATION_STYLE_ASSIGNMENT((#11118));
#10565=PRESENTATION_STYLE_ASSIGNMENT((#11119));
#10566=PRESENTATION_STYLE_ASSIGNMENT((#11120));
#10567=PRESENTATION_STYLE_ASSIGNMENT((#11121));
#10568=PRESENTATION_STYLE_ASSIGNMENT((#11122));
#10569=PRESENTATION_STYLE_ASSIGNMENT((#11123));
#10570=PRESENTATION_STYLE_ASSIGNMENT((#11124));
#10571=PRESENTATION_STYLE_ASSIGNMENT((#11125));
#10572=PRESENTATION_STYLE_ASSIGNMENT((#11126));
#10573=PRESENTATION_STYLE_ASSIGNMENT((#11127));
#10574=PRESENTATION_STYLE_ASSIGNMENT((#11128));
#10575=PRESENTATION_STYLE_ASSIGNMENT((#11129));
#10576=PRESENTATION_STYLE_ASSIGNMENT((#11130));
#10577=PRESENTATION_STYLE_ASSIGNMENT((#11131));
#10578=PRESENTATION_STYLE_ASSIGNMENT((#11132));
#10579=PRESENTATION_STYLE_ASSIGNMENT((#11133));
#10580=PRESENTATION_STYLE_ASSIGNMENT((#11134));
#10581=PRESENTATION_STYLE_ASSIGNMENT((#11135));
#10582=PRESENTATION_STYLE_ASSIGNMENT((#11136));
#10583=PRESENTATION_STYLE_ASSIGNMENT((#11137));
#10584=PRESENTATION_STYLE_ASSIGNMENT((#11138));
#10585=PRESENTATION_STYLE_ASSIGNMENT((#11139));
#10586=PRESENTATION_STYLE_ASSIGNMENT((#11140));
#10587=PRESENTATION_STYLE_ASSIGNMENT((#11141));
#10588=PRESENTATION_STYLE_ASSIGNMENT((#11142));
#10589=PRESENTATION_STYLE_ASSIGNMENT((#11143));
#10590=PRESENTATION_STYLE_ASSIGNMENT((#11144));
#10591=PRESENTATION_STYLE_ASSIGNMENT((#11145));
#10592=PRESENTATION_STYLE_ASSIGNMENT((#11146));
#10593=PRESENTATION_STYLE_ASSIGNMENT((#11147));
#10594=PRESENTATION_STYLE_ASSIGNMENT((#11148));
#10595=PRESENTATION_STYLE_ASSIGNMENT((#11149));
#10596=PRESENTATION_STYLE_ASSIGNMENT((#11150));
#10597=PRESENTATION_STYLE_ASSIGNMENT((#11151));
#10598=PRESENTATION_STYLE_ASSIGNMENT((#11152));
#10599=PRESENTATION_STYLE_ASSIGNMENT((#11153));
#10600=PRESENTATION_STYLE_ASSIGNMENT((#11154));
#10601=PRESENTATION_STYLE_ASSIGNMENT((#11155));
#10602=PRESENTATION_STYLE_ASSIGNMENT((#11156));
#10603=PRESENTATION_STYLE_ASSIGNMENT((#11157));
#10604=PRESENTATION_STYLE_ASSIGNMENT((#11158));
#10605=PRESENTATION_STYLE_ASSIGNMENT((#11159));
#10606=PRESENTATION_STYLE_ASSIGNMENT((#11160));
#10607=PRESENTATION_STYLE_ASSIGNMENT((#11161));
#10608=PRESENTATION_STYLE_ASSIGNMENT((#11162));
#10609=PRESENTATION_STYLE_ASSIGNMENT((#11163));
#10610=PRESENTATION_STYLE_ASSIGNMENT((#11164));
#10611=PRESENTATION_STYLE_ASSIGNMENT((#11165));
#10612=PRESENTATION_STYLE_ASSIGNMENT((#11166));
#10613=PRESENTATION_STYLE_ASSIGNMENT((#11167));
#10614=PRESENTATION_STYLE_ASSIGNMENT((#11168));
#10615=PRESENTATION_STYLE_ASSIGNMENT((#11169));
#10616=PRESENTATION_STYLE_ASSIGNMENT((#11170));
#10617=PRESENTATION_STYLE_ASSIGNMENT((#11171));
#10618=PRESENTATION_STYLE_ASSIGNMENT((#11172));
#10619=PRESENTATION_STYLE_ASSIGNMENT((#11173));
#10620=PRESENTATION_STYLE_ASSIGNMENT((#11174));
#10621=PRESENTATION_STYLE_ASSIGNMENT((#11175));
#10622=PRESENTATION_STYLE_ASSIGNMENT((#11176));
#10623=PRESENTATION_STYLE_ASSIGNMENT((#11177));
#10624=PRESENTATION_STYLE_ASSIGNMENT((#11178));
#10625=PRESENTATION_STYLE_ASSIGNMENT((#11179));
#10626=PRESENTATION_STYLE_ASSIGNMENT((#11180));
#10627=PRESENTATION_STYLE_ASSIGNMENT((#11181));
#10628=PRESENTATION_STYLE_ASSIGNMENT((#11182));
#10629=PRESENTATION_STYLE_ASSIGNMENT((#11183));
#10630=PRESENTATION_STYLE_ASSIGNMENT((#11184));
#10631=PRESENTATION_STYLE_ASSIGNMENT((#11185));
#10632=PRESENTATION_STYLE_ASSIGNMENT((#11186));
#10633=PRESENTATION_STYLE_ASSIGNMENT((#11187));
#10634=PRESENTATION_STYLE_ASSIGNMENT((#11188));
#10635=PRESENTATION_STYLE_ASSIGNMENT((#11189));
#10636=PRESENTATION_STYLE_ASSIGNMENT((#11190));
#10637=PRESENTATION_STYLE_ASSIGNMENT((#11191));
#10638=PRESENTATION_STYLE_ASSIGNMENT((#11192));
#10639=PRESENTATION_STYLE_ASSIGNMENT((#11193));
#10640=PRESENTATION_STYLE_ASSIGNMENT((#11194));
#10641=PRESENTATION_STYLE_ASSIGNMENT((#11195));
#10642=PRESENTATION_STYLE_ASSIGNMENT((#11196));
#10643=PRESENTATION_STYLE_ASSIGNMENT((#11197));
#10644=PRESENTATION_STYLE_ASSIGNMENT((#11198));
#10645=PRESENTATION_STYLE_ASSIGNMENT((#11199));
#10646=PRESENTATION_STYLE_ASSIGNMENT((#11200));
#10647=PRESENTATION_STYLE_ASSIGNMENT((#11201));
#10648=PRESENTATION_STYLE_ASSIGNMENT((#11202));
#10649=PRESENTATION_STYLE_ASSIGNMENT((#11203));
#10650=PRESENTATION_STYLE_ASSIGNMENT((#11204));
#10651=PRESENTATION_STYLE_ASSIGNMENT((#11205));
#10652=PRESENTATION_STYLE_ASSIGNMENT((#11206));
#10653=PRESENTATION_STYLE_ASSIGNMENT((#11207));
#10654=PRESENTATION_STYLE_ASSIGNMENT((#11208));
#10655=PRESENTATION_STYLE_ASSIGNMENT((#11209));
#10656=PRESENTATION_STYLE_ASSIGNMENT((#11210));
#10657=PRESENTATION_STYLE_ASSIGNMENT((#11211));
#10658=PRESENTATION_STYLE_ASSIGNMENT((#11212));
#10659=PRESENTATION_STYLE_ASSIGNMENT((#11213));
#10660=PRESENTATION_STYLE_ASSIGNMENT((#11214));
#10661=PRESENTATION_STYLE_ASSIGNMENT((#11215));
#10662=PRESENTATION_STYLE_ASSIGNMENT((#11216));
#10663=PRESENTATION_STYLE_ASSIGNMENT((#11217));
#10664=PRESENTATION_STYLE_ASSIGNMENT((#11218));
#10665=PRESENTATION_STYLE_ASSIGNMENT((#11219));
#10666=PRESENTATION_STYLE_ASSIGNMENT((#11220));
#10667=PRESENTATION_STYLE_ASSIGNMENT((#11221));
#10668=PRESENTATION_STYLE_ASSIGNMENT((#11222));
#10669=PRESENTATION_STYLE_ASSIGNMENT((#11223));
#10670=PRESENTATION_STYLE_ASSIGNMENT((#11224));
#10671=PRESENTATION_STYLE_ASSIGNMENT((#11225));
#10672=PRESENTATION_STYLE_ASSIGNMENT((#11226));
#10673=PRESENTATION_STYLE_ASSIGNMENT((#11227));
#10674=PRESENTATION_STYLE_ASSIGNMENT((#11228));
#10675=PRESENTATION_STYLE_ASSIGNMENT((#11229));
#10676=PRESENTATION_STYLE_ASSIGNMENT((#11230));
#10677=PRESENTATION_STYLE_ASSIGNMENT((#11231));
#10678=PRESENTATION_STYLE_ASSIGNMENT((#11232));
#10679=PRESENTATION_STYLE_ASSIGNMENT((#11233));
#10680=PRESENTATION_STYLE_ASSIGNMENT((#11234));
#10681=PRESENTATION_STYLE_ASSIGNMENT((#11235));
#10682=PRESENTATION_STYLE_ASSIGNMENT((#11236));
#10683=PRESENTATION_STYLE_ASSIGNMENT((#11237));
#10684=PRESENTATION_STYLE_ASSIGNMENT((#11238));
#10685=PRESENTATION_STYLE_ASSIGNMENT((#11239));
#10686=PRESENTATION_STYLE_ASSIGNMENT((#11240));
#10687=PRESENTATION_STYLE_ASSIGNMENT((#11241));
#10688=PRESENTATION_STYLE_ASSIGNMENT((#11242));
#10689=PRESENTATION_STYLE_ASSIGNMENT((#11243));
#10690=PRESENTATION_STYLE_ASSIGNMENT((#11244));
#10691=PRESENTATION_STYLE_ASSIGNMENT((#11245));
#10692=PRESENTATION_STYLE_ASSIGNMENT((#11246));
#10693=PRESENTATION_STYLE_ASSIGNMENT((#11247));
#10694=PRESENTATION_STYLE_ASSIGNMENT((#11248));
#10695=PRESENTATION_STYLE_ASSIGNMENT((#11249));
#10696=PRESENTATION_STYLE_ASSIGNMENT((#11250));
#10697=PRESENTATION_STYLE_ASSIGNMENT((#11251));
#10698=PRESENTATION_STYLE_ASSIGNMENT((#11252));
#10699=PRESENTATION_STYLE_ASSIGNMENT((#11253));
#10700=PRESENTATION_STYLE_ASSIGNMENT((#11254));
#10701=PRESENTATION_STYLE_ASSIGNMENT((#11255));
#10702=PRESENTATION_STYLE_ASSIGNMENT((#11256));
#10703=PRESENTATION_STYLE_ASSIGNMENT((#11257));
#10704=PRESENTATION_STYLE_ASSIGNMENT((#11258));
#10705=PRESENTATION_STYLE_ASSIGNMENT((#11259));
#10706=PRESENTATION_STYLE_ASSIGNMENT((#11260));
#10707=PRESENTATION_STYLE_ASSIGNMENT((#11261));
#10708=PRESENTATION_STYLE_ASSIGNMENT((#11262));
#10709=PRESENTATION_STYLE_ASSIGNMENT((#11263));
#10710=PRESENTATION_STYLE_ASSIGNMENT((#11264));
#10711=PRESENTATION_STYLE_ASSIGNMENT((#11265));
#10712=PRESENTATION_STYLE_ASSIGNMENT((#11266));
#10713=PRESENTATION_STYLE_ASSIGNMENT((#11267));
#10714=PRESENTATION_STYLE_ASSIGNMENT((#11268));
#10715=PRESENTATION_STYLE_ASSIGNMENT((#11269));
#10716=PRESENTATION_STYLE_ASSIGNMENT((#11270));
#10717=PRESENTATION_STYLE_ASSIGNMENT((#11271));
#10718=PRESENTATION_STYLE_ASSIGNMENT((#11272));
#10719=PRESENTATION_STYLE_ASSIGNMENT((#11273));
#10720=PRESENTATION_STYLE_ASSIGNMENT((#11274));
#10721=PRESENTATION_STYLE_ASSIGNMENT((#11275));
#10722=PRESENTATION_STYLE_ASSIGNMENT((#11276));
#10723=PRESENTATION_STYLE_ASSIGNMENT((#11277));
#10724=PRESENTATION_STYLE_ASSIGNMENT((#11278));
#10725=PRESENTATION_STYLE_ASSIGNMENT((#11279));
#10726=PRESENTATION_STYLE_ASSIGNMENT((#11280));
#10727=PRESENTATION_STYLE_ASSIGNMENT((#11281));
#10728=PRESENTATION_STYLE_ASSIGNMENT((#11282));
#10729=PRESENTATION_STYLE_ASSIGNMENT((#11283));
#10730=PRESENTATION_STYLE_ASSIGNMENT((#11284));
#10731=PRESENTATION_STYLE_ASSIGNMENT((#11285));
#10732=PRESENTATION_STYLE_ASSIGNMENT((#11286));
#10733=PRESENTATION_STYLE_ASSIGNMENT((#11287));
#10734=PRESENTATION_STYLE_ASSIGNMENT((#11288));
#10735=PRESENTATION_STYLE_ASSIGNMENT((#11289));
#10736=PRESENTATION_STYLE_ASSIGNMENT((#11290));
#10737=PRESENTATION_STYLE_ASSIGNMENT((#11291));
#10738=PRESENTATION_STYLE_ASSIGNMENT((#11292));
#10739=PRESENTATION_STYLE_ASSIGNMENT((#11293));
#10740=PRESENTATION_STYLE_ASSIGNMENT((#11294));
#10741=PRESENTATION_STYLE_ASSIGNMENT((#11295));
#10742=PRESENTATION_STYLE_ASSIGNMENT((#11296));
#10743=PRESENTATION_STYLE_ASSIGNMENT((#11297));
#10744=PRESENTATION_STYLE_ASSIGNMENT((#11298));
#10745=PRESENTATION_STYLE_ASSIGNMENT((#11299));
#10746=PRESENTATION_STYLE_ASSIGNMENT((#11300));
#10747=PRESENTATION_STYLE_ASSIGNMENT((#11301));
#10748=PRESENTATION_STYLE_ASSIGNMENT((#11302));
#10749=PRESENTATION_STYLE_ASSIGNMENT((#11303));
#10750=PRESENTATION_STYLE_ASSIGNMENT((#11304));
#10751=PRESENTATION_STYLE_ASSIGNMENT((#11305));
#10752=PRESENTATION_STYLE_ASSIGNMENT((#11306));
#10753=PRESENTATION_STYLE_ASSIGNMENT((#11307));
#10754=PRESENTATION_STYLE_ASSIGNMENT((#11308));
#10755=PRESENTATION_STYLE_ASSIGNMENT((#11309));
#10756=PRESENTATION_STYLE_ASSIGNMENT((#11310));
#10757=PRESENTATION_STYLE_ASSIGNMENT((#11311));
#10758=PRESENTATION_STYLE_ASSIGNMENT((#11312));
#10759=PRESENTATION_STYLE_ASSIGNMENT((#11313));
#10760=PRESENTATION_STYLE_ASSIGNMENT((#11314));
#10761=PRESENTATION_STYLE_ASSIGNMENT((#11315));
#10762=PRESENTATION_STYLE_ASSIGNMENT((#11316));
#10763=PRESENTATION_STYLE_ASSIGNMENT((#11317));
#10764=PRESENTATION_STYLE_ASSIGNMENT((#11318));
#10765=PRESENTATION_STYLE_ASSIGNMENT((#11319));
#10766=PRESENTATION_STYLE_ASSIGNMENT((#11320));
#10767=PRESENTATION_STYLE_ASSIGNMENT((#11321));
#10768=PRESENTATION_STYLE_ASSIGNMENT((#11322));
#10769=PRESENTATION_STYLE_ASSIGNMENT((#11323));
#10770=PRESENTATION_STYLE_ASSIGNMENT((#11324));
#10771=PRESENTATION_STYLE_ASSIGNMENT((#11325));
#10772=PRESENTATION_STYLE_ASSIGNMENT((#11326));
#10773=PRESENTATION_STYLE_ASSIGNMENT((#11327));
#10774=PRESENTATION_STYLE_ASSIGNMENT((#11328));
#10775=PRESENTATION_STYLE_ASSIGNMENT((#11329));
#10776=PRESENTATION_STYLE_ASSIGNMENT((#11330));
#10777=PRESENTATION_STYLE_ASSIGNMENT((#11331));
#10778=PRESENTATION_STYLE_ASSIGNMENT((#11332));
#10779=PRESENTATION_STYLE_ASSIGNMENT((#11333));
#10780=PRESENTATION_STYLE_ASSIGNMENT((#11334));
#10781=PRESENTATION_STYLE_ASSIGNMENT((#11335));
#10782=PRESENTATION_STYLE_ASSIGNMENT((#11336));
#10783=PRESENTATION_STYLE_ASSIGNMENT((#11337));
#10784=PRESENTATION_STYLE_ASSIGNMENT((#11338));
#10785=PRESENTATION_STYLE_ASSIGNMENT((#11339));
#10786=PRESENTATION_STYLE_ASSIGNMENT((#11340));
#10787=PRESENTATION_STYLE_ASSIGNMENT((#11341));
#10788=PRESENTATION_STYLE_ASSIGNMENT((#11342));
#10789=PRESENTATION_STYLE_ASSIGNMENT((#11343));
#10790=PRESENTATION_STYLE_ASSIGNMENT((#11344));
#10791=PRESENTATION_STYLE_ASSIGNMENT((#11345));
#10792=PRESENTATION_STYLE_ASSIGNMENT((#11346));
#10793=PRESENTATION_STYLE_ASSIGNMENT((#11347));
#10794=PRESENTATION_STYLE_ASSIGNMENT((#11348));
#10795=PRESENTATION_STYLE_ASSIGNMENT((#11349));
#10796=PRESENTATION_STYLE_ASSIGNMENT((#11350));
#10797=PRESENTATION_STYLE_ASSIGNMENT((#11351));
#10798=PRESENTATION_STYLE_ASSIGNMENT((#11352));
#10799=PRESENTATION_STYLE_ASSIGNMENT((#11353));
#10800=PRESENTATION_STYLE_ASSIGNMENT((#11354));
#10801=PRESENTATION_STYLE_ASSIGNMENT((#11355));
#10802=PRESENTATION_STYLE_ASSIGNMENT((#11356));
#10803=PRESENTATION_STYLE_ASSIGNMENT((#11357));
#10804=PRESENTATION_STYLE_ASSIGNMENT((#11358));
#10805=PRESENTATION_STYLE_ASSIGNMENT((#11359));
#10806=PRESENTATION_STYLE_ASSIGNMENT((#11360));
#10807=PRESENTATION_STYLE_ASSIGNMENT((#11361));
#10808=PRESENTATION_STYLE_ASSIGNMENT((#11362));
#10809=PRESENTATION_STYLE_ASSIGNMENT((#11363));
#10810=PRESENTATION_STYLE_ASSIGNMENT((#11364));
#10811=PRESENTATION_STYLE_ASSIGNMENT((#11365));
#10812=PRESENTATION_STYLE_ASSIGNMENT((#11366));
#10813=PRESENTATION_STYLE_ASSIGNMENT((#11367));
#10814=PRESENTATION_STYLE_ASSIGNMENT((#11368));
#10815=PRESENTATION_STYLE_ASSIGNMENT((#11369));
#10816=PRESENTATION_STYLE_ASSIGNMENT((#11370));
#10817=PRESENTATION_STYLE_ASSIGNMENT((#11371));
#10818=PRESENTATION_STYLE_ASSIGNMENT((#11372));
#10819=PRESENTATION_STYLE_ASSIGNMENT((#11373));
#10820=PRESENTATION_STYLE_ASSIGNMENT((#11374));
#10821=PRESENTATION_STYLE_ASSIGNMENT((#11375));
#10822=PRESENTATION_STYLE_ASSIGNMENT((#11376));
#10823=PRESENTATION_STYLE_ASSIGNMENT((#11377));
#10824=PRESENTATION_STYLE_ASSIGNMENT((#11378));
#10825=PRESENTATION_STYLE_ASSIGNMENT((#11379));
#10826=PRESENTATION_STYLE_ASSIGNMENT((#11380));
#10827=PRESENTATION_STYLE_ASSIGNMENT((#11381));
#10828=PRESENTATION_STYLE_ASSIGNMENT((#11382));
#10829=PRESENTATION_STYLE_ASSIGNMENT((#11383));
#10830=PRESENTATION_STYLE_ASSIGNMENT((#11384));
#10831=PRESENTATION_STYLE_ASSIGNMENT((#11385));
#10832=PRESENTATION_STYLE_ASSIGNMENT((#11386));
#10833=PRESENTATION_STYLE_ASSIGNMENT((#11387));
#10834=PRESENTATION_STYLE_ASSIGNMENT((#11388));
#10835=PRESENTATION_STYLE_ASSIGNMENT((#11389));
#10836=PRESENTATION_STYLE_ASSIGNMENT((#11390));
#10837=PRESENTATION_STYLE_ASSIGNMENT((#11391));
#10838=PRESENTATION_STYLE_ASSIGNMENT((#11392));
#10839=PRESENTATION_STYLE_ASSIGNMENT((#11393));
#10840=PRESENTATION_STYLE_ASSIGNMENT((#11394));
#10841=PRESENTATION_STYLE_ASSIGNMENT((#11395));
#10842=PRESENTATION_STYLE_ASSIGNMENT((#11396));
#10843=PRESENTATION_STYLE_ASSIGNMENT((#11397));
#10844=PRESENTATION_STYLE_ASSIGNMENT((#11398));
#10845=PRESENTATION_STYLE_ASSIGNMENT((#11399));
#10846=PRESENTATION_STYLE_ASSIGNMENT((#11400));
#10847=PRESENTATION_STYLE_ASSIGNMENT((#11401));
#10848=PRESENTATION_STYLE_ASSIGNMENT((#11402));
#10849=PRESENTATION_STYLE_ASSIGNMENT((#11403));
#10850=PRESENTATION_STYLE_ASSIGNMENT((#11404));
#10851=PRESENTATION_STYLE_ASSIGNMENT((#11405));
#10852=PRESENTATION_STYLE_ASSIGNMENT((#11406));
#10853=PRESENTATION_STYLE_ASSIGNMENT((#11407));
#10854=PRESENTATION_STYLE_ASSIGNMENT((#11408));
#10855=PRESENTATION_STYLE_ASSIGNMENT((#11409));
#10856=PRESENTATION_STYLE_ASSIGNMENT((#11410));
#10857=PRESENTATION_STYLE_ASSIGNMENT((#11411));
#10858=PRESENTATION_STYLE_ASSIGNMENT((#11412));
#10859=PRESENTATION_STYLE_ASSIGNMENT((#11413));
#10860=PRESENTATION_STYLE_ASSIGNMENT((#11414));
#10861=PRESENTATION_STYLE_ASSIGNMENT((#11415));
#10862=PRESENTATION_STYLE_ASSIGNMENT((#11416));
#10863=PRESENTATION_STYLE_ASSIGNMENT((#11417));
#10864=PRESENTATION_STYLE_ASSIGNMENT((#11418));
#10865=PRESENTATION_STYLE_ASSIGNMENT((#11419));
#10866=PRESENTATION_STYLE_ASSIGNMENT((#11420));
#10867=PRESENTATION_STYLE_ASSIGNMENT((#11421));
#10868=PRESENTATION_STYLE_ASSIGNMENT((#11422));
#10869=PRESENTATION_STYLE_ASSIGNMENT((#11423));
#10870=PRESENTATION_STYLE_ASSIGNMENT((#11424));
#10871=PRESENTATION_STYLE_ASSIGNMENT((#11425));
#10872=PRESENTATION_STYLE_ASSIGNMENT((#11426));
#10873=PRESENTATION_STYLE_ASSIGNMENT((#11427));
#10874=PRESENTATION_STYLE_ASSIGNMENT((#11428));
#10875=PRESENTATION_STYLE_ASSIGNMENT((#11429));
#10876=PRESENTATION_STYLE_ASSIGNMENT((#11430));
#10877=PRESENTATION_STYLE_ASSIGNMENT((#11431));
#10878=PRESENTATION_STYLE_ASSIGNMENT((#11432));
#10879=PRESENTATION_STYLE_ASSIGNMENT((#11433));
#10880=PRESENTATION_STYLE_ASSIGNMENT((#11434));
#10881=PRESENTATION_STYLE_ASSIGNMENT((#11435));
#10882=PRESENTATION_STYLE_ASSIGNMENT((#11436));
#10883=PRESENTATION_STYLE_ASSIGNMENT((#11437));
#10884=PRESENTATION_STYLE_ASSIGNMENT((#11438));
#10885=PRESENTATION_STYLE_ASSIGNMENT((#11439));
#10886=PRESENTATION_STYLE_ASSIGNMENT((#11440));
#10887=PRESENTATION_STYLE_ASSIGNMENT((#11441));
#10888=PRESENTATION_STYLE_ASSIGNMENT((#11442));
#10889=PRESENTATION_STYLE_ASSIGNMENT((#11443));
#10890=PRESENTATION_STYLE_ASSIGNMENT((#11444));
#10891=PRESENTATION_STYLE_ASSIGNMENT((#11445));
#10892=PRESENTATION_STYLE_ASSIGNMENT((#11446));
#10893=PRESENTATION_STYLE_ASSIGNMENT((#11447));
#10894=PRESENTATION_STYLE_ASSIGNMENT((#11448));
#10895=PRESENTATION_STYLE_ASSIGNMENT((#11449));
#10896=PRESENTATION_STYLE_ASSIGNMENT((#11450));
#10897=PRESENTATION_STYLE_ASSIGNMENT((#11451));
#10898=PRESENTATION_STYLE_ASSIGNMENT((#11452));
#10899=PRESENTATION_STYLE_ASSIGNMENT((#11453));
#10900=PRESENTATION_STYLE_ASSIGNMENT((#11454));
#10901=PRESENTATION_STYLE_ASSIGNMENT((#11455));
#10902=PRESENTATION_STYLE_ASSIGNMENT((#11456));
#10903=PRESENTATION_STYLE_ASSIGNMENT((#11457));
#10904=PRESENTATION_STYLE_ASSIGNMENT((#11458));
#10905=PRESENTATION_STYLE_ASSIGNMENT((#11459));
#10906=PRESENTATION_STYLE_ASSIGNMENT((#11460));
#10907=PRESENTATION_STYLE_ASSIGNMENT((#11461));
#10908=PRESENTATION_STYLE_ASSIGNMENT((#11462));
#10909=PRESENTATION_STYLE_ASSIGNMENT((#11463));
#10910=PRESENTATION_STYLE_ASSIGNMENT((#11464));
#10911=PRESENTATION_STYLE_ASSIGNMENT((#11465));
#10912=PRESENTATION_STYLE_ASSIGNMENT((#11466));
#10913=PRESENTATION_STYLE_ASSIGNMENT((#11467));
#10914=PRESENTATION_STYLE_ASSIGNMENT((#11468));
#10915=PRESENTATION_STYLE_ASSIGNMENT((#11469));
#10916=PRESENTATION_STYLE_ASSIGNMENT((#11470));
#10917=PRESENTATION_STYLE_ASSIGNMENT((#11471));
#10918=PRESENTATION_STYLE_ASSIGNMENT((#11472));
#10919=PRESENTATION_STYLE_ASSIGNMENT((#11473));
#10920=PRESENTATION_STYLE_ASSIGNMENT((#11474));
#10921=PRESENTATION_STYLE_ASSIGNMENT((#11475));
#10922=PRESENTATION_STYLE_ASSIGNMENT((#11476));
#10923=PRESENTATION_STYLE_ASSIGNMENT((#11477));
#10924=PRESENTATION_STYLE_ASSIGNMENT((#11478));
#10925=PRESENTATION_STYLE_ASSIGNMENT((#11479));
#10926=PRESENTATION_STYLE_ASSIGNMENT((#11480));
#10927=PRESENTATION_STYLE_ASSIGNMENT((#11481));
#10928=PRESENTATION_STYLE_ASSIGNMENT((#11482));
#10929=PRESENTATION_STYLE_ASSIGNMENT((#11483));
#10930=PRESENTATION_STYLE_ASSIGNMENT((#11484));
#10931=PRESENTATION_STYLE_ASSIGNMENT((#11485));
#10932=PRESENTATION_STYLE_ASSIGNMENT((#11486));
#10933=PRESENTATION_STYLE_ASSIGNMENT((#11487));
#10934=PRESENTATION_STYLE_ASSIGNMENT((#11488));
#10935=PRESENTATION_STYLE_ASSIGNMENT((#11489));
#10936=PRESENTATION_STYLE_ASSIGNMENT((#11490));
#10937=PRESENTATION_STYLE_ASSIGNMENT((#11491));
#10938=PRESENTATION_STYLE_ASSIGNMENT((#11492));
#10939=PRESENTATION_STYLE_ASSIGNMENT((#11493));
#10940=PRESENTATION_STYLE_ASSIGNMENT((#11494));
#10941=PRESENTATION_STYLE_ASSIGNMENT((#11495));
#10942=PRESENTATION_STYLE_ASSIGNMENT((#11496));
#10943=PRESENTATION_STYLE_ASSIGNMENT((#11497));
#10944=PRESENTATION_STYLE_ASSIGNMENT((#11498));
#10945=PRESENTATION_STYLE_ASSIGNMENT((#11499));
#10946=PRESENTATION_STYLE_ASSIGNMENT((#11500));
#10947=PRESENTATION_STYLE_ASSIGNMENT((#11501));
#10948=PRESENTATION_STYLE_ASSIGNMENT((#11502));
#10949=PRESENTATION_STYLE_ASSIGNMENT((#11503));
#10950=PRESENTATION_STYLE_ASSIGNMENT((#11504));
#10951=PRESENTATION_STYLE_ASSIGNMENT((#11505));
#10952=PRESENTATION_STYLE_ASSIGNMENT((#11506));
#10953=PRESENTATION_STYLE_ASSIGNMENT((#11507));
#10954=PRESENTATION_STYLE_ASSIGNMENT((#11508));
#10955=PRESENTATION_STYLE_ASSIGNMENT((#11509));
#10956=PRESENTATION_STYLE_ASSIGNMENT((#11510));
#10957=PRESENTATION_STYLE_ASSIGNMENT((#11511));
#10958=PRESENTATION_STYLE_ASSIGNMENT((#11512));
#10959=PRESENTATION_STYLE_ASSIGNMENT((#11513));
#10960=PRESENTATION_STYLE_ASSIGNMENT((#11514));
#10961=PRESENTATION_STYLE_ASSIGNMENT((#11515));
#10962=PRESENTATION_STYLE_ASSIGNMENT((#11516));
#10963=PRESENTATION_STYLE_ASSIGNMENT((#11517));
#10964=PRESENTATION_STYLE_ASSIGNMENT((#11518));
#10965=PRESENTATION_STYLE_ASSIGNMENT((#11519));
#10966=PRESENTATION_STYLE_ASSIGNMENT((#11520));
#10967=PRESENTATION_STYLE_ASSIGNMENT((#11521));
#10968=PRESENTATION_STYLE_ASSIGNMENT((#11522));
#10969=PRESENTATION_STYLE_ASSIGNMENT((#11523));
#10970=PRESENTATION_STYLE_ASSIGNMENT((#11524));
#10971=PRESENTATION_STYLE_ASSIGNMENT((#11525));
#10972=PRESENTATION_STYLE_ASSIGNMENT((#11526));
#10973=PRESENTATION_STYLE_ASSIGNMENT((#11527));
#10974=PRESENTATION_STYLE_ASSIGNMENT((#11528));
#10975=PRESENTATION_STYLE_ASSIGNMENT((#11529));
#10976=PRESENTATION_STYLE_ASSIGNMENT((#11530));
#10977=PRESENTATION_STYLE_ASSIGNMENT((#11531));
#10978=PRESENTATION_STYLE_ASSIGNMENT((#11532));
#10979=PRESENTATION_STYLE_ASSIGNMENT((#11533));
#10980=PRESENTATION_STYLE_ASSIGNMENT((#11534));
#10981=PRESENTATION_STYLE_ASSIGNMENT((#11535));
#10982=PRESENTATION_STYLE_ASSIGNMENT((#11536));
#10983=PRESENTATION_STYLE_ASSIGNMENT((#11537));
#10984=PRESENTATION_STYLE_ASSIGNMENT((#11538));
#10985=PRESENTATION_STYLE_ASSIGNMENT((#11539));
#10986=PRESENTATION_STYLE_ASSIGNMENT((#11540));
#10987=PRESENTATION_STYLE_ASSIGNMENT((#11541));
#10988=PRESENTATION_STYLE_ASSIGNMENT((#11542));
#10989=PRESENTATION_STYLE_ASSIGNMENT((#11543));
#10990=PRESENTATION_STYLE_ASSIGNMENT((#11544));
#10991=PRESENTATION_STYLE_ASSIGNMENT((#11545));
#10992=PRESENTATION_STYLE_ASSIGNMENT((#11546));
#10993=PRESENTATION_STYLE_ASSIGNMENT((#11547));
#10994=PRESENTATION_STYLE_ASSIGNMENT((#11548));
#10995=PRESENTATION_STYLE_ASSIGNMENT((#11549));
#10996=PRESENTATION_STYLE_ASSIGNMENT((#11550));
#10997=PRESENTATION_STYLE_ASSIGNMENT((#11551));
#10998=PRESENTATION_STYLE_ASSIGNMENT((#11552));
#10999=PRESENTATION_STYLE_ASSIGNMENT((#11553));
#11000=PRESENTATION_STYLE_ASSIGNMENT((#11554));
#11001=PRESENTATION_STYLE_ASSIGNMENT((#11555));
#11002=PRESENTATION_STYLE_ASSIGNMENT((#11556));
#11003=PRESENTATION_STYLE_ASSIGNMENT((#11557));
#11004=PRESENTATION_STYLE_ASSIGNMENT((#11558));
#11005=PRESENTATION_STYLE_ASSIGNMENT((#11559));
#11006=PRESENTATION_STYLE_ASSIGNMENT((#11560));
#11007=PRESENTATION_STYLE_ASSIGNMENT((#11561));
#11008=PRESENTATION_STYLE_ASSIGNMENT((#11562));
#11009=PRESENTATION_STYLE_ASSIGNMENT((#11563));
#11010=PRESENTATION_STYLE_ASSIGNMENT((#11564));
#11011=PRESENTATION_STYLE_ASSIGNMENT((#11565));
#11012=PRESENTATION_STYLE_ASSIGNMENT((#11566));
#11013=PRESENTATION_STYLE_ASSIGNMENT((#11567));
#11014=PRESENTATION_STYLE_ASSIGNMENT((#11568));
#11015=PRESENTATION_STYLE_ASSIGNMENT((#11569));
#11016=PRESENTATION_STYLE_ASSIGNMENT((#11570));
#11017=PRESENTATION_STYLE_ASSIGNMENT((#11571));
#11018=PRESENTATION_STYLE_ASSIGNMENT((#11572));
#11019=PRESENTATION_STYLE_ASSIGNMENT((#11573));
#11020=PRESENTATION_STYLE_ASSIGNMENT((#11574));
#11021=PRESENTATION_STYLE_ASSIGNMENT((#11575));
#11022=PRESENTATION_STYLE_ASSIGNMENT((#11576));
#11023=PRESENTATION_STYLE_ASSIGNMENT((#11577));
#11024=PRESENTATION_STYLE_ASSIGNMENT((#11578));
#11025=PRESENTATION_STYLE_ASSIGNMENT((#11579));
#11026=PRESENTATION_STYLE_ASSIGNMENT((#11580));
#11027=PRESENTATION_STYLE_ASSIGNMENT((#11581));
#11028=PRESENTATION_STYLE_ASSIGNMENT((#11582));
#11029=PRESENTATION_STYLE_ASSIGNMENT((#11583));
#11030=PRESENTATION_STYLE_ASSIGNMENT((#11584));
#11031=PRESENTATION_STYLE_ASSIGNMENT((#11585));
#11032=PRESENTATION_STYLE_ASSIGNMENT((#11586));
#11033=PRESENTATION_STYLE_ASSIGNMENT((#11587));
#11034=PRESENTATION_STYLE_ASSIGNMENT((#11588));
#11035=PRESENTATION_STYLE_ASSIGNMENT((#11589));
#11036=PRESENTATION_STYLE_ASSIGNMENT((#11590));
#11037=PRESENTATION_STYLE_ASSIGNMENT((#11591));
#11038=PRESENTATION_STYLE_ASSIGNMENT((#11592));
#11039=PRESENTATION_STYLE_ASSIGNMENT((#11593));
#11040=PRESENTATION_STYLE_ASSIGNMENT((#11594));
#11041=PRESENTATION_STYLE_ASSIGNMENT((#11595));
#11042=PRESENTATION_STYLE_ASSIGNMENT((#11596));
#11043=PRESENTATION_STYLE_ASSIGNMENT((#11597));
#11044=PRESENTATION_STYLE_ASSIGNMENT((#11598));
#11045=PRESENTATION_STYLE_ASSIGNMENT((#11599));
#11046=PRESENTATION_STYLE_ASSIGNMENT((#11600));
#11047=PRESENTATION_STYLE_ASSIGNMENT((#11601));
#11048=PRESENTATION_STYLE_ASSIGNMENT((#11602));
#11049=PRESENTATION_STYLE_ASSIGNMENT((#11603));
#11050=PRESENTATION_STYLE_ASSIGNMENT((#11604));
#11051=PRESENTATION_STYLE_ASSIGNMENT((#11605));
#11052=PRESENTATION_STYLE_ASSIGNMENT((#11606));
#11053=PRESENTATION_STYLE_ASSIGNMENT((#11607));
#11054=PRESENTATION_STYLE_ASSIGNMENT((#11608));
#11055=PRESENTATION_STYLE_ASSIGNMENT((#11609));
#11056=PRESENTATION_STYLE_ASSIGNMENT((#11610));
#11057=PRESENTATION_STYLE_ASSIGNMENT((#11611));
#11058=PRESENTATION_STYLE_ASSIGNMENT((#11612));
#11059=PRESENTATION_STYLE_ASSIGNMENT((#11613));
#11060=PRESENTATION_STYLE_ASSIGNMENT((#11614));
#11061=PRESENTATION_STYLE_ASSIGNMENT((#11615));
#11062=PRESENTATION_STYLE_ASSIGNMENT((#11616));
#11063=PRESENTATION_STYLE_ASSIGNMENT((#11617));
#11064=PRESENTATION_STYLE_ASSIGNMENT((#11618));
#11065=PRESENTATION_STYLE_ASSIGNMENT((#11619));
#11066=PRESENTATION_STYLE_ASSIGNMENT((#11620));
#11067=PRESENTATION_STYLE_ASSIGNMENT((#11621));
#11068=PRESENTATION_STYLE_ASSIGNMENT((#11622));
#11069=PRESENTATION_STYLE_ASSIGNMENT((#11623));
#11070=PRESENTATION_STYLE_ASSIGNMENT((#11624));
#11071=PRESENTATION_STYLE_ASSIGNMENT((#11625));
#11072=PRESENTATION_STYLE_ASSIGNMENT((#11626));
#11073=PRESENTATION_STYLE_ASSIGNMENT((#11627));
#11074=PRESENTATION_STYLE_ASSIGNMENT((#11628));
#11075=PRESENTATION_STYLE_ASSIGNMENT((#11629));
#11076=PRESENTATION_STYLE_ASSIGNMENT((#11630));
#11077=PRESENTATION_STYLE_ASSIGNMENT((#11631));
#11078=PRESENTATION_STYLE_ASSIGNMENT((#11632));
#11079=PRESENTATION_STYLE_ASSIGNMENT((#11633));
#11080=PRESENTATION_STYLE_ASSIGNMENT((#11634));
#11081=PRESENTATION_STYLE_ASSIGNMENT((#11635));
#11082=PRESENTATION_STYLE_ASSIGNMENT((#11636));
#11083=PRESENTATION_STYLE_ASSIGNMENT((#11637));
#11084=PRESENTATION_STYLE_ASSIGNMENT((#11638));
#11085=PRESENTATION_STYLE_ASSIGNMENT((#11639));
#11086=PRESENTATION_STYLE_ASSIGNMENT((#11640));
#11087=PRESENTATION_STYLE_ASSIGNMENT((#11641));
#11088=PRESENTATION_STYLE_ASSIGNMENT((#11642));
#11089=PRESENTATION_STYLE_ASSIGNMENT((#11643));
#11090=PRESENTATION_STYLE_ASSIGNMENT((#11644));
#11091=PRESENTATION_STYLE_ASSIGNMENT((#11645));
#11092=PRESENTATION_STYLE_ASSIGNMENT((#11646));
#11093=PRESENTATION_STYLE_ASSIGNMENT((#11647));
#11094=PRESENTATION_STYLE_ASSIGNMENT((#11648));
#11095=PRESENTATION_STYLE_ASSIGNMENT((#11649));
#11096=PRESENTATION_STYLE_ASSIGNMENT((#11650));
#11097=PRESENTATION_STYLE_ASSIGNMENT((#11651));
#11098=PRESENTATION_STYLE_ASSIGNMENT((#11652));
#11099=PRESENTATION_STYLE_ASSIGNMENT((#11653));
#11100=PRESENTATION_STYLE_ASSIGNMENT((#11654));
#11101=PRESENTATION_STYLE_ASSIGNMENT((#11655));
#11102=PRESENTATION_STYLE_ASSIGNMENT((#11656));
#11103=PRESENTATION_STYLE_ASSIGNMENT((#11657));
#11104=PRESENTATION_STYLE_ASSIGNMENT((#11658));
#11105=PRESENTATION_STYLE_ASSIGNMENT((#11659));
#11106=PRESENTATION_STYLE_ASSIGNMENT((#11660));
#11107=PRESENTATION_STYLE_ASSIGNMENT((#11661));
#11108=PRESENTATION_STYLE_ASSIGNMENT((#11662));
#11109=PRESENTATION_STYLE_ASSIGNMENT((#11663));
#11110=PRESENTATION_STYLE_ASSIGNMENT((#11664));
#11111=PRESENTATION_STYLE_ASSIGNMENT((#11665));
#11112=PRESENTATION_STYLE_ASSIGNMENT((#11666));
#11113=SURFACE_STYLE_USAGE(.BOTH.,#11667);
#11114=SURFACE_STYLE_USAGE(.BOTH.,#11668);
#11115=SURFACE_STYLE_USAGE(.BOTH.,#11669);
#11116=SURFACE_STYLE_USAGE(.BOTH.,#11670);
#11117=SURFACE_STYLE_USAGE(.BOTH.,#11671);
#11118=SURFACE_STYLE_USAGE(.BOTH.,#11672);
#11119=SURFACE_STYLE_USAGE(.BOTH.,#11673);
#11120=SURFACE_STYLE_USAGE(.BOTH.,#11674);
#11121=SURFACE_STYLE_USAGE(.BOTH.,#11675);
#11122=SURFACE_STYLE_USAGE(.BOTH.,#11676);
#11123=SURFACE_STYLE_USAGE(.BOTH.,#11677);
#11124=SURFACE_STYLE_USAGE(.BOTH.,#11678);
#11125=SURFACE_STYLE_USAGE(.BOTH.,#11679);
#11126=SURFACE_STYLE_USAGE(.BOTH.,#11680);
#11127=SURFACE_STYLE_USAGE(.BOTH.,#11681);
#11128=SURFACE_STYLE_USAGE(.BOTH.,#11682);
#11129=SURFACE_STYLE_USAGE(.BOTH.,#11683);
#11130=SURFACE_STYLE_USAGE(.BOTH.,#11684);
#11131=SURFACE_STYLE_USAGE(.BOTH.,#11685);
#11132=SURFACE_STYLE_USAGE(.BOTH.,#11686);
#11133=SURFACE_STYLE_USAGE(.BOTH.,#11687);
#11134=SURFACE_STYLE_USAGE(.BOTH.,#11688);
#11135=SURFACE_STYLE_USAGE(.BOTH.,#11689);
#11136=SURFACE_STYLE_USAGE(.BOTH.,#11690);
#11137=SURFACE_STYLE_USAGE(.BOTH.,#11691);
#11138=SURFACE_STYLE_USAGE(.BOTH.,#11692);
#11139=SURFACE_STYLE_USAGE(.BOTH.,#11693);
#11140=SURFACE_STYLE_USAGE(.BOTH.,#11694);
#11141=SURFACE_STYLE_USAGE(.BOTH.,#11695);
#11142=SURFACE_STYLE_USAGE(.BOTH.,#11696);
#11143=SURFACE_STYLE_USAGE(.BOTH.,#11697);
#11144=SURFACE_STYLE_USAGE(.BOTH.,#11698);
#11145=SURFACE_STYLE_USAGE(.BOTH.,#11699);
#11146=SURFACE_STYLE_USAGE(.BOTH.,#11700);
#11147=SURFACE_STYLE_USAGE(.BOTH.,#11701);
#11148=SURFACE_STYLE_USAGE(.BOTH.,#11702);
#11149=SURFACE_STYLE_USAGE(.BOTH.,#11703);
#11150=SURFACE_STYLE_USAGE(.BOTH.,#11704);
#11151=SURFACE_STYLE_USAGE(.BOTH.,#11705);
#11152=SURFACE_STYLE_USAGE(.BOTH.,#11706);
#11153=SURFACE_STYLE_USAGE(.BOTH.,#11707);
#11154=SURFACE_STYLE_USAGE(.BOTH.,#11708);
#11155=SURFACE_STYLE_USAGE(.BOTH.,#11709);
#11156=SURFACE_STYLE_USAGE(.BOTH.,#11710);
#11157=SURFACE_STYLE_USAGE(.BOTH.,#11711);
#11158=SURFACE_STYLE_USAGE(.BOTH.,#11712);
#11159=SURFACE_STYLE_USAGE(.BOTH.,#11713);
#11160=SURFACE_STYLE_USAGE(.BOTH.,#11714);
#11161=SURFACE_STYLE_USAGE(.BOTH.,#11715);
#11162=SURFACE_STYLE_USAGE(.BOTH.,#11716);
#11163=SURFACE_STYLE_USAGE(.BOTH.,#11717);
#11164=SURFACE_STYLE_USAGE(.BOTH.,#11718);
#11165=SURFACE_STYLE_USAGE(.BOTH.,#11719);
#11166=SURFACE_STYLE_USAGE(.BOTH.,#11720);
#11167=SURFACE_STYLE_USAGE(.BOTH.,#11721);
#11168=SURFACE_STYLE_USAGE(.BOTH.,#11722);
#11169=SURFACE_STYLE_USAGE(.BOTH.,#11723);
#11170=SURFACE_STYLE_USAGE(.BOTH.,#11724);
#11171=SURFACE_STYLE_USAGE(.BOTH.,#11725);
#11172=SURFACE_STYLE_USAGE(.BOTH.,#11726);
#11173=SURFACE_STYLE_USAGE(.BOTH.,#11727);
#11174=SURFACE_STYLE_USAGE(.BOTH.,#11728);
#11175=SURFACE_STYLE_USAGE(.BOTH.,#11729);
#11176=SURFACE_STYLE_USAGE(.BOTH.,#11730);
#11177=SURFACE_STYLE_USAGE(.BOTH.,#11731);
#11178=SURFACE_STYLE_USAGE(.BOTH.,#11732);
#11179=SURFACE_STYLE_USAGE(.BOTH.,#11733);
#11180=SURFACE_STYLE_USAGE(.BOTH.,#11734);
#11181=SURFACE_STYLE_USAGE(.BOTH.,#11735);
#11182=SURFACE_STYLE_USAGE(.BOTH.,#11736);
#11183=SURFACE_STYLE_USAGE(.BOTH.,#11737);
#11184=SURFACE_STYLE_USAGE(.BOTH.,#11738);
#11185=SURFACE_STYLE_USAGE(.BOTH.,#11739);
#11186=SURFACE_STYLE_USAGE(.BOTH.,#11740);
#11187=SURFACE_STYLE_USAGE(.BOTH.,#11741);
#11188=SURFACE_STYLE_USAGE(.BOTH.,#11742);
#11189=SURFACE_STYLE_USAGE(.BOTH.,#11743);
#11190=SURFACE_STYLE_USAGE(.BOTH.,#11744);
#11191=SURFACE_STYLE_USAGE(.BOTH.,#11745);
#11192=SURFACE_STYLE_USAGE(.BOTH.,#11746);
#11193=SURFACE_STYLE_USAGE(.BOTH.,#11747);
#11194=SURFACE_STYLE_USAGE(.BOTH.,#11748);
#11195=SURFACE_STYLE_USAGE(.BOTH.,#11749);
#11196=SURFACE_STYLE_USAGE(.BOTH.,#11750);
#11197=SURFACE_STYLE_USAGE(.BOTH.,#11751);
#11198=SURFACE_STYLE_USAGE(.BOTH.,#11752);
#11199=SURFACE_STYLE_USAGE(.BOTH.,#11753);
#11200=SURFACE_STYLE_USAGE(.BOTH.,#11754);
#11201=SURFACE_STYLE_USAGE(.BOTH.,#11755);
#11202=SURFACE_STYLE_USAGE(.BOTH.,#11756);
#11203=SURFACE_STYLE_USAGE(.BOTH.,#11757);
#11204=SURFACE_STYLE_USAGE(.BOTH.,#11758);
#11205=SURFACE_STYLE_USAGE(.BOTH.,#11759);
#11206=SURFACE_STYLE_USAGE(.BOTH.,#11760);
#11207=SURFACE_STYLE_USAGE(.BOTH.,#11761);
#11208=SURFACE_STYLE_USAGE(.BOTH.,#11762);
#11209=SURFACE_STYLE_USAGE(.BOTH.,#11763);
#11210=SURFACE_STYLE_USAGE(.BOTH.,#11764);
#11211=SURFACE_STYLE_USAGE(.BOTH.,#11765);
#11212=SURFACE_STYLE_USAGE(.BOTH.,#11766);
#11213=SURFACE_STYLE_USAGE(.BOTH.,#11767);
#11214=SURFACE_STYLE_USAGE(.BOTH.,#11768);
#11215=SURFACE_STYLE_USAGE(.BOTH.,#11769);
#11216=SURFACE_STYLE_USAGE(.BOTH.,#11770);
#11217=SURFACE_STYLE_USAGE(.BOTH.,#11771);
#11218=SURFACE_STYLE_USAGE(.BOTH.,#11772);
#11219=SURFACE_STYLE_USAGE(.BOTH.,#11773);
#11220=SURFACE_STYLE_USAGE(.BOTH.,#11774);
#11221=SURFACE_STYLE_USAGE(.BOTH.,#11775);
#11222=SURFACE_STYLE_USAGE(.BOTH.,#11776);
#11223=SURFACE_STYLE_USAGE(.BOTH.,#11777);
#11224=SURFACE_STYLE_USAGE(.BOTH.,#11778);
#11225=SURFACE_STYLE_USAGE(.BOTH.,#11779);
#11226=SURFACE_STYLE_USAGE(.BOTH.,#11780);
#11227=SURFACE_STYLE_USAGE(.BOTH.,#11781);
#11228=SURFACE_STYLE_USAGE(.BOTH.,#11782);
#11229=SURFACE_STYLE_USAGE(.BOTH.,#11783);
#11230=SURFACE_STYLE_USAGE(.BOTH.,#11784);
#11231=SURFACE_STYLE_USAGE(.BOTH.,#11785);
#11232=SURFACE_STYLE_USAGE(.BOTH.,#11786);
#11233=SURFACE_STYLE_USAGE(.BOTH.,#11787);
#11234=SURFACE_STYLE_USAGE(.BOTH.,#11788);
#11235=SURFACE_STYLE_USAGE(.BOTH.,#11789);
#11236=SURFACE_STYLE_USAGE(.BOTH.,#11790);
#11237=SURFACE_STYLE_USAGE(.BOTH.,#11791);
#11238=SURFACE_STYLE_USAGE(.BOTH.,#11792);
#11239=SURFACE_STYLE_USAGE(.BOTH.,#11793);
#11240=SURFACE_STYLE_USAGE(.BOTH.,#11794);
#11241=SURFACE_STYLE_USAGE(.BOTH.,#11795);
#11242=SURFACE_STYLE_USAGE(.BOTH.,#11796);
#11243=SURFACE_STYLE_USAGE(.BOTH.,#11797);
#11244=SURFACE_STYLE_USAGE(.BOTH.,#11798);
#11245=SURFACE_STYLE_USAGE(.BOTH.,#11799);
#11246=SURFACE_STYLE_USAGE(.BOTH.,#11800);
#11247=SURFACE_STYLE_USAGE(.BOTH.,#11801);
#11248=SURFACE_STYLE_USAGE(.BOTH.,#11802);
#11249=SURFACE_STYLE_USAGE(.BOTH.,#11803);
#11250=SURFACE_STYLE_USAGE(.BOTH.,#11804);
#11251=SURFACE_STYLE_USAGE(.BOTH.,#11805);
#11252=SURFACE_STYLE_USAGE(.BOTH.,#11806);
#11253=SURFACE_STYLE_USAGE(.BOTH.,#11807);
#11254=SURFACE_STYLE_USAGE(.BOTH.,#11808);
#11255=SURFACE_STYLE_USAGE(.BOTH.,#11809);
#11256=SURFACE_STYLE_USAGE(.BOTH.,#11810);
#11257=SURFACE_STYLE_USAGE(.BOTH.,#11811);
#11258=SURFACE_STYLE_USAGE(.BOTH.,#11812);
#11259=SURFACE_STYLE_USAGE(.BOTH.,#11813);
#11260=SURFACE_STYLE_USAGE(.BOTH.,#11814);
#11261=SURFACE_STYLE_USAGE(.BOTH.,#11815);
#11262=SURFACE_STYLE_USAGE(.BOTH.,#11816);
#11263=SURFACE_STYLE_USAGE(.BOTH.,#11817);
#11264=SURFACE_STYLE_USAGE(.BOTH.,#11818);
#11265=SURFACE_STYLE_USAGE(.BOTH.,#11819);
#11266=SURFACE_STYLE_USAGE(.BOTH.,#11820);
#11267=SURFACE_STYLE_USAGE(.BOTH.,#11821);
#11268=SURFACE_STYLE_USAGE(.BOTH.,#11822);
#11269=SURFACE_STYLE_USAGE(.BOTH.,#11823);
#11270=SURFACE_STYLE_USAGE(.BOTH.,#11824);
#11271=SURFACE_STYLE_USAGE(.BOTH.,#11825);
#11272=SURFACE_STYLE_USAGE(.BOTH.,#11826);
#11273=SURFACE_STYLE_USAGE(.BOTH.,#11827);
#11274=SURFACE_STYLE_USAGE(.BOTH.,#11828);
#11275=SURFACE_STYLE_USAGE(.BOTH.,#11829);
#11276=SURFACE_STYLE_USAGE(.BOTH.,#11830);
#11277=SURFACE_STYLE_USAGE(.BOTH.,#11831);
#11278=SURFACE_STYLE_USAGE(.BOTH.,#11832);
#11279=SURFACE_STYLE_USAGE(.BOTH.,#11833);
#11280=SURFACE_STYLE_USAGE(.BOTH.,#11834);
#11281=SURFACE_STYLE_USAGE(.BOTH.,#11835);
#11282=SURFACE_STYLE_USAGE(.BOTH.,#11836);
#11283=SURFACE_STYLE_USAGE(.BOTH.,#11837);
#11284=SURFACE_STYLE_USAGE(.BOTH.,#11838);
#11285=SURFACE_STYLE_USAGE(.BOTH.,#11839);
#11286=SURFACE_STYLE_USAGE(.BOTH.,#11840);
#11287=SURFACE_STYLE_USAGE(.BOTH.,#11841);
#11288=SURFACE_STYLE_USAGE(.BOTH.,#11842);
#11289=SURFACE_STYLE_USAGE(.BOTH.,#11843);
#11290=SURFACE_STYLE_USAGE(.BOTH.,#11844);
#11291=SURFACE_STYLE_USAGE(.BOTH.,#11845);
#11292=SURFACE_STYLE_USAGE(.BOTH.,#11846);
#11293=SURFACE_STYLE_USAGE(.BOTH.,#11847);
#11294=SURFACE_STYLE_USAGE(.BOTH.,#11848);
#11295=SURFACE_STYLE_USAGE(.BOTH.,#11849);
#11296=SURFACE_STYLE_USAGE(.BOTH.,#11850);
#11297=SURFACE_STYLE_USAGE(.BOTH.,#11851);
#11298=SURFACE_STYLE_USAGE(.BOTH.,#11852);
#11299=SURFACE_STYLE_USAGE(.BOTH.,#11853);
#11300=SURFACE_STYLE_USAGE(.BOTH.,#11854);
#11301=SURFACE_STYLE_USAGE(.BOTH.,#11855);
#11302=SURFACE_STYLE_USAGE(.BOTH.,#11856);
#11303=SURFACE_STYLE_USAGE(.BOTH.,#11857);
#11304=SURFACE_STYLE_USAGE(.BOTH.,#11858);
#11305=SURFACE_STYLE_USAGE(.BOTH.,#11859);
#11306=SURFACE_STYLE_USAGE(.BOTH.,#11860);
#11307=SURFACE_STYLE_USAGE(.BOTH.,#11861);
#11308=SURFACE_STYLE_USAGE(.BOTH.,#11862);
#11309=SURFACE_STYLE_USAGE(.BOTH.,#11863);
#11310=SURFACE_STYLE_USAGE(.BOTH.,#11864);
#11311=SURFACE_STYLE_USAGE(.BOTH.,#11865);
#11312=SURFACE_STYLE_USAGE(.BOTH.,#11866);
#11313=SURFACE_STYLE_USAGE(.BOTH.,#11867);
#11314=SURFACE_STYLE_USAGE(.BOTH.,#11868);
#11315=SURFACE_STYLE_USAGE(.BOTH.,#11869);
#11316=SURFACE_STYLE_USAGE(.BOTH.,#11870);
#11317=SURFACE_STYLE_USAGE(.BOTH.,#11871);
#11318=SURFACE_STYLE_USAGE(.BOTH.,#11872);
#11319=SURFACE_STYLE_USAGE(.BOTH.,#11873);
#11320=SURFACE_STYLE_USAGE(.BOTH.,#11874);
#11321=SURFACE_STYLE_USAGE(.BOTH.,#11875);
#11322=SURFACE_STYLE_USAGE(.BOTH.,#11876);
#11323=SURFACE_STYLE_USAGE(.BOTH.,#11877);
#11324=SURFACE_STYLE_USAGE(.BOTH.,#11878);
#11325=SURFACE_STYLE_USAGE(.BOTH.,#11879);
#11326=SURFACE_STYLE_USAGE(.BOTH.,#11880);
#11327=SURFACE_STYLE_USAGE(.BOTH.,#11881);
#11328=SURFACE_STYLE_USAGE(.BOTH.,#11882);
#11329=SURFACE_STYLE_USAGE(.BOTH.,#11883);
#11330=SURFACE_STYLE_USAGE(.BOTH.,#11884);
#11331=SURFACE_STYLE_USAGE(.BOTH.,#11885);
#11332=SURFACE_STYLE_USAGE(.BOTH.,#11886);
#11333=SURFACE_STYLE_USAGE(.BOTH.,#11887);
#11334=SURFACE_STYLE_USAGE(.BOTH.,#11888);
#11335=SURFACE_STYLE_USAGE(.BOTH.,#11889);
#11336=SURFACE_STYLE_USAGE(.BOTH.,#11890);
#11337=SURFACE_STYLE_USAGE(.BOTH.,#11891);
#11338=SURFACE_STYLE_USAGE(.BOTH.,#11892);
#11339=SURFACE_STYLE_USAGE(.BOTH.,#11893);
#11340=SURFACE_STYLE_USAGE(.BOTH.,#11894);
#11341=SURFACE_STYLE_USAGE(.BOTH.,#11895);
#11342=SURFACE_STYLE_USAGE(.BOTH.,#11896);
#11343=SURFACE_STYLE_USAGE(.BOTH.,#11897);
#11344=SURFACE_STYLE_USAGE(.BOTH.,#11898);
#11345=SURFACE_STYLE_USAGE(.BOTH.,#11899);
#11346=SURFACE_STYLE_USAGE(.BOTH.,#11900);
#11347=SURFACE_STYLE_USAGE(.BOTH.,#11901);
#11348=SURFACE_STYLE_USAGE(.BOTH.,#11902);
#11349=SURFACE_STYLE_USAGE(.BOTH.,#11903);
#11350=SURFACE_STYLE_USAGE(.BOTH.,#11904);
#11351=SURFACE_STYLE_USAGE(.BOTH.,#11905);
#11352=SURFACE_STYLE_USAGE(.BOTH.,#11906);
#11353=SURFACE_STYLE_USAGE(.BOTH.,#11907);
#11354=SURFACE_STYLE_USAGE(.BOTH.,#11908);
#11355=SURFACE_STYLE_USAGE(.BOTH.,#11909);
#11356=SURFACE_STYLE_USAGE(.BOTH.,#11910);
#11357=SURFACE_STYLE_USAGE(.BOTH.,#11911);
#11358=SURFACE_STYLE_USAGE(.BOTH.,#11912);
#11359=SURFACE_STYLE_USAGE(.BOTH.,#11913);
#11360=SURFACE_STYLE_USAGE(.BOTH.,#11914);
#11361=SURFACE_STYLE_USAGE(.BOTH.,#11915);
#11362=SURFACE_STYLE_USAGE(.BOTH.,#11916);
#11363=SURFACE_STYLE_USAGE(.BOTH.,#11917);
#11364=SURFACE_STYLE_USAGE(.BOTH.,#11918);
#11365=SURFACE_STYLE_USAGE(.BOTH.,#11919);
#11366=SURFACE_STYLE_USAGE(.BOTH.,#11920);
#11367=SURFACE_STYLE_USAGE(.BOTH.,#11921);
#11368=SURFACE_STYLE_USAGE(.BOTH.,#11922);
#11369=SURFACE_STYLE_USAGE(.BOTH.,#11923);
#11370=SURFACE_STYLE_USAGE(.BOTH.,#11924);
#11371=SURFACE_STYLE_USAGE(.BOTH.,#11925);
#11372=SURFACE_STYLE_USAGE(.BOTH.,#11926);
#11373=SURFACE_STYLE_USAGE(.BOTH.,#11927);
#11374=SURFACE_STYLE_USAGE(.BOTH.,#11928);
#11375=SURFACE_STYLE_USAGE(.BOTH.,#11929);
#11376=SURFACE_STYLE_USAGE(.BOTH.,#11930);
#11377=SURFACE_STYLE_USAGE(.BOTH.,#11931);
#11378=SURFACE_STYLE_USAGE(.BOTH.,#11932);
#11379=SURFACE_STYLE_USAGE(.BOTH.,#11933);
#11380=SURFACE_STYLE_USAGE(.BOTH.,#11934);
#11381=SURFACE_STYLE_USAGE(.BOTH.,#11935);
#11382=SURFACE_STYLE_USAGE(.BOTH.,#11936);
#11383=SURFACE_STYLE_USAGE(.BOTH.,#11937);
#11384=SURFACE_STYLE_USAGE(.BOTH.,#11938);
#11385=SURFACE_STYLE_USAGE(.BOTH.,#11939);
#11386=SURFACE_STYLE_USAGE(.BOTH.,#11940);
#11387=SURFACE_STYLE_USAGE(.BOTH.,#11941);
#11388=SURFACE_STYLE_USAGE(.BOTH.,#11942);
#11389=SURFACE_STYLE_USAGE(.BOTH.,#11943);
#11390=SURFACE_STYLE_USAGE(.BOTH.,#11944);
#11391=SURFACE_STYLE_USAGE(.BOTH.,#11945);
#11392=SURFACE_STYLE_USAGE(.BOTH.,#11946);
#11393=SURFACE_STYLE_USAGE(.BOTH.,#11947);
#11394=SURFACE_STYLE_USAGE(.BOTH.,#11948);
#11395=SURFACE_STYLE_USAGE(.BOTH.,#11949);
#11396=SURFACE_STYLE_USAGE(.BOTH.,#11950);
#11397=SURFACE_STYLE_USAGE(.BOTH.,#11951);
#11398=SURFACE_STYLE_USAGE(.BOTH.,#11952);
#11399=SURFACE_STYLE_USAGE(.BOTH.,#11953);
#11400=SURFACE_STYLE_USAGE(.BOTH.,#11954);
#11401=SURFACE_STYLE_USAGE(.BOTH.,#11955);
#11402=SURFACE_STYLE_USAGE(.BOTH.,#11956);
#11403=SURFACE_STYLE_USAGE(.BOTH.,#11957);
#11404=SURFACE_STYLE_USAGE(.BOTH.,#11958);
#11405=SURFACE_STYLE_USAGE(.BOTH.,#11959);
#11406=SURFACE_STYLE_USAGE(.BOTH.,#11960);
#11407=SURFACE_STYLE_USAGE(.BOTH.,#11961);
#11408=SURFACE_STYLE_USAGE(.BOTH.,#11962);
#11409=SURFACE_STYLE_USAGE(.BOTH.,#11963);
#11410=SURFACE_STYLE_USAGE(.BOTH.,#11964);
#11411=SURFACE_STYLE_USAGE(.BOTH.,#11965);
#11412=SURFACE_STYLE_USAGE(.BOTH.,#11966);
#11413=SURFACE_STYLE_USAGE(.BOTH.,#11967);
#11414=SURFACE_STYLE_USAGE(.BOTH.,#11968);
#11415=SURFACE_STYLE_USAGE(.BOTH.,#11969);
#11416=SURFACE_STYLE_USAGE(.BOTH.,#11970);
#11417=SURFACE_STYLE_USAGE(.BOTH.,#11971);
#11418=SURFACE_STYLE_USAGE(.BOTH.,#11972);
#11419=SURFACE_STYLE_USAGE(.BOTH.,#11973);
#11420=SURFACE_STYLE_USAGE(.BOTH.,#11974);
#11421=SURFACE_STYLE_USAGE(.BOTH.,#11975);
#11422=SURFACE_STYLE_USAGE(.BOTH.,#11976);
#11423=SURFACE_STYLE_USAGE(.BOTH.,#11977);
#11424=SURFACE_STYLE_USAGE(.BOTH.,#11978);
#11425=SURFACE_STYLE_USAGE(.BOTH.,#11979);
#11426=SURFACE_STYLE_USAGE(.BOTH.,#11980);
#11427=SURFACE_STYLE_USAGE(.BOTH.,#11981);
#11428=SURFACE_STYLE_USAGE(.BOTH.,#11982);
#11429=SURFACE_STYLE_USAGE(.BOTH.,#11983);
#11430=SURFACE_STYLE_USAGE(.BOTH.,#11984);
#11431=SURFACE_STYLE_USAGE(.BOTH.,#11985);
#11432=SURFACE_STYLE_USAGE(.BOTH.,#11986);
#11433=SURFACE_STYLE_USAGE(.BOTH.,#11987);
#11434=SURFACE_STYLE_USAGE(.BOTH.,#11988);
#11435=SURFACE_STYLE_USAGE(.BOTH.,#11989);
#11436=SURFACE_STYLE_USAGE(.BOTH.,#11990);
#11437=SURFACE_STYLE_USAGE(.BOTH.,#11991);
#11438=SURFACE_STYLE_USAGE(.BOTH.,#11992);
#11439=SURFACE_STYLE_USAGE(.BOTH.,#11993);
#11440=SURFACE_STYLE_USAGE(.BOTH.,#11994);
#11441=SURFACE_STYLE_USAGE(.BOTH.,#11995);
#11442=SURFACE_STYLE_USAGE(.BOTH.,#11996);
#11443=SURFACE_STYLE_USAGE(.BOTH.,#11997);
#11444=SURFACE_STYLE_USAGE(.BOTH.,#11998);
#11445=SURFACE_STYLE_USAGE(.BOTH.,#11999);
#11446=SURFACE_STYLE_USAGE(.BOTH.,#12000);
#11447=SURFACE_STYLE_USAGE(.BOTH.,#12001);
#11448=SURFACE_STYLE_USAGE(.BOTH.,#12002);
#11449=SURFACE_STYLE_USAGE(.BOTH.,#12003);
#11450=SURFACE_STYLE_USAGE(.BOTH.,#12004);
#11451=SURFACE_STYLE_USAGE(.BOTH.,#12005);
#11452=SURFACE_STYLE_USAGE(.BOTH.,#12006);
#11453=SURFACE_STYLE_USAGE(.BOTH.,#12007);
#11454=SURFACE_STYLE_USAGE(.BOTH.,#12008);
#11455=SURFACE_STYLE_USAGE(.BOTH.,#12009);
#11456=SURFACE_STYLE_USAGE(.BOTH.,#12010);
#11457=SURFACE_STYLE_USAGE(.BOTH.,#12011);
#11458=SURFACE_STYLE_USAGE(.BOTH.,#12012);
#11459=SURFACE_STYLE_USAGE(.BOTH.,#12013);
#11460=SURFACE_STYLE_USAGE(.BOTH.,#12014);
#11461=SURFACE_STYLE_USAGE(.BOTH.,#12015);
#11462=SURFACE_STYLE_USAGE(.BOTH.,#12016);
#11463=SURFACE_STYLE_USAGE(.BOTH.,#12017);
#11464=SURFACE_STYLE_USAGE(.BOTH.,#12018);
#11465=SURFACE_STYLE_USAGE(.BOTH.,#12019);
#11466=SURFACE_STYLE_USAGE(.BOTH.,#12020);
#11467=SURFACE_STYLE_USAGE(.BOTH.,#12021);
#11468=SURFACE_STYLE_USAGE(.BOTH.,#12022);
#11469=SURFACE_STYLE_USAGE(.BOTH.,#12023);
#11470=SURFACE_STYLE_USAGE(.BOTH.,#12024);
#11471=SURFACE_STYLE_USAGE(.BOTH.,#12025);
#11472=SURFACE_STYLE_USAGE(.BOTH.,#12026);
#11473=SURFACE_STYLE_USAGE(.BOTH.,#12027);
#11474=SURFACE_STYLE_USAGE(.BOTH.,#12028);
#11475=SURFACE_STYLE_USAGE(.BOTH.,#12029);
#11476=SURFACE_STYLE_USAGE(.BOTH.,#12030);
#11477=SURFACE_STYLE_USAGE(.BOTH.,#12031);
#11478=SURFACE_STYLE_USAGE(.BOTH.,#12032);
#11479=SURFACE_STYLE_USAGE(.BOTH.,#12033);
#11480=SURFACE_STYLE_USAGE(.BOTH.,#12034);
#11481=SURFACE_STYLE_USAGE(.BOTH.,#12035);
#11482=SURFACE_STYLE_USAGE(.BOTH.,#12036);
#11483=SURFACE_STYLE_USAGE(.BOTH.,#12037);
#11484=SURFACE_STYLE_USAGE(.BOTH.,#12038);
#11485=SURFACE_STYLE_USAGE(.BOTH.,#12039);
#11486=SURFACE_STYLE_USAGE(.BOTH.,#12040);
#11487=SURFACE_STYLE_USAGE(.BOTH.,#12041);
#11488=SURFACE_STYLE_USAGE(.BOTH.,#12042);
#11489=SURFACE_STYLE_USAGE(.BOTH.,#12043);
#11490=SURFACE_STYLE_USAGE(.BOTH.,#12044);
#11491=SURFACE_STYLE_USAGE(.BOTH.,#12045);
#11492=SURFACE_STYLE_USAGE(.BOTH.,#12046);
#11493=SURFACE_STYLE_USAGE(.BOTH.,#12047);
#11494=SURFACE_STYLE_USAGE(.BOTH.,#12048);
#11495=SURFACE_STYLE_USAGE(.BOTH.,#12049);
#11496=SURFACE_STYLE_USAGE(.BOTH.,#12050);
#11497=SURFACE_STYLE_USAGE(.BOTH.,#12051);
#11498=SURFACE_STYLE_USAGE(.BOTH.,#12052);
#11499=SURFACE_STYLE_USAGE(.BOTH.,#12053);
#11500=SURFACE_STYLE_USAGE(.BOTH.,#12054);
#11501=SURFACE_STYLE_USAGE(.BOTH.,#12055);
#11502=SURFACE_STYLE_USAGE(.BOTH.,#12056);
#11503=SURFACE_STYLE_USAGE(.BOTH.,#12057);
#11504=SURFACE_STYLE_USAGE(.BOTH.,#12058);
#11505=SURFACE_STYLE_USAGE(.BOTH.,#12059);
#11506=SURFACE_STYLE_USAGE(.BOTH.,#12060);
#11507=SURFACE_STYLE_USAGE(.BOTH.,#12061);
#11508=SURFACE_STYLE_USAGE(.BOTH.,#12062);
#11509=SURFACE_STYLE_USAGE(.BOTH.,#12063);
#11510=SURFACE_STYLE_USAGE(.BOTH.,#12064);
#11511=SURFACE_STYLE_USAGE(.BOTH.,#12065);
#11512=SURFACE_STYLE_USAGE(.BOTH.,#12066);
#11513=SURFACE_STYLE_USAGE(.BOTH.,#12067);
#11514=SURFACE_STYLE_USAGE(.BOTH.,#12068);
#11515=SURFACE_STYLE_USAGE(.BOTH.,#12069);
#11516=SURFACE_STYLE_USAGE(.BOTH.,#12070);
#11517=SURFACE_STYLE_USAGE(.BOTH.,#12071);
#11518=SURFACE_STYLE_USAGE(.BOTH.,#12072);
#11519=SURFACE_STYLE_USAGE(.BOTH.,#12073);
#11520=SURFACE_STYLE_USAGE(.BOTH.,#12074);
#11521=SURFACE_STYLE_USAGE(.BOTH.,#12075);
#11522=SURFACE_STYLE_USAGE(.BOTH.,#12076);
#11523=SURFACE_STYLE_USAGE(.BOTH.,#12077);
#11524=SURFACE_STYLE_USAGE(.BOTH.,#12078);
#11525=SURFACE_STYLE_USAGE(.BOTH.,#12079);
#11526=SURFACE_STYLE_USAGE(.BOTH.,#12080);
#11527=SURFACE_STYLE_USAGE(.BOTH.,#12081);
#11528=SURFACE_STYLE_USAGE(.BOTH.,#12082);
#11529=SURFACE_STYLE_USAGE(.BOTH.,#12083);
#11530=SURFACE_STYLE_USAGE(.BOTH.,#12084);
#11531=SURFACE_STYLE_USAGE(.BOTH.,#12085);
#11532=SURFACE_STYLE_USAGE(.BOTH.,#12086);
#11533=SURFACE_STYLE_USAGE(.BOTH.,#12087);
#11534=SURFACE_STYLE_USAGE(.BOTH.,#12088);
#11535=SURFACE_STYLE_USAGE(.BOTH.,#12089);
#11536=SURFACE_STYLE_USAGE(.BOTH.,#12090);
#11537=SURFACE_STYLE_USAGE(.BOTH.,#12091);
#11538=SURFACE_STYLE_USAGE(.BOTH.,#12092);
#11539=SURFACE_STYLE_USAGE(.BOTH.,#12093);
#11540=SURFACE_STYLE_USAGE(.BOTH.,#12094);
#11541=SURFACE_STYLE_USAGE(.BOTH.,#12095);
#11542=SURFACE_STYLE_USAGE(.BOTH.,#12096);
#11543=SURFACE_STYLE_USAGE(.BOTH.,#12097);
#11544=SURFACE_STYLE_USAGE(.BOTH.,#12098);
#11545=SURFACE_STYLE_USAGE(.BOTH.,#12099);
#11546=SURFACE_STYLE_USAGE(.BOTH.,#12100);
#11547=SURFACE_STYLE_USAGE(.BOTH.,#12101);
#11548=SURFACE_STYLE_USAGE(.BOTH.,#12102);
#11549=SURFACE_STYLE_USAGE(.BOTH.,#12103);
#11550=SURFACE_STYLE_USAGE(.BOTH.,#12104);
#11551=SURFACE_STYLE_USAGE(.BOTH.,#12105);
#11552=SURFACE_STYLE_USAGE(.BOTH.,#12106);
#11553=SURFACE_STYLE_USAGE(.BOTH.,#12107);
#11554=SURFACE_STYLE_USAGE(.BOTH.,#12108);
#11555=SURFACE_STYLE_USAGE(.BOTH.,#12109);
#11556=SURFACE_STYLE_USAGE(.BOTH.,#12110);
#11557=SURFACE_STYLE_USAGE(.BOTH.,#12111);
#11558=SURFACE_STYLE_USAGE(.BOTH.,#12112);
#11559=SURFACE_STYLE_USAGE(.BOTH.,#12113);
#11560=SURFACE_STYLE_USAGE(.BOTH.,#12114);
#11561=SURFACE_STYLE_USAGE(.BOTH.,#12115);
#11562=SURFACE_STYLE_USAGE(.BOTH.,#12116);
#11563=SURFACE_STYLE_USAGE(.BOTH.,#12117);
#11564=SURFACE_STYLE_USAGE(.BOTH.,#12118);
#11565=SURFACE_STYLE_USAGE(.BOTH.,#12119);
#11566=SURFACE_STYLE_USAGE(.BOTH.,#12120);
#11567=SURFACE_STYLE_USAGE(.BOTH.,#12121);
#11568=SURFACE_STYLE_USAGE(.BOTH.,#12122);
#11569=SURFACE_STYLE_USAGE(.BOTH.,#12123);
#11570=SURFACE_STYLE_USAGE(.BOTH.,#12124);
#11571=SURFACE_STYLE_USAGE(.BOTH.,#12125);
#11572=SURFACE_STYLE_USAGE(.BOTH.,#12126);
#11573=SURFACE_STYLE_USAGE(.BOTH.,#12127);
#11574=SURFACE_STYLE_USAGE(.BOTH.,#12128);
#11575=SURFACE_STYLE_USAGE(.BOTH.,#12129);
#11576=SURFACE_STYLE_USAGE(.BOTH.,#12130);
#11577=SURFACE_STYLE_USAGE(.BOTH.,#12131);
#11578=SURFACE_STYLE_USAGE(.BOTH.,#12132);
#11579=SURFACE_STYLE_USAGE(.BOTH.,#12133);
#11580=SURFACE_STYLE_USAGE(.BOTH.,#12134);
#11581=SURFACE_STYLE_USAGE(.BOTH.,#12135);
#11582=SURFACE_STYLE_USAGE(.BOTH.,#12136);
#11583=SURFACE_STYLE_USAGE(.BOTH.,#12137);
#11584=SURFACE_STYLE_USAGE(.BOTH.,#12138);
#11585=SURFACE_STYLE_USAGE(.BOTH.,#12139);
#11586=SURFACE_STYLE_USAGE(.BOTH.,#12140);
#11587=SURFACE_STYLE_USAGE(.BOTH.,#12141);
#11588=SURFACE_STYLE_USAGE(.BOTH.,#12142);
#11589=SURFACE_STYLE_USAGE(.BOTH.,#12143);
#11590=SURFACE_STYLE_USAGE(.BOTH.,#12144);
#11591=SURFACE_STYLE_USAGE(.BOTH.,#12145);
#11592=SURFACE_STYLE_USAGE(.BOTH.,#12146);
#11593=SURFACE_STYLE_USAGE(.BOTH.,#12147);
#11594=SURFACE_STYLE_USAGE(.BOTH.,#12148);
#11595=SURFACE_STYLE_USAGE(.BOTH.,#12149);
#11596=SURFACE_STYLE_USAGE(.BOTH.,#12150);
#11597=SURFACE_STYLE_USAGE(.BOTH.,#12151);
#11598=SURFACE_STYLE_USAGE(.BOTH.,#12152);
#11599=SURFACE_STYLE_USAGE(.BOTH.,#12153);
#11600=SURFACE_STYLE_USAGE(.BOTH.,#12154);
#11601=SURFACE_STYLE_USAGE(.BOTH.,#12155);
#11602=SURFACE_STYLE_USAGE(.BOTH.,#12156);
#11603=SURFACE_STYLE_USAGE(.BOTH.,#12157);
#11604=SURFACE_STYLE_USAGE(.BOTH.,#12158);
#11605=SURFACE_STYLE_USAGE(.BOTH.,#12159);
#11606=SURFACE_STYLE_USAGE(.BOTH.,#12160);
#11607=SURFACE_STYLE_USAGE(.BOTH.,#12161);
#11608=SURFACE_STYLE_USAGE(.BOTH.,#12162);
#11609=SURFACE_STYLE_USAGE(.BOTH.,#12163);
#11610=SURFACE_STYLE_USAGE(.BOTH.,#12164);
#11611=SURFACE_STYLE_USAGE(.BOTH.,#12165);
#11612=SURFACE_STYLE_USAGE(.BOTH.,#12166);
#11613=SURFACE_STYLE_USAGE(.BOTH.,#12167);
#11614=SURFACE_STYLE_USAGE(.BOTH.,#12168);
#11615=SURFACE_STYLE_USAGE(.BOTH.,#12169);
#11616=SURFACE_STYLE_USAGE(.BOTH.,#12170);
#11617=SURFACE_STYLE_USAGE(.BOTH.,#12171);
#11618=SURFACE_STYLE_USAGE(.BOTH.,#12172);
#11619=SURFACE_STYLE_USAGE(.BOTH.,#12173);
#11620=SURFACE_STYLE_USAGE(.BOTH.,#12174);
#11621=SURFACE_STYLE_USAGE(.BOTH.,#12175);
#11622=SURFACE_STYLE_USAGE(.BOTH.,#12176);
#11623=SURFACE_STYLE_USAGE(.BOTH.,#12177);
#11624=SURFACE_STYLE_USAGE(.BOTH.,#12178);
#11625=SURFACE_STYLE_USAGE(.BOTH.,#12179);
#11626=SURFACE_STYLE_USAGE(.BOTH.,#12180);
#11627=SURFACE_STYLE_USAGE(.BOTH.,#12181);
#11628=SURFACE_STYLE_USAGE(.BOTH.,#12182);
#11629=SURFACE_STYLE_USAGE(.BOTH.,#12183);
#11630=SURFACE_STYLE_USAGE(.BOTH.,#12184);
#11631=SURFACE_STYLE_USAGE(.BOTH.,#12185);
#11632=SURFACE_STYLE_USAGE(.BOTH.,#12186);
#11633=SURFACE_STYLE_USAGE(.BOTH.,#12187);
#11634=SURFACE_STYLE_USAGE(.BOTH.,#12188);
#11635=SURFACE_STYLE_USAGE(.BOTH.,#12189);
#11636=SURFACE_STYLE_USAGE(.BOTH.,#12190);
#11637=SURFACE_STYLE_USAGE(.BOTH.,#12191);
#11638=SURFACE_STYLE_USAGE(.BOTH.,#12192);
#11639=SURFACE_STYLE_USAGE(.BOTH.,#12193);
#11640=SURFACE_STYLE_USAGE(.BOTH.,#12194);
#11641=SURFACE_STYLE_USAGE(.BOTH.,#12195);
#11642=SURFACE_STYLE_USAGE(.BOTH.,#12196);
#11643=SURFACE_STYLE_USAGE(.BOTH.,#12197);
#11644=SURFACE_STYLE_USAGE(.BOTH.,#12198);
#11645=SURFACE_STYLE_USAGE(.BOTH.,#12199);
#11646=SURFACE_STYLE_USAGE(.BOTH.,#12200);
#11647=SURFACE_STYLE_USAGE(.BOTH.,#12201);
#11648=SURFACE_STYLE_USAGE(.BOTH.,#12202);
#11649=SURFACE_STYLE_USAGE(.BOTH.,#12203);
#11650=SURFACE_STYLE_USAGE(.BOTH.,#12204);
#11651=SURFACE_STYLE_USAGE(.BOTH.,#12205);
#11652=SURFACE_STYLE_USAGE(.BOTH.,#12206);
#11653=SURFACE_STYLE_USAGE(.BOTH.,#12207);
#11654=SURFACE_STYLE_USAGE(.BOTH.,#12208);
#11655=SURFACE_STYLE_USAGE(.BOTH.,#12209);
#11656=SURFACE_STYLE_USAGE(.BOTH.,#12210);
#11657=SURFACE_STYLE_USAGE(.BOTH.,#12211);
#11658=SURFACE_STYLE_USAGE(.BOTH.,#12212);
#11659=SURFACE_STYLE_USAGE(.BOTH.,#12213);
#11660=SURFACE_STYLE_USAGE(.BOTH.,#12214);
#11661=SURFACE_STYLE_USAGE(.BOTH.,#12215);
#11662=SURFACE_STYLE_USAGE(.BOTH.,#12216);
#11663=SURFACE_STYLE_USAGE(.BOTH.,#12217);
#11664=SURFACE_STYLE_USAGE(.BOTH.,#12218);
#11665=SURFACE_STYLE_USAGE(.BOTH.,#12219);
#11666=SURFACE_STYLE_USAGE(.BOTH.,#12220);
#11667=SURFACE_SIDE_STYLE('',(#12221));
#11668=SURFACE_SIDE_STYLE('',(#12222));
#11669=SURFACE_SIDE_STYLE('',(#12223));
#11670=SURFACE_SIDE_STYLE('',(#12224));
#11671=SURFACE_SIDE_STYLE('',(#12225));
#11672=SURFACE_SIDE_STYLE('',(#12226));
#11673=SURFACE_SIDE_STYLE('',(#12227));
#11674=SURFACE_SIDE_STYLE('',(#12228));
#11675=SURFACE_SIDE_STYLE('',(#12229));
#11676=SURFACE_SIDE_STYLE('',(#12230));
#11677=SURFACE_SIDE_STYLE('',(#12231));
#11678=SURFACE_SIDE_STYLE('',(#12232));
#11679=SURFACE_SIDE_STYLE('',(#12233));
#11680=SURFACE_SIDE_STYLE('',(#12234));
#11681=SURFACE_SIDE_STYLE('',(#12235));
#11682=SURFACE_SIDE_STYLE('',(#12236));
#11683=SURFACE_SIDE_STYLE('',(#12237));
#11684=SURFACE_SIDE_STYLE('',(#12238));
#11685=SURFACE_SIDE_STYLE('',(#12239));
#11686=SURFACE_SIDE_STYLE('',(#12240));
#11687=SURFACE_SIDE_STYLE('',(#12241));
#11688=SURFACE_SIDE_STYLE('',(#12242));
#11689=SURFACE_SIDE_STYLE('',(#12243));
#11690=SURFACE_SIDE_STYLE('',(#12244));
#11691=SURFACE_SIDE_STYLE('',(#12245));
#11692=SURFACE_SIDE_STYLE('',(#12246));
#11693=SURFACE_SIDE_STYLE('',(#12247));
#11694=SURFACE_SIDE_STYLE('',(#12248));
#11695=SURFACE_SIDE_STYLE('',(#12249));
#11696=SURFACE_SIDE_STYLE('',(#12250));
#11697=SURFACE_SIDE_STYLE('',(#12251));
#11698=SURFACE_SIDE_STYLE('',(#12252));
#11699=SURFACE_SIDE_STYLE('',(#12253));
#11700=SURFACE_SIDE_STYLE('',(#12254));
#11701=SURFACE_SIDE_STYLE('',(#12255));
#11702=SURFACE_SIDE_STYLE('',(#12256));
#11703=SURFACE_SIDE_STYLE('',(#12257));
#11704=SURFACE_SIDE_STYLE('',(#12258));
#11705=SURFACE_SIDE_STYLE('',(#12259));
#11706=SURFACE_SIDE_STYLE('',(#12260));
#11707=SURFACE_SIDE_STYLE('',(#12261));
#11708=SURFACE_SIDE_STYLE('',(#12262));
#11709=SURFACE_SIDE_STYLE('',(#12263));
#11710=SURFACE_SIDE_STYLE('',(#12264));
#11711=SURFACE_SIDE_STYLE('',(#12265));
#11712=SURFACE_SIDE_STYLE('',(#12266));
#11713=SURFACE_SIDE_STYLE('',(#12267));
#11714=SURFACE_SIDE_STYLE('',(#12268));
#11715=SURFACE_SIDE_STYLE('',(#12269));
#11716=SURFACE_SIDE_STYLE('',(#12270));
#11717=SURFACE_SIDE_STYLE('',(#12271));
#11718=SURFACE_SIDE_STYLE('',(#12272));
#11719=SURFACE_SIDE_STYLE('',(#12273));
#11720=SURFACE_SIDE_STYLE('',(#12274));
#11721=SURFACE_SIDE_STYLE('',(#12275));
#11722=SURFACE_SIDE_STYLE('',(#12276));
#11723=SURFACE_SIDE_STYLE('',(#12277));
#11724=SURFACE_SIDE_STYLE('',(#12278));
#11725=SURFACE_SIDE_STYLE('',(#12279));
#11726=SURFACE_SIDE_STYLE('',(#12280));
#11727=SURFACE_SIDE_STYLE('',(#12281));
#11728=SURFACE_SIDE_STYLE('',(#12282));
#11729=SURFACE_SIDE_STYLE('',(#12283));
#11730=SURFACE_SIDE_STYLE('',(#12284));
#11731=SURFACE_SIDE_STYLE('',(#12285));
#11732=SURFACE_SIDE_STYLE('',(#12286));
#11733=SURFACE_SIDE_STYLE('',(#12287));
#11734=SURFACE_SIDE_STYLE('',(#12288));
#11735=SURFACE_SIDE_STYLE('',(#12289));
#11736=SURFACE_SIDE_STYLE('',(#12290));
#11737=SURFACE_SIDE_STYLE('',(#12291));
#11738=SURFACE_SIDE_STYLE('',(#12292));
#11739=SURFACE_SIDE_STYLE('',(#12293));
#11740=SURFACE_SIDE_STYLE('',(#12294));
#11741=SURFACE_SIDE_STYLE('',(#12295));
#11742=SURFACE_SIDE_STYLE('',(#12296));
#11743=SURFACE_SIDE_STYLE('',(#12297));
#11744=SURFACE_SIDE_STYLE('',(#12298));
#11745=SURFACE_SIDE_STYLE('',(#12299));
#11746=SURFACE_SIDE_STYLE('',(#12300));
#11747=SURFACE_SIDE_STYLE('',(#12301));
#11748=SURFACE_SIDE_STYLE('',(#12302));
#11749=SURFACE_SIDE_STYLE('',(#12303));
#11750=SURFACE_SIDE_STYLE('',(#12304));
#11751=SURFACE_SIDE_STYLE('',(#12305));
#11752=SURFACE_SIDE_STYLE('',(#12306));
#11753=SURFACE_SIDE_STYLE('',(#12307));
#11754=SURFACE_SIDE_STYLE('',(#12308));
#11755=SURFACE_SIDE_STYLE('',(#12309));
#11756=SURFACE_SIDE_STYLE('',(#12310));
#11757=SURFACE_SIDE_STYLE('',(#12311));
#11758=SURFACE_SIDE_STYLE('',(#12312));
#11759=SURFACE_SIDE_STYLE('',(#12313));
#11760=SURFACE_SIDE_STYLE('',(#12314));
#11761=SURFACE_SIDE_STYLE('',(#12315));
#11762=SURFACE_SIDE_STYLE('',(#12316));
#11763=SURFACE_SIDE_STYLE('',(#12317));
#11764=SURFACE_SIDE_STYLE('',(#12318));
#11765=SURFACE_SIDE_STYLE('',(#12319));
#11766=SURFACE_SIDE_STYLE('',(#12320));
#11767=SURFACE_SIDE_STYLE('',(#12321));
#11768=SURFACE_SIDE_STYLE('',(#12322));
#11769=SURFACE_SIDE_STYLE('',(#12323));
#11770=SURFACE_SIDE_STYLE('',(#12324));
#11771=SURFACE_SIDE_STYLE('',(#12325));
#11772=SURFACE_SIDE_STYLE('',(#12326));
#11773=SURFACE_SIDE_STYLE('',(#12327));
#11774=SURFACE_SIDE_STYLE('',(#12328));
#11775=SURFACE_SIDE_STYLE('',(#12329));
#11776=SURFACE_SIDE_STYLE('',(#12330));
#11777=SURFACE_SIDE_STYLE('',(#12331));
#11778=SURFACE_SIDE_STYLE('',(#12332));
#11779=SURFACE_SIDE_STYLE('',(#12333));
#11780=SURFACE_SIDE_STYLE('',(#12334));
#11781=SURFACE_SIDE_STYLE('',(#12335));
#11782=SURFACE_SIDE_STYLE('',(#12336));
#11783=SURFACE_SIDE_STYLE('',(#12337));
#11784=SURFACE_SIDE_STYLE('',(#12338));
#11785=SURFACE_SIDE_STYLE('',(#12339));
#11786=SURFACE_SIDE_STYLE('',(#12340));
#11787=SURFACE_SIDE_STYLE('',(#12341));
#11788=SURFACE_SIDE_STYLE('',(#12342));
#11789=SURFACE_SIDE_STYLE('',(#12343));
#11790=SURFACE_SIDE_STYLE('',(#12344));
#11791=SURFACE_SIDE_STYLE('',(#12345));
#11792=SURFACE_SIDE_STYLE('',(#12346));
#11793=SURFACE_SIDE_STYLE('',(#12347));
#11794=SURFACE_SIDE_STYLE('',(#12348));
#11795=SURFACE_SIDE_STYLE('',(#12349));
#11796=SURFACE_SIDE_STYLE('',(#12350));
#11797=SURFACE_SIDE_STYLE('',(#12351));
#11798=SURFACE_SIDE_STYLE('',(#12352));
#11799=SURFACE_SIDE_STYLE('',(#12353));
#11800=SURFACE_SIDE_STYLE('',(#12354));
#11801=SURFACE_SIDE_STYLE('',(#12355));
#11802=SURFACE_SIDE_STYLE('',(#12356));
#11803=SURFACE_SIDE_STYLE('',(#12357));
#11804=SURFACE_SIDE_STYLE('',(#12358));
#11805=SURFACE_SIDE_STYLE('',(#12359));
#11806=SURFACE_SIDE_STYLE('',(#12360));
#11807=SURFACE_SIDE_STYLE('',(#12361));
#11808=SURFACE_SIDE_STYLE('',(#12362));
#11809=SURFACE_SIDE_STYLE('',(#12363));
#11810=SURFACE_SIDE_STYLE('',(#12364));
#11811=SURFACE_SIDE_STYLE('',(#12365));
#11812=SURFACE_SIDE_STYLE('',(#12366));
#11813=SURFACE_SIDE_STYLE('',(#12367));
#11814=SURFACE_SIDE_STYLE('',(#12368));
#11815=SURFACE_SIDE_STYLE('',(#12369));
#11816=SURFACE_SIDE_STYLE('',(#12370));
#11817=SURFACE_SIDE_STYLE('',(#12371));
#11818=SURFACE_SIDE_STYLE('',(#12372));
#11819=SURFACE_SIDE_STYLE('',(#12373));
#11820=SURFACE_SIDE_STYLE('',(#12374));
#11821=SURFACE_SIDE_STYLE('',(#12375));
#11822=SURFACE_SIDE_STYLE('',(#12376));
#11823=SURFACE_SIDE_STYLE('',(#12377));
#11824=SURFACE_SIDE_STYLE('',(#12378));
#11825=SURFACE_SIDE_STYLE('',(#12379));
#11826=SURFACE_SIDE_STYLE('',(#12380));
#11827=SURFACE_SIDE_STYLE('',(#12381));
#11828=SURFACE_SIDE_STYLE('',(#12382));
#11829=SURFACE_SIDE_STYLE('',(#12383));
#11830=SURFACE_SIDE_STYLE('',(#12384));
#11831=SURFACE_SIDE_STYLE('',(#12385));
#11832=SURFACE_SIDE_STYLE('',(#12386));
#11833=SURFACE_SIDE_STYLE('',(#12387));
#11834=SURFACE_SIDE_STYLE('',(#12388));
#11835=SURFACE_SIDE_STYLE('',(#12389));
#11836=SURFACE_SIDE_STYLE('',(#12390));
#11837=SURFACE_SIDE_STYLE('',(#12391));
#11838=SURFACE_SIDE_STYLE('',(#12392));
#11839=SURFACE_SIDE_STYLE('',(#12393));
#11840=SURFACE_SIDE_STYLE('',(#12394));
#11841=SURFACE_SIDE_STYLE('',(#12395));
#11842=SURFACE_SIDE_STYLE('',(#12396));
#11843=SURFACE_SIDE_STYLE('',(#12397));
#11844=SURFACE_SIDE_STYLE('',(#12398));
#11845=SURFACE_SIDE_STYLE('',(#12399));
#11846=SURFACE_SIDE_STYLE('',(#12400));
#11847=SURFACE_SIDE_STYLE('',(#12401));
#11848=SURFACE_SIDE_STYLE('',(#12402));
#11849=SURFACE_SIDE_STYLE('',(#12403));
#11850=SURFACE_SIDE_STYLE('',(#12404));
#11851=SURFACE_SIDE_STYLE('',(#12405));
#11852=SURFACE_SIDE_STYLE('',(#12406));
#11853=SURFACE_SIDE_STYLE('',(#12407));
#11854=SURFACE_SIDE_STYLE('',(#12408));
#11855=SURFACE_SIDE_STYLE('',(#12409));
#11856=SURFACE_SIDE_STYLE('',(#12410));
#11857=SURFACE_SIDE_STYLE('',(#12411));
#11858=SURFACE_SIDE_STYLE('',(#12412));
#11859=SURFACE_SIDE_STYLE('',(#12413));
#11860=SURFACE_SIDE_STYLE('',(#12414));
#11861=SURFACE_SIDE_STYLE('',(#12415));
#11862=SURFACE_SIDE_STYLE('',(#12416));
#11863=SURFACE_SIDE_STYLE('',(#12417));
#11864=SURFACE_SIDE_STYLE('',(#12418));
#11865=SURFACE_SIDE_STYLE('',(#12419));
#11866=SURFACE_SIDE_STYLE('',(#12420));
#11867=SURFACE_SIDE_STYLE('',(#12421));
#11868=SURFACE_SIDE_STYLE('',(#12422));
#11869=SURFACE_SIDE_STYLE('',(#12423));
#11870=SURFACE_SIDE_STYLE('',(#12424));
#11871=SURFACE_SIDE_STYLE('',(#12425));
#11872=SURFACE_SIDE_STYLE('',(#12426));
#11873=SURFACE_SIDE_STYLE('',(#12427));
#11874=SURFACE_SIDE_STYLE('',(#12428));
#11875=SURFACE_SIDE_STYLE('',(#12429));
#11876=SURFACE_SIDE_STYLE('',(#12430));
#11877=SURFACE_SIDE_STYLE('',(#12431));
#11878=SURFACE_SIDE_STYLE('',(#12432));
#11879=SURFACE_SIDE_STYLE('',(#12433));
#11880=SURFACE_SIDE_STYLE('',(#12434));
#11881=SURFACE_SIDE_STYLE('',(#12435));
#11882=SURFACE_SIDE_STYLE('',(#12436));
#11883=SURFACE_SIDE_STYLE('',(#12437));
#11884=SURFACE_SIDE_STYLE('',(#12438));
#11885=SURFACE_SIDE_STYLE('',(#12439));
#11886=SURFACE_SIDE_STYLE('',(#12440));
#11887=SURFACE_SIDE_STYLE('',(#12441));
#11888=SURFACE_SIDE_STYLE('',(#12442));
#11889=SURFACE_SIDE_STYLE('',(#12443));
#11890=SURFACE_SIDE_STYLE('',(#12444));
#11891=SURFACE_SIDE_STYLE('',(#12445));
#11892=SURFACE_SIDE_STYLE('',(#12446));
#11893=SURFACE_SIDE_STYLE('',(#12447));
#11894=SURFACE_SIDE_STYLE('',(#12448));
#11895=SURFACE_SIDE_STYLE('',(#12449));
#11896=SURFACE_SIDE_STYLE('',(#12450));
#11897=SURFACE_SIDE_STYLE('',(#12451));
#11898=SURFACE_SIDE_STYLE('',(#12452));
#11899=SURFACE_SIDE_STYLE('',(#12453));
#11900=SURFACE_SIDE_STYLE('',(#12454));
#11901=SURFACE_SIDE_STYLE('',(#12455));
#11902=SURFACE_SIDE_STYLE('',(#12456));
#11903=SURFACE_SIDE_STYLE('',(#12457));
#11904=SURFACE_SIDE_STYLE('',(#12458));
#11905=SURFACE_SIDE_STYLE('',(#12459));
#11906=SURFACE_SIDE_STYLE('',(#12460));
#11907=SURFACE_SIDE_STYLE('',(#12461));
#11908=SURFACE_SIDE_STYLE('',(#12462));
#11909=SURFACE_SIDE_STYLE('',(#12463));
#11910=SURFACE_SIDE_STYLE('',(#12464));
#11911=SURFACE_SIDE_STYLE('',(#12465));
#11912=SURFACE_SIDE_STYLE('',(#12466));
#11913=SURFACE_SIDE_STYLE('',(#12467));
#11914=SURFACE_SIDE_STYLE('',(#12468));
#11915=SURFACE_SIDE_STYLE('',(#12469));
#11916=SURFACE_SIDE_STYLE('',(#12470));
#11917=SURFACE_SIDE_STYLE('',(#12471));
#11918=SURFACE_SIDE_STYLE('',(#12472));
#11919=SURFACE_SIDE_STYLE('',(#12473));
#11920=SURFACE_SIDE_STYLE('',(#12474));
#11921=SURFACE_SIDE_STYLE('',(#12475));
#11922=SURFACE_SIDE_STYLE('',(#12476));
#11923=SURFACE_SIDE_STYLE('',(#12477));
#11924=SURFACE_SIDE_STYLE('',(#12478));
#11925=SURFACE_SIDE_STYLE('',(#12479));
#11926=SURFACE_SIDE_STYLE('',(#12480));
#11927=SURFACE_SIDE_STYLE('',(#12481));
#11928=SURFACE_SIDE_STYLE('',(#12482));
#11929=SURFACE_SIDE_STYLE('',(#12483));
#11930=SURFACE_SIDE_STYLE('',(#12484));
#11931=SURFACE_SIDE_STYLE('',(#12485));
#11932=SURFACE_SIDE_STYLE('',(#12486));
#11933=SURFACE_SIDE_STYLE('',(#12487));
#11934=SURFACE_SIDE_STYLE('',(#12488));
#11935=SURFACE_SIDE_STYLE('',(#12489));
#11936=SURFACE_SIDE_STYLE('',(#12490));
#11937=SURFACE_SIDE_STYLE('',(#12491));
#11938=SURFACE_SIDE_STYLE('',(#12492));
#11939=SURFACE_SIDE_STYLE('',(#12493));
#11940=SURFACE_SIDE_STYLE('',(#12494));
#11941=SURFACE_SIDE_STYLE('',(#12495));
#11942=SURFACE_SIDE_STYLE('',(#12496));
#11943=SURFACE_SIDE_STYLE('',(#12497));
#11944=SURFACE_SIDE_STYLE('',(#12498));
#11945=SURFACE_SIDE_STYLE('',(#12499));
#11946=SURFACE_SIDE_STYLE('',(#12500));
#11947=SURFACE_SIDE_STYLE('',(#12501));
#11948=SURFACE_SIDE_STYLE('',(#12502));
#11949=SURFACE_SIDE_STYLE('',(#12503));
#11950=SURFACE_SIDE_STYLE('',(#12504));
#11951=SURFACE_SIDE_STYLE('',(#12505));
#11952=SURFACE_SIDE_STYLE('',(#12506));
#11953=SURFACE_SIDE_STYLE('',(#12507));
#11954=SURFACE_SIDE_STYLE('',(#12508));
#11955=SURFACE_SIDE_STYLE('',(#12509));
#11956=SURFACE_SIDE_STYLE('',(#12510));
#11957=SURFACE_SIDE_STYLE('',(#12511));
#11958=SURFACE_SIDE_STYLE('',(#12512));
#11959=SURFACE_SIDE_STYLE('',(#12513));
#11960=SURFACE_SIDE_STYLE('',(#12514));
#11961=SURFACE_SIDE_STYLE('',(#12515));
#11962=SURFACE_SIDE_STYLE('',(#12516));
#11963=SURFACE_SIDE_STYLE('',(#12517));
#11964=SURFACE_SIDE_STYLE('',(#12518));
#11965=SURFACE_SIDE_STYLE('',(#12519));
#11966=SURFACE_SIDE_STYLE('',(#12520));
#11967=SURFACE_SIDE_STYLE('',(#12521));
#11968=SURFACE_SIDE_STYLE('',(#12522));
#11969=SURFACE_SIDE_STYLE('',(#12523));
#11970=SURFACE_SIDE_STYLE('',(#12524));
#11971=SURFACE_SIDE_STYLE('',(#12525));
#11972=SURFACE_SIDE_STYLE('',(#12526));
#11973=SURFACE_SIDE_STYLE('',(#12527));
#11974=SURFACE_SIDE_STYLE('',(#12528));
#11975=SURFACE_SIDE_STYLE('',(#12529));
#11976=SURFACE_SIDE_STYLE('',(#12530));
#11977=SURFACE_SIDE_STYLE('',(#12531));
#11978=SURFACE_SIDE_STYLE('',(#12532));
#11979=SURFACE_SIDE_STYLE('',(#12533));
#11980=SURFACE_SIDE_STYLE('',(#12534));
#11981=SURFACE_SIDE_STYLE('',(#12535));
#11982=SURFACE_SIDE_STYLE('',(#12536));
#11983=SURFACE_SIDE_STYLE('',(#12537));
#11984=SURFACE_SIDE_STYLE('',(#12538));
#11985=SURFACE_SIDE_STYLE('',(#12539));
#11986=SURFACE_SIDE_STYLE('',(#12540));
#11987=SURFACE_SIDE_STYLE('',(#12541));
#11988=SURFACE_SIDE_STYLE('',(#12542));
#11989=SURFACE_SIDE_STYLE('',(#12543));
#11990=SURFACE_SIDE_STYLE('',(#12544));
#11991=SURFACE_SIDE_STYLE('',(#12545));
#11992=SURFACE_SIDE_STYLE('',(#12546));
#11993=SURFACE_SIDE_STYLE('',(#12547));
#11994=SURFACE_SIDE_STYLE('',(#12548));
#11995=SURFACE_SIDE_STYLE('',(#12549));
#11996=SURFACE_SIDE_STYLE('',(#12550));
#11997=SURFACE_SIDE_STYLE('',(#12551));
#11998=SURFACE_SIDE_STYLE('',(#12552));
#11999=SURFACE_SIDE_STYLE('',(#12553));
#12000=SURFACE_SIDE_STYLE('',(#12554));
#12001=SURFACE_SIDE_STYLE('',(#12555));
#12002=SURFACE_SIDE_STYLE('',(#12556));
#12003=SURFACE_SIDE_STYLE('',(#12557));
#12004=SURFACE_SIDE_STYLE('',(#12558));
#12005=SURFACE_SIDE_STYLE('',(#12559));
#12006=SURFACE_SIDE_STYLE('',(#12560));
#12007=SURFACE_SIDE_STYLE('',(#12561));
#12008=SURFACE_SIDE_STYLE('',(#12562));
#12009=SURFACE_SIDE_STYLE('',(#12563));
#12010=SURFACE_SIDE_STYLE('',(#12564));
#12011=SURFACE_SIDE_STYLE('',(#12565));
#12012=SURFACE_SIDE_STYLE('',(#12566));
#12013=SURFACE_SIDE_STYLE('',(#12567));
#12014=SURFACE_SIDE_STYLE('',(#12568));
#12015=SURFACE_SIDE_STYLE('',(#12569));
#12016=SURFACE_SIDE_STYLE('',(#12570));
#12017=SURFACE_SIDE_STYLE('',(#12571));
#12018=SURFACE_SIDE_STYLE('',(#12572));
#12019=SURFACE_SIDE_STYLE('',(#12573));
#12020=SURFACE_SIDE_STYLE('',(#12574));
#12021=SURFACE_SIDE_STYLE('',(#12575));
#12022=SURFACE_SIDE_STYLE('',(#12576));
#12023=SURFACE_SIDE_STYLE('',(#12577));
#12024=SURFACE_SIDE_STYLE('',(#12578));
#12025=SURFACE_SIDE_STYLE('',(#12579));
#12026=SURFACE_SIDE_STYLE('',(#12580));
#12027=SURFACE_SIDE_STYLE('',(#12581));
#12028=SURFACE_SIDE_STYLE('',(#12582));
#12029=SURFACE_SIDE_STYLE('',(#12583));
#12030=SURFACE_SIDE_STYLE('',(#12584));
#12031=SURFACE_SIDE_STYLE('',(#12585));
#12032=SURFACE_SIDE_STYLE('',(#12586));
#12033=SURFACE_SIDE_STYLE('',(#12587));
#12034=SURFACE_SIDE_STYLE('',(#12588));
#12035=SURFACE_SIDE_STYLE('',(#12589));
#12036=SURFACE_SIDE_STYLE('',(#12590));
#12037=SURFACE_SIDE_STYLE('',(#12591));
#12038=SURFACE_SIDE_STYLE('',(#12592));
#12039=SURFACE_SIDE_STYLE('',(#12593));
#12040=SURFACE_SIDE_STYLE('',(#12594));
#12041=SURFACE_SIDE_STYLE('',(#12595));
#12042=SURFACE_SIDE_STYLE('',(#12596));
#12043=SURFACE_SIDE_STYLE('',(#12597));
#12044=SURFACE_SIDE_STYLE('',(#12598));
#12045=SURFACE_SIDE_STYLE('',(#12599));
#12046=SURFACE_SIDE_STYLE('',(#12600));
#12047=SURFACE_SIDE_STYLE('',(#12601));
#12048=SURFACE_SIDE_STYLE('',(#12602));
#12049=SURFACE_SIDE_STYLE('',(#12603));
#12050=SURFACE_SIDE_STYLE('',(#12604));
#12051=SURFACE_SIDE_STYLE('',(#12605));
#12052=SURFACE_SIDE_STYLE('',(#12606));
#12053=SURFACE_SIDE_STYLE('',(#12607));
#12054=SURFACE_SIDE_STYLE('',(#12608));
#12055=SURFACE_SIDE_STYLE('',(#12609));
#12056=SURFACE_SIDE_STYLE('',(#12610));
#12057=SURFACE_SIDE_STYLE('',(#12611));
#12058=SURFACE_SIDE_STYLE('',(#12612));
#12059=SURFACE_SIDE_STYLE('',(#12613));
#12060=SURFACE_SIDE_STYLE('',(#12614));
#12061=SURFACE_SIDE_STYLE('',(#12615));
#12062=SURFACE_SIDE_STYLE('',(#12616));
#12063=SURFACE_SIDE_STYLE('',(#12617));
#12064=SURFACE_SIDE_STYLE('',(#12618));
#12065=SURFACE_SIDE_STYLE('',(#12619));
#12066=SURFACE_SIDE_STYLE('',(#12620));
#12067=SURFACE_SIDE_STYLE('',(#12621));
#12068=SURFACE_SIDE_STYLE('',(#12622));
#12069=SURFACE_SIDE_STYLE('',(#12623));
#12070=SURFACE_SIDE_STYLE('',(#12624));
#12071=SURFACE_SIDE_STYLE('',(#12625));
#12072=SURFACE_SIDE_STYLE('',(#12626));
#12073=SURFACE_SIDE_STYLE('',(#12627));
#12074=SURFACE_SIDE_STYLE('',(#12628));
#12075=SURFACE_SIDE_STYLE('',(#12629));
#12076=SURFACE_SIDE_STYLE('',(#12630));
#12077=SURFACE_SIDE_STYLE('',(#12631));
#12078=SURFACE_SIDE_STYLE('',(#12632));
#12079=SURFACE_SIDE_STYLE('',(#12633));
#12080=SURFACE_SIDE_STYLE('',(#12634));
#12081=SURFACE_SIDE_STYLE('',(#12635));
#12082=SURFACE_SIDE_STYLE('',(#12636));
#12083=SURFACE_SIDE_STYLE('',(#12637));
#12084=SURFACE_SIDE_STYLE('',(#12638));
#12085=SURFACE_SIDE_STYLE('',(#12639));
#12086=SURFACE_SIDE_STYLE('',(#12640));
#12087=SURFACE_SIDE_STYLE('',(#12641));
#12088=SURFACE_SIDE_STYLE('',(#12642));
#12089=SURFACE_SIDE_STYLE('',(#12643));
#12090=SURFACE_SIDE_STYLE('',(#12644));
#12091=SURFACE_SIDE_STYLE('',(#12645));
#12092=SURFACE_SIDE_STYLE('',(#12646));
#12093=SURFACE_SIDE_STYLE('',(#12647));
#12094=SURFACE_SIDE_STYLE('',(#12648));
#12095=SURFACE_SIDE_STYLE('',(#12649));
#12096=SURFACE_SIDE_STYLE('',(#12650));
#12097=SURFACE_SIDE_STYLE('',(#12651));
#12098=SURFACE_SIDE_STYLE('',(#12652));
#12099=SURFACE_SIDE_STYLE('',(#12653));
#12100=SURFACE_SIDE_STYLE('',(#12654));
#12101=SURFACE_SIDE_STYLE('',(#12655));
#12102=SURFACE_SIDE_STYLE('',(#12656));
#12103=SURFACE_SIDE_STYLE('',(#12657));
#12104=SURFACE_SIDE_STYLE('',(#12658));
#12105=SURFACE_SIDE_STYLE('',(#12659));
#12106=SURFACE_SIDE_STYLE('',(#12660));
#12107=SURFACE_SIDE_STYLE('',(#12661));
#12108=SURFACE_SIDE_STYLE('',(#12662));
#12109=SURFACE_SIDE_STYLE('',(#12663));
#12110=SURFACE_SIDE_STYLE('',(#12664));
#12111=SURFACE_SIDE_STYLE('',(#12665));
#12112=SURFACE_SIDE_STYLE('',(#12666));
#12113=SURFACE_SIDE_STYLE('',(#12667));
#12114=SURFACE_SIDE_STYLE('',(#12668));
#12115=SURFACE_SIDE_STYLE('',(#12669));
#12116=SURFACE_SIDE_STYLE('',(#12670));
#12117=SURFACE_SIDE_STYLE('',(#12671));
#12118=SURFACE_SIDE_STYLE('',(#12672));
#12119=SURFACE_SIDE_STYLE('',(#12673));
#12120=SURFACE_SIDE_STYLE('',(#12674));
#12121=SURFACE_SIDE_STYLE('',(#12675));
#12122=SURFACE_SIDE_STYLE('',(#12676));
#12123=SURFACE_SIDE_STYLE('',(#12677));
#12124=SURFACE_SIDE_STYLE('',(#12678));
#12125=SURFACE_SIDE_STYLE('',(#12679));
#12126=SURFACE_SIDE_STYLE('',(#12680));
#12127=SURFACE_SIDE_STYLE('',(#12681));
#12128=SURFACE_SIDE_STYLE('',(#12682));
#12129=SURFACE_SIDE_STYLE('',(#12683));
#12130=SURFACE_SIDE_STYLE('',(#12684));
#12131=SURFACE_SIDE_STYLE('',(#12685));
#12132=SURFACE_SIDE_STYLE('',(#12686));
#12133=SURFACE_SIDE_STYLE('',(#12687));
#12134=SURFACE_SIDE_STYLE('',(#12688));
#12135=SURFACE_SIDE_STYLE('',(#12689));
#12136=SURFACE_SIDE_STYLE('',(#12690));
#12137=SURFACE_SIDE_STYLE('',(#12691));
#12138=SURFACE_SIDE_STYLE('',(#12692));
#12139=SURFACE_SIDE_STYLE('',(#12693));
#12140=SURFACE_SIDE_STYLE('',(#12694));
#12141=SURFACE_SIDE_STYLE('',(#12695));
#12142=SURFACE_SIDE_STYLE('',(#12696));
#12143=SURFACE_SIDE_STYLE('',(#12697));
#12144=SURFACE_SIDE_STYLE('',(#12698));
#12145=SURFACE_SIDE_STYLE('',(#12699));
#12146=SURFACE_SIDE_STYLE('',(#12700));
#12147=SURFACE_SIDE_STYLE('',(#12701));
#12148=SURFACE_SIDE_STYLE('',(#12702));
#12149=SURFACE_SIDE_STYLE('',(#12703));
#12150=SURFACE_SIDE_STYLE('',(#12704));
#12151=SURFACE_SIDE_STYLE('',(#12705));
#12152=SURFACE_SIDE_STYLE('',(#12706));
#12153=SURFACE_SIDE_STYLE('',(#12707));
#12154=SURFACE_SIDE_STYLE('',(#12708));
#12155=SURFACE_SIDE_STYLE('',(#12709));
#12156=SURFACE_SIDE_STYLE('',(#12710));
#12157=SURFACE_SIDE_STYLE('',(#12711));
#12158=SURFACE_SIDE_STYLE('',(#12712));
#12159=SURFACE_SIDE_STYLE('',(#12713));
#12160=SURFACE_SIDE_STYLE('',(#12714));
#12161=SURFACE_SIDE_STYLE('',(#12715));
#12162=SURFACE_SIDE_STYLE('',(#12716));
#12163=SURFACE_SIDE_STYLE('',(#12717));
#12164=SURFACE_SIDE_STYLE('',(#12718));
#12165=SURFACE_SIDE_STYLE('',(#12719));
#12166=SURFACE_SIDE_STYLE('',(#12720));
#12167=SURFACE_SIDE_STYLE('',(#12721));
#12168=SURFACE_SIDE_STYLE('',(#12722));
#12169=SURFACE_SIDE_STYLE('',(#12723));
#12170=SURFACE_SIDE_STYLE('',(#12724));
#12171=SURFACE_SIDE_STYLE('',(#12725));
#12172=SURFACE_SIDE_STYLE('',(#12726));
#12173=SURFACE_SIDE_STYLE('',(#12727));
#12174=SURFACE_SIDE_STYLE('',(#12728));
#12175=SURFACE_SIDE_STYLE('',(#12729));
#12176=SURFACE_SIDE_STYLE('',(#12730));
#12177=SURFACE_SIDE_STYLE('',(#12731));
#12178=SURFACE_SIDE_STYLE('',(#12732));
#12179=SURFACE_SIDE_STYLE('',(#12733));
#12180=SURFACE_SIDE_STYLE('',(#12734));
#12181=SURFACE_SIDE_STYLE('',(#12735));
#12182=SURFACE_SIDE_STYLE('',(#12736));
#12183=SURFACE_SIDE_STYLE('',(#12737));
#12184=SURFACE_SIDE_STYLE('',(#12738));
#12185=SURFACE_SIDE_STYLE('',(#12739));
#12186=SURFACE_SIDE_STYLE('',(#12740));
#12187=SURFACE_SIDE_STYLE('',(#12741));
#12188=SURFACE_SIDE_STYLE('',(#12742));
#12189=SURFACE_SIDE_STYLE('',(#12743));
#12190=SURFACE_SIDE_STYLE('',(#12744));
#12191=SURFACE_SIDE_STYLE('',(#12745));
#12192=SURFACE_SIDE_STYLE('',(#12746));
#12193=SURFACE_SIDE_STYLE('',(#12747));
#12194=SURFACE_SIDE_STYLE('',(#12748));
#12195=SURFACE_SIDE_STYLE('',(#12749));
#12196=SURFACE_SIDE_STYLE('',(#12750));
#12197=SURFACE_SIDE_STYLE('',(#12751));
#12198=SURFACE_SIDE_STYLE('',(#12752));
#12199=SURFACE_SIDE_STYLE('',(#12753));
#12200=SURFACE_SIDE_STYLE('',(#12754));
#12201=SURFACE_SIDE_STYLE('',(#12755));
#12202=SURFACE_SIDE_STYLE('',(#12756));
#12203=SURFACE_SIDE_STYLE('',(#12757));
#12204=SURFACE_SIDE_STYLE('',(#12758));
#12205=SURFACE_SIDE_STYLE('',(#12759));
#12206=SURFACE_SIDE_STYLE('',(#12760));
#12207=SURFACE_SIDE_STYLE('',(#12761));
#12208=SURFACE_SIDE_STYLE('',(#12762));
#12209=SURFACE_SIDE_STYLE('',(#12763));
#12210=SURFACE_SIDE_STYLE('',(#12764));
#12211=SURFACE_SIDE_STYLE('',(#12765));
#12212=SURFACE_SIDE_STYLE('',(#12766));
#12213=SURFACE_SIDE_STYLE('',(#12767));
#12214=SURFACE_SIDE_STYLE('',(#12768));
#12215=SURFACE_SIDE_STYLE('',(#12769));
#12216=SURFACE_SIDE_STYLE('',(#12770));
#12217=SURFACE_SIDE_STYLE('',(#12771));
#12218=SURFACE_SIDE_STYLE('',(#12772));
#12219=SURFACE_SIDE_STYLE('',(#12773));
#12220=SURFACE_SIDE_STYLE('',(#12774));
#12221=SURFACE_STYLE_FILL_AREA(#12775);
#12222=SURFACE_STYLE_FILL_AREA(#12776);
#12223=SURFACE_STYLE_FILL_AREA(#12777);
#12224=SURFACE_STYLE_FILL_AREA(#12778);
#12225=SURFACE_STYLE_FILL_AREA(#12779);
#12226=SURFACE_STYLE_FILL_AREA(#12780);
#12227=SURFACE_STYLE_FILL_AREA(#12781);
#12228=SURFACE_STYLE_FILL_AREA(#12782);
#12229=SURFACE_STYLE_FILL_AREA(#12783);
#12230=SURFACE_STYLE_FILL_AREA(#12784);
#12231=SURFACE_STYLE_FILL_AREA(#12785);
#12232=SURFACE_STYLE_FILL_AREA(#12786);
#12233=SURFACE_STYLE_FILL_AREA(#12787);
#12234=SURFACE_STYLE_FILL_AREA(#12788);
#12235=SURFACE_STYLE_FILL_AREA(#12789);
#12236=SURFACE_STYLE_FILL_AREA(#12790);
#12237=SURFACE_STYLE_FILL_AREA(#12791);
#12238=SURFACE_STYLE_FILL_AREA(#12792);
#12239=SURFACE_STYLE_FILL_AREA(#12793);
#12240=SURFACE_STYLE_FILL_AREA(#12794);
#12241=SURFACE_STYLE_FILL_AREA(#12795);
#12242=SURFACE_STYLE_FILL_AREA(#12796);
#12243=SURFACE_STYLE_FILL_AREA(#12797);
#12244=SURFACE_STYLE_FILL_AREA(#12798);
#12245=SURFACE_STYLE_FILL_AREA(#12799);
#12246=SURFACE_STYLE_FILL_AREA(#12800);
#12247=SURFACE_STYLE_FILL_AREA(#12801);
#12248=SURFACE_STYLE_FILL_AREA(#12802);
#12249=SURFACE_STYLE_FILL_AREA(#12803);
#12250=SURFACE_STYLE_FILL_AREA(#12804);
#12251=SURFACE_STYLE_FILL_AREA(#12805);
#12252=SURFACE_STYLE_FILL_AREA(#12806);
#12253=SURFACE_STYLE_FILL_AREA(#12807);
#12254=SURFACE_STYLE_FILL_AREA(#12808);
#12255=SURFACE_STYLE_FILL_AREA(#12809);
#12256=SURFACE_STYLE_FILL_AREA(#12810);
#12257=SURFACE_STYLE_FILL_AREA(#12811);
#12258=SURFACE_STYLE_FILL_AREA(#12812);
#12259=SURFACE_STYLE_FILL_AREA(#12813);
#12260=SURFACE_STYLE_FILL_AREA(#12814);
#12261=SURFACE_STYLE_FILL_AREA(#12815);
#12262=SURFACE_STYLE_FILL_AREA(#12816);
#12263=SURFACE_STYLE_FILL_AREA(#12817);
#12264=SURFACE_STYLE_FILL_AREA(#12818);
#12265=SURFACE_STYLE_FILL_AREA(#12819);
#12266=SURFACE_STYLE_FILL_AREA(#12820);
#12267=SURFACE_STYLE_FILL_AREA(#12821);
#12268=SURFACE_STYLE_FILL_AREA(#12822);
#12269=SURFACE_STYLE_FILL_AREA(#12823);
#12270=SURFACE_STYLE_FILL_AREA(#12824);
#12271=SURFACE_STYLE_FILL_AREA(#12825);
#12272=SURFACE_STYLE_FILL_AREA(#12826);
#12273=SURFACE_STYLE_FILL_AREA(#12827);
#12274=SURFACE_STYLE_FILL_AREA(#12828);
#12275=SURFACE_STYLE_FILL_AREA(#12829);
#12276=SURFACE_STYLE_FILL_AREA(#12830);
#12277=SURFACE_STYLE_FILL_AREA(#12831);
#12278=SURFACE_STYLE_FILL_AREA(#12832);
#12279=SURFACE_STYLE_FILL_AREA(#12833);
#12280=SURFACE_STYLE_FILL_AREA(#12834);
#12281=SURFACE_STYLE_FILL_AREA(#12835);
#12282=SURFACE_STYLE_FILL_AREA(#12836);
#12283=SURFACE_STYLE_FILL_AREA(#12837);
#12284=SURFACE_STYLE_FILL_AREA(#12838);
#12285=SURFACE_STYLE_FILL_AREA(#12839);
#12286=SURFACE_STYLE_FILL_AREA(#12840);
#12287=SURFACE_STYLE_FILL_AREA(#12841);
#12288=SURFACE_STYLE_FILL_AREA(#12842);
#12289=SURFACE_STYLE_FILL_AREA(#12843);
#12290=SURFACE_STYLE_FILL_AREA(#12844);
#12291=SURFACE_STYLE_FILL_AREA(#12845);
#12292=SURFACE_STYLE_FILL_AREA(#12846);
#12293=SURFACE_STYLE_FILL_AREA(#12847);
#12294=SURFACE_STYLE_FILL_AREA(#12848);
#12295=SURFACE_STYLE_FILL_AREA(#12849);
#12296=SURFACE_STYLE_FILL_AREA(#12850);
#12297=SURFACE_STYLE_FILL_AREA(#12851);
#12298=SURFACE_STYLE_FILL_AREA(#12852);
#12299=SURFACE_STYLE_FILL_AREA(#12853);
#12300=SURFACE_STYLE_FILL_AREA(#12854);
#12301=SURFACE_STYLE_FILL_AREA(#12855);
#12302=SURFACE_STYLE_FILL_AREA(#12856);
#12303=SURFACE_STYLE_FILL_AREA(#12857);
#12304=SURFACE_STYLE_FILL_AREA(#12858);
#12305=SURFACE_STYLE_FILL_AREA(#12859);
#12306=SURFACE_STYLE_FILL_AREA(#12860);
#12307=SURFACE_STYLE_FILL_AREA(#12861);
#12308=SURFACE_STYLE_FILL_AREA(#12862);
#12309=SURFACE_STYLE_FILL_AREA(#12863);
#12310=SURFACE_STYLE_FILL_AREA(#12864);
#12311=SURFACE_STYLE_FILL_AREA(#12865);
#12312=SURFACE_STYLE_FILL_AREA(#12866);
#12313=SURFACE_STYLE_FILL_AREA(#12867);
#12314=SURFACE_STYLE_FILL_AREA(#12868);
#12315=SURFACE_STYLE_FILL_AREA(#12869);
#12316=SURFACE_STYLE_FILL_AREA(#12870);
#12317=SURFACE_STYLE_FILL_AREA(#12871);
#12318=SURFACE_STYLE_FILL_AREA(#12872);
#12319=SURFACE_STYLE_FILL_AREA(#12873);
#12320=SURFACE_STYLE_FILL_AREA(#12874);
#12321=SURFACE_STYLE_FILL_AREA(#12875);
#12322=SURFACE_STYLE_FILL_AREA(#12876);
#12323=SURFACE_STYLE_FILL_AREA(#12877);
#12324=SURFACE_STYLE_FILL_AREA(#12878);
#12325=SURFACE_STYLE_FILL_AREA(#12879);
#12326=SURFACE_STYLE_FILL_AREA(#12880);
#12327=SURFACE_STYLE_FILL_AREA(#12881);
#12328=SURFACE_STYLE_FILL_AREA(#12882);
#12329=SURFACE_STYLE_FILL_AREA(#12883);
#12330=SURFACE_STYLE_FILL_AREA(#12884);
#12331=SURFACE_STYLE_FILL_AREA(#12885);
#12332=SURFACE_STYLE_FILL_AREA(#12886);
#12333=SURFACE_STYLE_FILL_AREA(#12887);
#12334=SURFACE_STYLE_FILL_AREA(#12888);
#12335=SURFACE_STYLE_FILL_AREA(#12889);
#12336=SURFACE_STYLE_FILL_AREA(#12890);
#12337=SURFACE_STYLE_FILL_AREA(#12891);
#12338=SURFACE_STYLE_FILL_AREA(#12892);
#12339=SURFACE_STYLE_FILL_AREA(#12893);
#12340=SURFACE_STYLE_FILL_AREA(#12894);
#12341=SURFACE_STYLE_FILL_AREA(#12895);
#12342=SURFACE_STYLE_FILL_AREA(#12896);
#12343=SURFACE_STYLE_FILL_AREA(#12897);
#12344=SURFACE_STYLE_FILL_AREA(#12898);
#12345=SURFACE_STYLE_FILL_AREA(#12899);
#12346=SURFACE_STYLE_FILL_AREA(#12900);
#12347=SURFACE_STYLE_FILL_AREA(#12901);
#12348=SURFACE_STYLE_FILL_AREA(#12902);
#12349=SURFACE_STYLE_FILL_AREA(#12903);
#12350=SURFACE_STYLE_FILL_AREA(#12904);
#12351=SURFACE_STYLE_FILL_AREA(#12905);
#12352=SURFACE_STYLE_FILL_AREA(#12906);
#12353=SURFACE_STYLE_FILL_AREA(#12907);
#12354=SURFACE_STYLE_FILL_AREA(#12908);
#12355=SURFACE_STYLE_FILL_AREA(#12909);
#12356=SURFACE_STYLE_FILL_AREA(#12910);
#12357=SURFACE_STYLE_FILL_AREA(#12911);
#12358=SURFACE_STYLE_FILL_AREA(#12912);
#12359=SURFACE_STYLE_FILL_AREA(#12913);
#12360=SURFACE_STYLE_FILL_AREA(#12914);
#12361=SURFACE_STYLE_FILL_AREA(#12915);
#12362=SURFACE_STYLE_FILL_AREA(#12916);
#12363=SURFACE_STYLE_FILL_AREA(#12917);
#12364=SURFACE_STYLE_FILL_AREA(#12918);
#12365=SURFACE_STYLE_FILL_AREA(#12919);
#12366=SURFACE_STYLE_FILL_AREA(#12920);
#12367=SURFACE_STYLE_FILL_AREA(#12921);
#12368=SURFACE_STYLE_FILL_AREA(#12922);
#12369=SURFACE_STYLE_FILL_AREA(#12923);
#12370=SURFACE_STYLE_FILL_AREA(#12924);
#12371=SURFACE_STYLE_FILL_AREA(#12925);
#12372=SURFACE_STYLE_FILL_AREA(#12926);
#12373=SURFACE_STYLE_FILL_AREA(#12927);
#12374=SURFACE_STYLE_FILL_AREA(#12928);
#12375=SURFACE_STYLE_FILL_AREA(#12929);
#12376=SURFACE_STYLE_FILL_AREA(#12930);
#12377=SURFACE_STYLE_FILL_AREA(#12931);
#12378=SURFACE_STYLE_FILL_AREA(#12932);
#12379=SURFACE_STYLE_FILL_AREA(#12933);
#12380=SURFACE_STYLE_FILL_AREA(#12934);
#12381=SURFACE_STYLE_FILL_AREA(#12935);
#12382=SURFACE_STYLE_FILL_AREA(#12936);
#12383=SURFACE_STYLE_FILL_AREA(#12937);
#12384=SURFACE_STYLE_FILL_AREA(#12938);
#12385=SURFACE_STYLE_FILL_AREA(#12939);
#12386=SURFACE_STYLE_FILL_AREA(#12940);
#12387=SURFACE_STYLE_FILL_AREA(#12941);
#12388=SURFACE_STYLE_FILL_AREA(#12942);
#12389=SURFACE_STYLE_FILL_AREA(#12943);
#12390=SURFACE_STYLE_FILL_AREA(#12944);
#12391=SURFACE_STYLE_FILL_AREA(#12945);
#12392=SURFACE_STYLE_FILL_AREA(#12946);
#12393=SURFACE_STYLE_FILL_AREA(#12947);
#12394=SURFACE_STYLE_FILL_AREA(#12948);
#12395=SURFACE_STYLE_FILL_AREA(#12949);
#12396=SURFACE_STYLE_FILL_AREA(#12950);
#12397=SURFACE_STYLE_FILL_AREA(#12951);
#12398=SURFACE_STYLE_FILL_AREA(#12952);
#12399=SURFACE_STYLE_FILL_AREA(#12953);
#12400=SURFACE_STYLE_FILL_AREA(#12954);
#12401=SURFACE_STYLE_FILL_AREA(#12955);
#12402=SURFACE_STYLE_FILL_AREA(#12956);
#12403=SURFACE_STYLE_FILL_AREA(#12957);
#12404=SURFACE_STYLE_FILL_AREA(#12958);
#12405=SURFACE_STYLE_FILL_AREA(#12959);
#12406=SURFACE_STYLE_FILL_AREA(#12960);
#12407=SURFACE_STYLE_FILL_AREA(#12961);
#12408=SURFACE_STYLE_FILL_AREA(#12962);
#12409=SURFACE_STYLE_FILL_AREA(#12963);
#12410=SURFACE_STYLE_FILL_AREA(#12964);
#12411=SURFACE_STYLE_FILL_AREA(#12965);
#12412=SURFACE_STYLE_FILL_AREA(#12966);
#12413=SURFACE_STYLE_FILL_AREA(#12967);
#12414=SURFACE_STYLE_FILL_AREA(#12968);
#12415=SURFACE_STYLE_FILL_AREA(#12969);
#12416=SURFACE_STYLE_FILL_AREA(#12970);
#12417=SURFACE_STYLE_FILL_AREA(#12971);
#12418=SURFACE_STYLE_FILL_AREA(#12972);
#12419=SURFACE_STYLE_FILL_AREA(#12973);
#12420=SURFACE_STYLE_FILL_AREA(#12974);
#12421=SURFACE_STYLE_FILL_AREA(#12975);
#12422=SURFACE_STYLE_FILL_AREA(#12976);
#12423=SURFACE_STYLE_FILL_AREA(#12977);
#12424=SURFACE_STYLE_FILL_AREA(#12978);
#12425=SURFACE_STYLE_FILL_AREA(#12979);
#12426=SURFACE_STYLE_FILL_AREA(#12980);
#12427=SURFACE_STYLE_FILL_AREA(#12981);
#12428=SURFACE_STYLE_FILL_AREA(#12982);
#12429=SURFACE_STYLE_FILL_AREA(#12983);
#12430=SURFACE_STYLE_FILL_AREA(#12984);
#12431=SURFACE_STYLE_FILL_AREA(#12985);
#12432=SURFACE_STYLE_FILL_AREA(#12986);
#12433=SURFACE_STYLE_FILL_AREA(#12987);
#12434=SURFACE_STYLE_FILL_AREA(#12988);
#12435=SURFACE_STYLE_FILL_AREA(#12989);
#12436=SURFACE_STYLE_FILL_AREA(#12990);
#12437=SURFACE_STYLE_FILL_AREA(#12991);
#12438=SURFACE_STYLE_FILL_AREA(#12992);
#12439=SURFACE_STYLE_FILL_AREA(#12993);
#12440=SURFACE_STYLE_FILL_AREA(#12994);
#12441=SURFACE_STYLE_FILL_AREA(#12995);
#12442=SURFACE_STYLE_FILL_AREA(#12996);
#12443=SURFACE_STYLE_FILL_AREA(#12997);
#12444=SURFACE_STYLE_FILL_AREA(#12998);
#12445=SURFACE_STYLE_FILL_AREA(#12999);
#12446=SURFACE_STYLE_FILL_AREA(#13000);
#12447=SURFACE_STYLE_FILL_AREA(#13001);
#12448=SURFACE_STYLE_FILL_AREA(#13002);
#12449=SURFACE_STYLE_FILL_AREA(#13003);
#12450=SURFACE_STYLE_FILL_AREA(#13004);
#12451=SURFACE_STYLE_FILL_AREA(#13005);
#12452=SURFACE_STYLE_FILL_AREA(#13006);
#12453=SURFACE_STYLE_FILL_AREA(#13007);
#12454=SURFACE_STYLE_FILL_AREA(#13008);
#12455=SURFACE_STYLE_FILL_AREA(#13009);
#12456=SURFACE_STYLE_FILL_AREA(#13010);
#12457=SURFACE_STYLE_FILL_AREA(#13011);
#12458=SURFACE_STYLE_FILL_AREA(#13012);
#12459=SURFACE_STYLE_FILL_AREA(#13013);
#12460=SURFACE_STYLE_FILL_AREA(#13014);
#12461=SURFACE_STYLE_FILL_AREA(#13015);
#12462=SURFACE_STYLE_FILL_AREA(#13016);
#12463=SURFACE_STYLE_FILL_AREA(#13017);
#12464=SURFACE_STYLE_FILL_AREA(#13018);
#12465=SURFACE_STYLE_FILL_AREA(#13019);
#12466=SURFACE_STYLE_FILL_AREA(#13020);
#12467=SURFACE_STYLE_FILL_AREA(#13021);
#12468=SURFACE_STYLE_FILL_AREA(#13022);
#12469=SURFACE_STYLE_FILL_AREA(#13023);
#12470=SURFACE_STYLE_FILL_AREA(#13024);
#12471=SURFACE_STYLE_FILL_AREA(#13025);
#12472=SURFACE_STYLE_FILL_AREA(#13026);
#12473=SURFACE_STYLE_FILL_AREA(#13027);
#12474=SURFACE_STYLE_FILL_AREA(#13028);
#12475=SURFACE_STYLE_FILL_AREA(#13029);
#12476=SURFACE_STYLE_FILL_AREA(#13030);
#12477=SURFACE_STYLE_FILL_AREA(#13031);
#12478=SURFACE_STYLE_FILL_AREA(#13032);
#12479=SURFACE_STYLE_FILL_AREA(#13033);
#12480=SURFACE_STYLE_FILL_AREA(#13034);
#12481=SURFACE_STYLE_FILL_AREA(#13035);
#12482=SURFACE_STYLE_FILL_AREA(#13036);
#12483=SURFACE_STYLE_FILL_AREA(#13037);
#12484=SURFACE_STYLE_FILL_AREA(#13038);
#12485=SURFACE_STYLE_FILL_AREA(#13039);
#12486=SURFACE_STYLE_FILL_AREA(#13040);
#12487=SURFACE_STYLE_FILL_AREA(#13041);
#12488=SURFACE_STYLE_FILL_AREA(#13042);
#12489=SURFACE_STYLE_FILL_AREA(#13043);
#12490=SURFACE_STYLE_FILL_AREA(#13044);
#12491=SURFACE_STYLE_FILL_AREA(#13045);
#12492=SURFACE_STYLE_FILL_AREA(#13046);
#12493=SURFACE_STYLE_FILL_AREA(#13047);
#12494=SURFACE_STYLE_FILL_AREA(#13048);
#12495=SURFACE_STYLE_FILL_AREA(#13049);
#12496=SURFACE_STYLE_FILL_AREA(#13050);
#12497=SURFACE_STYLE_FILL_AREA(#13051);
#12498=SURFACE_STYLE_FILL_AREA(#13052);
#12499=SURFACE_STYLE_FILL_AREA(#13053);
#12500=SURFACE_STYLE_FILL_AREA(#13054);
#12501=SURFACE_STYLE_FILL_AREA(#13055);
#12502=SURFACE_STYLE_FILL_AREA(#13056);
#12503=SURFACE_STYLE_FILL_AREA(#13057);
#12504=SURFACE_STYLE_FILL_AREA(#13058);
#12505=SURFACE_STYLE_FILL_AREA(#13059);
#12506=SURFACE_STYLE_FILL_AREA(#13060);
#12507=SURFACE_STYLE_FILL_AREA(#13061);
#12508=SURFACE_STYLE_FILL_AREA(#13062);
#12509=SURFACE_STYLE_FILL_AREA(#13063);
#12510=SURFACE_STYLE_FILL_AREA(#13064);
#12511=SURFACE_STYLE_FILL_AREA(#13065);
#12512=SURFACE_STYLE_FILL_AREA(#13066);
#12513=SURFACE_STYLE_FILL_AREA(#13067);
#12514=SURFACE_STYLE_FILL_AREA(#13068);
#12515=SURFACE_STYLE_FILL_AREA(#13069);
#12516=SURFACE_STYLE_FILL_AREA(#13070);
#12517=SURFACE_STYLE_FILL_AREA(#13071);
#12518=SURFACE_STYLE_FILL_AREA(#13072);
#12519=SURFACE_STYLE_FILL_AREA(#13073);
#12520=SURFACE_STYLE_FILL_AREA(#13074);
#12521=SURFACE_STYLE_FILL_AREA(#13075);
#12522=SURFACE_STYLE_FILL_AREA(#13076);
#12523=SURFACE_STYLE_FILL_AREA(#13077);
#12524=SURFACE_STYLE_FILL_AREA(#13078);
#12525=SURFACE_STYLE_FILL_AREA(#13079);
#12526=SURFACE_STYLE_FILL_AREA(#13080);
#12527=SURFACE_STYLE_FILL_AREA(#13081);
#12528=SURFACE_STYLE_FILL_AREA(#13082);
#12529=SURFACE_STYLE_FILL_AREA(#13083);
#12530=SURFACE_STYLE_FILL_AREA(#13084);
#12531=SURFACE_STYLE_FILL_AREA(#13085);
#12532=SURFACE_STYLE_FILL_AREA(#13086);
#12533=SURFACE_STYLE_FILL_AREA(#13087);
#12534=SURFACE_STYLE_FILL_AREA(#13088);
#12535=SURFACE_STYLE_FILL_AREA(#13089);
#12536=SURFACE_STYLE_FILL_AREA(#13090);
#12537=SURFACE_STYLE_FILL_AREA(#13091);
#12538=SURFACE_STYLE_FILL_AREA(#13092);
#12539=SURFACE_STYLE_FILL_AREA(#13093);
#12540=SURFACE_STYLE_FILL_AREA(#13094);
#12541=SURFACE_STYLE_FILL_AREA(#13095);
#12542=SURFACE_STYLE_FILL_AREA(#13096);
#12543=SURFACE_STYLE_FILL_AREA(#13097);
#12544=SURFACE_STYLE_FILL_AREA(#13098);
#12545=SURFACE_STYLE_FILL_AREA(#13099);
#12546=SURFACE_STYLE_FILL_AREA(#13100);
#12547=SURFACE_STYLE_FILL_AREA(#13101);
#12548=SURFACE_STYLE_FILL_AREA(#13102);
#12549=SURFACE_STYLE_FILL_AREA(#13103);
#12550=SURFACE_STYLE_FILL_AREA(#13104);
#12551=SURFACE_STYLE_FILL_AREA(#13105);
#12552=SURFACE_STYLE_FILL_AREA(#13106);
#12553=SURFACE_STYLE_FILL_AREA(#13107);
#12554=SURFACE_STYLE_FILL_AREA(#13108);
#12555=SURFACE_STYLE_FILL_AREA(#13109);
#12556=SURFACE_STYLE_FILL_AREA(#13110);
#12557=SURFACE_STYLE_FILL_AREA(#13111);
#12558=SURFACE_STYLE_FILL_AREA(#13112);
#12559=SURFACE_STYLE_FILL_AREA(#13113);
#12560=SURFACE_STYLE_FILL_AREA(#13114);
#12561=SURFACE_STYLE_FILL_AREA(#13115);
#12562=SURFACE_STYLE_FILL_AREA(#13116);
#12563=SURFACE_STYLE_FILL_AREA(#13117);
#12564=SURFACE_STYLE_FILL_AREA(#13118);
#12565=SURFACE_STYLE_FILL_AREA(#13119);
#12566=SURFACE_STYLE_FILL_AREA(#13120);
#12567=SURFACE_STYLE_FILL_AREA(#13121);
#12568=SURFACE_STYLE_FILL_AREA(#13122);
#12569=SURFACE_STYLE_FILL_AREA(#13123);
#12570=SURFACE_STYLE_FILL_AREA(#13124);
#12571=SURFACE_STYLE_FILL_AREA(#13125);
#12572=SURFACE_STYLE_FILL_AREA(#13126);
#12573=SURFACE_STYLE_FILL_AREA(#13127);
#12574=SURFACE_STYLE_FILL_AREA(#13128);
#12575=SURFACE_STYLE_FILL_AREA(#13129);
#12576=SURFACE_STYLE_FILL_AREA(#13130);
#12577=SURFACE_STYLE_FILL_AREA(#13131);
#12578=SURFACE_STYLE_FILL_AREA(#13132);
#12579=SURFACE_STYLE_FILL_AREA(#13133);
#12580=SURFACE_STYLE_FILL_AREA(#13134);
#12581=SURFACE_STYLE_FILL_AREA(#13135);
#12582=SURFACE_STYLE_FILL_AREA(#13136);
#12583=SURFACE_STYLE_FILL_AREA(#13137);
#12584=SURFACE_STYLE_FILL_AREA(#13138);
#12585=SURFACE_STYLE_FILL_AREA(#13139);
#12586=SURFACE_STYLE_FILL_AREA(#13140);
#12587=SURFACE_STYLE_FILL_AREA(#13141);
#12588=SURFACE_STYLE_FILL_AREA(#13142);
#12589=SURFACE_STYLE_FILL_AREA(#13143);
#12590=SURFACE_STYLE_FILL_AREA(#13144);
#12591=SURFACE_STYLE_FILL_AREA(#13145);
#12592=SURFACE_STYLE_FILL_AREA(#13146);
#12593=SURFACE_STYLE_FILL_AREA(#13147);
#12594=SURFACE_STYLE_FILL_AREA(#13148);
#12595=SURFACE_STYLE_FILL_AREA(#13149);
#12596=SURFACE_STYLE_FILL_AREA(#13150);
#12597=SURFACE_STYLE_FILL_AREA(#13151);
#12598=SURFACE_STYLE_FILL_AREA(#13152);
#12599=SURFACE_STYLE_FILL_AREA(#13153);
#12600=SURFACE_STYLE_FILL_AREA(#13154);
#12601=SURFACE_STYLE_FILL_AREA(#13155);
#12602=SURFACE_STYLE_FILL_AREA(#13156);
#12603=SURFACE_STYLE_FILL_AREA(#13157);
#12604=SURFACE_STYLE_FILL_AREA(#13158);
#12605=SURFACE_STYLE_FILL_AREA(#13159);
#12606=SURFACE_STYLE_FILL_AREA(#13160);
#12607=SURFACE_STYLE_FILL_AREA(#13161);
#12608=SURFACE_STYLE_FILL_AREA(#13162);
#12609=SURFACE_STYLE_FILL_AREA(#13163);
#12610=SURFACE_STYLE_FILL_AREA(#13164);
#12611=SURFACE_STYLE_FILL_AREA(#13165);
#12612=SURFACE_STYLE_FILL_AREA(#13166);
#12613=SURFACE_STYLE_FILL_AREA(#13167);
#12614=SURFACE_STYLE_FILL_AREA(#13168);
#12615=SURFACE_STYLE_FILL_AREA(#13169);
#12616=SURFACE_STYLE_FILL_AREA(#13170);
#12617=SURFACE_STYLE_FILL_AREA(#13171);
#12618=SURFACE_STYLE_FILL_AREA(#13172);
#12619=SURFACE_STYLE_FILL_AREA(#13173);
#12620=SURFACE_STYLE_FILL_AREA(#13174);
#12621=SURFACE_STYLE_FILL_AREA(#13175);
#12622=SURFACE_STYLE_FILL_AREA(#13176);
#12623=SURFACE_STYLE_FILL_AREA(#13177);
#12624=SURFACE_STYLE_FILL_AREA(#13178);
#12625=SURFACE_STYLE_FILL_AREA(#13179);
#12626=SURFACE_STYLE_FILL_AREA(#13180);
#12627=SURFACE_STYLE_FILL_AREA(#13181);
#12628=SURFACE_STYLE_FILL_AREA(#13182);
#12629=SURFACE_STYLE_FILL_AREA(#13183);
#12630=SURFACE_STYLE_FILL_AREA(#13184);
#12631=SURFACE_STYLE_FILL_AREA(#13185);
#12632=SURFACE_STYLE_FILL_AREA(#13186);
#12633=SURFACE_STYLE_FILL_AREA(#13187);
#12634=SURFACE_STYLE_FILL_AREA(#13188);
#12635=SURFACE_STYLE_FILL_AREA(#13189);
#12636=SURFACE_STYLE_FILL_AREA(#13190);
#12637=SURFACE_STYLE_FILL_AREA(#13191);
#12638=SURFACE_STYLE_FILL_AREA(#13192);
#12639=SURFACE_STYLE_FILL_AREA(#13193);
#12640=SURFACE_STYLE_FILL_AREA(#13194);
#12641=SURFACE_STYLE_FILL_AREA(#13195);
#12642=SURFACE_STYLE_FILL_AREA(#13196);
#12643=SURFACE_STYLE_FILL_AREA(#13197);
#12644=SURFACE_STYLE_FILL_AREA(#13198);
#12645=SURFACE_STYLE_FILL_AREA(#13199);
#12646=SURFACE_STYLE_FILL_AREA(#13200);
#12647=SURFACE_STYLE_FILL_AREA(#13201);
#12648=SURFACE_STYLE_FILL_AREA(#13202);
#12649=SURFACE_STYLE_FILL_AREA(#13203);
#12650=SURFACE_STYLE_FILL_AREA(#13204);
#12651=SURFACE_STYLE_FILL_AREA(#13205);
#12652=SURFACE_STYLE_FILL_AREA(#13206);
#12653=SURFACE_STYLE_FILL_AREA(#13207);
#12654=SURFACE_STYLE_FILL_AREA(#13208);
#12655=SURFACE_STYLE_FILL_AREA(#13209);
#12656=SURFACE_STYLE_FILL_AREA(#13210);
#12657=SURFACE_STYLE_FILL_AREA(#13211);
#12658=SURFACE_STYLE_FILL_AREA(#13212);
#12659=SURFACE_STYLE_FILL_AREA(#13213);
#12660=SURFACE_STYLE_FILL_AREA(#13214);
#12661=SURFACE_STYLE_FILL_AREA(#13215);
#12662=SURFACE_STYLE_FILL_AREA(#13216);
#12663=SURFACE_STYLE_FILL_AREA(#13217);
#12664=SURFACE_STYLE_FILL_AREA(#13218);
#12665=SURFACE_STYLE_FILL_AREA(#13219);
#12666=SURFACE_STYLE_FILL_AREA(#13220);
#12667=SURFACE_STYLE_FILL_AREA(#13221);
#12668=SURFACE_STYLE_FILL_AREA(#13222);
#12669=SURFACE_STYLE_FILL_AREA(#13223);
#12670=SURFACE_STYLE_FILL_AREA(#13224);
#12671=SURFACE_STYLE_FILL_AREA(#13225);
#12672=SURFACE_STYLE_FILL_AREA(#13226);
#12673=SURFACE_STYLE_FILL_AREA(#13227);
#12674=SURFACE_STYLE_FILL_AREA(#13228);
#12675=SURFACE_STYLE_FILL_AREA(#13229);
#12676=SURFACE_STYLE_FILL_AREA(#13230);
#12677=SURFACE_STYLE_FILL_AREA(#13231);
#12678=SURFACE_STYLE_FILL_AREA(#13232);
#12679=SURFACE_STYLE_FILL_AREA(#13233);
#12680=SURFACE_STYLE_FILL_AREA(#13234);
#12681=SURFACE_STYLE_FILL_AREA(#13235);
#12682=SURFACE_STYLE_FILL_AREA(#13236);
#12683=SURFACE_STYLE_FILL_AREA(#13237);
#12684=SURFACE_STYLE_FILL_AREA(#13238);
#12685=SURFACE_STYLE_FILL_AREA(#13239);
#12686=SURFACE_STYLE_FILL_AREA(#13240);
#12687=SURFACE_STYLE_FILL_AREA(#13241);
#12688=SURFACE_STYLE_FILL_AREA(#13242);
#12689=SURFACE_STYLE_FILL_AREA(#13243);
#12690=SURFACE_STYLE_FILL_AREA(#13244);
#12691=SURFACE_STYLE_FILL_AREA(#13245);
#12692=SURFACE_STYLE_FILL_AREA(#13246);
#12693=SURFACE_STYLE_FILL_AREA(#13247);
#12694=SURFACE_STYLE_FILL_AREA(#13248);
#12695=SURFACE_STYLE_FILL_AREA(#13249);
#12696=SURFACE_STYLE_FILL_AREA(#13250);
#12697=SURFACE_STYLE_FILL_AREA(#13251);
#12698=SURFACE_STYLE_FILL_AREA(#13252);
#12699=SURFACE_STYLE_FILL_AREA(#13253);
#12700=SURFACE_STYLE_FILL_AREA(#13254);
#12701=SURFACE_STYLE_FILL_AREA(#13255);
#12702=SURFACE_STYLE_FILL_AREA(#13256);
#12703=SURFACE_STYLE_FILL_AREA(#13257);
#12704=SURFACE_STYLE_FILL_AREA(#13258);
#12705=SURFACE_STYLE_FILL_AREA(#13259);
#12706=SURFACE_STYLE_FILL_AREA(#13260);
#12707=SURFACE_STYLE_FILL_AREA(#13261);
#12708=SURFACE_STYLE_FILL_AREA(#13262);
#12709=SURFACE_STYLE_FILL_AREA(#13263);
#12710=SURFACE_STYLE_FILL_AREA(#13264);
#12711=SURFACE_STYLE_FILL_AREA(#13265);
#12712=SURFACE_STYLE_FILL_AREA(#13266);
#12713=SURFACE_STYLE_FILL_AREA(#13267);
#12714=SURFACE_STYLE_FILL_AREA(#13268);
#12715=SURFACE_STYLE_FILL_AREA(#13269);
#12716=SURFACE_STYLE_FILL_AREA(#13270);
#12717=SURFACE_STYLE_FILL_AREA(#13271);
#12718=SURFACE_STYLE_FILL_AREA(#13272);
#12719=SURFACE_STYLE_FILL_AREA(#13273);
#12720=SURFACE_STYLE_FILL_AREA(#13274);
#12721=SURFACE_STYLE_FILL_AREA(#13275);
#12722=SURFACE_STYLE_FILL_AREA(#13276);
#12723=SURFACE_STYLE_FILL_AREA(#13277);
#12724=SURFACE_STYLE_FILL_AREA(#13278);
#12725=SURFACE_STYLE_FILL_AREA(#13279);
#12726=SURFACE_STYLE_FILL_AREA(#13280);
#12727=SURFACE_STYLE_FILL_AREA(#13281);
#12728=SURFACE_STYLE_FILL_AREA(#13282);
#12729=SURFACE_STYLE_FILL_AREA(#13283);
#12730=SURFACE_STYLE_FILL_AREA(#13284);
#12731=SURFACE_STYLE_FILL_AREA(#13285);
#12732=SURFACE_STYLE_FILL_AREA(#13286);
#12733=SURFACE_STYLE_FILL_AREA(#13287);
#12734=SURFACE_STYLE_FILL_AREA(#13288);
#12735=SURFACE_STYLE_FILL_AREA(#13289);
#12736=SURFACE_STYLE_FILL_AREA(#13290);
#12737=SURFACE_STYLE_FILL_AREA(#13291);
#12738=SURFACE_STYLE_FILL_AREA(#13292);
#12739=SURFACE_STYLE_FILL_AREA(#13293);
#12740=SURFACE_STYLE_FILL_AREA(#13294);
#12741=SURFACE_STYLE_FILL_AREA(#13295);
#12742=SURFACE_STYLE_FILL_AREA(#13296);
#12743=SURFACE_STYLE_FILL_AREA(#13297);
#12744=SURFACE_STYLE_FILL_AREA(#13298);
#12745=SURFACE_STYLE_FILL_AREA(#13299);
#12746=SURFACE_STYLE_FILL_AREA(#13300);
#12747=SURFACE_STYLE_FILL_AREA(#13301);
#12748=SURFACE_STYLE_FILL_AREA(#13302);
#12749=SURFACE_STYLE_FILL_AREA(#13303);
#12750=SURFACE_STYLE_FILL_AREA(#13304);
#12751=SURFACE_STYLE_FILL_AREA(#13305);
#12752=SURFACE_STYLE_FILL_AREA(#13306);
#12753=SURFACE_STYLE_FILL_AREA(#13307);
#12754=SURFACE_STYLE_FILL_AREA(#13308);
#12755=SURFACE_STYLE_FILL_AREA(#13309);
#12756=SURFACE_STYLE_FILL_AREA(#13310);
#12757=SURFACE_STYLE_FILL_AREA(#13311);
#12758=SURFACE_STYLE_FILL_AREA(#13312);
#12759=SURFACE_STYLE_FILL_AREA(#13313);
#12760=SURFACE_STYLE_FILL_AREA(#13314);
#12761=SURFACE_STYLE_FILL_AREA(#13315);
#12762=SURFACE_STYLE_FILL_AREA(#13316);
#12763=SURFACE_STYLE_FILL_AREA(#13317);
#12764=SURFACE_STYLE_FILL_AREA(#13318);
#12765=SURFACE_STYLE_FILL_AREA(#13319);
#12766=SURFACE_STYLE_FILL_AREA(#13320);
#12767=SURFACE_STYLE_FILL_AREA(#13321);
#12768=SURFACE_STYLE_FILL_AREA(#13322);
#12769=SURFACE_STYLE_FILL_AREA(#13323);
#12770=SURFACE_STYLE_FILL_AREA(#13324);
#12771=SURFACE_STYLE_FILL_AREA(#13325);
#12772=SURFACE_STYLE_FILL_AREA(#13326);
#12773=SURFACE_STYLE_FILL_AREA(#13327);
#12774=SURFACE_STYLE_FILL_AREA(#13328);
#12775=FILL_AREA_STYLE('',(#13329));
#12776=FILL_AREA_STYLE('',(#13330));
#12777=FILL_AREA_STYLE('',(#13331));
#12778=FILL_AREA_STYLE('',(#13332));
#12779=FILL_AREA_STYLE('',(#13333));
#12780=FILL_AREA_STYLE('',(#13334));
#12781=FILL_AREA_STYLE('',(#13335));
#12782=FILL_AREA_STYLE('',(#13336));
#12783=FILL_AREA_STYLE('',(#13337));
#12784=FILL_AREA_STYLE('',(#13338));
#12785=FILL_AREA_STYLE('',(#13339));
#12786=FILL_AREA_STYLE('',(#13340));
#12787=FILL_AREA_STYLE('',(#13341));
#12788=FILL_AREA_STYLE('',(#13342));
#12789=FILL_AREA_STYLE('',(#13343));
#12790=FILL_AREA_STYLE('',(#13344));
#12791=FILL_AREA_STYLE('',(#13345));
#12792=FILL_AREA_STYLE('',(#13346));
#12793=FILL_AREA_STYLE('',(#13347));
#12794=FILL_AREA_STYLE('',(#13348));
#12795=FILL_AREA_STYLE('',(#13349));
#12796=FILL_AREA_STYLE('',(#13350));
#12797=FILL_AREA_STYLE('',(#13351));
#12798=FILL_AREA_STYLE('',(#13352));
#12799=FILL_AREA_STYLE('',(#13353));
#12800=FILL_AREA_STYLE('',(#13354));
#12801=FILL_AREA_STYLE('',(#13355));
#12802=FILL_AREA_STYLE('',(#13356));
#12803=FILL_AREA_STYLE('',(#13357));
#12804=FILL_AREA_STYLE('',(#13358));
#12805=FILL_AREA_STYLE('',(#13359));
#12806=FILL_AREA_STYLE('',(#13360));
#12807=FILL_AREA_STYLE('',(#13361));
#12808=FILL_AREA_STYLE('',(#13362));
#12809=FILL_AREA_STYLE('',(#13363));
#12810=FILL_AREA_STYLE('',(#13364));
#12811=FILL_AREA_STYLE('',(#13365));
#12812=FILL_AREA_STYLE('',(#13366));
#12813=FILL_AREA_STYLE('',(#13367));
#12814=FILL_AREA_STYLE('',(#13368));
#12815=FILL_AREA_STYLE('',(#13369));
#12816=FILL_AREA_STYLE('',(#13370));
#12817=FILL_AREA_STYLE('',(#13371));
#12818=FILL_AREA_STYLE('',(#13372));
#12819=FILL_AREA_STYLE('',(#13373));
#12820=FILL_AREA_STYLE('',(#13374));
#12821=FILL_AREA_STYLE('',(#13375));
#12822=FILL_AREA_STYLE('',(#13376));
#12823=FILL_AREA_STYLE('',(#13377));
#12824=FILL_AREA_STYLE('',(#13378));
#12825=FILL_AREA_STYLE('',(#13379));
#12826=FILL_AREA_STYLE('',(#13380));
#12827=FILL_AREA_STYLE('',(#13381));
#12828=FILL_AREA_STYLE('',(#13382));
#12829=FILL_AREA_STYLE('',(#13383));
#12830=FILL_AREA_STYLE('',(#13384));
#12831=FILL_AREA_STYLE('',(#13385));
#12832=FILL_AREA_STYLE('',(#13386));
#12833=FILL_AREA_STYLE('',(#13387));
#12834=FILL_AREA_STYLE('',(#13388));
#12835=FILL_AREA_STYLE('',(#13389));
#12836=FILL_AREA_STYLE('',(#13390));
#12837=FILL_AREA_STYLE('',(#13391));
#12838=FILL_AREA_STYLE('',(#13392));
#12839=FILL_AREA_STYLE('',(#13393));
#12840=FILL_AREA_STYLE('',(#13394));
#12841=FILL_AREA_STYLE('',(#13395));
#12842=FILL_AREA_STYLE('',(#13396));
#12843=FILL_AREA_STYLE('',(#13397));
#12844=FILL_AREA_STYLE('',(#13398));
#12845=FILL_AREA_STYLE('',(#13399));
#12846=FILL_AREA_STYLE('',(#13400));
#12847=FILL_AREA_STYLE('',(#13401));
#12848=FILL_AREA_STYLE('',(#13402));
#12849=FILL_AREA_STYLE('',(#13403));
#12850=FILL_AREA_STYLE('',(#13404));
#12851=FILL_AREA_STYLE('',(#13405));
#12852=FILL_AREA_STYLE('',(#13406));
#12853=FILL_AREA_STYLE('',(#13407));
#12854=FILL_AREA_STYLE('',(#13408));
#12855=FILL_AREA_STYLE('',(#13409));
#12856=FILL_AREA_STYLE('',(#13410));
#12857=FILL_AREA_STYLE('',(#13411));
#12858=FILL_AREA_STYLE('',(#13412));
#12859=FILL_AREA_STYLE('',(#13413));
#12860=FILL_AREA_STYLE('',(#13414));
#12861=FILL_AREA_STYLE('',(#13415));
#12862=FILL_AREA_STYLE('',(#13416));
#12863=FILL_AREA_STYLE('',(#13417));
#12864=FILL_AREA_STYLE('',(#13418));
#12865=FILL_AREA_STYLE('',(#13419));
#12866=FILL_AREA_STYLE('',(#13420));
#12867=FILL_AREA_STYLE('',(#13421));
#12868=FILL_AREA_STYLE('',(#13422));
#12869=FILL_AREA_STYLE('',(#13423));
#12870=FILL_AREA_STYLE('',(#13424));
#12871=FILL_AREA_STYLE('',(#13425));
#12872=FILL_AREA_STYLE('',(#13426));
#12873=FILL_AREA_STYLE('',(#13427));
#12874=FILL_AREA_STYLE('',(#13428));
#12875=FILL_AREA_STYLE('',(#13429));
#12876=FILL_AREA_STYLE('',(#13430));
#12877=FILL_AREA_STYLE('',(#13431));
#12878=FILL_AREA_STYLE('',(#13432));
#12879=FILL_AREA_STYLE('',(#13433));
#12880=FILL_AREA_STYLE('',(#13434));
#12881=FILL_AREA_STYLE('',(#13435));
#12882=FILL_AREA_STYLE('',(#13436));
#12883=FILL_AREA_STYLE('',(#13437));
#12884=FILL_AREA_STYLE('',(#13438));
#12885=FILL_AREA_STYLE('',(#13439));
#12886=FILL_AREA_STYLE('',(#13440));
#12887=FILL_AREA_STYLE('',(#13441));
#12888=FILL_AREA_STYLE('',(#13442));
#12889=FILL_AREA_STYLE('',(#13443));
#12890=FILL_AREA_STYLE('',(#13444));
#12891=FILL_AREA_STYLE('',(#13445));
#12892=FILL_AREA_STYLE('',(#13446));
#12893=FILL_AREA_STYLE('',(#13447));
#12894=FILL_AREA_STYLE('',(#13448));
#12895=FILL_AREA_STYLE('',(#13449));
#12896=FILL_AREA_STYLE('',(#13450));
#12897=FILL_AREA_STYLE('',(#13451));
#12898=FILL_AREA_STYLE('',(#13452));
#12899=FILL_AREA_STYLE('',(#13453));
#12900=FILL_AREA_STYLE('',(#13454));
#12901=FILL_AREA_STYLE('',(#13455));
#12902=FILL_AREA_STYLE('',(#13456));
#12903=FILL_AREA_STYLE('',(#13457));
#12904=FILL_AREA_STYLE('',(#13458));
#12905=FILL_AREA_STYLE('',(#13459));
#12906=FILL_AREA_STYLE('',(#13460));
#12907=FILL_AREA_STYLE('',(#13461));
#12908=FILL_AREA_STYLE('',(#13462));
#12909=FILL_AREA_STYLE('',(#13463));
#12910=FILL_AREA_STYLE('',(#13464));
#12911=FILL_AREA_STYLE('',(#13465));
#12912=FILL_AREA_STYLE('',(#13466));
#12913=FILL_AREA_STYLE('',(#13467));
#12914=FILL_AREA_STYLE('',(#13468));
#12915=FILL_AREA_STYLE('',(#13469));
#12916=FILL_AREA_STYLE('',(#13470));
#12917=FILL_AREA_STYLE('',(#13471));
#12918=FILL_AREA_STYLE('',(#13472));
#12919=FILL_AREA_STYLE('',(#13473));
#12920=FILL_AREA_STYLE('',(#13474));
#12921=FILL_AREA_STYLE('',(#13475));
#12922=FILL_AREA_STYLE('',(#13476));
#12923=FILL_AREA_STYLE('',(#13477));
#12924=FILL_AREA_STYLE('',(#13478));
#12925=FILL_AREA_STYLE('',(#13479));
#12926=FILL_AREA_STYLE('',(#13480));
#12927=FILL_AREA_STYLE('',(#13481));
#12928=FILL_AREA_STYLE('',(#13482));
#12929=FILL_AREA_STYLE('',(#13483));
#12930=FILL_AREA_STYLE('',(#13484));
#12931=FILL_AREA_STYLE('',(#13485));
#12932=FILL_AREA_STYLE('',(#13486));
#12933=FILL_AREA_STYLE('',(#13487));
#12934=FILL_AREA_STYLE('',(#13488));
#12935=FILL_AREA_STYLE('',(#13489));
#12936=FILL_AREA_STYLE('',(#13490));
#12937=FILL_AREA_STYLE('',(#13491));
#12938=FILL_AREA_STYLE('',(#13492));
#12939=FILL_AREA_STYLE('',(#13493));
#12940=FILL_AREA_STYLE('',(#13494));
#12941=FILL_AREA_STYLE('',(#13495));
#12942=FILL_AREA_STYLE('',(#13496));
#12943=FILL_AREA_STYLE('',(#13497));
#12944=FILL_AREA_STYLE('',(#13498));
#12945=FILL_AREA_STYLE('',(#13499));
#12946=FILL_AREA_STYLE('',(#13500));
#12947=FILL_AREA_STYLE('',(#13501));
#12948=FILL_AREA_STYLE('',(#13502));
#12949=FILL_AREA_STYLE('',(#13503));
#12950=FILL_AREA_STYLE('',(#13504));
#12951=FILL_AREA_STYLE('',(#13505));
#12952=FILL_AREA_STYLE('',(#13506));
#12953=FILL_AREA_STYLE('',(#13507));
#12954=FILL_AREA_STYLE('',(#13508));
#12955=FILL_AREA_STYLE('',(#13509));
#12956=FILL_AREA_STYLE('',(#13510));
#12957=FILL_AREA_STYLE('',(#13511));
#12958=FILL_AREA_STYLE('',(#13512));
#12959=FILL_AREA_STYLE('',(#13513));
#12960=FILL_AREA_STYLE('',(#13514));
#12961=FILL_AREA_STYLE('',(#13515));
#12962=FILL_AREA_STYLE('',(#13516));
#12963=FILL_AREA_STYLE('',(#13517));
#12964=FILL_AREA_STYLE('',(#13518));
#12965=FILL_AREA_STYLE('',(#13519));
#12966=FILL_AREA_STYLE('',(#13520));
#12967=FILL_AREA_STYLE('',(#13521));
#12968=FILL_AREA_STYLE('',(#13522));
#12969=FILL_AREA_STYLE('',(#13523));
#12970=FILL_AREA_STYLE('',(#13524));
#12971=FILL_AREA_STYLE('',(#13525));
#12972=FILL_AREA_STYLE('',(#13526));
#12973=FILL_AREA_STYLE('',(#13527));
#12974=FILL_AREA_STYLE('',(#13528));
#12975=FILL_AREA_STYLE('',(#13529));
#12976=FILL_AREA_STYLE('',(#13530));
#12977=FILL_AREA_STYLE('',(#13531));
#12978=FILL_AREA_STYLE('',(#13532));
#12979=FILL_AREA_STYLE('',(#13533));
#12980=FILL_AREA_STYLE('',(#13534));
#12981=FILL_AREA_STYLE('',(#13535));
#12982=FILL_AREA_STYLE('',(#13536));
#12983=FILL_AREA_STYLE('',(#13537));
#12984=FILL_AREA_STYLE('',(#13538));
#12985=FILL_AREA_STYLE('',(#13539));
#12986=FILL_AREA_STYLE('',(#13540));
#12987=FILL_AREA_STYLE('',(#13541));
#12988=FILL_AREA_STYLE('',(#13542));
#12989=FILL_AREA_STYLE('',(#13543));
#12990=FILL_AREA_STYLE('',(#13544));
#12991=FILL_AREA_STYLE('',(#13545));
#12992=FILL_AREA_STYLE('',(#13546));
#12993=FILL_AREA_STYLE('',(#13547));
#12994=FILL_AREA_STYLE('',(#13548));
#12995=FILL_AREA_STYLE('',(#13549));
#12996=FILL_AREA_STYLE('',(#13550));
#12997=FILL_AREA_STYLE('',(#13551));
#12998=FILL_AREA_STYLE('',(#13552));
#12999=FILL_AREA_STYLE('',(#13553));
#13000=FILL_AREA_STYLE('',(#13554));
#13001=FILL_AREA_STYLE('',(#13555));
#13002=FILL_AREA_STYLE('',(#13556));
#13003=FILL_AREA_STYLE('',(#13557));
#13004=FILL_AREA_STYLE('',(#13558));
#13005=FILL_AREA_STYLE('',(#13559));
#13006=FILL_AREA_STYLE('',(#13560));
#13007=FILL_AREA_STYLE('',(#13561));
#13008=FILL_AREA_STYLE('',(#13562));
#13009=FILL_AREA_STYLE('',(#13563));
#13010=FILL_AREA_STYLE('',(#13564));
#13011=FILL_AREA_STYLE('',(#13565));
#13012=FILL_AREA_STYLE('',(#13566));
#13013=FILL_AREA_STYLE('',(#13567));
#13014=FILL_AREA_STYLE('',(#13568));
#13015=FILL_AREA_STYLE('',(#13569));
#13016=FILL_AREA_STYLE('',(#13570));
#13017=FILL_AREA_STYLE('',(#13571));
#13018=FILL_AREA_STYLE('',(#13572));
#13019=FILL_AREA_STYLE('',(#13573));
#13020=FILL_AREA_STYLE('',(#13574));
#13021=FILL_AREA_STYLE('',(#13575));
#13022=FILL_AREA_STYLE('',(#13576));
#13023=FILL_AREA_STYLE('',(#13577));
#13024=FILL_AREA_STYLE('',(#13578));
#13025=FILL_AREA_STYLE('',(#13579));
#13026=FILL_AREA_STYLE('',(#13580));
#13027=FILL_AREA_STYLE('',(#13581));
#13028=FILL_AREA_STYLE('',(#13582));
#13029=FILL_AREA_STYLE('',(#13583));
#13030=FILL_AREA_STYLE('',(#13584));
#13031=FILL_AREA_STYLE('',(#13585));
#13032=FILL_AREA_STYLE('',(#13586));
#13033=FILL_AREA_STYLE('',(#13587));
#13034=FILL_AREA_STYLE('',(#13588));
#13035=FILL_AREA_STYLE('',(#13589));
#13036=FILL_AREA_STYLE('',(#13590));
#13037=FILL_AREA_STYLE('',(#13591));
#13038=FILL_AREA_STYLE('',(#13592));
#13039=FILL_AREA_STYLE('',(#13593));
#13040=FILL_AREA_STYLE('',(#13594));
#13041=FILL_AREA_STYLE('',(#13595));
#13042=FILL_AREA_STYLE('',(#13596));
#13043=FILL_AREA_STYLE('',(#13597));
#13044=FILL_AREA_STYLE('',(#13598));
#13045=FILL_AREA_STYLE('',(#13599));
#13046=FILL_AREA_STYLE('',(#13600));
#13047=FILL_AREA_STYLE('',(#13601));
#13048=FILL_AREA_STYLE('',(#13602));
#13049=FILL_AREA_STYLE('',(#13603));
#13050=FILL_AREA_STYLE('',(#13604));
#13051=FILL_AREA_STYLE('',(#13605));
#13052=FILL_AREA_STYLE('',(#13606));
#13053=FILL_AREA_STYLE('',(#13607));
#13054=FILL_AREA_STYLE('',(#13608));
#13055=FILL_AREA_STYLE('',(#13609));
#13056=FILL_AREA_STYLE('',(#13610));
#13057=FILL_AREA_STYLE('',(#13611));
#13058=FILL_AREA_STYLE('',(#13612));
#13059=FILL_AREA_STYLE('',(#13613));
#13060=FILL_AREA_STYLE('',(#13614));
#13061=FILL_AREA_STYLE('',(#13615));
#13062=FILL_AREA_STYLE('',(#13616));
#13063=FILL_AREA_STYLE('',(#13617));
#13064=FILL_AREA_STYLE('',(#13618));
#13065=FILL_AREA_STYLE('',(#13619));
#13066=FILL_AREA_STYLE('',(#13620));
#13067=FILL_AREA_STYLE('',(#13621));
#13068=FILL_AREA_STYLE('',(#13622));
#13069=FILL_AREA_STYLE('',(#13623));
#13070=FILL_AREA_STYLE('',(#13624));
#13071=FILL_AREA_STYLE('',(#13625));
#13072=FILL_AREA_STYLE('',(#13626));
#13073=FILL_AREA_STYLE('',(#13627));
#13074=FILL_AREA_STYLE('',(#13628));
#13075=FILL_AREA_STYLE('',(#13629));
#13076=FILL_AREA_STYLE('',(#13630));
#13077=FILL_AREA_STYLE('',(#13631));
#13078=FILL_AREA_STYLE('',(#13632));
#13079=FILL_AREA_STYLE('',(#13633));
#13080=FILL_AREA_STYLE('',(#13634));
#13081=FILL_AREA_STYLE('',(#13635));
#13082=FILL_AREA_STYLE('',(#13636));
#13083=FILL_AREA_STYLE('',(#13637));
#13084=FILL_AREA_STYLE('',(#13638));
#13085=FILL_AREA_STYLE('',(#13639));
#13086=FILL_AREA_STYLE('',(#13640));
#13087=FILL_AREA_STYLE('',(#13641));
#13088=FILL_AREA_STYLE('',(#13642));
#13089=FILL_AREA_STYLE('',(#13643));
#13090=FILL_AREA_STYLE('',(#13644));
#13091=FILL_AREA_STYLE('',(#13645));
#13092=FILL_AREA_STYLE('',(#13646));
#13093=FILL_AREA_STYLE('',(#13647));
#13094=FILL_AREA_STYLE('',(#13648));
#13095=FILL_AREA_STYLE('',(#13649));
#13096=FILL_AREA_STYLE('',(#13650));
#13097=FILL_AREA_STYLE('',(#13651));
#13098=FILL_AREA_STYLE('',(#13652));
#13099=FILL_AREA_STYLE('',(#13653));
#13100=FILL_AREA_STYLE('',(#13654));
#13101=FILL_AREA_STYLE('',(#13655));
#13102=FILL_AREA_STYLE('',(#13656));
#13103=FILL_AREA_STYLE('',(#13657));
#13104=FILL_AREA_STYLE('',(#13658));
#13105=FILL_AREA_STYLE('',(#13659));
#13106=FILL_AREA_STYLE('',(#13660));
#13107=FILL_AREA_STYLE('',(#13661));
#13108=FILL_AREA_STYLE('',(#13662));
#13109=FILL_AREA_STYLE('',(#13663));
#13110=FILL_AREA_STYLE('',(#13664));
#13111=FILL_AREA_STYLE('',(#13665));
#13112=FILL_AREA_STYLE('',(#13666));
#13113=FILL_AREA_STYLE('',(#13667));
#13114=FILL_AREA_STYLE('',(#13668));
#13115=FILL_AREA_STYLE('',(#13669));
#13116=FILL_AREA_STYLE('',(#13670));
#13117=FILL_AREA_STYLE('',(#13671));
#13118=FILL_AREA_STYLE('',(#13672));
#13119=FILL_AREA_STYLE('',(#13673));
#13120=FILL_AREA_STYLE('',(#13674));
#13121=FILL_AREA_STYLE('',(#13675));
#13122=FILL_AREA_STYLE('',(#13676));
#13123=FILL_AREA_STYLE('',(#13677));
#13124=FILL_AREA_STYLE('',(#13678));
#13125=FILL_AREA_STYLE('',(#13679));
#13126=FILL_AREA_STYLE('',(#13680));
#13127=FILL_AREA_STYLE('',(#13681));
#13128=FILL_AREA_STYLE('',(#13682));
#13129=FILL_AREA_STYLE('',(#13683));
#13130=FILL_AREA_STYLE('',(#13684));
#13131=FILL_AREA_STYLE('',(#13685));
#13132=FILL_AREA_STYLE('',(#13686));
#13133=FILL_AREA_STYLE('',(#13687));
#13134=FILL_AREA_STYLE('',(#13688));
#13135=FILL_AREA_STYLE('',(#13689));
#13136=FILL_AREA_STYLE('',(#13690));
#13137=FILL_AREA_STYLE('',(#13691));
#13138=FILL_AREA_STYLE('',(#13692));
#13139=FILL_AREA_STYLE('',(#13693));
#13140=FILL_AREA_STYLE('',(#13694));
#13141=FILL_AREA_STYLE('',(#13695));
#13142=FILL_AREA_STYLE('',(#13696));
#13143=FILL_AREA_STYLE('',(#13697));
#13144=FILL_AREA_STYLE('',(#13698));
#13145=FILL_AREA_STYLE('',(#13699));
#13146=FILL_AREA_STYLE('',(#13700));
#13147=FILL_AREA_STYLE('',(#13701));
#13148=FILL_AREA_STYLE('',(#13702));
#13149=FILL_AREA_STYLE('',(#13703));
#13150=FILL_AREA_STYLE('',(#13704));
#13151=FILL_AREA_STYLE('',(#13705));
#13152=FILL_AREA_STYLE('',(#13706));
#13153=FILL_AREA_STYLE('',(#13707));
#13154=FILL_AREA_STYLE('',(#13708));
#13155=FILL_AREA_STYLE('',(#13709));
#13156=FILL_AREA_STYLE('',(#13710));
#13157=FILL_AREA_STYLE('',(#13711));
#13158=FILL_AREA_STYLE('',(#13712));
#13159=FILL_AREA_STYLE('',(#13713));
#13160=FILL_AREA_STYLE('',(#13714));
#13161=FILL_AREA_STYLE('',(#13715));
#13162=FILL_AREA_STYLE('',(#13716));
#13163=FILL_AREA_STYLE('',(#13717));
#13164=FILL_AREA_STYLE('',(#13718));
#13165=FILL_AREA_STYLE('',(#13719));
#13166=FILL_AREA_STYLE('',(#13720));
#13167=FILL_AREA_STYLE('',(#13721));
#13168=FILL_AREA_STYLE('',(#13722));
#13169=FILL_AREA_STYLE('',(#13723));
#13170=FILL_AREA_STYLE('',(#13724));
#13171=FILL_AREA_STYLE('',(#13725));
#13172=FILL_AREA_STYLE('',(#13726));
#13173=FILL_AREA_STYLE('',(#13727));
#13174=FILL_AREA_STYLE('',(#13728));
#13175=FILL_AREA_STYLE('',(#13729));
#13176=FILL_AREA_STYLE('',(#13730));
#13177=FILL_AREA_STYLE('',(#13731));
#13178=FILL_AREA_STYLE('',(#13732));
#13179=FILL_AREA_STYLE('',(#13733));
#13180=FILL_AREA_STYLE('',(#13734));
#13181=FILL_AREA_STYLE('',(#13735));
#13182=FILL_AREA_STYLE('',(#13736));
#13183=FILL_AREA_STYLE('',(#13737));
#13184=FILL_AREA_STYLE('',(#13738));
#13185=FILL_AREA_STYLE('',(#13739));
#13186=FILL_AREA_STYLE('',(#13740));
#13187=FILL_AREA_STYLE('',(#13741));
#13188=FILL_AREA_STYLE('',(#13742));
#13189=FILL_AREA_STYLE('',(#13743));
#13190=FILL_AREA_STYLE('',(#13744));
#13191=FILL_AREA_STYLE('',(#13745));
#13192=FILL_AREA_STYLE('',(#13746));
#13193=FILL_AREA_STYLE('',(#13747));
#13194=FILL_AREA_STYLE('',(#13748));
#13195=FILL_AREA_STYLE('',(#13749));
#13196=FILL_AREA_STYLE('',(#13750));
#13197=FILL_AREA_STYLE('',(#13751));
#13198=FILL_AREA_STYLE('',(#13752));
#13199=FILL_AREA_STYLE('',(#13753));
#13200=FILL_AREA_STYLE('',(#13754));
#13201=FILL_AREA_STYLE('',(#13755));
#13202=FILL_AREA_STYLE('',(#13756));
#13203=FILL_AREA_STYLE('',(#13757));
#13204=FILL_AREA_STYLE('',(#13758));
#13205=FILL_AREA_STYLE('',(#13759));
#13206=FILL_AREA_STYLE('',(#13760));
#13207=FILL_AREA_STYLE('',(#13761));
#13208=FILL_AREA_STYLE('',(#13762));
#13209=FILL_AREA_STYLE('',(#13763));
#13210=FILL_AREA_STYLE('',(#13764));
#13211=FILL_AREA_STYLE('',(#13765));
#13212=FILL_AREA_STYLE('',(#13766));
#13213=FILL_AREA_STYLE('',(#13767));
#13214=FILL_AREA_STYLE('',(#13768));
#13215=FILL_AREA_STYLE('',(#13769));
#13216=FILL_AREA_STYLE('',(#13770));
#13217=FILL_AREA_STYLE('',(#13771));
#13218=FILL_AREA_STYLE('',(#13772));
#13219=FILL_AREA_STYLE('',(#13773));
#13220=FILL_AREA_STYLE('',(#13774));
#13221=FILL_AREA_STYLE('',(#13775));
#13222=FILL_AREA_STYLE('',(#13776));
#13223=FILL_AREA_STYLE('',(#13777));
#13224=FILL_AREA_STYLE('',(#13778));
#13225=FILL_AREA_STYLE('',(#13779));
#13226=FILL_AREA_STYLE('',(#13780));
#13227=FILL_AREA_STYLE('',(#13781));
#13228=FILL_AREA_STYLE('',(#13782));
#13229=FILL_AREA_STYLE('',(#13783));
#13230=FILL_AREA_STYLE('',(#13784));
#13231=FILL_AREA_STYLE('',(#13785));
#13232=FILL_AREA_STYLE('',(#13786));
#13233=FILL_AREA_STYLE('',(#13787));
#13234=FILL_AREA_STYLE('',(#13788));
#13235=FILL_AREA_STYLE('',(#13789));
#13236=FILL_AREA_STYLE('',(#13790));
#13237=FILL_AREA_STYLE('',(#13791));
#13238=FILL_AREA_STYLE('',(#13792));
#13239=FILL_AREA_STYLE('',(#13793));
#13240=FILL_AREA_STYLE('',(#13794));
#13241=FILL_AREA_STYLE('',(#13795));
#13242=FILL_AREA_STYLE('',(#13796));
#13243=FILL_AREA_STYLE('',(#13797));
#13244=FILL_AREA_STYLE('',(#13798));
#13245=FILL_AREA_STYLE('',(#13799));
#13246=FILL_AREA_STYLE('',(#13800));
#13247=FILL_AREA_STYLE('',(#13801));
#13248=FILL_AREA_STYLE('',(#13802));
#13249=FILL_AREA_STYLE('',(#13803));
#13250=FILL_AREA_STYLE('',(#13804));
#13251=FILL_AREA_STYLE('',(#13805));
#13252=FILL_AREA_STYLE('',(#13806));
#13253=FILL_AREA_STYLE('',(#13807));
#13254=FILL_AREA_STYLE('',(#13808));
#13255=FILL_AREA_STYLE('',(#13809));
#13256=FILL_AREA_STYLE('',(#13810));
#13257=FILL_AREA_STYLE('',(#13811));
#13258=FILL_AREA_STYLE('',(#13812));
#13259=FILL_AREA_STYLE('',(#13813));
#13260=FILL_AREA_STYLE('',(#13814));
#13261=FILL_AREA_STYLE('',(#13815));
#13262=FILL_AREA_STYLE('',(#13816));
#13263=FILL_AREA_STYLE('',(#13817));
#13264=FILL_AREA_STYLE('',(#13818));
#13265=FILL_AREA_STYLE('',(#13819));
#13266=FILL_AREA_STYLE('',(#13820));
#13267=FILL_AREA_STYLE('',(#13821));
#13268=FILL_AREA_STYLE('',(#13822));
#13269=FILL_AREA_STYLE('',(#13823));
#13270=FILL_AREA_STYLE('',(#13824));
#13271=FILL_AREA_STYLE('',(#13825));
#13272=FILL_AREA_STYLE('',(#13826));
#13273=FILL_AREA_STYLE('',(#13827));
#13274=FILL_AREA_STYLE('',(#13828));
#13275=FILL_AREA_STYLE('',(#13829));
#13276=FILL_AREA_STYLE('',(#13830));
#13277=FILL_AREA_STYLE('',(#13831));
#13278=FILL_AREA_STYLE('',(#13832));
#13279=FILL_AREA_STYLE('',(#13833));
#13280=FILL_AREA_STYLE('',(#13834));
#13281=FILL_AREA_STYLE('',(#13835));
#13282=FILL_AREA_STYLE('',(#13836));
#13283=FILL_AREA_STYLE('',(#13837));
#13284=FILL_AREA_STYLE('',(#13838));
#13285=FILL_AREA_STYLE('',(#13839));
#13286=FILL_AREA_STYLE('',(#13840));
#13287=FILL_AREA_STYLE('',(#13841));
#13288=FILL_AREA_STYLE('',(#13842));
#13289=FILL_AREA_STYLE('',(#13843));
#13290=FILL_AREA_STYLE('',(#13844));
#13291=FILL_AREA_STYLE('',(#13845));
#13292=FILL_AREA_STYLE('',(#13846));
#13293=FILL_AREA_STYLE('',(#13847));
#13294=FILL_AREA_STYLE('',(#13848));
#13295=FILL_AREA_STYLE('',(#13849));
#13296=FILL_AREA_STYLE('',(#13850));
#13297=FILL_AREA_STYLE('',(#13851));
#13298=FILL_AREA_STYLE('',(#13852));
#13299=FILL_AREA_STYLE('',(#13853));
#13300=FILL_AREA_STYLE('',(#13854));
#13301=FILL_AREA_STYLE('',(#13855));
#13302=FILL_AREA_STYLE('',(#13856));
#13303=FILL_AREA_STYLE('',(#13857));
#13304=FILL_AREA_STYLE('',(#13858));
#13305=FILL_AREA_STYLE('',(#13859));
#13306=FILL_AREA_STYLE('',(#13860));
#13307=FILL_AREA_STYLE('',(#13861));
#13308=FILL_AREA_STYLE('',(#13862));
#13309=FILL_AREA_STYLE('',(#13863));
#13310=FILL_AREA_STYLE('',(#13864));
#13311=FILL_AREA_STYLE('',(#13865));
#13312=FILL_AREA_STYLE('',(#13866));
#13313=FILL_AREA_STYLE('',(#13867));
#13314=FILL_AREA_STYLE('',(#13868));
#13315=FILL_AREA_STYLE('',(#13869));
#13316=FILL_AREA_STYLE('',(#13870));
#13317=FILL_AREA_STYLE('',(#13871));
#13318=FILL_AREA_STYLE('',(#13872));
#13319=FILL_AREA_STYLE('',(#13873));
#13320=FILL_AREA_STYLE('',(#13874));
#13321=FILL_AREA_STYLE('',(#13875));
#13322=FILL_AREA_STYLE('',(#13876));
#13323=FILL_AREA_STYLE('',(#13877));
#13324=FILL_AREA_STYLE('',(#13878));
#13325=FILL_AREA_STYLE('',(#13879));
#13326=FILL_AREA_STYLE('',(#13880));
#13327=FILL_AREA_STYLE('',(#13881));
#13328=FILL_AREA_STYLE('',(#13882));
#13329=FILL_AREA_STYLE_COLOUR('',#13883);
#13330=FILL_AREA_STYLE_COLOUR('',#13883);
#13331=FILL_AREA_STYLE_COLOUR('',#13883);
#13332=FILL_AREA_STYLE_COLOUR('',#13883);
#13333=FILL_AREA_STYLE_COLOUR('',#13883);
#13334=FILL_AREA_STYLE_COLOUR('',#13883);
#13335=FILL_AREA_STYLE_COLOUR('',#13883);
#13336=FILL_AREA_STYLE_COLOUR('',#13883);
#13337=FILL_AREA_STYLE_COLOUR('',#13883);
#13338=FILL_AREA_STYLE_COLOUR('',#13883);
#13339=FILL_AREA_STYLE_COLOUR('',#13883);
#13340=FILL_AREA_STYLE_COLOUR('',#13883);
#13341=FILL_AREA_STYLE_COLOUR('',#13883);
#13342=FILL_AREA_STYLE_COLOUR('',#13883);
#13343=FILL_AREA_STYLE_COLOUR('',#13883);
#13344=FILL_AREA_STYLE_COLOUR('',#13883);
#13345=FILL_AREA_STYLE_COLOUR('',#13883);
#13346=FILL_AREA_STYLE_COLOUR('',#13883);
#13347=FILL_AREA_STYLE_COLOUR('',#13883);
#13348=FILL_AREA_STYLE_COLOUR('',#13883);
#13349=FILL_AREA_STYLE_COLOUR('',#13883);
#13350=FILL_AREA_STYLE_COLOUR('',#13883);
#13351=FILL_AREA_STYLE_COLOUR('',#13883);
#13352=FILL_AREA_STYLE_COLOUR('',#13883);
#13353=FILL_AREA_STYLE_COLOUR('',#13883);
#13354=FILL_AREA_STYLE_COLOUR('',#13883);
#13355=FILL_AREA_STYLE_COLOUR('',#13883);
#13356=FILL_AREA_STYLE_COLOUR('',#13883);
#13357=FILL_AREA_STYLE_COLOUR('',#13883);
#13358=FILL_AREA_STYLE_COLOUR('',#13883);
#13359=FILL_AREA_STYLE_COLOUR('',#13883);
#13360=FILL_AREA_STYLE_COLOUR('',#13883);
#13361=FILL_AREA_STYLE_COLOUR('',#13883);
#13362=FILL_AREA_STYLE_COLOUR('',#13883);
#13363=FILL_AREA_STYLE_COLOUR('',#13883);
#13364=FILL_AREA_STYLE_COLOUR('',#13883);
#13365=FILL_AREA_STYLE_COLOUR('',#13883);
#13366=FILL_AREA_STYLE_COLOUR('',#13883);
#13367=FILL_AREA_STYLE_COLOUR('',#13883);
#13368=FILL_AREA_STYLE_COLOUR('',#13883);
#13369=FILL_AREA_STYLE_COLOUR('',#13883);
#13370=FILL_AREA_STYLE_COLOUR('',#13883);
#13371=FILL_AREA_STYLE_COLOUR('',#13883);
#13372=FILL_AREA_STYLE_COLOUR('',#13883);
#13373=FILL_AREA_STYLE_COLOUR('',#13883);
#13374=FILL_AREA_STYLE_COLOUR('',#13883);
#13375=FILL_AREA_STYLE_COLOUR('',#13883);
#13376=FILL_AREA_STYLE_COLOUR('',#13883);
#13377=FILL_AREA_STYLE_COLOUR('',#13883);
#13378=FILL_AREA_STYLE_COLOUR('',#13883);
#13379=FILL_AREA_STYLE_COLOUR('',#13883);
#13380=FILL_AREA_STYLE_COLOUR('',#13883);
#13381=FILL_AREA_STYLE_COLOUR('',#13883);
#13382=FILL_AREA_STYLE_COLOUR('',#13883);
#13383=FILL_AREA_STYLE_COLOUR('',#13883);
#13384=FILL_AREA_STYLE_COLOUR('',#13883);
#13385=FILL_AREA_STYLE_COLOUR('',#13883);
#13386=FILL_AREA_STYLE_COLOUR('',#13883);
#13387=FILL_AREA_STYLE_COLOUR('',#13883);
#13388=FILL_AREA_STYLE_COLOUR('',#13883);
#13389=FILL_AREA_STYLE_COLOUR('',#13883);
#13390=FILL_AREA_STYLE_COLOUR('',#13883);
#13391=FILL_AREA_STYLE_COLOUR('',#13884);
#13392=FILL_AREA_STYLE_COLOUR('',#13884);
#13393=FILL_AREA_STYLE_COLOUR('',#13884);
#13394=FILL_AREA_STYLE_COLOUR('',#13884);
#13395=FILL_AREA_STYLE_COLOUR('',#13884);
#13396=FILL_AREA_STYLE_COLOUR('',#13884);
#13397=FILL_AREA_STYLE_COLOUR('',#13884);
#13398=FILL_AREA_STYLE_COLOUR('',#13884);
#13399=FILL_AREA_STYLE_COLOUR('',#13884);
#13400=FILL_AREA_STYLE_COLOUR('',#13884);
#13401=FILL_AREA_STYLE_COLOUR('',#13884);
#13402=FILL_AREA_STYLE_COLOUR('',#13884);
#13403=FILL_AREA_STYLE_COLOUR('',#13884);
#13404=FILL_AREA_STYLE_COLOUR('',#13884);
#13405=FILL_AREA_STYLE_COLOUR('',#13884);
#13406=FILL_AREA_STYLE_COLOUR('',#13884);
#13407=FILL_AREA_STYLE_COLOUR('',#13884);
#13408=FILL_AREA_STYLE_COLOUR('',#13884);
#13409=FILL_AREA_STYLE_COLOUR('',#13884);
#13410=FILL_AREA_STYLE_COLOUR('',#13884);
#13411=FILL_AREA_STYLE_COLOUR('',#13884);
#13412=FILL_AREA_STYLE_COLOUR('',#13884);
#13413=FILL_AREA_STYLE_COLOUR('',#13884);
#13414=FILL_AREA_STYLE_COLOUR('',#13884);
#13415=FILL_AREA_STYLE_COLOUR('',#13884);
#13416=FILL_AREA_STYLE_COLOUR('',#13884);
#13417=FILL_AREA_STYLE_COLOUR('',#13884);
#13418=FILL_AREA_STYLE_COLOUR('',#13884);
#13419=FILL_AREA_STYLE_COLOUR('',#13884);
#13420=FILL_AREA_STYLE_COLOUR('',#13884);
#13421=FILL_AREA_STYLE_COLOUR('',#13884);
#13422=FILL_AREA_STYLE_COLOUR('',#13884);
#13423=FILL_AREA_STYLE_COLOUR('',#13883);
#13424=FILL_AREA_STYLE_COLOUR('',#13883);
#13425=FILL_AREA_STYLE_COLOUR('',#13883);
#13426=FILL_AREA_STYLE_COLOUR('',#13883);
#13427=FILL_AREA_STYLE_COLOUR('',#13883);
#13428=FILL_AREA_STYLE_COLOUR('',#13883);
#13429=FILL_AREA_STYLE_COLOUR('',#13883);
#13430=FILL_AREA_STYLE_COLOUR('',#13883);
#13431=FILL_AREA_STYLE_COLOUR('',#13884);
#13432=FILL_AREA_STYLE_COLOUR('',#13884);
#13433=FILL_AREA_STYLE_COLOUR('',#13884);
#13434=FILL_AREA_STYLE_COLOUR('',#13884);
#13435=FILL_AREA_STYLE_COLOUR('',#13884);
#13436=FILL_AREA_STYLE_COLOUR('',#13884);
#13437=FILL_AREA_STYLE_COLOUR('',#13884);
#13438=FILL_AREA_STYLE_COLOUR('',#13884);
#13439=FILL_AREA_STYLE_COLOUR('',#13884);
#13440=FILL_AREA_STYLE_COLOUR('',#13884);
#13441=FILL_AREA_STYLE_COLOUR('',#13884);
#13442=FILL_AREA_STYLE_COLOUR('',#13884);
#13443=FILL_AREA_STYLE_COLOUR('',#13884);
#13444=FILL_AREA_STYLE_COLOUR('',#13884);
#13445=FILL_AREA_STYLE_COLOUR('',#13884);
#13446=FILL_AREA_STYLE_COLOUR('',#13884);
#13447=FILL_AREA_STYLE_COLOUR('',#13884);
#13448=FILL_AREA_STYLE_COLOUR('',#13884);
#13449=FILL_AREA_STYLE_COLOUR('',#13884);
#13450=FILL_AREA_STYLE_COLOUR('',#13884);
#13451=FILL_AREA_STYLE_COLOUR('',#13884);
#13452=FILL_AREA_STYLE_COLOUR('',#13884);
#13453=FILL_AREA_STYLE_COLOUR('',#13884);
#13454=FILL_AREA_STYLE_COLOUR('',#13884);
#13455=FILL_AREA_STYLE_COLOUR('',#13884);
#13456=FILL_AREA_STYLE_COLOUR('',#13884);
#13457=FILL_AREA_STYLE_COLOUR('',#13884);
#13458=FILL_AREA_STYLE_COLOUR('',#13884);
#13459=FILL_AREA_STYLE_COLOUR('',#13884);
#13460=FILL_AREA_STYLE_COLOUR('',#13884);
#13461=FILL_AREA_STYLE_COLOUR('',#13884);
#13462=FILL_AREA_STYLE_COLOUR('',#13884);
#13463=FILL_AREA_STYLE_COLOUR('',#13884);
#13464=FILL_AREA_STYLE_COLOUR('',#13884);
#13465=FILL_AREA_STYLE_COLOUR('',#13884);
#13466=FILL_AREA_STYLE_COLOUR('',#13884);
#13467=FILL_AREA_STYLE_COLOUR('',#13884);
#13468=FILL_AREA_STYLE_COLOUR('',#13884);
#13469=FILL_AREA_STYLE_COLOUR('',#13884);
#13470=FILL_AREA_STYLE_COLOUR('',#13884);
#13471=FILL_AREA_STYLE_COLOUR('',#13884);
#13472=FILL_AREA_STYLE_COLOUR('',#13884);
#13473=FILL_AREA_STYLE_COLOUR('',#13884);
#13474=FILL_AREA_STYLE_COLOUR('',#13884);
#13475=FILL_AREA_STYLE_COLOUR('',#13884);
#13476=FILL_AREA_STYLE_COLOUR('',#13884);
#13477=FILL_AREA_STYLE_COLOUR('',#13884);
#13478=FILL_AREA_STYLE_COLOUR('',#13884);
#13479=FILL_AREA_STYLE_COLOUR('',#13884);
#13480=FILL_AREA_STYLE_COLOUR('',#13884);
#13481=FILL_AREA_STYLE_COLOUR('',#13884);
#13482=FILL_AREA_STYLE_COLOUR('',#13884);
#13483=FILL_AREA_STYLE_COLOUR('',#13884);
#13484=FILL_AREA_STYLE_COLOUR('',#13884);
#13485=FILL_AREA_STYLE_COLOUR('',#13884);
#13486=FILL_AREA_STYLE_COLOUR('',#13884);
#13487=FILL_AREA_STYLE_COLOUR('',#13884);
#13488=FILL_AREA_STYLE_COLOUR('',#13884);
#13489=FILL_AREA_STYLE_COLOUR('',#13884);
#13490=FILL_AREA_STYLE_COLOUR('',#13884);
#13491=FILL_AREA_STYLE_COLOUR('',#13884);
#13492=FILL_AREA_STYLE_COLOUR('',#13884);
#13493=FILL_AREA_STYLE_COLOUR('',#13884);
#13494=FILL_AREA_STYLE_COLOUR('',#13884);
#13495=FILL_AREA_STYLE_COLOUR('',#13883);
#13496=FILL_AREA_STYLE_COLOUR('',#13883);
#13497=FILL_AREA_STYLE_COLOUR('',#13883);
#13498=FILL_AREA_STYLE_COLOUR('',#13883);
#13499=FILL_AREA_STYLE_COLOUR('',#13883);
#13500=FILL_AREA_STYLE_COLOUR('',#13883);
#13501=FILL_AREA_STYLE_COLOUR('',#13883);
#13502=FILL_AREA_STYLE_COLOUR('',#13883);
#13503=FILL_AREA_STYLE_COLOUR('',#13885);
#13504=FILL_AREA_STYLE_COLOUR('',#13885);
#13505=FILL_AREA_STYLE_COLOUR('',#13886);
#13506=FILL_AREA_STYLE_COLOUR('',#13885);
#13507=FILL_AREA_STYLE_COLOUR('',#13885);
#13508=FILL_AREA_STYLE_COLOUR('',#13885);
#13509=FILL_AREA_STYLE_COLOUR('',#13885);
#13510=FILL_AREA_STYLE_COLOUR('',#13885);
#13511=FILL_AREA_STYLE_COLOUR('',#13885);
#13512=FILL_AREA_STYLE_COLOUR('',#13885);
#13513=FILL_AREA_STYLE_COLOUR('',#13885);
#13514=FILL_AREA_STYLE_COLOUR('',#13885);
#13515=FILL_AREA_STYLE_COLOUR('',#13887);
#13516=FILL_AREA_STYLE_COLOUR('',#13885);
#13517=FILL_AREA_STYLE_COLOUR('',#13885);
#13518=FILL_AREA_STYLE_COLOUR('',#13887);
#13519=FILL_AREA_STYLE_COLOUR('',#13886);
#13520=FILL_AREA_STYLE_COLOUR('',#13885);
#13521=FILL_AREA_STYLE_COLOUR('',#13885);
#13522=FILL_AREA_STYLE_COLOUR('',#13885);
#13523=FILL_AREA_STYLE_COLOUR('',#13885);
#13524=FILL_AREA_STYLE_COLOUR('',#13885);
#13525=FILL_AREA_STYLE_COLOUR('',#13885);
#13526=FILL_AREA_STYLE_COLOUR('',#13885);
#13527=FILL_AREA_STYLE_COLOUR('',#13885);
#13528=FILL_AREA_STYLE_COLOUR('',#13885);
#13529=FILL_AREA_STYLE_COLOUR('',#13883);
#13530=FILL_AREA_STYLE_COLOUR('',#13883);
#13531=FILL_AREA_STYLE_COLOUR('',#13883);
#13532=FILL_AREA_STYLE_COLOUR('',#13883);
#13533=FILL_AREA_STYLE_COLOUR('',#13883);
#13534=FILL_AREA_STYLE_COLOUR('',#13885);
#13535=FILL_AREA_STYLE_COLOUR('',#13885);
#13536=FILL_AREA_STYLE_COLOUR('',#13885);
#13537=FILL_AREA_STYLE_COLOUR('',#13885);
#13538=FILL_AREA_STYLE_COLOUR('',#13885);
#13539=FILL_AREA_STYLE_COLOUR('',#13886);
#13540=FILL_AREA_STYLE_COLOUR('',#13886);
#13541=FILL_AREA_STYLE_COLOUR('',#13886);
#13542=FILL_AREA_STYLE_COLOUR('',#13886);
#13543=FILL_AREA_STYLE_COLOUR('',#13885);
#13544=FILL_AREA_STYLE_COLOUR('',#13885);
#13545=FILL_AREA_STYLE_COLOUR('',#13885);
#13546=FILL_AREA_STYLE_COLOUR('',#13885);
#13547=FILL_AREA_STYLE_COLOUR('',#13885);
#13548=FILL_AREA_STYLE_COLOUR('',#13885);
#13549=FILL_AREA_STYLE_COLOUR('',#13885);
#13550=FILL_AREA_STYLE_COLOUR('',#13885);
#13551=FILL_AREA_STYLE_COLOUR('',#13885);
#13552=FILL_AREA_STYLE_COLOUR('',#13885);
#13553=FILL_AREA_STYLE_COLOUR('',#13885);
#13554=FILL_AREA_STYLE_COLOUR('',#13887);
#13555=FILL_AREA_STYLE_COLOUR('',#13887);
#13556=FILL_AREA_STYLE_COLOUR('',#13887);
#13557=FILL_AREA_STYLE_COLOUR('',#13887);
#13558=FILL_AREA_STYLE_COLOUR('',#13883);
#13559=FILL_AREA_STYLE_COLOUR('',#13883);
#13560=FILL_AREA_STYLE_COLOUR('',#13885);
#13561=FILL_AREA_STYLE_COLOUR('',#13885);
#13562=FILL_AREA_STYLE_COLOUR('',#13885);
#13563=FILL_AREA_STYLE_COLOUR('',#13885);
#13564=FILL_AREA_STYLE_COLOUR('',#13885);
#13565=FILL_AREA_STYLE_COLOUR('',#13887);
#13566=FILL_AREA_STYLE_COLOUR('',#13887);
#13567=FILL_AREA_STYLE_COLOUR('',#13887);
#13568=FILL_AREA_STYLE_COLOUR('',#13887);
#13569=FILL_AREA_STYLE_COLOUR('',#13886);
#13570=FILL_AREA_STYLE_COLOUR('',#13886);
#13571=FILL_AREA_STYLE_COLOUR('',#13886);
#13572=FILL_AREA_STYLE_COLOUR('',#13886);
#13573=FILL_AREA_STYLE_COLOUR('',#13885);
#13574=FILL_AREA_STYLE_COLOUR('',#13885);
#13575=FILL_AREA_STYLE_COLOUR('',#13885);
#13576=FILL_AREA_STYLE_COLOUR('',#13885);
#13577=FILL_AREA_STYLE_COLOUR('',#13885);
#13578=FILL_AREA_STYLE_COLOUR('',#13885);
#13579=FILL_AREA_STYLE_COLOUR('',#13885);
#13580=FILL_AREA_STYLE_COLOUR('',#13885);
#13581=FILL_AREA_STYLE_COLOUR('',#13885);
#13582=FILL_AREA_STYLE_COLOUR('',#13885);
#13583=FILL_AREA_STYLE_COLOUR('',#13885);
#13584=FILL_AREA_STYLE_COLOUR('',#13883);
#13585=FILL_AREA_STYLE_COLOUR('',#13883);
#13586=FILL_AREA_STYLE_COLOUR('',#13883);
#13587=FILL_AREA_STYLE_COLOUR('',#13883);
#13588=FILL_AREA_STYLE_COLOUR('',#13883);
#13589=FILL_AREA_STYLE_COLOUR('',#13883);
#13590=FILL_AREA_STYLE_COLOUR('',#13883);
#13591=FILL_AREA_STYLE_COLOUR('',#13883);
#13592=FILL_AREA_STYLE_COLOUR('',#13883);
#13593=FILL_AREA_STYLE_COLOUR('',#13883);
#13594=FILL_AREA_STYLE_COLOUR('',#13883);
#13595=FILL_AREA_STYLE_COLOUR('',#13883);
#13596=FILL_AREA_STYLE_COLOUR('',#13883);
#13597=FILL_AREA_STYLE_COLOUR('',#13883);
#13598=FILL_AREA_STYLE_COLOUR('',#13883);
#13599=FILL_AREA_STYLE_COLOUR('',#13883);
#13600=FILL_AREA_STYLE_COLOUR('',#13883);
#13601=FILL_AREA_STYLE_COLOUR('',#13883);
#13602=FILL_AREA_STYLE_COLOUR('',#13883);
#13603=FILL_AREA_STYLE_COLOUR('',#13883);
#13604=FILL_AREA_STYLE_COLOUR('',#13883);
#13605=FILL_AREA_STYLE_COLOUR('',#13883);
#13606=FILL_AREA_STYLE_COLOUR('',#13883);
#13607=FILL_AREA_STYLE_COLOUR('',#13883);
#13608=FILL_AREA_STYLE_COLOUR('',#13883);
#13609=FILL_AREA_STYLE_COLOUR('',#13885);
#13610=FILL_AREA_STYLE_COLOUR('',#13885);
#13611=FILL_AREA_STYLE_COLOUR('',#13885);
#13612=FILL_AREA_STYLE_COLOUR('',#13883);
#13613=FILL_AREA_STYLE_COLOUR('',#13885);
#13614=FILL_AREA_STYLE_COLOUR('',#13885);
#13615=FILL_AREA_STYLE_COLOUR('',#13885);
#13616=FILL_AREA_STYLE_COLOUR('',#13885);
#13617=FILL_AREA_STYLE_COLOUR('',#13885);
#13618=FILL_AREA_STYLE_COLOUR('',#13883);
#13619=FILL_AREA_STYLE_COLOUR('',#13883);
#13620=FILL_AREA_STYLE_COLOUR('',#13883);
#13621=FILL_AREA_STYLE_COLOUR('',#13883);
#13622=FILL_AREA_STYLE_COLOUR('',#13883);
#13623=FILL_AREA_STYLE_COLOUR('',#13883);
#13624=FILL_AREA_STYLE_COLOUR('',#13883);
#13625=FILL_AREA_STYLE_COLOUR('',#13883);
#13626=FILL_AREA_STYLE_COLOUR('',#13883);
#13627=FILL_AREA_STYLE_COLOUR('',#13883);
#13628=FILL_AREA_STYLE_COLOUR('',#13883);
#13629=FILL_AREA_STYLE_COLOUR('',#13885);
#13630=FILL_AREA_STYLE_COLOUR('',#13885);
#13631=FILL_AREA_STYLE_COLOUR('',#13885);
#13632=FILL_AREA_STYLE_COLOUR('',#13883);
#13633=FILL_AREA_STYLE_COLOUR('',#13885);
#13634=FILL_AREA_STYLE_COLOUR('',#13885);
#13635=FILL_AREA_STYLE_COLOUR('',#13885);
#13636=FILL_AREA_STYLE_COLOUR('',#13885);
#13637=FILL_AREA_STYLE_COLOUR('',#13885);
#13638=FILL_AREA_STYLE_COLOUR('',#13883);
#13639=FILL_AREA_STYLE_COLOUR('',#13883);
#13640=FILL_AREA_STYLE_COLOUR('',#13883);
#13641=FILL_AREA_STYLE_COLOUR('',#13883);
#13642=FILL_AREA_STYLE_COLOUR('',#13883);
#13643=FILL_AREA_STYLE_COLOUR('',#13883);
#13644=FILL_AREA_STYLE_COLOUR('',#13883);
#13645=FILL_AREA_STYLE_COLOUR('',#13883);
#13646=FILL_AREA_STYLE_COLOUR('',#13883);
#13647=FILL_AREA_STYLE_COLOUR('',#13883);
#13648=FILL_AREA_STYLE_COLOUR('',#13883);
#13649=FILL_AREA_STYLE_COLOUR('',#13883);
#13650=FILL_AREA_STYLE_COLOUR('',#13883);
#13651=FILL_AREA_STYLE_COLOUR('',#13883);
#13652=FILL_AREA_STYLE_COLOUR('',#13883);
#13653=FILL_AREA_STYLE_COLOUR('',#13883);
#13654=FILL_AREA_STYLE_COLOUR('',#13883);
#13655=FILL_AREA_STYLE_COLOUR('',#13883);
#13656=FILL_AREA_STYLE_COLOUR('',#13883);
#13657=FILL_AREA_STYLE_COLOUR('',#13883);
#13658=FILL_AREA_STYLE_COLOUR('',#13883);
#13659=FILL_AREA_STYLE_COLOUR('',#13883);
#13660=FILL_AREA_STYLE_COLOUR('',#13883);
#13661=FILL_AREA_STYLE_COLOUR('',#13883);
#13662=FILL_AREA_STYLE_COLOUR('',#13883);
#13663=FILL_AREA_STYLE_COLOUR('',#13883);
#13664=FILL_AREA_STYLE_COLOUR('',#13883);
#13665=FILL_AREA_STYLE_COLOUR('',#13883);
#13666=FILL_AREA_STYLE_COLOUR('',#13883);
#13667=FILL_AREA_STYLE_COLOUR('',#13883);
#13668=FILL_AREA_STYLE_COLOUR('',#13883);
#13669=FILL_AREA_STYLE_COLOUR('',#13885);
#13670=FILL_AREA_STYLE_COLOUR('',#13885);
#13671=FILL_AREA_STYLE_COLOUR('',#13885);
#13672=FILL_AREA_STYLE_COLOUR('',#13885);
#13673=FILL_AREA_STYLE_COLOUR('',#13885);
#13674=FILL_AREA_STYLE_COLOUR('',#13885);
#13675=FILL_AREA_STYLE_COLOUR('',#13885);
#13676=FILL_AREA_STYLE_COLOUR('',#13885);
#13677=FILL_AREA_STYLE_COLOUR('',#13885);
#13678=FILL_AREA_STYLE_COLOUR('',#13883);
#13679=FILL_AREA_STYLE_COLOUR('',#13883);
#13680=FILL_AREA_STYLE_COLOUR('',#13883);
#13681=FILL_AREA_STYLE_COLOUR('',#13885);
#13682=FILL_AREA_STYLE_COLOUR('',#13885);
#13683=FILL_AREA_STYLE_COLOUR('',#13885);
#13684=FILL_AREA_STYLE_COLOUR('',#13883);
#13685=FILL_AREA_STYLE_COLOUR('',#13883);
#13686=FILL_AREA_STYLE_COLOUR('',#13883);
#13687=FILL_AREA_STYLE_COLOUR('',#13885);
#13688=FILL_AREA_STYLE_COLOUR('',#13885);
#13689=FILL_AREA_STYLE_COLOUR('',#13885);
#13690=FILL_AREA_STYLE_COLOUR('',#13885);
#13691=FILL_AREA_STYLE_COLOUR('',#13885);
#13692=FILL_AREA_STYLE_COLOUR('',#13885);
#13693=FILL_AREA_STYLE_COLOUR('',#13885);
#13694=FILL_AREA_STYLE_COLOUR('',#13885);
#13695=FILL_AREA_STYLE_COLOUR('',#13885);
#13696=FILL_AREA_STYLE_COLOUR('',#13883);
#13697=FILL_AREA_STYLE_COLOUR('',#13883);
#13698=FILL_AREA_STYLE_COLOUR('',#13883);
#13699=FILL_AREA_STYLE_COLOUR('',#13885);
#13700=FILL_AREA_STYLE_COLOUR('',#13885);
#13701=FILL_AREA_STYLE_COLOUR('',#13885);
#13702=FILL_AREA_STYLE_COLOUR('',#13883);
#13703=FILL_AREA_STYLE_COLOUR('',#13883);
#13704=FILL_AREA_STYLE_COLOUR('',#13883);
#13705=FILL_AREA_STYLE_COLOUR('',#13883);
#13706=FILL_AREA_STYLE_COLOUR('',#13883);
#13707=FILL_AREA_STYLE_COLOUR('',#13883);
#13708=FILL_AREA_STYLE_COLOUR('',#13883);
#13709=FILL_AREA_STYLE_COLOUR('',#13883);
#13710=FILL_AREA_STYLE_COLOUR('',#13883);
#13711=FILL_AREA_STYLE_COLOUR('',#13883);
#13712=FILL_AREA_STYLE_COLOUR('',#13883);
#13713=FILL_AREA_STYLE_COLOUR('',#13883);
#13714=FILL_AREA_STYLE_COLOUR('',#13885);
#13715=FILL_AREA_STYLE_COLOUR('',#13885);
#13716=FILL_AREA_STYLE_COLOUR('',#13883);
#13717=FILL_AREA_STYLE_COLOUR('',#13883);
#13718=FILL_AREA_STYLE_COLOUR('',#13883);
#13719=FILL_AREA_STYLE_COLOUR('',#13883);
#13720=FILL_AREA_STYLE_COLOUR('',#13883);
#13721=FILL_AREA_STYLE_COLOUR('',#13883);
#13722=FILL_AREA_STYLE_COLOUR('',#13883);
#13723=FILL_AREA_STYLE_COLOUR('',#13883);
#13724=FILL_AREA_STYLE_COLOUR('',#13883);
#13725=FILL_AREA_STYLE_COLOUR('',#13883);
#13726=FILL_AREA_STYLE_COLOUR('',#13883);
#13727=FILL_AREA_STYLE_COLOUR('',#13883);
#13728=FILL_AREA_STYLE_COLOUR('',#13883);
#13729=FILL_AREA_STYLE_COLOUR('',#13883);
#13730=FILL_AREA_STYLE_COLOUR('',#13883);
#13731=FILL_AREA_STYLE_COLOUR('',#13883);
#13732=FILL_AREA_STYLE_COLOUR('',#13883);
#13733=FILL_AREA_STYLE_COLOUR('',#13883);
#13734=FILL_AREA_STYLE_COLOUR('',#13883);
#13735=FILL_AREA_STYLE_COLOUR('',#13883);
#13736=FILL_AREA_STYLE_COLOUR('',#13883);
#13737=FILL_AREA_STYLE_COLOUR('',#13883);
#13738=FILL_AREA_STYLE_COLOUR('',#13883);
#13739=FILL_AREA_STYLE_COLOUR('',#13883);
#13740=FILL_AREA_STYLE_COLOUR('',#13883);
#13741=FILL_AREA_STYLE_COLOUR('',#13883);
#13742=FILL_AREA_STYLE_COLOUR('',#13883);
#13743=FILL_AREA_STYLE_COLOUR('',#13883);
#13744=FILL_AREA_STYLE_COLOUR('',#13883);
#13745=FILL_AREA_STYLE_COLOUR('',#13883);
#13746=FILL_AREA_STYLE_COLOUR('',#13883);
#13747=FILL_AREA_STYLE_COLOUR('',#13883);
#13748=FILL_AREA_STYLE_COLOUR('',#13883);
#13749=FILL_AREA_STYLE_COLOUR('',#13883);
#13750=FILL_AREA_STYLE_COLOUR('',#13883);
#13751=FILL_AREA_STYLE_COLOUR('',#13883);
#13752=FILL_AREA_STYLE_COLOUR('',#13883);
#13753=FILL_AREA_STYLE_COLOUR('',#13883);
#13754=FILL_AREA_STYLE_COLOUR('',#13883);
#13755=FILL_AREA_STYLE_COLOUR('',#13883);
#13756=FILL_AREA_STYLE_COLOUR('',#13883);
#13757=FILL_AREA_STYLE_COLOUR('',#13883);
#13758=FILL_AREA_STYLE_COLOUR('',#13883);
#13759=FILL_AREA_STYLE_COLOUR('',#13883);
#13760=FILL_AREA_STYLE_COLOUR('',#13883);
#13761=FILL_AREA_STYLE_COLOUR('',#13883);
#13762=FILL_AREA_STYLE_COLOUR('',#13883);
#13763=FILL_AREA_STYLE_COLOUR('',#13883);
#13764=FILL_AREA_STYLE_COLOUR('',#13883);
#13765=FILL_AREA_STYLE_COLOUR('',#13883);
#13766=FILL_AREA_STYLE_COLOUR('',#13885);
#13767=FILL_AREA_STYLE_COLOUR('',#13885);
#13768=FILL_AREA_STYLE_COLOUR('',#13885);
#13769=FILL_AREA_STYLE_COLOUR('',#13885);
#13770=FILL_AREA_STYLE_COLOUR('',#13885);
#13771=FILL_AREA_STYLE_COLOUR('',#13885);
#13772=FILL_AREA_STYLE_COLOUR('',#13883);
#13773=FILL_AREA_STYLE_COLOUR('',#13883);
#13774=FILL_AREA_STYLE_COLOUR('',#13883);
#13775=FILL_AREA_STYLE_COLOUR('',#13883);
#13776=FILL_AREA_STYLE_COLOUR('',#13883);
#13777=FILL_AREA_STYLE_COLOUR('',#13883);
#13778=FILL_AREA_STYLE_COLOUR('',#13883);
#13779=FILL_AREA_STYLE_COLOUR('',#13883);
#13780=FILL_AREA_STYLE_COLOUR('',#13883);
#13781=FILL_AREA_STYLE_COLOUR('',#13883);
#13782=FILL_AREA_STYLE_COLOUR('',#13883);
#13783=FILL_AREA_STYLE_COLOUR('',#13883);
#13784=FILL_AREA_STYLE_COLOUR('',#13883);
#13785=FILL_AREA_STYLE_COLOUR('',#13883);
#13786=FILL_AREA_STYLE_COLOUR('',#13883);
#13787=FILL_AREA_STYLE_COLOUR('',#13883);
#13788=FILL_AREA_STYLE_COLOUR('',#13883);
#13789=FILL_AREA_STYLE_COLOUR('',#13883);
#13790=FILL_AREA_STYLE_COLOUR('',#13883);
#13791=FILL_AREA_STYLE_COLOUR('',#13883);
#13792=FILL_AREA_STYLE_COLOUR('',#13883);
#13793=FILL_AREA_STYLE_COLOUR('',#13883);
#13794=FILL_AREA_STYLE_COLOUR('',#13883);
#13795=FILL_AREA_STYLE_COLOUR('',#13883);
#13796=FILL_AREA_STYLE_COLOUR('',#13883);
#13797=FILL_AREA_STYLE_COLOUR('',#13883);
#13798=FILL_AREA_STYLE_COLOUR('',#13883);
#13799=FILL_AREA_STYLE_COLOUR('',#13883);
#13800=FILL_AREA_STYLE_COLOUR('',#13883);
#13801=FILL_AREA_STYLE_COLOUR('',#13883);
#13802=FILL_AREA_STYLE_COLOUR('',#13883);
#13803=FILL_AREA_STYLE_COLOUR('',#13883);
#13804=FILL_AREA_STYLE_COLOUR('',#13883);
#13805=FILL_AREA_STYLE_COLOUR('',#13883);
#13806=FILL_AREA_STYLE_COLOUR('',#13883);
#13807=FILL_AREA_STYLE_COLOUR('',#13883);
#13808=FILL_AREA_STYLE_COLOUR('',#13883);
#13809=FILL_AREA_STYLE_COLOUR('',#13883);
#13810=FILL_AREA_STYLE_COLOUR('',#13883);
#13811=FILL_AREA_STYLE_COLOUR('',#13883);
#13812=FILL_AREA_STYLE_COLOUR('',#13883);
#13813=FILL_AREA_STYLE_COLOUR('',#13883);
#13814=FILL_AREA_STYLE_COLOUR('',#13883);
#13815=FILL_AREA_STYLE_COLOUR('',#13883);
#13816=FILL_AREA_STYLE_COLOUR('',#13883);
#13817=FILL_AREA_STYLE_COLOUR('',#13883);
#13818=FILL_AREA_STYLE_COLOUR('',#13883);
#13819=FILL_AREA_STYLE_COLOUR('',#13883);
#13820=FILL_AREA_STYLE_COLOUR('',#13883);
#13821=FILL_AREA_STYLE_COLOUR('',#13883);
#13822=FILL_AREA_STYLE_COLOUR('',#13883);
#13823=FILL_AREA_STYLE_COLOUR('',#13883);
#13824=FILL_AREA_STYLE_COLOUR('',#13883);
#13825=FILL_AREA_STYLE_COLOUR('',#13883);
#13826=FILL_AREA_STYLE_COLOUR('',#13885);
#13827=FILL_AREA_STYLE_COLOUR('',#13885);
#13828=FILL_AREA_STYLE_COLOUR('',#13885);
#13829=FILL_AREA_STYLE_COLOUR('',#13885);
#13830=FILL_AREA_STYLE_COLOUR('',#13885);
#13831=FILL_AREA_STYLE_COLOUR('',#13885);
#13832=FILL_AREA_STYLE_COLOUR('',#13885);
#13833=FILL_AREA_STYLE_COLOUR('',#13885);
#13834=FILL_AREA_STYLE_COLOUR('',#13885);
#13835=FILL_AREA_STYLE_COLOUR('',#13885);
#13836=FILL_AREA_STYLE_COLOUR('',#13885);
#13837=FILL_AREA_STYLE_COLOUR('',#13885);
#13838=FILL_AREA_STYLE_COLOUR('',#13885);
#13839=FILL_AREA_STYLE_COLOUR('',#13885);
#13840=FILL_AREA_STYLE_COLOUR('',#13885);
#13841=FILL_AREA_STYLE_COLOUR('',#13885);
#13842=FILL_AREA_STYLE_COLOUR('',#13885);
#13843=FILL_AREA_STYLE_COLOUR('',#13885);
#13844=FILL_AREA_STYLE_COLOUR('',#13885);
#13845=FILL_AREA_STYLE_COLOUR('',#13885);
#13846=FILL_AREA_STYLE_COLOUR('',#13883);
#13847=FILL_AREA_STYLE_COLOUR('',#13883);
#13848=FILL_AREA_STYLE_COLOUR('',#13883);
#13849=FILL_AREA_STYLE_COLOUR('',#13883);
#13850=FILL_AREA_STYLE_COLOUR('',#13883);
#13851=FILL_AREA_STYLE_COLOUR('',#13883);
#13852=FILL_AREA_STYLE_COLOUR('',#13883);
#13853=FILL_AREA_STYLE_COLOUR('',#13883);
#13854=FILL_AREA_STYLE_COLOUR('',#13883);
#13855=FILL_AREA_STYLE_COLOUR('',#13883);
#13856=FILL_AREA_STYLE_COLOUR('',#13883);
#13857=FILL_AREA_STYLE_COLOUR('',#13883);
#13858=FILL_AREA_STYLE_COLOUR('',#13883);
#13859=FILL_AREA_STYLE_COLOUR('',#13883);
#13860=FILL_AREA_STYLE_COLOUR('',#13883);
#13861=FILL_AREA_STYLE_COLOUR('',#13883);
#13862=FILL_AREA_STYLE_COLOUR('',#13883);
#13863=FILL_AREA_STYLE_COLOUR('',#13883);
#13864=FILL_AREA_STYLE_COLOUR('',#13883);
#13865=FILL_AREA_STYLE_COLOUR('',#13883);
#13866=FILL_AREA_STYLE_COLOUR('',#13883);
#13867=FILL_AREA_STYLE_COLOUR('',#13883);
#13868=FILL_AREA_STYLE_COLOUR('',#13883);
#13869=FILL_AREA_STYLE_COLOUR('',#13883);
#13870=FILL_AREA_STYLE_COLOUR('',#13883);
#13871=FILL_AREA_STYLE_COLOUR('',#13883);
#13872=FILL_AREA_STYLE_COLOUR('',#13883);
#13873=FILL_AREA_STYLE_COLOUR('',#13883);
#13874=FILL_AREA_STYLE_COLOUR('',#13883);
#13875=FILL_AREA_STYLE_COLOUR('',#13883);
#13876=FILL_AREA_STYLE_COLOUR('',#13883);
#13877=FILL_AREA_STYLE_COLOUR('',#13883);
#13878=FILL_AREA_STYLE_COLOUR('',#13883);
#13879=FILL_AREA_STYLE_COLOUR('',#13883);
#13880=FILL_AREA_STYLE_COLOUR('',#13883);
#13881=FILL_AREA_STYLE_COLOUR('',#13883);
#13882=FILL_AREA_STYLE_COLOUR('',#13883);
#13883=COLOUR_RGB('',0.699999988079071,0.699999988079071,0.699999988079071);
#13884=COLOUR_RGB('',0.87058824300766,0.633254885673523,0.172549024224281);
#13885=COLOUR_RGB('',0.200000002980232,0.200000002980232,0.200000002980232);
#13886=COLOUR_RGB('',0.800000011920929,0.760330617427826,0.);
#13887=COLOUR_RGB('',0.,0.5,0.);
#13888=ADVANCED_FACE('',(#8963),#9555,.F.);
#13889=ADVANCED_FACE('',(#8964),#9556,.F.);
#13890=ADVANCED_FACE('',(#8965),#9557,.T.);
#13891=ADVANCED_FACE('',(#8966),#9558,.F.);
#13892=ADVANCED_FACE('',(#8967),#9559,.F.);
#13893=ADVANCED_FACE('',(#8968,#8969,#8970,#8971,#8972,#8973,#8974,#8975,
#8976,#8977,#8978,#8979,#8980,#8981,#8982,#8983,#8984,#8985,#8986,#8987,
#8988,#8989,#8990,#8991,#8992,#8993,#8994),#9560,.F.);
#13894=ADVANCED_FACE('',(#8995),#9561,.F.);
#13895=ADVANCED_FACE('',(#8996),#9562,.T.);
#13896=ADVANCED_FACE('',(#8997),#9563,.T.);
#13897=ADVANCED_FACE('',(#8998),#9564,.F.);
#13898=ADVANCED_FACE('',(#8999),#9565,.F.);
#13899=ADVANCED_FACE('',(#9000),#9566,.F.);
#13900=ADVANCED_FACE('',(#9001),#9567,.T.);
#13901=ADVANCED_FACE('',(#9002),#9568,.F.);
#13902=ADVANCED_FACE('',(#9003),#9569,.T.);
#13903=ADVANCED_FACE('',(#9004),#9570,.T.);
#13904=ADVANCED_FACE('',(#9005),#9571,.F.);
#13905=ADVANCED_FACE('',(#9006),#9572,.F.);
#13906=ADVANCED_FACE('',(#9007),#9573,.F.);
#13907=ADVANCED_FACE('',(#9008),#9574,.T.);
#13908=ADVANCED_FACE('',(#9009),#9575,.F.);
#13909=ADVANCED_FACE('',(#9010),#9576,.T.);
#13910=ADVANCED_FACE('',(#9011),#9577,.T.);
#13911=ADVANCED_FACE('',(#9012),#9578,.F.);
#13912=ADVANCED_FACE('',(#9013),#9579,.F.);
#13913=ADVANCED_FACE('',(#9014),#9580,.F.);
#13914=ADVANCED_FACE('',(#9015),#9581,.T.);
#13915=ADVANCED_FACE('',(#9016),#9582,.F.);
#13916=ADVANCED_FACE('',(#9017),#9583,.T.);
#13917=ADVANCED_FACE('',(#9018),#9584,.T.);
#13918=ADVANCED_FACE('',(#9019),#9585,.F.);
#13919=ADVANCED_FACE('',(#9020),#9586,.F.);
#13920=ADVANCED_FACE('',(#9021),#9587,.F.);
#13921=ADVANCED_FACE('',(#9022),#9588,.T.);
#13922=ADVANCED_FACE('',(#9023),#9589,.F.);
#13923=ADVANCED_FACE('',(#9024),#9590,.T.);
#13924=ADVANCED_FACE('',(#9025),#9591,.T.);
#13925=ADVANCED_FACE('',(#9026),#9592,.F.);
#13926=ADVANCED_FACE('',(#9027),#9593,.F.);
#13927=ADVANCED_FACE('',(#9028),#9594,.F.);
#13928=ADVANCED_FACE('',(#9029),#9595,.T.);
#13929=ADVANCED_FACE('',(#9030),#9596,.F.);
#13930=ADVANCED_FACE('',(#9031),#9597,.T.);
#13931=ADVANCED_FACE('',(#9032),#9598,.T.);
#13932=ADVANCED_FACE('',(#9033),#9599,.F.);
#13933=ADVANCED_FACE('',(#9034),#9600,.F.);
#13934=ADVANCED_FACE('',(#9035),#9601,.F.);
#13935=ADVANCED_FACE('',(#9036),#9602,.T.);
#13936=ADVANCED_FACE('',(#9037),#9603,.F.);
#13937=ADVANCED_FACE('',(#9038),#9604,.T.);
#13938=ADVANCED_FACE('',(#9039),#9605,.T.);
#13939=ADVANCED_FACE('',(#9040),#9606,.F.);
#13940=ADVANCED_FACE('',(#9041),#9607,.F.);
#13941=ADVANCED_FACE('',(#9042),#9608,.F.);
#13942=ADVANCED_FACE('',(#9043),#9609,.T.);
#13943=ADVANCED_FACE('',(#9044),#9610,.F.);
#13944=ADVANCED_FACE('',(#9045),#9611,.T.);
#13945=ADVANCED_FACE('',(#9046),#9612,.T.);
#13946=ADVANCED_FACE('',(#9047),#9613,.F.);
#13947=ADVANCED_FACE('',(#9048),#9614,.F.);
#13948=ADVANCED_FACE('',(#9049),#9615,.F.);
#13949=ADVANCED_FACE('',(#9050),#9616,.T.);
#13950=ADVANCED_FACE('',(#9051),#72,.T.);
#13951=ADVANCED_FACE('',(#9052),#9617,.T.);
#13952=ADVANCED_FACE('',(#9053),#73,.T.);
#13953=ADVANCED_FACE('',(#9054),#9618,.T.);
#13954=ADVANCED_FACE('',(#9055),#74,.T.);
#13955=ADVANCED_FACE('',(#9056),#9619,.T.);
#13956=ADVANCED_FACE('',(#9057),#75,.T.);
#13957=ADVANCED_FACE('',(#9058),#9620,.T.);
#13958=ADVANCED_FACE('',(#9059),#76,.T.);
#13959=ADVANCED_FACE('',(#9060),#9621,.T.);
#13960=ADVANCED_FACE('',(#9061),#77,.T.);
#13961=ADVANCED_FACE('',(#9062),#9622,.T.);
#13962=ADVANCED_FACE('',(#9063),#78,.T.);
#13963=ADVANCED_FACE('',(#9064),#9623,.T.);
#13964=ADVANCED_FACE('',(#9065),#79,.T.);
#13965=ADVANCED_FACE('',(#9066),#9624,.T.);
#13966=ADVANCED_FACE('',(#9067),#80,.T.);
#13967=ADVANCED_FACE('',(#9068),#9625,.T.);
#13968=ADVANCED_FACE('',(#9069),#81,.T.);
#13969=ADVANCED_FACE('',(#9070),#9626,.T.);
#13970=ADVANCED_FACE('',(#9071),#82,.T.);
#13971=ADVANCED_FACE('',(#9072),#9627,.T.);
#13972=ADVANCED_FACE('',(#9073),#83,.T.);
#13973=ADVANCED_FACE('',(#9074),#9628,.T.);
#13974=ADVANCED_FACE('',(#9075),#84,.T.);
#13975=ADVANCED_FACE('',(#9076),#9629,.T.);
#13976=ADVANCED_FACE('',(#9077),#85,.T.);
#13977=ADVANCED_FACE('',(#9078),#9630,.T.);
#13978=ADVANCED_FACE('',(#9079),#86,.T.);
#13979=ADVANCED_FACE('',(#9080),#9631,.T.);
#13980=ADVANCED_FACE('',(#9081),#87,.T.);
#13981=ADVANCED_FACE('',(#9082),#9632,.T.);
#13982=ADVANCED_FACE('',(#9083),#88,.T.);
#13983=ADVANCED_FACE('',(#9084),#9633,.T.);
#13984=ADVANCED_FACE('',(#9085),#89,.T.);
#13985=ADVANCED_FACE('',(#9086),#9634,.T.);
#13986=ADVANCED_FACE('',(#9087),#90,.T.);
#13987=ADVANCED_FACE('',(#9088),#9635,.T.);
#13988=ADVANCED_FACE('',(#9089),#91,.T.);
#13989=ADVANCED_FACE('',(#9090),#9636,.T.);
#13990=ADVANCED_FACE('',(#9091),#9637,.F.);
#13991=ADVANCED_FACE('',(#9092),#9638,.F.);
#13992=ADVANCED_FACE('',(#9093),#9639,.F.);
#13993=ADVANCED_FACE('',(#9094),#9640,.F.);
#13994=ADVANCED_FACE('',(#9095),#9641,.T.);
#13995=ADVANCED_FACE('',(#9096),#9642,.F.);
#13996=ADVANCED_FACE('',(#9097),#9643,.F.);
#13997=ADVANCED_FACE('',(#9098),#9644,.F.);
#13998=ADVANCED_FACE('',(#9099),#9645,.F.);
#13999=ADVANCED_FACE('',(#9100),#9646,.T.);
#14000=ADVANCED_FACE('',(#9101),#9647,.F.);
#14001=ADVANCED_FACE('',(#9102),#9648,.F.);
#14002=ADVANCED_FACE('',(#9103),#9649,.T.);
#14003=ADVANCED_FACE('',(#9104),#9650,.F.);
#14004=ADVANCED_FACE('',(#9105),#9651,.F.);
#14005=ADVANCED_FACE('',(#9106),#9652,.T.);
#14006=ADVANCED_FACE('',(#9107),#9653,.F.);
#14007=ADVANCED_FACE('',(#9108),#9654,.F.);
#14008=ADVANCED_FACE('',(#9109),#9655,.T.);
#14009=ADVANCED_FACE('',(#9110),#9656,.F.);
#14010=ADVANCED_FACE('',(#9111),#9657,.F.);
#14011=ADVANCED_FACE('',(#9112),#9658,.T.);
#14012=ADVANCED_FACE('',(#9113),#9659,.F.);
#14013=ADVANCED_FACE('',(#9114),#9660,.F.);
#14014=ADVANCED_FACE('',(#9115),#9661,.T.);
#14015=ADVANCED_FACE('',(#9116),#9662,.F.);
#14016=ADVANCED_FACE('',(#9117),#9663,.F.);
#14017=ADVANCED_FACE('',(#9118),#9664,.T.);
#14018=ADVANCED_FACE('',(#9119),#9665,.F.);
#14019=ADVANCED_FACE('',(#9120),#9666,.T.);
#14020=ADVANCED_FACE('',(#9121),#9667,.F.);
#14021=ADVANCED_FACE('',(#9122),#9668,.T.);
#14022=ADVANCED_FACE('',(#9123),#9669,.F.);
#14023=ADVANCED_FACE('',(#9124),#9670,.F.);
#14024=ADVANCED_FACE('',(#9125),#9671,.F.);
#14025=ADVANCED_FACE('',(#9126),#9672,.F.);
#14026=ADVANCED_FACE('',(#9127),#9673,.T.);
#14027=ADVANCED_FACE('',(#9128),#9674,.F.);
#14028=ADVANCED_FACE('',(#9129),#9675,.F.);
#14029=ADVANCED_FACE('',(#9130),#9676,.F.);
#14030=ADVANCED_FACE('',(#9131),#9677,.F.);
#14031=ADVANCED_FACE('',(#9132),#9678,.T.);
#14032=ADVANCED_FACE('',(#9133),#9679,.F.);
#14033=ADVANCED_FACE('',(#9134),#9680,.F.);
#14034=ADVANCED_FACE('',(#9135),#9681,.T.);
#14035=ADVANCED_FACE('',(#9136),#9682,.F.);
#14036=ADVANCED_FACE('',(#9137),#9683,.F.);
#14037=ADVANCED_FACE('',(#9138),#9684,.T.);
#14038=ADVANCED_FACE('',(#9139),#9685,.F.);
#14039=ADVANCED_FACE('',(#9140),#9686,.F.);
#14040=ADVANCED_FACE('',(#9141),#9687,.T.);
#14041=ADVANCED_FACE('',(#9142),#9688,.F.);
#14042=ADVANCED_FACE('',(#9143),#9689,.F.);
#14043=ADVANCED_FACE('',(#9144),#9690,.T.);
#14044=ADVANCED_FACE('',(#9145),#9691,.F.);
#14045=ADVANCED_FACE('',(#9146),#9692,.F.);
#14046=ADVANCED_FACE('',(#9147),#9693,.T.);
#14047=ADVANCED_FACE('',(#9148),#9694,.F.);
#14048=ADVANCED_FACE('',(#9149),#9695,.F.);
#14049=ADVANCED_FACE('',(#9150),#9696,.T.);
#14050=ADVANCED_FACE('',(#9151),#9697,.F.);
#14051=ADVANCED_FACE('',(#9152),#9698,.T.);
#14052=ADVANCED_FACE('',(#9153),#9699,.F.);
#14053=ADVANCED_FACE('',(#9154),#9700,.T.);
#14054=ADVANCED_FACE('',(#9155),#9701,.F.);
#14055=ADVANCED_FACE('',(#9156),#9702,.F.);
#14056=ADVANCED_FACE('',(#9157),#9703,.F.);
#14057=ADVANCED_FACE('',(#9158),#9704,.F.);
#14058=ADVANCED_FACE('',(#9159),#9705,.F.);
#14059=ADVANCED_FACE('',(#9160),#9706,.F.);
#14060=ADVANCED_FACE('',(#9161),#9707,.F.);
#14061=ADVANCED_FACE('',(#9162),#9708,.F.);
#14062=ADVANCED_FACE('',(#9163),#9709,.F.);
#14063=ADVANCED_FACE('',(#9164),#9710,.F.);
#14064=ADVANCED_FACE('',(#9165),#9711,.T.);
#14065=ADVANCED_FACE('',(#9166),#9712,.F.);
#14066=ADVANCED_FACE('',(#9167),#9713,.F.);
#14067=ADVANCED_FACE('',(#9168),#9714,.F.);
#14068=ADVANCED_FACE('',(#9169),#9715,.F.);
#14069=ADVANCED_FACE('',(#9170),#9716,.F.);
#14070=ADVANCED_FACE('',(#9171),#9717,.F.);
#14071=ADVANCED_FACE('',(#9172),#9718,.F.);
#14072=ADVANCED_FACE('',(#9173),#9719,.F.);
#14073=ADVANCED_FACE('',(#9174),#9720,.F.);
#14074=ADVANCED_FACE('',(#9175),#9721,.F.);
#14075=ADVANCED_FACE('',(#9176),#9722,.F.);
#14076=ADVANCED_FACE('',(#9177),#9723,.F.);
#14077=ADVANCED_FACE('',(#9178),#9724,.F.);
#14078=ADVANCED_FACE('',(#9179),#9725,.T.);
#14079=ADVANCED_FACE('',(#9180),#9726,.F.);
#14080=ADVANCED_FACE('',(#9181),#9727,.F.);
#14081=ADVANCED_FACE('',(#9182),#9728,.F.);
#14082=ADVANCED_FACE('',(#9183),#9729,.F.);
#14083=ADVANCED_FACE('',(#9184),#9730,.F.);
#14084=ADVANCED_FACE('',(#9185),#9731,.F.);
#14085=ADVANCED_FACE('',(#9186),#9732,.F.);
#14086=ADVANCED_FACE('',(#9187),#9733,.F.);
#14087=ADVANCED_FACE('',(#9188),#9734,.F.);
#14088=ADVANCED_FACE('',(#9189,#9190),#9735,.T.);
#14089=ADVANCED_FACE('',(#9191,#9192),#9736,.T.);
#14090=ADVANCED_FACE('',(#9193),#70,.T.);
#14091=ADVANCED_FACE('',(#9194),#71,.T.);
#14092=ADVANCED_FACE('',(#9195),#9737,.F.);
#14093=ADVANCED_FACE('',(#9196),#9738,.F.);
#14094=ADVANCED_FACE('',(#9197),#9739,.T.);
#14095=ADVANCED_FACE('',(#9198),#9740,.T.);
#14096=ADVANCED_FACE('',(#9199),#9741,.T.);
#14097=ADVANCED_FACE('',(#9200),#9742,.F.);
#14098=ADVANCED_FACE('',(#9201),#92,.T.);
#14099=ADVANCED_FACE('',(#9202),#93,.T.);
#14100=ADVANCED_FACE('',(#9203),#94,.T.);
#14101=ADVANCED_FACE('',(#9204),#95,.T.);
#14102=ADVANCED_FACE('',(#9205),#9743,.F.);
#14103=ADVANCED_FACE('',(#9206),#9744,.F.);
#14104=ADVANCED_FACE('',(#9207),#9745,.F.);
#14105=ADVANCED_FACE('',(#9208),#9746,.F.);
#14106=ADVANCED_FACE('',(#9209),#9747,.F.);
#14107=ADVANCED_FACE('',(#9210),#9748,.F.);
#14108=ADVANCED_FACE('',(#9211),#9749,.F.);
#14109=ADVANCED_FACE('',(#9212),#9750,.F.);
#14110=ADVANCED_FACE('',(#9213),#9751,.F.);
#14111=ADVANCED_FACE('',(#9214),#9752,.F.);
#14112=ADVANCED_FACE('',(#9215),#9753,.F.);
#14113=ADVANCED_FACE('',(#9216),#96,.T.);
#14114=ADVANCED_FACE('',(#9217),#97,.T.);
#14115=ADVANCED_FACE('',(#9218),#98,.T.);
#14116=ADVANCED_FACE('',(#9219),#99,.T.);
#14117=ADVANCED_FACE('',(#9220),#9754,.F.);
#14118=ADVANCED_FACE('',(#9221),#9755,.F.);
#14119=ADVANCED_FACE('',(#9222),#9756,.F.);
#14120=ADVANCED_FACE('',(#9223),#9757,.T.);
#14121=ADVANCED_FACE('',(#9224),#9758,.T.);
#14122=ADVANCED_FACE('',(#9225),#9759,.T.);
#14123=ADVANCED_FACE('',(#9226),#9760,.F.);
#14124=ADVANCED_FACE('',(#9227),#100,.T.);
#14125=ADVANCED_FACE('',(#9228),#101,.T.);
#14126=ADVANCED_FACE('',(#9229),#102,.T.);
#14127=ADVANCED_FACE('',(#9230),#103,.T.);
#14128=ADVANCED_FACE('',(#9231),#104,.T.);
#14129=ADVANCED_FACE('',(#9232),#105,.T.);
#14130=ADVANCED_FACE('',(#9233),#106,.T.);
#14131=ADVANCED_FACE('',(#9234),#107,.T.);
#14132=ADVANCED_FACE('',(#9235),#9761,.F.);
#14133=ADVANCED_FACE('',(#9236),#9762,.F.);
#14134=ADVANCED_FACE('',(#9237),#9763,.F.);
#14135=ADVANCED_FACE('',(#9238),#9764,.F.);
#14136=ADVANCED_FACE('',(#9239),#9765,.F.);
#14137=ADVANCED_FACE('',(#9240),#9766,.F.);
#14138=ADVANCED_FACE('',(#9241),#9767,.F.);
#14139=ADVANCED_FACE('',(#9242),#9768,.F.);
#14140=ADVANCED_FACE('',(#9243),#9769,.F.);
#14141=ADVANCED_FACE('',(#9244),#9770,.F.);
#14142=ADVANCED_FACE('',(#9245),#9771,.F.);
#14143=ADVANCED_FACE('',(#9246),#9772,.F.);
#14144=ADVANCED_FACE('',(#9247),#9773,.F.);
#14145=ADVANCED_FACE('',(#9248),#9774,.F.);
#14146=ADVANCED_FACE('',(#9249),#9775,.F.);
#14147=ADVANCED_FACE('',(#9250),#9776,.F.);
#14148=ADVANCED_FACE('',(#9251),#108,.T.);
#14149=ADVANCED_FACE('',(#9252),#109,.T.);
#14150=ADVANCED_FACE('',(#9253),#9777,.F.);
#14151=ADVANCED_FACE('',(#9254),#9778,.F.);
#14152=ADVANCED_FACE('',(#9255),#9779,.F.);
#14153=ADVANCED_FACE('',(#9256),#9780,.F.);
#14154=ADVANCED_FACE('',(#9257),#9781,.T.);
#14155=ADVANCED_FACE('',(#9258),#46,.T.);
#14156=ADVANCED_FACE('',(#9259),#110,.T.);
#14157=ADVANCED_FACE('',(#9260),#47,.T.);
#14158=ADVANCED_FACE('',(#9261),#9782,.T.);
#14159=ADVANCED_FACE('',(#9262),#111,.T.);
#14160=ADVANCED_FACE('',(#9263),#48,.T.);
#14161=ADVANCED_FACE('',(#9264),#112,.T.);
#14162=ADVANCED_FACE('',(#9265),#113,.T.);
#14163=ADVANCED_FACE('',(#9266),#114,.T.);
#14164=ADVANCED_FACE('',(#9267),#115,.F.);
#14165=ADVANCED_FACE('',(#9268),#9783,.F.);
#14166=ADVANCED_FACE('',(#9269),#116,.T.);
#14167=ADVANCED_FACE('',(#9270),#9784,.F.);
#14168=ADVANCED_FACE('',(#9271),#9785,.T.);
#14169=ADVANCED_FACE('',(#9272),#9786,.F.);
#14170=ADVANCED_FACE('',(#9273),#9787,.T.);
#14171=ADVANCED_FACE('',(#9274),#9788,.F.);
#14172=ADVANCED_FACE('',(#9275),#9789,.T.);
#14173=ADVANCED_FACE('',(#9276),#9790,.T.);
#14174=ADVANCED_FACE('',(#9277),#9791,.F.);
#14175=ADVANCED_FACE('',(#9278),#9792,.T.);
#14176=ADVANCED_FACE('',(#9279,#9280,#9281),#9793,.F.);
#14177=ADVANCED_FACE('',(#9282),#117,.T.);
#14178=ADVANCED_FACE('',(#9283),#118,.F.);
#14179=ADVANCED_FACE('',(#9284),#9794,.F.);
#14180=ADVANCED_FACE('',(#9285),#9795,.F.);
#14181=ADVANCED_FACE('',(#9286),#119,.T.);
#14182=ADVANCED_FACE('',(#9287),#9796,.F.);
#14183=ADVANCED_FACE('',(#9288),#120,.T.);
#14184=ADVANCED_FACE('',(#9289),#121,.F.);
#14185=ADVANCED_FACE('',(#9290),#9797,.F.);
#14186=ADVANCED_FACE('',(#9291),#122,.T.);
#14187=ADVANCED_FACE('',(#9292),#9798,.F.);
#14188=ADVANCED_FACE('',(#9293),#9799,.T.);
#14189=ADVANCED_FACE('',(#9294),#9800,.F.);
#14190=ADVANCED_FACE('',(#9295),#9801,.T.);
#14191=ADVANCED_FACE('',(#9296),#9802,.F.);
#14192=ADVANCED_FACE('',(#9297),#9803,.T.);
#14193=ADVANCED_FACE('',(#9298),#9804,.T.);
#14194=ADVANCED_FACE('',(#9299),#9805,.F.);
#14195=ADVANCED_FACE('',(#9300),#9806,.T.);
#14196=ADVANCED_FACE('',(#9301,#9302,#9303),#9807,.F.);
#14197=ADVANCED_FACE('',(#9304),#123,.T.);
#14198=ADVANCED_FACE('',(#9305),#124,.F.);
#14199=ADVANCED_FACE('',(#9306),#9808,.F.);
#14200=ADVANCED_FACE('',(#9307),#9809,.F.);
#14201=ADVANCED_FACE('',(#9308),#125,.T.);
#14202=ADVANCED_FACE('',(#9309),#9810,.F.);
#14203=ADVANCED_FACE('',(#9310),#49,.T.);
#14204=ADVANCED_FACE('',(#9311),#9811,.T.);
#14205=ADVANCED_FACE('',(#9312),#50,.T.);
#14206=ADVANCED_FACE('',(#9313),#126,.T.);
#14207=ADVANCED_FACE('',(#9314),#51,.T.);
#14208=ADVANCED_FACE('',(#9315),#9812,.T.);
#14209=ADVANCED_FACE('',(#9316),#9813,.T.);
#14210=ADVANCED_FACE('',(#9317,#9318),#9814,.F.);
#14211=ADVANCED_FACE('',(#9319),#127,.T.);
#14212=ADVANCED_FACE('',(#9320),#9815,.T.);
#14213=ADVANCED_FACE('',(#9321),#128,.T.);
#14214=ADVANCED_FACE('',(#9322,#9323),#9816,.F.);
#14215=ADVANCED_FACE('',(#9324),#9817,.T.);
#14216=ADVANCED_FACE('',(#9325),#9818,.F.);
#14217=ADVANCED_FACE('',(#9326),#129,.T.);
#14218=ADVANCED_FACE('',(#9327),#9819,.F.);
#14219=ADVANCED_FACE('',(#9328),#130,.T.);
#14220=ADVANCED_FACE('',(#9329),#9820,.T.);
#14221=ADVANCED_FACE('',(#9330),#22,.F.);
#14222=ADVANCED_FACE('',(#9331),#131,.F.);
#14223=ADVANCED_FACE('',(#9332),#23,.F.);
#14224=ADVANCED_FACE('',(#9333),#132,.T.);
#14225=ADVANCED_FACE('',(#9334),#133,.F.);
#14226=ADVANCED_FACE('',(#9335),#134,.T.);
#14227=ADVANCED_FACE('',(#9336),#9821,.F.);
#14228=ADVANCED_FACE('',(#9337),#9822,.T.);
#14229=ADVANCED_FACE('',(#9338),#9823,.T.);
#14230=ADVANCED_FACE('',(#9339),#9824,.T.);
#14231=ADVANCED_FACE('',(#9340),#9825,.T.);
#14232=ADVANCED_FACE('',(#9341),#9826,.T.);
#14233=ADVANCED_FACE('',(#9342),#9827,.T.);
#14234=ADVANCED_FACE('',(#9343),#9828,.F.);
#14235=ADVANCED_FACE('',(#9344),#9829,.F.);
#14236=ADVANCED_FACE('',(#9345),#9830,.F.);
#14237=ADVANCED_FACE('',(#9346),#9831,.F.);
#14238=ADVANCED_FACE('',(#9347),#135,.T.);
#14239=ADVANCED_FACE('',(#9348),#9832,.F.);
#14240=ADVANCED_FACE('',(#9349),#9833,.T.);
#14241=ADVANCED_FACE('',(#9350),#9834,.F.);
#14242=ADVANCED_FACE('',(#9351),#9835,.T.);
#14243=ADVANCED_FACE('',(#9352),#9836,.F.);
#14244=ADVANCED_FACE('',(#9353),#136,.T.);
#14245=ADVANCED_FACE('',(#9354),#9837,.F.);
#14246=ADVANCED_FACE('',(#9355),#9838,.T.);
#14247=ADVANCED_FACE('',(#9356),#9839,.T.);
#14248=ADVANCED_FACE('',(#9357),#9840,.T.);
#14249=ADVANCED_FACE('',(#9358),#9841,.T.);
#14250=ADVANCED_FACE('',(#9359),#9842,.T.);
#14251=ADVANCED_FACE('',(#9360),#9843,.T.);
#14252=ADVANCED_FACE('',(#9361),#9844,.F.);
#14253=ADVANCED_FACE('',(#9362),#9845,.F.);
#14254=ADVANCED_FACE('',(#9363),#9846,.F.);
#14255=ADVANCED_FACE('',(#9364),#9847,.F.);
#14256=ADVANCED_FACE('',(#9365),#137,.T.);
#14257=ADVANCED_FACE('',(#9366),#9848,.F.);
#14258=ADVANCED_FACE('',(#9367),#9849,.T.);
#14259=ADVANCED_FACE('',(#9368),#9850,.F.);
#14260=ADVANCED_FACE('',(#9369),#9851,.T.);
#14261=ADVANCED_FACE('',(#9370),#9852,.F.);
#14262=ADVANCED_FACE('',(#9371),#138,.T.);
#14263=ADVANCED_FACE('',(#9372),#9853,.F.);
#14264=ADVANCED_FACE('',(#9373),#24,.F.);
#14265=ADVANCED_FACE('',(#9374),#139,.F.);
#14266=ADVANCED_FACE('',(#9375),#25,.F.);
#14267=ADVANCED_FACE('',(#9376),#9854,.T.);
#14268=ADVANCED_FACE('',(#9377),#140,.T.);
#14269=ADVANCED_FACE('',(#9378),#9855,.F.);
#14270=ADVANCED_FACE('',(#9379),#141,.T.);
#14271=ADVANCED_FACE('',(#9380),#9856,.T.);
#14272=ADVANCED_FACE('',(#9381),#142,.F.);
#14273=ADVANCED_FACE('',(#9382),#9857,.F.);
#14274=ADVANCED_FACE('',(#9383),#9858,.T.);
#14275=ADVANCED_FACE('',(#9384),#9859,.T.);
#14276=ADVANCED_FACE('',(#9385),#9860,.T.);
#14277=ADVANCED_FACE('',(#9386),#9861,.T.);
#14278=ADVANCED_FACE('',(#9387),#9862,.T.);
#14279=ADVANCED_FACE('',(#9388),#9863,.T.);
#14280=ADVANCED_FACE('',(#9389),#9864,.T.);
#14281=ADVANCED_FACE('',(#9390),#9865,.T.);
#14282=ADVANCED_FACE('',(#9391),#9866,.T.);
#14283=ADVANCED_FACE('',(#9392),#9867,.T.);
#14284=ADVANCED_FACE('',(#9393),#9868,.T.);
#14285=ADVANCED_FACE('',(#9394),#9869,.T.);
#14286=ADVANCED_FACE('',(#9395),#9870,.T.);
#14287=ADVANCED_FACE('',(#9396),#9871,.T.);
#14288=ADVANCED_FACE('',(#9397),#9872,.T.);
#14289=ADVANCED_FACE('',(#9398),#143,.T.);
#14290=ADVANCED_FACE('',(#9399),#9873,.T.);
#14291=ADVANCED_FACE('',(#9400),#144,.T.);
#14292=ADVANCED_FACE('',(#9401),#9874,.T.);
#14293=ADVANCED_FACE('',(#9402),#9875,.F.);
#14294=ADVANCED_FACE('',(#9403),#9876,.T.);
#14295=ADVANCED_FACE('',(#9404),#145,.F.);
#14296=ADVANCED_FACE('',(#9405),#9877,.T.);
#14297=ADVANCED_FACE('',(#9406),#9878,.T.);
#14298=ADVANCED_FACE('',(#9407),#9879,.T.);
#14299=ADVANCED_FACE('',(#9408),#146,.F.);
#14300=ADVANCED_FACE('',(#9409),#9880,.T.);
#14301=ADVANCED_FACE('',(#9410),#147,.F.);
#14302=ADVANCED_FACE('',(#9411),#9881,.T.);
#14303=ADVANCED_FACE('',(#9412),#148,.T.);
#14304=ADVANCED_FACE('',(#9413),#9882,.F.);
#14305=ADVANCED_FACE('',(#9414),#149,.T.);
#14306=ADVANCED_FACE('',(#9415),#9883,.F.);
#14307=ADVANCED_FACE('',(#9416),#150,.T.);
#14308=ADVANCED_FACE('',(#9417,#9418,#9419),#9884,.F.);
#14309=ADVANCED_FACE('',(#9420),#151,.T.);
#14310=ADVANCED_FACE('',(#9421),#9885,.F.);
#14311=ADVANCED_FACE('',(#9422),#152,.T.);
#14312=ADVANCED_FACE('',(#9423),#9886,.T.);
#14313=ADVANCED_FACE('',(#9424),#153,.F.);
#14314=ADVANCED_FACE('',(#9425),#9887,.T.);
#14315=ADVANCED_FACE('',(#9426),#154,.F.);
#14316=ADVANCED_FACE('',(#9427),#9888,.T.);
#14317=ADVANCED_FACE('',(#9428),#9889,.T.);
#14318=ADVANCED_FACE('',(#9429),#9890,.T.);
#14319=ADVANCED_FACE('',(#9430),#155,.F.);
#14320=ADVANCED_FACE('',(#9431),#9891,.T.);
#14321=ADVANCED_FACE('',(#9432),#9892,.T.);
#14322=ADVANCED_FACE('',(#9433),#9893,.T.);
#14323=ADVANCED_FACE('',(#9434),#156,.T.);
#14324=ADVANCED_FACE('',(#9435),#9894,.F.);
#14325=ADVANCED_FACE('',(#9436),#9895,.T.);
#14326=ADVANCED_FACE('',(#9437),#9896,.T.);
#14327=ADVANCED_FACE('',(#9438,#9439),#20,.T.);
#14328=ADVANCED_FACE('',(#9440),#9897,.T.);
#14329=ADVANCED_FACE('',(#9441),#9898,.T.);
#14330=ADVANCED_FACE('',(#9442,#9443),#21,.T.);
#14331=ADVANCED_FACE('',(#9444),#9899,.F.);
#14332=ADVANCED_FACE('',(#9445),#9900,.F.);
#14333=ADVANCED_FACE('',(#9446),#9901,.T.);
#14334=ADVANCED_FACE('',(#9447),#9902,.T.);
#14335=ADVANCED_FACE('',(#9448),#9903,.T.);
#14336=ADVANCED_FACE('',(#9449),#9904,.T.);
#14337=ADVANCED_FACE('',(#9450),#9905,.T.);
#14338=ADVANCED_FACE('',(#9451),#9906,.T.);
#14339=ADVANCED_FACE('',(#9452),#9907,.T.);
#14340=ADVANCED_FACE('',(#9453),#9908,.T.);
#14341=ADVANCED_FACE('',(#9454),#9909,.T.);
#14342=ADVANCED_FACE('',(#9455),#9910,.T.);
#14343=ADVANCED_FACE('',(#9456),#9911,.T.);
#14344=ADVANCED_FACE('',(#9457),#9912,.T.);
#14345=ADVANCED_FACE('',(#9458),#9913,.T.);
#14346=ADVANCED_FACE('',(#9459),#9914,.F.);
#14347=ADVANCED_FACE('',(#9460),#9915,.F.);
#14348=ADVANCED_FACE('',(#9461),#9916,.F.);
#14349=ADVANCED_FACE('',(#9462),#9917,.F.);
#14350=ADVANCED_FACE('',(#9463),#9918,.F.);
#14351=ADVANCED_FACE('',(#9464),#9919,.F.);
#14352=ADVANCED_FACE('',(#9465),#9920,.F.);
#14353=ADVANCED_FACE('',(#9466),#9921,.F.);
#14354=ADVANCED_FACE('',(#9467),#9922,.F.);
#14355=ADVANCED_FACE('',(#9468),#9923,.F.);
#14356=ADVANCED_FACE('',(#9469),#9924,.F.);
#14357=ADVANCED_FACE('',(#9470),#9925,.F.);
#14358=ADVANCED_FACE('',(#9471),#9926,.F.);
#14359=ADVANCED_FACE('',(#9472),#9927,.F.);
#14360=ADVANCED_FACE('',(#9473),#9928,.F.);
#14361=ADVANCED_FACE('',(#9474),#9929,.F.);
#14362=ADVANCED_FACE('',(#9475),#9930,.F.);
#14363=ADVANCED_FACE('',(#9476),#9931,.F.);
#14364=ADVANCED_FACE('',(#9477),#9932,.F.);
#14365=ADVANCED_FACE('',(#9478),#9933,.F.);
#14366=ADVANCED_FACE('',(#9479),#9934,.F.);
#14367=ADVANCED_FACE('',(#9480),#9935,.F.);
#14368=ADVANCED_FACE('',(#9481),#9936,.F.);
#14369=ADVANCED_FACE('',(#9482),#9937,.F.);
#14370=ADVANCED_FACE('',(#9483),#9938,.F.);
#14371=ADVANCED_FACE('',(#9484),#9939,.F.);
#14372=ADVANCED_FACE('',(#9485),#9940,.F.);
#14373=ADVANCED_FACE('',(#9486),#9941,.F.);
#14374=ADVANCED_FACE('',(#9487),#9942,.T.);
#14375=ADVANCED_FACE('',(#9488),#9943,.F.);
#14376=ADVANCED_FACE('',(#9489),#9944,.T.);
#14377=ADVANCED_FACE('',(#9490),#9945,.F.);
#14378=ADVANCED_FACE('',(#9491),#9946,.T.);
#14379=ADVANCED_FACE('',(#9492),#9947,.T.);
#14380=ADVANCED_FACE('',(#9493),#9948,.T.);
#14381=ADVANCED_FACE('',(#9494),#9949,.T.);
#14382=ADVANCED_FACE('',(#9495),#9950,.F.);
#14383=ADVANCED_FACE('',(#9496),#157,.T.);
#14384=ADVANCED_FACE('',(#9497),#9951,.F.);
#14385=ADVANCED_FACE('',(#9498),#9952,.T.);
#14386=ADVANCED_FACE('',(#9499),#9953,.T.);
#14387=ADVANCED_FACE('',(#9500),#9954,.T.);
#14388=ADVANCED_FACE('',(#9501),#9955,.T.);
#14389=ADVANCED_FACE('',(#9502),#9956,.T.);
#14390=ADVANCED_FACE('',(#9503),#9957,.T.);
#14391=ADVANCED_FACE('',(#9504),#9958,.T.);
#14392=ADVANCED_FACE('',(#9505),#158,.T.);
#14393=ADVANCED_FACE('',(#9506),#9959,.T.);
#14394=ADVANCED_FACE('',(#9507),#159,.T.);
#14395=ADVANCED_FACE('',(#9508),#9960,.T.);
#14396=ADVANCED_FACE('',(#9509),#9961,.T.);
#14397=ADVANCED_FACE('',(#9510),#9962,.T.);
#14398=ADVANCED_FACE('',(#9511),#9963,.F.);
#14399=ADVANCED_FACE('',(#9512),#9964,.T.);
#14400=ADVANCED_FACE('',(#9513),#9965,.T.);
#14401=ADVANCED_FACE('',(#9514),#9966,.T.);
#14402=ADVANCED_FACE('',(#9515),#160,.T.);
#14403=ADVANCED_FACE('',(#9516),#9967,.F.);
#14404=ADVANCED_FACE('',(#9517),#161,.T.);
#14405=ADVANCED_FACE('',(#9518),#9968,.T.);
#14406=ADVANCED_FACE('',(#9519),#9969,.T.);
#14407=ADVANCED_FACE('',(#9520),#9970,.T.);
#14408=ADVANCED_FACE('',(#9521),#9971,.T.);
#14409=ADVANCED_FACE('',(#9522),#9972,.T.);
#14410=ADVANCED_FACE('',(#9523),#9973,.T.);
#14411=ADVANCED_FACE('',(#9524),#9974,.T.);
#14412=ADVANCED_FACE('',(#9525),#9975,.T.);
#14413=ADVANCED_FACE('',(#9526),#9976,.F.);
#14414=ADVANCED_FACE('',(#9527),#9977,.F.);
#14415=ADVANCED_FACE('',(#9528),#9978,.F.);
#14416=ADVANCED_FACE('',(#9529),#9979,.F.);
#14417=ADVANCED_FACE('',(#9530),#9980,.F.);
#14418=ADVANCED_FACE('',(#9531),#9981,.F.);
#14419=ADVANCED_FACE('',(#9532),#9982,.F.);
#14420=ADVANCED_FACE('',(#9533),#9983,.F.);
#14421=ADVANCED_FACE('',(#9534),#9984,.F.);
#14422=ADVANCED_FACE('',(#9535),#9985,.F.);
#14423=ADVANCED_FACE('',(#9536),#9986,.F.);
#14424=ADVANCED_FACE('',(#9537),#9987,.F.);
#14425=ADVANCED_FACE('',(#9538),#9988,.F.);
#14426=ADVANCED_FACE('',(#9539),#9989,.F.);
#14427=ADVANCED_FACE('',(#9540),#9990,.F.);
#14428=ADVANCED_FACE('',(#9541),#9991,.F.);
#14429=ADVANCED_FACE('',(#9542),#9992,.F.);
#14430=ADVANCED_FACE('',(#9543),#9993,.F.);
#14431=ADVANCED_FACE('',(#9544),#9994,.F.);
#14432=ADVANCED_FACE('',(#9545),#9995,.F.);
#14433=ADVANCED_FACE('',(#9546),#9996,.T.);
#14434=ADVANCED_FACE('',(#9547),#9997,.T.);
#14435=ADVANCED_FACE('',(#9548),#9998,.T.);
#14436=ADVANCED_FACE('',(#9549),#9999,.T.);
#14437=ADVANCED_FACE('',(#9550),#10000,.T.);
#14438=ADVANCED_FACE('',(#9551),#10001,.T.);
#14439=ADVANCED_FACE('',(#9552),#10002,.F.);
#14440=ADVANCED_FACE('',(#9553),#10003,.T.);
#14441=ADVANCED_FACE('',(#9554),#10004,.T.);
#14442=CLOSED_SHELL('',(#13888,#13889,#13890,#13891,#13892,#13893,#13894,
#13895,#13896,#13897,#13898,#13899,#13900,#13901,#13902,#13903,#13904,#13905,
#13906,#13907,#13908,#13909,#13910,#13911,#13912,#13913,#13914,#13915,#13916,
#13917,#13918,#13919,#13920,#13921,#13922,#13923,#13924,#13925,#13926,#13927,
#13928,#13929,#13930,#13931,#13932,#13933,#13934,#13935,#13936,#13937,#13938,
#13939,#13940,#13941,#13942,#13943,#13944,#13945,#13946,#13947,#13948,#13949,
#13950,#13951,#13952,#13953,#13954,#13955,#13956,#13957,#13958,#13959,#13960,
#13961,#13962,#13963,#13964,#13965,#13966,#13967,#13968,#13969,#13970,#13971,
#13972,#13973,#13974,#13975,#13976,#13977,#13978,#13979,#13980,#13981,#13982,
#13983,#13984,#13985,#13986,#13987,#13988,#13989,#13990,#13991,#13992,#13993,
#13994,#13995,#13996,#13997,#13998,#13999,#14000,#14001,#14002,#14003,#14004,
#14005,#14006,#14007,#14008,#14009,#14010,#14011,#14012,#14013,#14014,#14015,
#14016,#14017,#14018,#14019,#14020,#14021,#14022,#14023,#14024,#14025,#14026,
#14027,#14028,#14029,#14030,#14031,#14032,#14033,#14034,#14035,#14036,#14037,
#14038,#14039,#14040,#14041,#14042,#14043,#14044,#14045,#14046,#14047,#14048,
#14049,#14050,#14051,#14052,#14053,#14054,#14055,#14056,#14057,#14058,#14059,
#14060,#14061,#14062,#14063,#14064,#14065,#14066,#14067,#14068,#14069,#14070,
#14071,#14072,#14073,#14074,#14075,#14076,#14077,#14078,#14079,#14080,#14081,
#14082,#14083,#14084,#14085,#14086,#14087,#14088,#14089,#14090,#14091,#14092,
#14093,#14094,#14095,#14096,#14097,#14098,#14099,#14100,#14101,#14102,#14103,
#14104,#14105,#14106,#14107,#14108,#14109,#14110,#14111,#14112,#14113,#14114,
#14115,#14116,#14117,#14118,#14119,#14120,#14121,#14122,#14123,#14124,#14125,
#14126,#14127,#14128,#14129,#14130,#14131,#14132,#14133,#14134,#14135,#14136,
#14137,#14138,#14139,#14140,#14141,#14142,#14143,#14144,#14145,#14146,#14147,
#14148,#14149,#14150,#14151,#14152,#14153,#14154,#14155,#14156,#14157,#14158,
#14159,#14160,#14161,#14162,#14163,#14164,#14165,#14166,#14167,#14168,#14169,
#14170,#14171,#14172,#14173,#14174,#14175,#14176,#14177,#14178,#14179,#14180,
#14181,#14182,#14183,#14184,#14185,#14186,#14187,#14188,#14189,#14190,#14191,
#14192,#14193,#14194,#14195,#14196,#14197,#14198,#14199,#14200,#14201,#14202,
#14203,#14204,#14205,#14206,#14207,#14208,#14209,#14210,#14211,#14212,#14213,
#14214,#14215,#14216,#14217,#14218,#14219,#14220,#14221,#14222,#14223,#14224,
#14225,#14226,#14227,#14228,#14229,#14230,#14231,#14232,#14233,#14234,#14235,
#14236,#14237,#14238,#14239,#14240,#14241,#14242,#14243,#14244,#14245,#14246,
#14247,#14248,#14249,#14250,#14251,#14252,#14253,#14254,#14255,#14256,#14257,
#14258,#14259,#14260,#14261,#14262,#14263,#14264,#14265,#14266,#14267,#14268,
#14269,#14270,#14271,#14272,#14273,#14274,#14275,#14276,#14277,#14278,#14279,
#14280,#14281,#14282,#14283,#14284,#14285,#14286,#14287,#14288,#14289,#14290,
#14291,#14292,#14293,#14294,#14295,#14296,#14297,#14298,#14299,#14300,#14301,
#14302,#14303,#14304,#14305,#14306,#14307,#14308,#14309,#14310,#14311,#14312,
#14313,#14314,#14315,#14316,#14317,#14318,#14319,#14320,#14321,#14322,#14323,
#14324,#14325,#14326,#14327,#14328,#14329,#14330,#14331,#14332,#14333,#14334,
#14335,#14336,#14337,#14338,#14339,#14340,#14341,#14342,#14343,#14344,#14345,
#14346,#14347,#14348,#14349,#14350,#14351,#14352,#14353,#14354,#14355,#14356,
#14357,#14358,#14359,#14360,#14361,#14362,#14363,#14364,#14365,#14366,#14367,
#14368,#14369,#14370,#14371,#14372,#14373,#14374,#14375,#14376,#14377,#14378,
#14379,#14380,#14381,#14382,#14383,#14384,#14385,#14386,#14387,#14388,#14389,
#14390,#14391,#14392,#14393,#14394,#14395,#14396,#14397,#14398,#14399,#14400,
#14401,#14402,#14403,#14404,#14405,#14406,#14407,#14408,#14409,#14410,#14411,
#14412,#14413,#14414,#14415,#14416,#14417,#14418,#14419,#14420,#14421,#14422,
#14423,#14424,#14425,#14426,#14427,#14428,#14429,#14430,#14431,#14432,#14433,
#14434,#14435,#14436,#14437,#14438,#14439,#14440,#14441));
#14443=MANIFOLD_SOLID_BREP('',#14442);
#14444=SHAPE_DEFINITION_REPRESENTATION(#21098,#14445);
#14445=SHAPE_REPRESENTATION('E5J88-44AHS4-LT',(#14446),#21093);
#14446=AXIS2_PLACEMENT_3D('',#17933,#15178,#15179);
#14447=AXIS2_PLACEMENT_3D('',#17934,#15180,#15181);
#14448=AXIS2_PLACEMENT_3D('',#17943,#15186,#15187);
#14449=AXIS2_PLACEMENT_3D('',#17949,#15191,#15192);
#14450=AXIS2_PLACEMENT_3D('',#17953,#15195,#15196);
#14451=AXIS2_PLACEMENT_3D('',#17957,#15199,#15200);
#14452=AXIS2_PLACEMENT_3D('',#17959,#15202,#15203);
#14453=AXIS2_PLACEMENT_3D('',#18072,#15260,#15261);
#14454=AXIS2_PLACEMENT_3D('',#18077,#15263,#15264);
#14455=AXIS2_PLACEMENT_3D('',#18085,#15268,#15269);
#14456=AXIS2_PLACEMENT_3D('',#18089,#15271,#15272);
#14457=AXIS2_PLACEMENT_3D('',#18096,#15276,#15277);
#14458=AXIS2_PLACEMENT_3D('',#18101,#15279,#15280);
#14459=AXIS2_PLACEMENT_3D('',#18109,#15284,#15285);
#14460=AXIS2_PLACEMENT_3D('',#18113,#15287,#15288);
#14461=AXIS2_PLACEMENT_3D('',#18224,#15344,#15345);
#14462=AXIS2_PLACEMENT_3D('',#18230,#15349,#15350);
#14463=AXIS2_PLACEMENT_3D('',#18236,#15354,#15355);
#14464=AXIS2_PLACEMENT_3D('',#18242,#15359,#15360);
#14465=AXIS2_PLACEMENT_3D('',#18246,#15363,#15364);
#14466=AXIS2_PLACEMENT_3D('',#18250,#15367,#15368);
#14467=AXIS2_PLACEMENT_3D('',#18252,#15370,#15371);
#14468=AXIS2_PLACEMENT_3D('',#18253,#15372,#15373);
#14469=AXIS2_PLACEMENT_3D('',#18259,#15377,#15378);
#14470=AXIS2_PLACEMENT_3D('',#18265,#15382,#15383);
#14471=AXIS2_PLACEMENT_3D('',#18271,#15387,#15388);
#14472=AXIS2_PLACEMENT_3D('',#18275,#15391,#15392);
#14473=AXIS2_PLACEMENT_3D('',#18279,#15395,#15396);
#14474=AXIS2_PLACEMENT_3D('',#18281,#15398,#15399);
#14475=AXIS2_PLACEMENT_3D('',#18282,#15400,#15401);
#14476=AXIS2_PLACEMENT_3D('',#18288,#15405,#15406);
#14477=AXIS2_PLACEMENT_3D('',#18294,#15410,#15411);
#14478=AXIS2_PLACEMENT_3D('',#18300,#15415,#15416);
#14479=AXIS2_PLACEMENT_3D('',#18304,#15419,#15420);
#14480=AXIS2_PLACEMENT_3D('',#18308,#15423,#15424);
#14481=AXIS2_PLACEMENT_3D('',#18310,#15426,#15427);
#14482=AXIS2_PLACEMENT_3D('',#18311,#15428,#15429);
#14483=AXIS2_PLACEMENT_3D('',#18317,#15433,#15434);
#14484=AXIS2_PLACEMENT_3D('',#18323,#15438,#15439);
#14485=AXIS2_PLACEMENT_3D('',#18329,#15443,#15444);
#14486=AXIS2_PLACEMENT_3D('',#18333,#15447,#15448);
#14487=AXIS2_PLACEMENT_3D('',#18337,#15451,#15452);
#14488=AXIS2_PLACEMENT_3D('',#18339,#15454,#15455);
#14489=AXIS2_PLACEMENT_3D('',#18340,#15456,#15457);
#14490=AXIS2_PLACEMENT_3D('',#18346,#15461,#15462);
#14491=AXIS2_PLACEMENT_3D('',#18352,#15466,#15467);
#14492=AXIS2_PLACEMENT_3D('',#18358,#15471,#15472);
#14493=AXIS2_PLACEMENT_3D('',#18362,#15475,#15476);
#14494=AXIS2_PLACEMENT_3D('',#18366,#15479,#15480);
#14495=AXIS2_PLACEMENT_3D('',#18368,#15482,#15483);
#14496=AXIS2_PLACEMENT_3D('',#18369,#15484,#15485);
#14497=AXIS2_PLACEMENT_3D('',#18375,#15489,#15490);
#14498=AXIS2_PLACEMENT_3D('',#18381,#15494,#15495);
#14499=AXIS2_PLACEMENT_3D('',#18387,#15499,#15500);
#14500=AXIS2_PLACEMENT_3D('',#18391,#15503,#15504);
#14501=AXIS2_PLACEMENT_3D('',#18395,#15507,#15508);
#14502=AXIS2_PLACEMENT_3D('',#18397,#15510,#15511);
#14503=AXIS2_PLACEMENT_3D('',#18398,#15512,#15513);
#14504=AXIS2_PLACEMENT_3D('',#18404,#15517,#15518);
#14505=AXIS2_PLACEMENT_3D('',#18410,#15522,#15523);
#14506=AXIS2_PLACEMENT_3D('',#18416,#15527,#15528);
#14507=AXIS2_PLACEMENT_3D('',#18420,#15531,#15532);
#14508=AXIS2_PLACEMENT_3D('',#18424,#15535,#15536);
#14509=AXIS2_PLACEMENT_3D('',#18426,#15538,#15539);
#14510=AXIS2_PLACEMENT_3D('',#18427,#15540,#15541);
#14511=AXIS2_PLACEMENT_3D('',#18433,#15545,#15546);
#14512=AXIS2_PLACEMENT_3D('',#18439,#15550,#15551);
#14513=AXIS2_PLACEMENT_3D('',#18445,#15555,#15556);
#14514=AXIS2_PLACEMENT_3D('',#18449,#15559,#15560);
#14515=AXIS2_PLACEMENT_3D('',#18453,#15563,#15564);
#14516=AXIS2_PLACEMENT_3D('',#18455,#15566,#15567);
#14517=AXIS2_PLACEMENT_3D('',#18456,#15568,#15569);
#14518=AXIS2_PLACEMENT_3D('',#18457,#15570,#15571);
#14519=AXIS2_PLACEMENT_3D('',#18462,#15573,#15574);
#14520=AXIS2_PLACEMENT_3D('',#18465,#15576,#15577);
#14521=AXIS2_PLACEMENT_3D('',#18471,#15581,#15582);
#14522=AXIS2_PLACEMENT_3D('',#18472,#15583,#15584);
#14523=AXIS2_PLACEMENT_3D('',#18477,#15586,#15587);
#14524=AXIS2_PLACEMENT_3D('',#18480,#15589,#15590);
#14525=AXIS2_PLACEMENT_3D('',#18486,#15594,#15595);
#14526=AXIS2_PLACEMENT_3D('',#18487,#15596,#15597);
#14527=AXIS2_PLACEMENT_3D('',#18492,#15599,#15600);
#14528=AXIS2_PLACEMENT_3D('',#18495,#15602,#15603);
#14529=AXIS2_PLACEMENT_3D('',#18501,#15607,#15608);
#14530=AXIS2_PLACEMENT_3D('',#18502,#15609,#15610);
#14531=AXIS2_PLACEMENT_3D('',#18507,#15612,#15613);
#14532=AXIS2_PLACEMENT_3D('',#18510,#15615,#15616);
#14533=AXIS2_PLACEMENT_3D('',#18516,#15620,#15621);
#14534=AXIS2_PLACEMENT_3D('',#18517,#15622,#15623);
#14535=AXIS2_PLACEMENT_3D('',#18522,#15625,#15626);
#14536=AXIS2_PLACEMENT_3D('',#18525,#15628,#15629);
#14537=AXIS2_PLACEMENT_3D('',#18531,#15633,#15634);
#14538=AXIS2_PLACEMENT_3D('',#18532,#15635,#15636);
#14539=AXIS2_PLACEMENT_3D('',#18537,#15638,#15639);
#14540=AXIS2_PLACEMENT_3D('',#18540,#15641,#15642);
#14541=AXIS2_PLACEMENT_3D('',#18546,#15646,#15647);
#14542=AXIS2_PLACEMENT_3D('',#18547,#15648,#15649);
#14543=AXIS2_PLACEMENT_3D('',#18552,#15651,#15652);
#14544=AXIS2_PLACEMENT_3D('',#18555,#15654,#15655);
#14545=AXIS2_PLACEMENT_3D('',#18561,#15659,#15660);
#14546=AXIS2_PLACEMENT_3D('',#18562,#15661,#15662);
#14547=AXIS2_PLACEMENT_3D('',#18567,#15664,#15665);
#14548=AXIS2_PLACEMENT_3D('',#18570,#15667,#15668);
#14549=AXIS2_PLACEMENT_3D('',#18576,#15672,#15673);
#14550=AXIS2_PLACEMENT_3D('',#18577,#15674,#15675);
#14551=AXIS2_PLACEMENT_3D('',#18582,#15677,#15678);
#14552=AXIS2_PLACEMENT_3D('',#18585,#15680,#15681);
#14553=AXIS2_PLACEMENT_3D('',#18591,#15685,#15686);
#14554=AXIS2_PLACEMENT_3D('',#18592,#15687,#15688);
#14555=AXIS2_PLACEMENT_3D('',#18597,#15690,#15691);
#14556=AXIS2_PLACEMENT_3D('',#18600,#15693,#15694);
#14557=AXIS2_PLACEMENT_3D('',#18606,#15698,#15699);
#14558=AXIS2_PLACEMENT_3D('',#18607,#15700,#15701);
#14559=AXIS2_PLACEMENT_3D('',#18612,#15703,#15704);
#14560=AXIS2_PLACEMENT_3D('',#18615,#15706,#15707);
#14561=AXIS2_PLACEMENT_3D('',#18621,#15711,#15712);
#14562=AXIS2_PLACEMENT_3D('',#18622,#15713,#15714);
#14563=AXIS2_PLACEMENT_3D('',#18627,#15716,#15717);
#14564=AXIS2_PLACEMENT_3D('',#18630,#15719,#15720);
#14565=AXIS2_PLACEMENT_3D('',#18636,#15724,#15725);
#14566=AXIS2_PLACEMENT_3D('',#18637,#15726,#15727);
#14567=AXIS2_PLACEMENT_3D('',#18642,#15729,#15730);
#14568=AXIS2_PLACEMENT_3D('',#18645,#15732,#15733);
#14569=AXIS2_PLACEMENT_3D('',#18651,#15737,#15738);
#14570=AXIS2_PLACEMENT_3D('',#18652,#15739,#15740);
#14571=AXIS2_PLACEMENT_3D('',#18657,#15742,#15743);
#14572=AXIS2_PLACEMENT_3D('',#18660,#15745,#15746);
#14573=AXIS2_PLACEMENT_3D('',#18666,#15750,#15751);
#14574=AXIS2_PLACEMENT_3D('',#18667,#15752,#15753);
#14575=AXIS2_PLACEMENT_3D('',#18672,#15755,#15756);
#14576=AXIS2_PLACEMENT_3D('',#18675,#15758,#15759);
#14577=AXIS2_PLACEMENT_3D('',#18681,#15763,#15764);
#14578=AXIS2_PLACEMENT_3D('',#18682,#15765,#15766);
#14579=AXIS2_PLACEMENT_3D('',#18687,#15768,#15769);
#14580=AXIS2_PLACEMENT_3D('',#18690,#15771,#15772);
#14581=AXIS2_PLACEMENT_3D('',#18696,#15776,#15777);
#14582=AXIS2_PLACEMENT_3D('',#18697,#15778,#15779);
#14583=AXIS2_PLACEMENT_3D('',#18702,#15781,#15782);
#14584=AXIS2_PLACEMENT_3D('',#18705,#15784,#15785);
#14585=AXIS2_PLACEMENT_3D('',#18714,#15790,#15791);
#14586=AXIS2_PLACEMENT_3D('',#18715,#15792,#15793);
#14587=AXIS2_PLACEMENT_3D('',#18719,#15795,#15796);
#14588=AXIS2_PLACEMENT_3D('',#18720,#15797,#15798);
#14589=AXIS2_PLACEMENT_3D('',#18723,#15801,#15802);
#14590=AXIS2_PLACEMENT_3D('',#18724,#15803,#15804);
#14591=AXIS2_PLACEMENT_3D('',#18729,#15806,#15807);
#14592=AXIS2_PLACEMENT_3D('',#18732,#15809,#15810);
#14593=AXIS2_PLACEMENT_3D('',#18738,#15814,#15815);
#14594=AXIS2_PLACEMENT_3D('',#18739,#15816,#15817);
#14595=AXIS2_PLACEMENT_3D('',#18744,#15819,#15820);
#14596=AXIS2_PLACEMENT_3D('',#18747,#15822,#15823);
#14597=AXIS2_PLACEMENT_3D('',#18750,#15826,#15827);
#14598=AXIS2_PLACEMENT_3D('',#18756,#15831,#15832);
#14599=AXIS2_PLACEMENT_3D('',#18762,#15836,#15837);
#14600=AXIS2_PLACEMENT_3D('',#18768,#15841,#15842);
#14601=AXIS2_PLACEMENT_3D('',#18774,#15846,#15847);
#14602=AXIS2_PLACEMENT_3D('',#18780,#15851,#15852);
#14603=AXIS2_PLACEMENT_3D('',#18786,#15856,#15857);
#14604=AXIS2_PLACEMENT_3D('',#18792,#15861,#15862);
#14605=AXIS2_PLACEMENT_3D('',#18798,#15866,#15867);
#14606=AXIS2_PLACEMENT_3D('',#18804,#15871,#15872);
#14607=AXIS2_PLACEMENT_3D('',#18808,#15875,#15876);
#14608=AXIS2_PLACEMENT_3D('',#18812,#15879,#15880);
#14609=AXIS2_PLACEMENT_3D('',#18818,#15884,#15885);
#14610=AXIS2_PLACEMENT_3D('',#18822,#15888,#15889);
#14611=AXIS2_PLACEMENT_3D('',#18826,#15892,#15893);
#14612=AXIS2_PLACEMENT_3D('',#18832,#15897,#15898);
#14613=AXIS2_PLACEMENT_3D('',#18836,#15901,#15902);
#14614=AXIS2_PLACEMENT_3D('',#18840,#15905,#15906);
#14615=AXIS2_PLACEMENT_3D('',#18846,#15910,#15911);
#14616=AXIS2_PLACEMENT_3D('',#18850,#15914,#15915);
#14617=AXIS2_PLACEMENT_3D('',#18854,#15918,#15919);
#14618=AXIS2_PLACEMENT_3D('',#18860,#15923,#15924);
#14619=AXIS2_PLACEMENT_3D('',#18864,#15927,#15928);
#14620=AXIS2_PLACEMENT_3D('',#18868,#15931,#15932);
#14621=AXIS2_PLACEMENT_3D('',#18874,#15936,#15937);
#14622=AXIS2_PLACEMENT_3D('',#18878,#15940,#15941);
#14623=AXIS2_PLACEMENT_3D('',#18882,#15944,#15945);
#14624=AXIS2_PLACEMENT_3D('',#18888,#15949,#15950);
#14625=AXIS2_PLACEMENT_3D('',#18892,#15953,#15954);
#14626=AXIS2_PLACEMENT_3D('',#18896,#15957,#15958);
#14627=AXIS2_PLACEMENT_3D('',#18902,#15962,#15963);
#14628=AXIS2_PLACEMENT_3D('',#18906,#15966,#15967);
#14629=AXIS2_PLACEMENT_3D('',#18910,#15970,#15971);
#14630=AXIS2_PLACEMENT_3D('',#18916,#15975,#15976);
#14631=AXIS2_PLACEMENT_3D('',#18922,#15980,#15981);
#14632=AXIS2_PLACEMENT_3D('',#18928,#15985,#15986);
#14633=AXIS2_PLACEMENT_3D('',#18934,#15990,#15991);
#14634=AXIS2_PLACEMENT_3D('',#18940,#15995,#15996);
#14635=AXIS2_PLACEMENT_3D('',#18946,#16000,#16001);
#14636=AXIS2_PLACEMENT_3D('',#18952,#16005,#16006);
#14637=AXIS2_PLACEMENT_3D('',#18958,#16010,#16011);
#14638=AXIS2_PLACEMENT_3D('',#18964,#16015,#16016);
#14639=AXIS2_PLACEMENT_3D('',#18968,#16019,#16020);
#14640=AXIS2_PLACEMENT_3D('',#18972,#16023,#16024);
#14641=AXIS2_PLACEMENT_3D('',#18978,#16028,#16029);
#14642=AXIS2_PLACEMENT_3D('',#18982,#16032,#16033);
#14643=AXIS2_PLACEMENT_3D('',#18986,#16036,#16037);
#14644=AXIS2_PLACEMENT_3D('',#18992,#16041,#16042);
#14645=AXIS2_PLACEMENT_3D('',#18996,#16045,#16046);
#14646=AXIS2_PLACEMENT_3D('',#19000,#16049,#16050);
#14647=AXIS2_PLACEMENT_3D('',#19006,#16054,#16055);
#14648=AXIS2_PLACEMENT_3D('',#19010,#16058,#16059);
#14649=AXIS2_PLACEMENT_3D('',#19014,#16062,#16063);
#14650=AXIS2_PLACEMENT_3D('',#19020,#16067,#16068);
#14651=AXIS2_PLACEMENT_3D('',#19024,#16071,#16072);
#14652=AXIS2_PLACEMENT_3D('',#19028,#16075,#16076);
#14653=AXIS2_PLACEMENT_3D('',#19034,#16080,#16081);
#14654=AXIS2_PLACEMENT_3D('',#19038,#16084,#16085);
#14655=AXIS2_PLACEMENT_3D('',#19042,#16088,#16089);
#14656=AXIS2_PLACEMENT_3D('',#19048,#16093,#16094);
#14657=AXIS2_PLACEMENT_3D('',#19052,#16097,#16098);
#14658=AXIS2_PLACEMENT_3D('',#19056,#16101,#16102);
#14659=AXIS2_PLACEMENT_3D('',#19062,#16106,#16107);
#14660=AXIS2_PLACEMENT_3D('',#19066,#16110,#16111);
#14661=AXIS2_PLACEMENT_3D('',#19070,#16114,#16115);
#14662=AXIS2_PLACEMENT_3D('',#19076,#16119,#16120);
#14663=AXIS2_PLACEMENT_3D('',#19080,#16123,#16124);
#14664=AXIS2_PLACEMENT_3D('',#19084,#16127,#16128);
#14665=AXIS2_PLACEMENT_3D('',#19086,#16130,#16131);
#14666=AXIS2_PLACEMENT_3D('',#19092,#16135,#16136);
#14667=AXIS2_PLACEMENT_3D('',#19096,#16139,#16140);
#14668=AXIS2_PLACEMENT_3D('',#19100,#16143,#16144);
#14669=AXIS2_PLACEMENT_3D('',#19102,#16146,#16147);
#14670=AXIS2_PLACEMENT_3D('',#19135,#16168,#16169);
#14671=AXIS2_PLACEMENT_3D('',#19141,#16173,#16174);
#14672=AXIS2_PLACEMENT_3D('',#19150,#16179,#16180);
#14673=AXIS2_PLACEMENT_3D('',#19156,#16184,#16185);
#14674=AXIS2_PLACEMENT_3D('',#19160,#16188,#16189);
#14675=AXIS2_PLACEMENT_3D('',#19164,#16192,#16193);
#14676=AXIS2_PLACEMENT_3D('',#19168,#16196,#16197);
#14677=AXIS2_PLACEMENT_3D('',#19172,#16200,#16201);
#14678=AXIS2_PLACEMENT_3D('',#19176,#16204,#16205);
#14679=AXIS2_PLACEMENT_3D('',#19180,#16208,#16209);
#14680=AXIS2_PLACEMENT_3D('',#19184,#16212,#16213);
#14681=AXIS2_PLACEMENT_3D('',#19188,#16216,#16217);
#14682=AXIS2_PLACEMENT_3D('',#19197,#16222,#16223);
#14683=AXIS2_PLACEMENT_3D('',#19230,#16244,#16245);
#14684=AXIS2_PLACEMENT_3D('',#19236,#16249,#16250);
#14685=AXIS2_PLACEMENT_3D('',#19245,#16255,#16256);
#14686=AXIS2_PLACEMENT_3D('',#19254,#16261,#16262);
#14687=AXIS2_PLACEMENT_3D('',#19260,#16266,#16267);
#14688=AXIS2_PLACEMENT_3D('',#19264,#16270,#16271);
#14689=AXIS2_PLACEMENT_3D('',#19268,#16274,#16275);
#14690=AXIS2_PLACEMENT_3D('',#19272,#16278,#16279);
#14691=AXIS2_PLACEMENT_3D('',#19276,#16282,#16283);
#14692=AXIS2_PLACEMENT_3D('',#19280,#16286,#16287);
#14693=AXIS2_PLACEMENT_3D('',#19284,#16290,#16291);
#14694=AXIS2_PLACEMENT_3D('',#19288,#16294,#16295);
#14695=AXIS2_PLACEMENT_3D('',#19292,#16298,#16299);
#14696=AXIS2_PLACEMENT_3D('',#19301,#16304,#16305);
#14697=AXIS2_PLACEMENT_3D('',#19310,#16310,#16311);
#14698=AXIS2_PLACEMENT_3D('',#19311,#16312,#16313);
#14699=AXIS2_PLACEMENT_3D('',#19314,#16314,#16315);
#14700=AXIS2_PLACEMENT_3D('',#19316,#16316,#16317);
#14701=AXIS2_PLACEMENT_3D('',#19317,#16318,#16319);
#14702=AXIS2_PLACEMENT_3D('',#19318,#16320,#16321);
#14703=AXIS2_PLACEMENT_3D('',#19321,#16322,#16323);
#14704=AXIS2_PLACEMENT_3D('',#19323,#16324,#16325);
#14705=AXIS2_PLACEMENT_3D('',#19324,#16326,#16327);
#14706=AXIS2_PLACEMENT_3D('',#19333,#16332,#16333);
#14707=AXIS2_PLACEMENT_3D('',#19343,#16339,#16340);
#14708=AXIS2_PLACEMENT_3D('',#19349,#16344,#16345);
#14709=AXIS2_PLACEMENT_3D('',#19353,#16348,#16349);
#14710=AXIS2_PLACEMENT_3D('',#19359,#16353,#16354);
#14711=AXIS2_PLACEMENT_3D('',#19367,#16359,#16360);
#14712=AXIS2_PLACEMENT_3D('',#19368,#16361,#16362);
#14713=AXIS2_PLACEMENT_3D('',#19370,#16363,#16364);
#14714=AXIS2_PLACEMENT_3D('',#19373,#16366,#16367);
#14715=AXIS2_PLACEMENT_3D('',#19376,#16369,#16370);
#14716=AXIS2_PLACEMENT_3D('',#19377,#16371,#16372);
#14717=AXIS2_PLACEMENT_3D('',#19378,#16373,#16374);
#14718=AXIS2_PLACEMENT_3D('',#19381,#16376,#16377);
#14719=AXIS2_PLACEMENT_3D('',#19383,#16379,#16380);
#14720=AXIS2_PLACEMENT_3D('',#19389,#16384,#16385);
#14721=AXIS2_PLACEMENT_3D('',#19393,#16388,#16389);
#14722=AXIS2_PLACEMENT_3D('',#19397,#16392,#16393);
#14723=AXIS2_PLACEMENT_3D('',#19401,#16396,#16397);
#14724=AXIS2_PLACEMENT_3D('',#19405,#16400,#16401);
#14725=AXIS2_PLACEMENT_3D('',#19409,#16404,#16405);
#14726=AXIS2_PLACEMENT_3D('',#19413,#16408,#16409);
#14727=AXIS2_PLACEMENT_3D('',#19417,#16412,#16413);
#14728=AXIS2_PLACEMENT_3D('',#19421,#16416,#16417);
#14729=AXIS2_PLACEMENT_3D('',#19427,#16421,#16422);
#14730=AXIS2_PLACEMENT_3D('',#19429,#16424,#16425);
#14731=AXIS2_PLACEMENT_3D('',#19430,#16426,#16427);
#14732=AXIS2_PLACEMENT_3D('',#19432,#16428,#16429);
#14733=AXIS2_PLACEMENT_3D('',#19435,#16431,#16432);
#14734=AXIS2_PLACEMENT_3D('',#19438,#16434,#16435);
#14735=AXIS2_PLACEMENT_3D('',#19439,#16436,#16437);
#14736=AXIS2_PLACEMENT_3D('',#19440,#16438,#16439);
#14737=AXIS2_PLACEMENT_3D('',#19443,#16441,#16442);
#14738=AXIS2_PLACEMENT_3D('',#19445,#16444,#16445);
#14739=AXIS2_PLACEMENT_3D('',#19454,#16450,#16451);
#14740=AXIS2_PLACEMENT_3D('',#19463,#16456,#16457);
#14741=AXIS2_PLACEMENT_3D('',#19473,#16463,#16464);
#14742=AXIS2_PLACEMENT_3D('',#19479,#16468,#16469);
#14743=AXIS2_PLACEMENT_3D('',#19483,#16472,#16473);
#14744=AXIS2_PLACEMENT_3D('',#19489,#16477,#16478);
#14745=AXIS2_PLACEMENT_3D('',#19497,#16483,#16484);
#14746=AXIS2_PLACEMENT_3D('',#19501,#16486,#16487);
#14747=AXIS2_PLACEMENT_3D('',#19502,#16488,#16489);
#14748=AXIS2_PLACEMENT_3D('',#19503,#16490,#16491);
#14749=AXIS2_PLACEMENT_3D('',#19504,#16492,#16493);
#14750=AXIS2_PLACEMENT_3D('',#19507,#16495,#16496);
#14751=AXIS2_PLACEMENT_3D('',#19510,#16498,#16499);
#14752=AXIS2_PLACEMENT_3D('',#19511,#16500,#16501);
#14753=AXIS2_PLACEMENT_3D('',#19513,#16503,#16504);
#14754=AXIS2_PLACEMENT_3D('',#19517,#16506,#16507);
#14755=AXIS2_PLACEMENT_3D('',#19518,#16508,#16509);
#14756=AXIS2_PLACEMENT_3D('',#19519,#16510,#16511);
#14757=AXIS2_PLACEMENT_3D('',#19520,#16512,#16513);
#14758=AXIS2_PLACEMENT_3D('',#19523,#16515,#16516);
#14759=AXIS2_PLACEMENT_3D('',#19526,#16518,#16519);
#14760=AXIS2_PLACEMENT_3D('',#19527,#16520,#16521);
#14761=AXIS2_PLACEMENT_3D('',#19529,#16523,#16524);
#14762=AXIS2_PLACEMENT_3D('',#19535,#16528,#16529);
#14763=AXIS2_PLACEMENT_3D('',#19539,#16532,#16533);
#14764=AXIS2_PLACEMENT_3D('',#19543,#16536,#16537);
#14765=AXIS2_PLACEMENT_3D('',#19547,#16540,#16541);
#14766=AXIS2_PLACEMENT_3D('',#19551,#16544,#16545);
#14767=AXIS2_PLACEMENT_3D('',#19555,#16548,#16549);
#14768=AXIS2_PLACEMENT_3D('',#19559,#16552,#16553);
#14769=AXIS2_PLACEMENT_3D('',#19563,#16556,#16557);
#14770=AXIS2_PLACEMENT_3D('',#19567,#16560,#16561);
#14771=AXIS2_PLACEMENT_3D('',#19573,#16565,#16566);
#14772=AXIS2_PLACEMENT_3D('',#19575,#16568,#16569);
#14773=AXIS2_PLACEMENT_3D('',#19584,#16574,#16575);
#14774=AXIS2_PLACEMENT_3D('',#19590,#16579,#16580);
#14775=AXIS2_PLACEMENT_3D('',#19594,#16583,#16584);
#14776=AXIS2_PLACEMENT_3D('',#19598,#16587,#16588);
#14777=AXIS2_PLACEMENT_3D('',#19600,#16590,#16591);
#14778=AXIS2_PLACEMENT_3D('',#19603,#16593,#16594);
#14779=AXIS2_PLACEMENT_3D('',#19606,#16596,#16597);
#14780=AXIS2_PLACEMENT_3D('',#19609,#16599,#16600);
#14781=AXIS2_PLACEMENT_3D('',#19612,#16602,#16603);
#14782=AXIS2_PLACEMENT_3D('',#19618,#16607,#16608);
#14783=AXIS2_PLACEMENT_3D('',#19622,#16611,#16612);
#14784=AXIS2_PLACEMENT_3D('',#19626,#16615,#16616);
#14785=AXIS2_PLACEMENT_3D('',#19628,#16618,#16619);
#14786=AXIS2_PLACEMENT_3D('',#19632,#16621,#16622);
#14787=AXIS2_PLACEMENT_3D('',#19634,#16623,#16624);
#14788=AXIS2_PLACEMENT_3D('',#19651,#16627,#16628);
#14789=AXIS2_PLACEMENT_3D('',#19659,#16629,#16630);
#14790=AXIS2_PLACEMENT_3D('',#19665,#16631,#16632);
#14791=AXIS2_PLACEMENT_3D('',#19668,#16634,#16635);
#14792=AXIS2_PLACEMENT_3D('',#19691,#16637,#16638);
#14793=AXIS2_PLACEMENT_3D('',#19694,#16640,#16641);
#14794=AXIS2_PLACEMENT_3D('',#19695,#16642,#16643);
#14795=AXIS2_PLACEMENT_3D('',#19696,#16644,#16645);
#14796=AXIS2_PLACEMENT_3D('',#19713,#16648,#16649);
#14797=AXIS2_PLACEMENT_3D('',#19721,#16650,#16651);
#14798=AXIS2_PLACEMENT_3D('',#19726,#16652,#16653);
#14799=AXIS2_PLACEMENT_3D('',#19728,#16655,#16656);
#14800=AXIS2_PLACEMENT_3D('',#19731,#16659,#16660);
#14801=AXIS2_PLACEMENT_3D('',#19732,#16661,#16662);
#14802=AXIS2_PLACEMENT_3D('',#19736,#16664,#16665);
#14803=AXIS2_PLACEMENT_3D('',#19737,#16666,#16667);
#14804=AXIS2_PLACEMENT_3D('',#19738,#16668,#16669);
#14805=AXIS2_PLACEMENT_3D('',#19743,#16671,#16672);
#14806=AXIS2_PLACEMENT_3D('',#19746,#16674,#16675);
#14807=AXIS2_PLACEMENT_3D('',#19753,#16679,#16680);
#14808=AXIS2_PLACEMENT_3D('',#19754,#16681,#16682);
#14809=AXIS2_PLACEMENT_3D('',#19755,#16683,#16684);
#14810=AXIS2_PLACEMENT_3D('',#19758,#16686,#16687);
#14811=AXIS2_PLACEMENT_3D('',#19761,#16690,#16691);
#14812=AXIS2_PLACEMENT_3D('',#19767,#16695,#16696);
#14813=AXIS2_PLACEMENT_3D('',#19771,#16699,#16700);
#14814=AXIS2_PLACEMENT_3D('',#19775,#16703,#16704);
#14815=AXIS2_PLACEMENT_3D('',#19781,#16708,#16709);
#14816=AXIS2_PLACEMENT_3D('',#19789,#16714,#16715);
#14817=AXIS2_PLACEMENT_3D('',#19793,#16718,#16719);
#14818=AXIS2_PLACEMENT_3D('',#19797,#16722,#16723);
#14819=AXIS2_PLACEMENT_3D('',#19801,#16726,#16727);
#14820=AXIS2_PLACEMENT_3D('',#19823,#16739,#16740);
#14821=AXIS2_PLACEMENT_3D('',#19824,#16741,#16742);
#14822=AXIS2_PLACEMENT_3D('',#19826,#16743,#16744);
#14823=AXIS2_PLACEMENT_3D('',#19829,#16746,#16747);
#14824=AXIS2_PLACEMENT_3D('',#19830,#16748,#16749);
#14825=AXIS2_PLACEMENT_3D('',#19835,#16751,#16752);
#14826=AXIS2_PLACEMENT_3D('',#19838,#16754,#16755);
#14827=AXIS2_PLACEMENT_3D('',#19844,#16759,#16760);
#14828=AXIS2_PLACEMENT_3D('',#19851,#16764,#16765);
#14829=AXIS2_PLACEMENT_3D('',#19852,#16766,#16767);
#14830=AXIS2_PLACEMENT_3D('',#19855,#16769,#16770);
#14831=AXIS2_PLACEMENT_3D('',#19856,#16771,#16772);
#14832=AXIS2_PLACEMENT_3D('',#19859,#16775,#16776);
#14833=AXIS2_PLACEMENT_3D('',#19860,#16777,#16778);
#14834=AXIS2_PLACEMENT_3D('',#19864,#16780,#16781);
#14835=AXIS2_PLACEMENT_3D('',#19865,#16782,#16783);
#14836=AXIS2_PLACEMENT_3D('',#19866,#16784,#16785);
#14837=AXIS2_PLACEMENT_3D('',#19871,#16787,#16788);
#14838=AXIS2_PLACEMENT_3D('',#19874,#16790,#16791);
#14839=AXIS2_PLACEMENT_3D('',#19881,#16795,#16796);
#14840=AXIS2_PLACEMENT_3D('',#19882,#16797,#16798);
#14841=AXIS2_PLACEMENT_3D('',#19883,#16799,#16800);
#14842=AXIS2_PLACEMENT_3D('',#19886,#16802,#16803);
#14843=AXIS2_PLACEMENT_3D('',#19889,#16806,#16807);
#14844=AXIS2_PLACEMENT_3D('',#19895,#16811,#16812);
#14845=AXIS2_PLACEMENT_3D('',#19899,#16815,#16816);
#14846=AXIS2_PLACEMENT_3D('',#19903,#16819,#16820);
#14847=AXIS2_PLACEMENT_3D('',#19909,#16824,#16825);
#14848=AXIS2_PLACEMENT_3D('',#19917,#16830,#16831);
#14849=AXIS2_PLACEMENT_3D('',#19921,#16834,#16835);
#14850=AXIS2_PLACEMENT_3D('',#19925,#16838,#16839);
#14851=AXIS2_PLACEMENT_3D('',#19929,#16842,#16843);
#14852=AXIS2_PLACEMENT_3D('',#19951,#16855,#16856);
#14853=AXIS2_PLACEMENT_3D('',#19952,#16857,#16858);
#14854=AXIS2_PLACEMENT_3D('',#19954,#16859,#16860);
#14855=AXIS2_PLACEMENT_3D('',#19957,#16862,#16863);
#14856=AXIS2_PLACEMENT_3D('',#19958,#16864,#16865);
#14857=AXIS2_PLACEMENT_3D('',#19963,#16867,#16868);
#14858=AXIS2_PLACEMENT_3D('',#19966,#16870,#16871);
#14859=AXIS2_PLACEMENT_3D('',#19972,#16875,#16876);
#14860=AXIS2_PLACEMENT_3D('',#19979,#16880,#16881);
#14861=AXIS2_PLACEMENT_3D('',#19980,#16882,#16883);
#14862=AXIS2_PLACEMENT_3D('',#19983,#16885,#16886);
#14863=AXIS2_PLACEMENT_3D('',#19984,#16887,#16888);
#14864=AXIS2_PLACEMENT_3D('',#19999,#16891,#16892);
#14865=AXIS2_PLACEMENT_3D('',#20010,#16893,#16894);
#14866=AXIS2_PLACEMENT_3D('',#20011,#16895,#16896);
#14867=AXIS2_PLACEMENT_3D('',#20024,#16897,#16898);
#14868=AXIS2_PLACEMENT_3D('',#20035,#16899,#16900);
#14869=AXIS2_PLACEMENT_3D('',#20036,#16901,#16902);
#14870=AXIS2_PLACEMENT_3D('',#20053,#16905,#16906);
#14871=AXIS2_PLACEMENT_3D('',#20064,#16907,#16908);
#14872=AXIS2_PLACEMENT_3D('',#20068,#16910,#16911);
#14873=AXIS2_PLACEMENT_3D('',#20072,#16913,#16914);
#14874=AXIS2_PLACEMENT_3D('',#20077,#16917,#16918);
#14875=AXIS2_PLACEMENT_3D('',#20086,#16923,#16924);
#14876=AXIS2_PLACEMENT_3D('',#20091,#16927,#16928);
#14877=AXIS2_PLACEMENT_3D('',#20092,#16929,#16930);
#14878=AXIS2_PLACEMENT_3D('',#20093,#16931,#16932);
#14879=AXIS2_PLACEMENT_3D('',#20094,#16933,#16934);
#14880=AXIS2_PLACEMENT_3D('',#20097,#16936,#16937);
#14881=AXIS2_PLACEMENT_3D('',#20102,#16941,#16942);
#14882=AXIS2_PLACEMENT_3D('',#20103,#16943,#16944);
#14883=AXIS2_PLACEMENT_3D('',#20108,#16947,#16948);
#14884=AXIS2_PLACEMENT_3D('',#20111,#16950,#16951);
#14885=AXIS2_PLACEMENT_3D('',#20115,#16953,#16954);
#14886=AXIS2_PLACEMENT_3D('',#20116,#16955,#16956);
#14887=AXIS2_PLACEMENT_3D('',#20122,#16960,#16961);
#14888=AXIS2_PLACEMENT_3D('',#20123,#16962,#16963);
#14889=AXIS2_PLACEMENT_3D('',#20131,#16967,#16968);
#14890=AXIS2_PLACEMENT_3D('',#20132,#16969,#16970);
#14891=AXIS2_PLACEMENT_3D('',#20135,#16972,#16973);
#14892=AXIS2_PLACEMENT_3D('',#20136,#16974,#16975);
#14893=AXIS2_PLACEMENT_3D('',#20139,#16977,#16978);
#14894=AXIS2_PLACEMENT_3D('',#20143,#16980,#16981);
#14895=AXIS2_PLACEMENT_3D('',#20148,#16984,#16985);
#14896=AXIS2_PLACEMENT_3D('',#20149,#16986,#16987);
#14897=AXIS2_PLACEMENT_3D('',#20152,#16989,#16990);
#14898=AXIS2_PLACEMENT_3D('',#20153,#16991,#16992);
#14899=AXIS2_PLACEMENT_3D('',#20154,#16993,#16994);
#14900=AXIS2_PLACEMENT_3D('',#20157,#16996,#16997);
#14901=AXIS2_PLACEMENT_3D('',#20158,#16998,#16999);
#14902=AXIS2_PLACEMENT_3D('',#20165,#17000,#17001);
#14903=AXIS2_PLACEMENT_3D('',#20166,#17002,#17003);
#14904=AXIS2_PLACEMENT_3D('',#20167,#17004,#17005);
#14905=AXIS2_PLACEMENT_3D('',#20170,#17007,#17008);
#14906=AXIS2_PLACEMENT_3D('',#20171,#17009,#17010);
#14907=AXIS2_PLACEMENT_3D('',#20173,#17011,#17012);
#14908=AXIS2_PLACEMENT_3D('',#20174,#17013,#17014);
#14909=AXIS2_PLACEMENT_3D('',#20175,#17015,#17016);
#14910=AXIS2_PLACEMENT_3D('',#20180,#17019,#17020);
#14911=AXIS2_PLACEMENT_3D('',#20181,#17021,#17022);
#14912=AXIS2_PLACEMENT_3D('',#20191,#17025,#17026);
#14913=AXIS2_PLACEMENT_3D('',#20192,#17027,#17028);
#14914=AXIS2_PLACEMENT_3D('',#20195,#17030,#17031);
#14915=AXIS2_PLACEMENT_3D('',#20197,#17033,#17034);
#14916=AXIS2_PLACEMENT_3D('',#20203,#17038,#17039);
#14917=AXIS2_PLACEMENT_3D('',#20207,#17042,#17043);
#14918=AXIS2_PLACEMENT_3D('',#20211,#17046,#17047);
#14919=AXIS2_PLACEMENT_3D('',#20215,#17050,#17051);
#14920=AXIS2_PLACEMENT_3D('',#20219,#17054,#17055);
#14921=AXIS2_PLACEMENT_3D('',#20223,#17058,#17059);
#14922=AXIS2_PLACEMENT_3D('',#20227,#17062,#17063);
#14923=AXIS2_PLACEMENT_3D('',#20231,#17066,#17067);
#14924=AXIS2_PLACEMENT_3D('',#20235,#17070,#17071);
#14925=AXIS2_PLACEMENT_3D('',#20240,#17074,#17075);
#14926=AXIS2_PLACEMENT_3D('',#20241,#17076,#17077);
#14927=AXIS2_PLACEMENT_3D('',#20244,#17079,#17080);
#14928=AXIS2_PLACEMENT_3D('',#20245,#17081,#17082);
#14929=AXIS2_PLACEMENT_3D('',#20249,#17085,#17086);
#14930=AXIS2_PLACEMENT_3D('',#20254,#17090,#17091);
#14931=AXIS2_PLACEMENT_3D('',#20258,#17094,#17095);
#14932=AXIS2_PLACEMENT_3D('',#20265,#17100,#17101);
#14933=AXIS2_PLACEMENT_3D('',#20268,#17103,#17104);
#14934=AXIS2_PLACEMENT_3D('',#20269,#17105,#17106);
#14935=AXIS2_PLACEMENT_3D('',#20272,#17108,#17109);
#14936=AXIS2_PLACEMENT_3D('',#20273,#17110,#17111);
#14937=AXIS2_PLACEMENT_3D('',#20275,#17113,#17114);
#14938=AXIS2_PLACEMENT_3D('',#20281,#17118,#17119);
#14939=AXIS2_PLACEMENT_3D('',#20285,#17122,#17123);
#14940=AXIS2_PLACEMENT_3D('',#20289,#17126,#17127);
#14941=AXIS2_PLACEMENT_3D('',#20293,#17130,#17131);
#14942=AXIS2_PLACEMENT_3D('',#20297,#17134,#17135);
#14943=AXIS2_PLACEMENT_3D('',#20301,#17138,#17139);
#14944=AXIS2_PLACEMENT_3D('',#20305,#17142,#17143);
#14945=AXIS2_PLACEMENT_3D('',#20309,#17146,#17147);
#14946=AXIS2_PLACEMENT_3D('',#20313,#17150,#17151);
#14947=AXIS2_PLACEMENT_3D('',#20318,#17154,#17155);
#14948=AXIS2_PLACEMENT_3D('',#20319,#17156,#17157);
#14949=AXIS2_PLACEMENT_3D('',#20322,#17159,#17160);
#14950=AXIS2_PLACEMENT_3D('',#20323,#17161,#17162);
#14951=AXIS2_PLACEMENT_3D('',#20327,#17165,#17166);
#14952=AXIS2_PLACEMENT_3D('',#20332,#17170,#17171);
#14953=AXIS2_PLACEMENT_3D('',#20336,#17174,#17175);
#14954=AXIS2_PLACEMENT_3D('',#20343,#17180,#17181);
#14955=AXIS2_PLACEMENT_3D('',#20346,#17183,#17184);
#14956=AXIS2_PLACEMENT_3D('',#20347,#17185,#17186);
#14957=AXIS2_PLACEMENT_3D('',#20350,#17188,#17189);
#14958=AXIS2_PLACEMENT_3D('',#20351,#17190,#17191);
#14959=AXIS2_PLACEMENT_3D('',#20353,#17193,#17194);
#14960=AXIS2_PLACEMENT_3D('',#20354,#17195,#17196);
#14961=AXIS2_PLACEMENT_3D('',#20356,#17197,#17198);
#14962=AXIS2_PLACEMENT_3D('',#20358,#17199,#17200);
#14963=AXIS2_PLACEMENT_3D('',#20359,#17201,#17202);
#14964=AXIS2_PLACEMENT_3D('',#20360,#17203,#17204);
#14965=AXIS2_PLACEMENT_3D('',#20363,#17206,#17207);
#14966=AXIS2_PLACEMENT_3D('',#20364,#17208,#17209);
#14967=AXIS2_PLACEMENT_3D('',#20366,#17210,#17211);
#14968=AXIS2_PLACEMENT_3D('',#20372,#17212,#17213);
#14969=AXIS2_PLACEMENT_3D('',#20376,#17216,#17217);
#14970=AXIS2_PLACEMENT_3D('',#20377,#17218,#17219);
#14971=AXIS2_PLACEMENT_3D('',#20380,#17221,#17222);
#14972=AXIS2_PLACEMENT_3D('',#20384,#17224,#17225);
#14973=AXIS2_PLACEMENT_3D('',#20387,#17227,#17228);
#14974=AXIS2_PLACEMENT_3D('',#20391,#17230,#17231);
#14975=AXIS2_PLACEMENT_3D('',#20392,#17232,#17233);
#14976=AXIS2_PLACEMENT_3D('',#20395,#17235,#17236);
#14977=AXIS2_PLACEMENT_3D('',#20396,#17237,#17238);
#14978=AXIS2_PLACEMENT_3D('',#20400,#17240,#17241);
#14979=AXIS2_PLACEMENT_3D('',#20404,#17244,#17245);
#14980=AXIS2_PLACEMENT_3D('',#20405,#17246,#17247);
#14981=AXIS2_PLACEMENT_3D('',#20413,#17249,#17250);
#14982=AXIS2_PLACEMENT_3D('',#20414,#17251,#17252);
#14983=AXIS2_PLACEMENT_3D('',#20416,#17253,#17254);
#14984=AXIS2_PLACEMENT_3D('',#20417,#17255,#17256);
#14985=AXIS2_PLACEMENT_3D('',#20419,#17257,#17258);
#14986=AXIS2_PLACEMENT_3D('',#20428,#17263,#17264);
#14987=AXIS2_PLACEMENT_3D('',#20437,#17269,#17270);
#14988=AXIS2_PLACEMENT_3D('',#20446,#17275,#17276);
#14989=AXIS2_PLACEMENT_3D('',#20449,#17279,#17280);
#14990=AXIS2_PLACEMENT_3D('',#20458,#17285,#17286);
#14991=AXIS2_PLACEMENT_3D('',#20467,#17291,#17292);
#14992=AXIS2_PLACEMENT_3D('',#20470,#17295,#17296);
#14993=AXIS2_PLACEMENT_3D('',#20479,#17301,#17302);
#14994=AXIS2_PLACEMENT_3D('',#20488,#17307,#17308);
#14995=AXIS2_PLACEMENT_3D('',#20491,#17311,#17312);
#14996=AXIS2_PLACEMENT_3D('',#20500,#17317,#17318);
#14997=AXIS2_PLACEMENT_3D('',#20509,#17323,#17324);
#14998=AXIS2_PLACEMENT_3D('',#20512,#17327,#17328);
#14999=AXIS2_PLACEMENT_3D('',#20521,#17333,#17334);
#15000=AXIS2_PLACEMENT_3D('',#20524,#17336,#17337);
#15001=AXIS2_PLACEMENT_3D('',#20527,#17339,#17340);
#15002=AXIS2_PLACEMENT_3D('',#20535,#17345,#17346);
#15003=AXIS2_PLACEMENT_3D('',#20538,#17348,#17349);
#15004=AXIS2_PLACEMENT_3D('',#20539,#17350,#17351);
#15005=AXIS2_PLACEMENT_3D('',#20548,#17356,#17357);
#15006=AXIS2_PLACEMENT_3D('',#20554,#17361,#17362);
#15007=AXIS2_PLACEMENT_3D('',#20560,#17366,#17367);
#15008=AXIS2_PLACEMENT_3D('',#20561,#17368,#17369);
#15009=AXIS2_PLACEMENT_3D('',#20566,#17371,#17372);
#15010=AXIS2_PLACEMENT_3D('',#20569,#17374,#17375);
#15011=AXIS2_PLACEMENT_3D('',#20574,#17379,#17380);
#15012=AXIS2_PLACEMENT_3D('',#20578,#17383,#17384);
#15013=AXIS2_PLACEMENT_3D('',#20582,#17387,#17388);
#15014=AXIS2_PLACEMENT_3D('',#20583,#17389,#17390);
#15015=AXIS2_PLACEMENT_3D('',#20586,#17392,#17393);
#15016=AXIS2_PLACEMENT_3D('',#20590,#17396,#17397);
#15017=AXIS2_PLACEMENT_3D('',#20591,#17398,#17399);
#15018=AXIS2_PLACEMENT_3D('',#20594,#17401,#17402);
#15019=AXIS2_PLACEMENT_3D('',#20598,#17405,#17406);
#15020=AXIS2_PLACEMENT_3D('',#20601,#17408,#17409);
#15021=AXIS2_PLACEMENT_3D('',#20602,#17410,#17411);
#15022=AXIS2_PLACEMENT_3D('',#20606,#17414,#17415);
#15023=AXIS2_PLACEMENT_3D('',#20609,#17417,#17418);
#15024=AXIS2_PLACEMENT_3D('',#20610,#17419,#17420);
#15025=AXIS2_PLACEMENT_3D('',#20613,#17422,#17423);
#15026=AXIS2_PLACEMENT_3D('',#20614,#17424,#17425);
#15027=AXIS2_PLACEMENT_3D('',#20615,#17426,#17427);
#15028=AXIS2_PLACEMENT_3D('',#20619,#17430,#17431);
#15029=AXIS2_PLACEMENT_3D('',#20623,#17434,#17435);
#15030=AXIS2_PLACEMENT_3D('',#20628,#17438,#17439);
#15031=AXIS2_PLACEMENT_3D('',#20629,#17440,#17441);
#15032=AXIS2_PLACEMENT_3D('',#20633,#17444,#17445);
#15033=AXIS2_PLACEMENT_3D('',#20636,#17447,#17448);
#15034=AXIS2_PLACEMENT_3D('',#20637,#17449,#17450);
#15035=AXIS2_PLACEMENT_3D('',#20641,#17453,#17454);
#15036=AXIS2_PLACEMENT_3D('',#20642,#17455,#17456);
#15037=AXIS2_PLACEMENT_3D('',#20645,#17458,#17459);
#15038=AXIS2_PLACEMENT_3D('',#20649,#17462,#17463);
#15039=AXIS2_PLACEMENT_3D('',#20650,#17464,#17465);
#15040=AXIS2_PLACEMENT_3D('',#20653,#17467,#17468);
#15041=AXIS2_PLACEMENT_3D('',#20657,#17471,#17472);
#15042=AXIS2_PLACEMENT_3D('',#20661,#17475,#17476);
#15043=AXIS2_PLACEMENT_3D('',#20667,#17480,#17481);
#15044=AXIS2_PLACEMENT_3D('',#20668,#17482,#17483);
#15045=AXIS2_PLACEMENT_3D('',#20672,#17485,#17486);
#15046=AXIS2_PLACEMENT_3D('',#20673,#17487,#17488);
#15047=AXIS2_PLACEMENT_3D('',#20682,#17493,#17494);
#15048=AXIS2_PLACEMENT_3D('',#20688,#17498,#17499);
#15049=AXIS2_PLACEMENT_3D('',#20694,#17503,#17504);
#15050=AXIS2_PLACEMENT_3D('',#20695,#17505,#17506);
#15051=AXIS2_PLACEMENT_3D('',#20698,#17508,#17509);
#15052=AXIS2_PLACEMENT_3D('',#20699,#17510,#17511);
#15053=AXIS2_PLACEMENT_3D('',#20701,#17513,#17514);
#15054=AXIS2_PLACEMENT_3D('',#20702,#17515,#17516);
#15055=AXIS2_PLACEMENT_3D('',#20710,#17520,#17521);
#15056=AXIS2_PLACEMENT_3D('',#20716,#17524,#17525);
#15057=AXIS2_PLACEMENT_3D('',#20719,#17527,#17528);
#15058=AXIS2_PLACEMENT_3D('',#20720,#17529,#17530);
#15059=AXIS2_PLACEMENT_3D('',#20729,#17531,#17532);
#15060=AXIS2_PLACEMENT_3D('',#20736,#17533,#17534);
#15061=AXIS2_PLACEMENT_3D('',#20744,#17538,#17539);
#15062=AXIS2_PLACEMENT_3D('',#20745,#17540,#17541);
#15063=AXIS2_PLACEMENT_3D('',#20753,#17545,#17546);
#15064=AXIS2_PLACEMENT_3D('',#20754,#17547,#17548);
#15065=AXIS2_PLACEMENT_3D('',#20762,#17549,#17550);
#15066=AXIS2_PLACEMENT_3D('',#20770,#17551,#17552);
#15067=AXIS2_PLACEMENT_3D('',#20771,#17553,#17554);
#15068=AXIS2_PLACEMENT_3D('',#20780,#17559,#17560);
#15069=AXIS2_PLACEMENT_3D('',#20789,#17565,#17566);
#15070=AXIS2_PLACEMENT_3D('',#20798,#17571,#17572);
#15071=AXIS2_PLACEMENT_3D('',#20807,#17577,#17578);
#15072=AXIS2_PLACEMENT_3D('',#20816,#17583,#17584);
#15073=AXIS2_PLACEMENT_3D('',#20819,#17587,#17588);
#15074=AXIS2_PLACEMENT_3D('',#20828,#17593,#17594);
#15075=AXIS2_PLACEMENT_3D('',#20837,#17599,#17600);
#15076=AXIS2_PLACEMENT_3D('',#20840,#17603,#17604);
#15077=AXIS2_PLACEMENT_3D('',#20849,#17609,#17610);
#15078=AXIS2_PLACEMENT_3D('',#20858,#17615,#17616);
#15079=AXIS2_PLACEMENT_3D('',#20861,#17619,#17620);
#15080=AXIS2_PLACEMENT_3D('',#20870,#17625,#17626);
#15081=AXIS2_PLACEMENT_3D('',#20879,#17631,#17632);
#15082=AXIS2_PLACEMENT_3D('',#20882,#17635,#17636);
#15083=AXIS2_PLACEMENT_3D('',#20891,#17641,#17642);
#15084=AXIS2_PLACEMENT_3D('',#20894,#17645,#17646);
#15085=AXIS2_PLACEMENT_3D('',#20896,#17648,#17649);
#15086=AXIS2_PLACEMENT_3D('',#20898,#17651,#17652);
#15087=AXIS2_PLACEMENT_3D('',#20899,#17653,#17654);
#15088=AXIS2_PLACEMENT_3D('',#20902,#17657,#17658);
#15089=AXIS2_PLACEMENT_3D('',#20904,#17660,#17661);
#15090=AXIS2_PLACEMENT_3D('',#20906,#17663,#17664);
#15091=AXIS2_PLACEMENT_3D('',#20907,#17665,#17666);
#15092=AXIS2_PLACEMENT_3D('',#20910,#17669,#17670);
#15093=AXIS2_PLACEMENT_3D('',#20912,#17672,#17673);
#15094=AXIS2_PLACEMENT_3D('',#20914,#17675,#17676);
#15095=AXIS2_PLACEMENT_3D('',#20915,#17677,#17678);
#15096=AXIS2_PLACEMENT_3D('',#20918,#17681,#17682);
#15097=AXIS2_PLACEMENT_3D('',#20920,#17684,#17685);
#15098=AXIS2_PLACEMENT_3D('',#20922,#17687,#17688);
#15099=AXIS2_PLACEMENT_3D('',#20923,#17689,#17690);
#15100=AXIS2_PLACEMENT_3D('',#20926,#17693,#17694);
#15101=AXIS2_PLACEMENT_3D('',#20928,#17696,#17697);
#15102=AXIS2_PLACEMENT_3D('',#20930,#17699,#17700);
#15103=AXIS2_PLACEMENT_3D('',#20931,#17701,#17702);
#15104=AXIS2_PLACEMENT_3D('',#20934,#17705,#17706);
#15105=AXIS2_PLACEMENT_3D('',#20936,#17708,#17709);
#15106=AXIS2_PLACEMENT_3D('',#20938,#17711,#17712);
#15107=AXIS2_PLACEMENT_3D('',#20939,#17713,#17714);
#15108=AXIS2_PLACEMENT_3D('',#20942,#17717,#17718);
#15109=AXIS2_PLACEMENT_3D('',#20944,#17720,#17721);
#15110=AXIS2_PLACEMENT_3D('',#20946,#17723,#17724);
#15111=AXIS2_PLACEMENT_3D('',#20949,#17727,#17728);
#15112=AXIS2_PLACEMENT_3D('',#20951,#17730,#17731);
#15113=AXIS2_PLACEMENT_3D('',#20953,#17733,#17734);
#15114=AXIS2_PLACEMENT_3D('',#20955,#17736,#17737);
#15115=AXIS2_PLACEMENT_3D('',#20957,#17739,#17740);
#15116=AXIS2_PLACEMENT_3D('',#20960,#17743,#17744);
#15117=AXIS2_PLACEMENT_3D('',#20962,#17746,#17747);
#15118=AXIS2_PLACEMENT_3D('',#20964,#17749,#17750);
#15119=AXIS2_PLACEMENT_3D('',#20965,#17751,#17752);
#15120=AXIS2_PLACEMENT_3D('',#20966,#17753,#17754);
#15121=AXIS2_PLACEMENT_3D('',#20967,#17755,#17756);
#15122=AXIS2_PLACEMENT_3D('',#20970,#17759,#17760);
#15123=AXIS2_PLACEMENT_3D('',#20972,#17762,#17763);
#15124=AXIS2_PLACEMENT_3D('',#20974,#17765,#17766);
#15125=AXIS2_PLACEMENT_3D('',#20977,#17769,#17770);
#15126=AXIS2_PLACEMENT_3D('',#20980,#17773,#17774);
#15127=AXIS2_PLACEMENT_3D('',#20982,#17776,#17777);
#15128=AXIS2_PLACEMENT_3D('',#20984,#17779,#17780);
#15129=AXIS2_PLACEMENT_3D('',#20986,#17782,#17783);
#15130=AXIS2_PLACEMENT_3D('',#20988,#17785,#17786);
#15131=AXIS2_PLACEMENT_3D('',#20989,#17787,#17788);
#15132=AXIS2_PLACEMENT_3D('',#20992,#17791,#17792);
#15133=AXIS2_PLACEMENT_3D('',#20994,#17794,#17795);
#15134=AXIS2_PLACEMENT_3D('',#20996,#17797,#17798);
#15135=AXIS2_PLACEMENT_3D('',#20999,#17801,#17802);
#15136=AXIS2_PLACEMENT_3D('',#21002,#17805,#17806);
#15137=AXIS2_PLACEMENT_3D('',#21004,#17808,#17809);
#15138=AXIS2_PLACEMENT_3D('',#21006,#17811,#17812);
#15139=AXIS2_PLACEMENT_3D('',#21008,#17814,#17815);
#15140=AXIS2_PLACEMENT_3D('',#21010,#17817,#17818);
#15141=AXIS2_PLACEMENT_3D('',#21011,#17819,#17820);
#15142=AXIS2_PLACEMENT_3D('',#21014,#17823,#17824);
#15143=AXIS2_PLACEMENT_3D('',#21016,#17826,#17827);
#15144=AXIS2_PLACEMENT_3D('',#21018,#17829,#17830);
#15145=AXIS2_PLACEMENT_3D('',#21019,#17831,#17832);
#15146=AXIS2_PLACEMENT_3D('',#21022,#17835,#17836);
#15147=AXIS2_PLACEMENT_3D('',#21024,#17838,#17839);
#15148=AXIS2_PLACEMENT_3D('',#21026,#17841,#17842);
#15149=AXIS2_PLACEMENT_3D('',#21027,#17843,#17844);
#15150=AXIS2_PLACEMENT_3D('',#21030,#17847,#17848);
#15151=AXIS2_PLACEMENT_3D('',#21032,#17850,#17851);
#15152=AXIS2_PLACEMENT_3D('',#21034,#17853,#17854);
#15153=AXIS2_PLACEMENT_3D('',#21035,#17855,#17856);
#15154=AXIS2_PLACEMENT_3D('',#21038,#17859,#17860);
#15155=AXIS2_PLACEMENT_3D('',#21040,#17862,#17863);
#15156=AXIS2_PLACEMENT_3D('',#21042,#17865,#17866);
#15157=AXIS2_PLACEMENT_3D('',#21043,#17867,#17868);
#15158=AXIS2_PLACEMENT_3D('',#21046,#17871,#17872);
#15159=AXIS2_PLACEMENT_3D('',#21048,#17874,#17875);
#15160=AXIS2_PLACEMENT_3D('',#21050,#17877,#17878);
#15161=AXIS2_PLACEMENT_3D('',#21051,#17879,#17880);
#15162=AXIS2_PLACEMENT_3D('',#21054,#17883,#17884);
#15163=AXIS2_PLACEMENT_3D('',#21056,#17886,#17887);
#15164=AXIS2_PLACEMENT_3D('',#21058,#17889,#17890);
#15165=AXIS2_PLACEMENT_3D('',#21059,#17891,#17892);
#15166=AXIS2_PLACEMENT_3D('',#21062,#17895,#17896);
#15167=AXIS2_PLACEMENT_3D('',#21064,#17898,#17899);
#15168=AXIS2_PLACEMENT_3D('',#21066,#17901,#17902);
#15169=AXIS2_PLACEMENT_3D('',#21067,#17903,#17904);
#15170=AXIS2_PLACEMENT_3D('',#21070,#17907,#17908);
#15171=AXIS2_PLACEMENT_3D('',#21072,#17910,#17911);
#15172=AXIS2_PLACEMENT_3D('',#21074,#17913,#17914);
#15173=AXIS2_PLACEMENT_3D('',#21075,#17915,#17916);
#15174=AXIS2_PLACEMENT_3D('',#21081,#17920,#17921);
#15175=AXIS2_PLACEMENT_3D('',#21085,#17924,#17925);
#15176=AXIS2_PLACEMENT_3D('',#21089,#17928,#17929);
#15177=AXIS2_PLACEMENT_3D('',#21091,#17931,#17932);
#15178=DIRECTION('',(0.,0.,1.));
#15179=DIRECTION('',(1.,0.,0.));
#15180=DIRECTION('',(0.,-1.,0.));
#15181=DIRECTION('',(0.,0.,-1.));
#15182=DIRECTION('',(1.,0.,0.));
#15183=DIRECTION('',(0.,0.,1.));
#15184=DIRECTION('',(1.,0.,0.));
#15185=DIRECTION('',(0.,0.,1.));
#15186=DIRECTION('',(-1.,0.,0.));
#15187=DIRECTION('',(0.,0.,1.));
#15188=DIRECTION('',(0.,-1.,0.));
#15189=DIRECTION('',(0.,0.,1.));
#15190=DIRECTION('',(0.,-1.,0.));
#15191=DIRECTION('',(0.,0.,-1.));
#15192=DIRECTION('',(-1.,0.,0.));
#15193=DIRECTION('',(-1.,0.,0.));
#15194=DIRECTION('',(0.,1.,0.));
#15195=DIRECTION('',(1.,0.,0.));
#15196=DIRECTION('',(0.,0.,-1.));
#15197=DIRECTION('',(0.,1.,0.));
#15198=DIRECTION('',(0.,0.,1.));
#15199=DIRECTION('',(0.,1.,0.));
#15200=DIRECTION('',(0.,0.,1.));
#15201=DIRECTION('',(-1.,0.,0.));
#15202=DIRECTION('',(0.,0.,1.));
#15203=DIRECTION('',(1.,0.,0.));
#15204=DIRECTION('',(0.,1.,0.));
#15205=DIRECTION('',(-1.,4.8186763221578E-16,0.));
#15206=DIRECTION('',(0.,-1.,0.));
#15207=DIRECTION('',(1.,0.,0.));
#15208=DIRECTION('',(0.,1.,0.));
#15209=DIRECTION('',(-1.,4.8186763221578E-16,0.));
#15210=DIRECTION('',(0.,-1.,0.));
#15211=DIRECTION('',(1.,0.,0.));
#15212=DIRECTION('',(0.,1.,0.));
#15213=DIRECTION('',(-1.,4.8186763221578E-16,0.));
#15214=DIRECTION('',(0.,-1.,0.));
#15215=DIRECTION('',(1.,0.,0.));
#15216=DIRECTION('',(0.,1.,0.));
#15217=DIRECTION('',(-1.,4.8186763221578E-16,0.));
#15218=DIRECTION('',(0.,-1.,0.));
#15219=DIRECTION('',(1.,0.,0.));
#15220=DIRECTION('',(0.,-1.,0.));
#15221=DIRECTION('',(1.,0.,0.));
#15222=DIRECTION('',(0.,1.,0.));
#15223=DIRECTION('',(-1.,0.,0.));
#15224=DIRECTION('',(-1.,4.8186763221578E-16,0.));
#15225=DIRECTION('',(0.,-1.,0.));
#15226=DIRECTION('',(1.,0.,0.));
#15227=DIRECTION('',(0.,1.,0.));
#15228=DIRECTION('',(-1.,4.8186763221578E-16,0.));
#15229=DIRECTION('',(0.,-1.,0.));
#15230=DIRECTION('',(1.,0.,0.));
#15231=DIRECTION('',(0.,1.,0.));
#15232=DIRECTION('',(-1.,4.8186763221578E-16,0.));
#15233=DIRECTION('',(0.,-1.,0.));
#15234=DIRECTION('',(1.,0.,0.));
#15235=DIRECTION('',(0.,1.,0.));
#15236=DIRECTION('',(-1.,4.8186763221578E-16,0.));
#15237=DIRECTION('',(0.,-1.,0.));
#15238=DIRECTION('',(1.,0.,0.));
#15239=DIRECTION('',(0.,1.,0.));
#15240=DIRECTION('',(-1.,0.,0.));
#15241=DIRECTION('',(0.,-1.,0.));
#15242=DIRECTION('',(1.,0.,0.));
#15243=DIRECTION('',(0.,1.,0.));
#15244=DIRECTION('',(0.,-1.,0.));
#15245=DIRECTION('',(-1.,0.,0.));
#15246=DIRECTION('',(0.,-1.,0.));
#15247=DIRECTION('',(1.,5.42101086242755E-16,0.));
#15248=DIRECTION('',(0.,1.,0.));
#15249=DIRECTION('',(-1.,0.,0.));
#15250=DIRECTION('',(0.,-1.,0.));
#15251=DIRECTION('',(-1.,0.,0.));
#15252=DIRECTION('',(0.,-1.,0.));
#15253=DIRECTION('',(1.,0.,0.));
#15254=DIRECTION('',(0.,-1.,0.));
#15255=DIRECTION('',(1.,0.,0.));
#15256=DIRECTION('',(0.,-1.,0.));
#15257=DIRECTION('',(1.,0.,0.));
#15258=DIRECTION('',(0.,1.,0.));
#15259=DIRECTION('',(-1.,0.,0.));
#15260=DIRECTION('',(0.,0.,1.));
#15261=DIRECTION('',(1.,0.,0.));
#15262=DIRECTION('',(0.,-1.,0.));
#15263=DIRECTION('',(0.,0.,1.));
#15264=DIRECTION('',(1.,0.,0.));
#15265=DIRECTION('',(0.,-1.,0.));
#15266=DIRECTION('',(1.,0.,0.));
#15267=DIRECTION('',(0.,1.,0.));
#15268=DIRECTION('',(0.,0.,1.));
#15269=DIRECTION('',(1.,0.,0.));
#15270=DIRECTION('',(0.,1.,0.));
#15271=DIRECTION('',(0.,0.,1.));
#15272=DIRECTION('',(1.,0.,0.));
#15273=DIRECTION('',(0.,1.,0.));
#15274=DIRECTION('',(-1.,0.,0.));
#15275=DIRECTION('',(0.,-1.,0.));
#15276=DIRECTION('',(0.,0.,1.));
#15277=DIRECTION('',(1.,0.,0.));
#15278=DIRECTION('',(-2.34129966667896E-16,-1.,0.));
#15279=DIRECTION('',(0.,0.,1.));
#15280=DIRECTION('',(1.,0.,0.));
#15281=DIRECTION('',(0.,1.,0.));
#15282=DIRECTION('',(-1.,0.,0.));
#15283=DIRECTION('',(0.,-1.,0.));
#15284=DIRECTION('',(0.,0.,1.));
#15285=DIRECTION('',(1.,0.,0.));
#15286=DIRECTION('',(2.34129966667896E-16,1.,0.));
#15287=DIRECTION('',(0.,0.,1.));
#15288=DIRECTION('',(1.,0.,0.));
#15289=DIRECTION('',(0.,-1.,0.));
#15290=DIRECTION('',(1.,0.,0.));
#15291=DIRECTION('',(0.,1.,0.));
#15292=DIRECTION('',(1.,0.,0.));
#15293=DIRECTION('',(0.,1.,0.));
#15294=DIRECTION('',(-1.,0.,0.));
#15295=DIRECTION('',(0.,-1.,0.));
#15296=DIRECTION('',(0.,-1.,0.));
#15297=DIRECTION('',(1.,0.,0.));
#15298=DIRECTION('',(0.,1.,0.));
#15299=DIRECTION('',(-1.,0.,0.));
#15300=DIRECTION('',(0.,-1.,0.));
#15301=DIRECTION('',(1.,0.,0.));
#15302=DIRECTION('',(0.,1.,0.));
#15303=DIRECTION('',(-1.,0.,0.));
#15304=DIRECTION('',(-1.,4.8186763221578E-16,0.));
#15305=DIRECTION('',(0.,-1.,0.));
#15306=DIRECTION('',(1.,0.,0.));
#15307=DIRECTION('',(0.,1.,0.));
#15308=DIRECTION('',(-1.,4.8186763221578E-16,0.));
#15309=DIRECTION('',(0.,-1.,0.));
#15310=DIRECTION('',(1.,0.,0.));
#15311=DIRECTION('',(0.,1.,0.));
#15312=DIRECTION('',(-1.,4.8186763221578E-16,0.));
#15313=DIRECTION('',(0.,-1.,0.));
#15314=DIRECTION('',(1.,0.,0.));
#15315=DIRECTION('',(0.,1.,0.));
#15316=DIRECTION('',(-1.,4.8186763221578E-16,0.));
#15317=DIRECTION('',(0.,-1.,0.));
#15318=DIRECTION('',(1.,0.,0.));
#15319=DIRECTION('',(0.,1.,0.));
#15320=DIRECTION('',(0.,1.,0.));
#15321=DIRECTION('',(-1.,0.,0.));
#15322=DIRECTION('',(0.,-1.,0.));
#15323=DIRECTION('',(1.,0.,0.));
#15324=DIRECTION('',(1.,0.,0.));
#15325=DIRECTION('',(0.,1.,0.));
#15326=DIRECTION('',(-1.,0.,0.));
#15327=DIRECTION('',(0.,-1.,0.));
#15328=DIRECTION('',(0.,1.,0.));
#15329=DIRECTION('',(-1.,4.8186763221578E-16,0.));
#15330=DIRECTION('',(0.,-1.,0.));
#15331=DIRECTION('',(1.,0.,0.));
#15332=DIRECTION('',(0.,-1.,0.));
#15333=DIRECTION('',(1.,0.,0.));
#15334=DIRECTION('',(0.,1.,0.));
#15335=DIRECTION('',(-1.,4.8186763221578E-16,0.));
#15336=DIRECTION('',(0.,1.,0.));
#15337=DIRECTION('',(-1.,4.8186763221578E-16,0.));
#15338=DIRECTION('',(0.,-1.,0.));
#15339=DIRECTION('',(1.,0.,0.));
#15340=DIRECTION('',(0.,1.,0.));
#15341=DIRECTION('',(-1.,4.8186763221578E-16,0.));
#15342=DIRECTION('',(0.,-1.,0.));
#15343=DIRECTION('',(1.,0.,0.));
#15344=DIRECTION('',(1.,0.,0.));
#15345=DIRECTION('',(0.,0.,-1.));
#15346=DIRECTION('',(0.,0.,1.));
#15347=DIRECTION('',(0.,-1.,0.));
#15348=DIRECTION('',(0.,0.,1.));
#15349=DIRECTION('',(-0.707106781186548,0.,-0.707106781186548));
#15350=DIRECTION('',(-0.707106781186548,0.,0.707106781186548));
#15351=DIRECTION('',(0.707106781186548,-3.40731870374083E-16,-0.707106781186548));
#15352=DIRECTION('',(-0.707106781186548,0.,0.707106781186548));
#15353=DIRECTION('',(0.,1.,0.));
#15354=DIRECTION('',(0.,0.,-1.));
#15355=DIRECTION('',(-1.,0.,0.));
#15356=DIRECTION('',(1.,0.,0.));
#15357=DIRECTION('',(0.,-1.,0.));
#15358=DIRECTION('',(-1.,4.8186763221578E-16,0.));
#15359=DIRECTION('',(4.8186763221578E-16,1.,0.));
#15360=DIRECTION('',(-1.,4.8186763221578E-16,0.));
#15361=DIRECTION('',(0.707106781186548,-3.40731870374083E-16,0.707106781186548));
#15362=DIRECTION('',(0.,0.,1.));
#15363=DIRECTION('',(-1.,0.,0.));
#15364=DIRECTION('',(0.,0.,1.));
#15365=DIRECTION('',(0.,1.,0.));
#15366=DIRECTION('',(0.,0.,1.));
#15367=DIRECTION('',(0.,-1.,0.));
#15368=DIRECTION('',(0.,0.,-1.));
#15369=DIRECTION('',(-0.707106781186548,0.,-0.707106781186548));
#15370=DIRECTION('',(0.707106781186548,0.,-0.707106781186548));
#15371=DIRECTION('',(-0.707106781186548,0.,-0.707106781186548));
#15372=DIRECTION('',(1.,0.,0.));
#15373=DIRECTION('',(0.,0.,-1.));
#15374=DIRECTION('',(0.,0.,1.));
#15375=DIRECTION('',(0.,-1.,0.));
#15376=DIRECTION('',(0.,0.,1.));
#15377=DIRECTION('',(-0.70710678118655,0.,-0.707106781186546));
#15378=DIRECTION('',(-0.707106781186546,0.,0.70710678118655));
#15379=DIRECTION('',(0.707106781186546,-3.40731870374082E-16,-0.70710678118655));
#15380=DIRECTION('',(-0.707106781186546,0.,0.70710678118655));
#15381=DIRECTION('',(0.,1.,0.));
#15382=DIRECTION('',(0.,0.,-1.));
#15383=DIRECTION('',(-1.,0.,0.));
#15384=DIRECTION('',(1.,0.,0.));
#15385=DIRECTION('',(0.,-1.,0.));
#15386=DIRECTION('',(-1.,4.8186763221578E-16,0.));
#15387=DIRECTION('',(4.8186763221578E-16,1.,0.));
#15388=DIRECTION('',(-1.,4.8186763221578E-16,0.));
#15389=DIRECTION('',(0.707106781186546,-3.40731870374082E-16,0.70710678118655));
#15390=DIRECTION('',(0.,0.,1.));
#15391=DIRECTION('',(-1.,0.,0.));
#15392=DIRECTION('',(0.,0.,1.));
#15393=DIRECTION('',(0.,1.,0.));
#15394=DIRECTION('',(0.,0.,1.));
#15395=DIRECTION('',(0.,-1.,0.));
#15396=DIRECTION('',(0.,0.,-1.));
#15397=DIRECTION('',(-0.707106781186546,0.,-0.70710678118655));
#15398=DIRECTION('',(0.70710678118655,0.,-0.707106781186546));
#15399=DIRECTION('',(-0.707106781186546,0.,-0.70710678118655));
#15400=DIRECTION('',(1.,0.,0.));
#15401=DIRECTION('',(0.,0.,-1.));
#15402=DIRECTION('',(0.,0.,1.));
#15403=DIRECTION('',(0.,-1.,0.));
#15404=DIRECTION('',(0.,0.,1.));
#15405=DIRECTION('',(-0.70710678118655,0.,-0.707106781186546));
#15406=DIRECTION('',(-0.707106781186546,0.,0.70710678118655));
#15407=DIRECTION('',(0.707106781186546,-3.40731870374082E-16,-0.70710678118655));
#15408=DIRECTION('',(-0.707106781186546,0.,0.70710678118655));
#15409=DIRECTION('',(0.,1.,0.));
#15410=DIRECTION('',(0.,0.,-1.));
#15411=DIRECTION('',(-1.,0.,0.));
#15412=DIRECTION('',(1.,0.,0.));
#15413=DIRECTION('',(0.,-1.,0.));
#15414=DIRECTION('',(-1.,4.8186763221578E-16,0.));
#15415=DIRECTION('',(4.8186763221578E-16,1.,0.));
#15416=DIRECTION('',(-1.,4.8186763221578E-16,0.));
#15417=DIRECTION('',(0.707106781186546,-3.40731870374082E-16,0.70710678118655));
#15418=DIRECTION('',(0.,0.,1.));
#15419=DIRECTION('',(-1.,0.,0.));
#15420=DIRECTION('',(0.,0.,1.));
#15421=DIRECTION('',(0.,1.,0.));
#15422=DIRECTION('',(0.,0.,1.));
#15423=DIRECTION('',(0.,-1.,0.));
#15424=DIRECTION('',(0.,0.,-1.));
#15425=DIRECTION('',(-0.707106781186546,0.,-0.70710678118655));
#15426=DIRECTION('',(0.70710678118655,0.,-0.707106781186546));
#15427=DIRECTION('',(-0.707106781186546,0.,-0.70710678118655));
#15428=DIRECTION('',(1.,0.,0.));
#15429=DIRECTION('',(0.,0.,-1.));
#15430=DIRECTION('',(0.,0.,1.));
#15431=DIRECTION('',(0.,-1.,0.));
#15432=DIRECTION('',(0.,0.,1.));
#15433=DIRECTION('',(-0.70710678118655,0.,-0.707106781186546));
#15434=DIRECTION('',(-0.707106781186546,0.,0.70710678118655));
#15435=DIRECTION('',(0.707106781186546,-3.40731870374082E-16,-0.70710678118655));
#15436=DIRECTION('',(-0.707106781186546,0.,0.70710678118655));
#15437=DIRECTION('',(0.,1.,0.));
#15438=DIRECTION('',(0.,0.,-1.));
#15439=DIRECTION('',(-1.,0.,0.));
#15440=DIRECTION('',(1.,0.,0.));
#15441=DIRECTION('',(0.,-1.,0.));
#15442=DIRECTION('',(-1.,4.8186763221578E-16,0.));
#15443=DIRECTION('',(4.8186763221578E-16,1.,0.));
#15444=DIRECTION('',(-1.,4.8186763221578E-16,0.));
#15445=DIRECTION('',(0.707106781186546,-3.40731870374082E-16,0.70710678118655));
#15446=DIRECTION('',(0.,0.,1.));
#15447=DIRECTION('',(-1.,0.,0.));
#15448=DIRECTION('',(0.,0.,1.));
#15449=DIRECTION('',(0.,1.,0.));
#15450=DIRECTION('',(0.,0.,1.));
#15451=DIRECTION('',(0.,-1.,0.));
#15452=DIRECTION('',(0.,0.,-1.));
#15453=DIRECTION('',(-0.707106781186546,0.,-0.70710678118655));
#15454=DIRECTION('',(0.70710678118655,0.,-0.707106781186546));
#15455=DIRECTION('',(-0.707106781186546,0.,-0.70710678118655));
#15456=DIRECTION('',(1.,0.,0.));
#15457=DIRECTION('',(0.,0.,-1.));
#15458=DIRECTION('',(0.,0.,1.));
#15459=DIRECTION('',(0.,-1.,0.));
#15460=DIRECTION('',(0.,0.,1.));
#15461=DIRECTION('',(-0.70710678118655,0.,-0.707106781186546));
#15462=DIRECTION('',(-0.707106781186546,0.,0.70710678118655));
#15463=DIRECTION('',(0.707106781186546,-3.40731870374082E-16,-0.70710678118655));
#15464=DIRECTION('',(-0.707106781186546,0.,0.70710678118655));
#15465=DIRECTION('',(0.,1.,0.));
#15466=DIRECTION('',(0.,0.,-1.));
#15467=DIRECTION('',(-1.,0.,0.));
#15468=DIRECTION('',(1.,0.,0.));
#15469=DIRECTION('',(0.,-1.,0.));
#15470=DIRECTION('',(-1.,4.8186763221578E-16,0.));
#15471=DIRECTION('',(4.8186763221578E-16,1.,0.));
#15472=DIRECTION('',(-1.,4.8186763221578E-16,0.));
#15473=DIRECTION('',(0.707106781186546,-3.40731870374082E-16,0.70710678118655));
#15474=DIRECTION('',(0.,0.,1.));
#15475=DIRECTION('',(-1.,0.,0.));
#15476=DIRECTION('',(0.,0.,1.));
#15477=DIRECTION('',(0.,1.,0.));
#15478=DIRECTION('',(0.,0.,1.));
#15479=DIRECTION('',(0.,-1.,0.));
#15480=DIRECTION('',(0.,0.,-1.));
#15481=DIRECTION('',(-0.707106781186546,0.,-0.70710678118655));
#15482=DIRECTION('',(0.70710678118655,0.,-0.707106781186546));
#15483=DIRECTION('',(-0.707106781186546,0.,-0.70710678118655));
#15484=DIRECTION('',(-1.,0.,0.));
#15485=DIRECTION('',(0.,0.,1.));
#15486=DIRECTION('',(0.,0.,1.));
#15487=DIRECTION('',(0.,1.,0.));
#15488=DIRECTION('',(0.,0.,1.));
#15489=DIRECTION('',(0.707106781186548,0.,-0.707106781186548));
#15490=DIRECTION('',(-0.707106781186548,0.,-0.707106781186548));
#15491=DIRECTION('',(-0.707106781186548,0.,-0.707106781186548));
#15492=DIRECTION('',(0.707106781186548,-3.40731870374083E-16,0.707106781186548));
#15493=DIRECTION('',(0.,-1.,0.));
#15494=DIRECTION('',(0.,0.,-1.));
#15495=DIRECTION('',(-1.,0.,0.));
#15496=DIRECTION('',(1.,0.,0.));
#15497=DIRECTION('',(-1.,4.8186763221578E-16,0.));
#15498=DIRECTION('',(0.,1.,0.));
#15499=DIRECTION('',(0.,-1.,0.));
#15500=DIRECTION('',(0.,0.,-1.));
#15501=DIRECTION('',(-0.707106781186548,0.,0.707106781186548));
#15502=DIRECTION('',(0.,0.,1.));
#15503=DIRECTION('',(1.,0.,0.));
#15504=DIRECTION('',(0.,0.,-1.));
#15505=DIRECTION('',(0.,-1.,0.));
#15506=DIRECTION('',(0.,0.,1.));
#15507=DIRECTION('',(4.8186763221578E-16,1.,0.));
#15508=DIRECTION('',(-1.,4.8186763221578E-16,0.));
#15509=DIRECTION('',(0.707106781186548,-3.40731870374083E-16,-0.707106781186548));
#15510=DIRECTION('',(-0.707106781186548,0.,-0.707106781186548));
#15511=DIRECTION('',(-0.707106781186548,0.,0.707106781186548));
#15512=DIRECTION('',(1.,0.,0.));
#15513=DIRECTION('',(0.,0.,-1.));
#15514=DIRECTION('',(0.,0.,1.));
#15515=DIRECTION('',(0.,-1.,0.));
#15516=DIRECTION('',(0.,0.,1.));
#15517=DIRECTION('',(-0.707106781186548,0.,-0.707106781186548));
#15518=DIRECTION('',(-0.707106781186548,0.,0.707106781186548));
#15519=DIRECTION('',(0.707106781186548,-3.40731870374083E-16,-0.707106781186548));
#15520=DIRECTION('',(-0.707106781186548,0.,0.707106781186548));
#15521=DIRECTION('',(0.,1.,0.));
#15522=DIRECTION('',(0.,0.,-1.));
#15523=DIRECTION('',(-1.,0.,0.));
#15524=DIRECTION('',(1.,0.,0.));
#15525=DIRECTION('',(0.,-1.,0.));
#15526=DIRECTION('',(-1.,4.8186763221578E-16,0.));
#15527=DIRECTION('',(4.8186763221578E-16,1.,0.));
#15528=DIRECTION('',(-1.,4.8186763221578E-16,0.));
#15529=DIRECTION('',(0.707106781186548,-3.40731870374083E-16,0.707106781186548));
#15530=DIRECTION('',(0.,0.,1.));
#15531=DIRECTION('',(-1.,0.,0.));
#15532=DIRECTION('',(0.,0.,1.));
#15533=DIRECTION('',(0.,1.,0.));
#15534=DIRECTION('',(0.,0.,1.));
#15535=DIRECTION('',(0.,-1.,0.));
#15536=DIRECTION('',(0.,0.,-1.));
#15537=DIRECTION('',(-0.707106781186548,0.,-0.707106781186548));
#15538=DIRECTION('',(0.707106781186548,0.,-0.707106781186548));
#15539=DIRECTION('',(-0.707106781186548,0.,-0.707106781186548));
#15540=DIRECTION('',(1.,0.,0.));
#15541=DIRECTION('',(0.,0.,-1.));
#15542=DIRECTION('',(0.,0.,1.));
#15543=DIRECTION('',(0.,-1.,0.));
#15544=DIRECTION('',(0.,0.,1.));
#15545=DIRECTION('',(-0.707106781186548,0.,-0.707106781186548));
#15546=DIRECTION('',(-0.707106781186548,0.,0.707106781186548));
#15547=DIRECTION('',(0.707106781186548,-3.40731870374083E-16,-0.707106781186548));
#15548=DIRECTION('',(-0.707106781186548,0.,0.707106781186548));
#15549=DIRECTION('',(0.,1.,0.));
#15550=DIRECTION('',(0.,0.,-1.));
#15551=DIRECTION('',(-1.,0.,0.));
#15552=DIRECTION('',(1.,0.,0.));
#15553=DIRECTION('',(0.,-1.,0.));
#15554=DIRECTION('',(-1.,4.8186763221578E-16,0.));
#15555=DIRECTION('',(4.8186763221578E-16,1.,0.));
#15556=DIRECTION('',(-1.,4.8186763221578E-16,0.));
#15557=DIRECTION('',(0.707106781186548,-3.40731870374083E-16,0.707106781186548));
#15558=DIRECTION('',(0.,0.,1.));
#15559=DIRECTION('',(-1.,0.,0.));
#15560=DIRECTION('',(0.,0.,1.));
#15561=DIRECTION('',(0.,1.,0.));
#15562=DIRECTION('',(0.,0.,1.));
#15563=DIRECTION('',(0.,-1.,0.));
#15564=DIRECTION('',(0.,0.,-1.));
#15565=DIRECTION('',(-0.707106781186548,0.,-0.707106781186548));
#15566=DIRECTION('',(0.707106781186548,0.,-0.707106781186548));
#15567=DIRECTION('',(-0.707106781186548,0.,-0.707106781186548));
#15568=DIRECTION('',(-1.,0.,0.));
#15569=DIRECTION('',(0.,0.,1.));
#15570=DIRECTION('',(-1.,0.,0.));
#15571=DIRECTION('',(0.,0.,1.));
#15572=DIRECTION('',(-1.,0.,0.));
#15573=DIRECTION('',(1.,0.,-1.50845519650157E-16));
#15574=DIRECTION('',(-1.50845519650157E-16,0.,-1.));
#15575=DIRECTION('',(-1.,0.,0.));
#15576=DIRECTION('',(0.,-0.496138938356834,0.868243142124459));
#15577=DIRECTION('',(1.,0.,0.));
#15578=DIRECTION('',(7.48403359751139E-17,0.868243142124459,0.496138938356834));
#15579=DIRECTION('',(0.,-0.868243142124459,-0.496138938356834));
#15580=DIRECTION('',(1.,0.,0.));
#15581=DIRECTION('',(-1.,0.,0.));
#15582=DIRECTION('',(0.,0.,1.));
#15583=DIRECTION('',(-1.,0.,0.));
#15584=DIRECTION('',(0.,0.,1.));
#15585=DIRECTION('',(-1.,0.,0.));
#15586=DIRECTION('',(1.,0.,-1.50845519650157E-16));
#15587=DIRECTION('',(-1.50845519650157E-16,0.,-1.));
#15588=DIRECTION('',(-1.,0.,0.));
#15589=DIRECTION('',(0.,-0.496138938356834,0.868243142124459));
#15590=DIRECTION('',(1.,0.,0.));
#15591=DIRECTION('',(7.48403359751139E-17,0.868243142124459,0.496138938356834));
#15592=DIRECTION('',(0.,-0.868243142124459,-0.496138938356834));
#15593=DIRECTION('',(1.,0.,0.));
#15594=DIRECTION('',(-1.,0.,0.));
#15595=DIRECTION('',(0.,0.,1.));
#15596=DIRECTION('',(-1.,0.,0.));
#15597=DIRECTION('',(0.,0.,1.));
#15598=DIRECTION('',(-1.,0.,0.));
#15599=DIRECTION('',(1.,0.,0.));
#15600=DIRECTION('',(0.,0.,-1.));
#15601=DIRECTION('',(-1.,0.,0.));
#15602=DIRECTION('',(0.,-0.496138938356834,0.868243142124459));
#15603=DIRECTION('',(1.,0.,0.));
#15604=DIRECTION('',(0.,0.868243142124459,0.496138938356834));
#15605=DIRECTION('',(0.,-0.868243142124459,-0.496138938356834));
#15606=DIRECTION('',(1.,0.,0.));
#15607=DIRECTION('',(-1.,0.,0.));
#15608=DIRECTION('',(0.,0.,1.));
#15609=DIRECTION('',(-1.,0.,0.));
#15610=DIRECTION('',(0.,0.,1.));
#15611=DIRECTION('',(-1.,0.,0.));
#15612=DIRECTION('',(1.,0.,0.));
#15613=DIRECTION('',(0.,0.,-1.));
#15614=DIRECTION('',(-1.,0.,0.));
#15615=DIRECTION('',(0.,-0.496138938356834,0.868243142124459));
#15616=DIRECTION('',(1.,0.,0.));
#15617=DIRECTION('',(0.,0.868243142124459,0.496138938356834));
#15618=DIRECTION('',(0.,-0.868243142124459,-0.496138938356834));
#15619=DIRECTION('',(1.,0.,0.));
#15620=DIRECTION('',(-1.,0.,0.));
#15621=DIRECTION('',(0.,0.,1.));
#15622=DIRECTION('',(-1.,0.,0.));
#15623=DIRECTION('',(0.,0.,1.));
#15624=DIRECTION('',(-1.,0.,0.));
#15625=DIRECTION('',(1.,0.,0.));
#15626=DIRECTION('',(0.,0.,-1.));
#15627=DIRECTION('',(-1.,0.,0.));
#15628=DIRECTION('',(0.,-0.496138938356834,0.868243142124459));
#15629=DIRECTION('',(1.,0.,0.));
#15630=DIRECTION('',(0.,0.868243142124459,0.496138938356834));
#15631=DIRECTION('',(0.,-0.868243142124459,-0.496138938356834));
#15632=DIRECTION('',(1.,0.,0.));
#15633=DIRECTION('',(-1.,0.,0.));
#15634=DIRECTION('',(0.,0.,1.));
#15635=DIRECTION('',(-1.,0.,0.));
#15636=DIRECTION('',(0.,0.,1.));
#15637=DIRECTION('',(-1.,0.,0.));
#15638=DIRECTION('',(1.,0.,0.));
#15639=DIRECTION('',(0.,0.,-1.));
#15640=DIRECTION('',(-1.,0.,0.));
#15641=DIRECTION('',(0.,-0.496138938356834,0.868243142124459));
#15642=DIRECTION('',(1.,0.,0.));
#15643=DIRECTION('',(0.,0.868243142124459,0.496138938356834));
#15644=DIRECTION('',(0.,-0.868243142124459,-0.496138938356834));
#15645=DIRECTION('',(1.,0.,0.));
#15646=DIRECTION('',(-1.,0.,0.));
#15647=DIRECTION('',(0.,0.,1.));
#15648=DIRECTION('',(-1.,0.,-1.50845519650157E-16));
#15649=DIRECTION('',(-1.50845519650157E-16,0.,1.));
#15650=DIRECTION('',(-1.,0.,0.));
#15651=DIRECTION('',(1.,0.,0.));
#15652=DIRECTION('',(0.,0.,-1.));
#15653=DIRECTION('',(-1.,0.,0.));
#15654=DIRECTION('',(0.,-0.496138938356834,0.868243142124459));
#15655=DIRECTION('',(1.,0.,0.));
#15656=DIRECTION('',(0.,0.868243142124459,0.496138938356834));
#15657=DIRECTION('',(7.48403359751139E-17,-0.868243142124459,-0.496138938356834));
#15658=DIRECTION('',(1.,0.,0.));
#15659=DIRECTION('',(1.,0.,0.));
#15660=DIRECTION('',(0.,0.,-1.));
#15661=DIRECTION('',(1.,0.,1.50845519650157E-16));
#15662=DIRECTION('',(1.50845519650157E-16,0.,-1.));
#15663=DIRECTION('',(-1.,0.,0.));
#15664=DIRECTION('',(-1.,0.,-1.50845519650157E-16));
#15665=DIRECTION('',(-1.50845519650157E-16,0.,1.));
#15666=DIRECTION('',(-1.,0.,0.));
#15667=DIRECTION('',(0.,-0.496138938356834,0.868243142124459));
#15668=DIRECTION('',(-1.,0.,0.));
#15669=DIRECTION('',(-7.48403359751139E-17,0.868243142124459,0.496138938356834));
#15670=DIRECTION('',(7.48403359751139E-17,-0.868243142124459,-0.496138938356834));
#15671=DIRECTION('',(1.,0.,0.));
#15672=DIRECTION('',(-1.,0.,0.));
#15673=DIRECTION('',(0.,0.,1.));
#15674=DIRECTION('',(-1.,0.,0.));
#15675=DIRECTION('',(0.,0.,1.));
#15676=DIRECTION('',(-1.,0.,0.));
#15677=DIRECTION('',(1.,0.,-1.50845519650157E-16));
#15678=DIRECTION('',(-1.50845519650157E-16,0.,-1.));
#15679=DIRECTION('',(-1.,0.,0.));
#15680=DIRECTION('',(0.,-0.496138938356834,0.868243142124459));
#15681=DIRECTION('',(1.,0.,0.));
#15682=DIRECTION('',(7.48403359751139E-17,0.868243142124459,0.496138938356834));
#15683=DIRECTION('',(0.,-0.868243142124459,-0.496138938356834));
#15684=DIRECTION('',(1.,0.,0.));
#15685=DIRECTION('',(-1.,0.,0.));
#15686=DIRECTION('',(0.,0.,1.));
#15687=DIRECTION('',(-1.,0.,0.));
#15688=DIRECTION('',(0.,0.,1.));
#15689=DIRECTION('',(-1.,0.,0.));
#15690=DIRECTION('',(1.,0.,-1.50845519650157E-16));
#15691=DIRECTION('',(-1.50845519650157E-16,0.,-1.));
#15692=DIRECTION('',(-1.,0.,0.));
#15693=DIRECTION('',(0.,-0.496138938356834,0.868243142124459));
#15694=DIRECTION('',(1.,0.,0.));
#15695=DIRECTION('',(7.48403359751139E-17,0.868243142124459,0.496138938356834));
#15696=DIRECTION('',(0.,-0.868243142124459,-0.496138938356834));
#15697=DIRECTION('',(1.,0.,0.));
#15698=DIRECTION('',(-1.,0.,0.));
#15699=DIRECTION('',(0.,0.,1.));
#15700=DIRECTION('',(-1.,0.,0.));
#15701=DIRECTION('',(0.,0.,1.));
#15702=DIRECTION('',(-1.,0.,0.));
#15703=DIRECTION('',(1.,0.,0.));
#15704=DIRECTION('',(0.,0.,-1.));
#15705=DIRECTION('',(-1.,0.,0.));
#15706=DIRECTION('',(0.,-0.496138938356834,0.868243142124459));
#15707=DIRECTION('',(1.,0.,0.));
#15708=DIRECTION('',(0.,0.868243142124459,0.496138938356834));
#15709=DIRECTION('',(0.,-0.868243142124459,-0.496138938356834));
#15710=DIRECTION('',(1.,0.,0.));
#15711=DIRECTION('',(-1.,0.,0.));
#15712=DIRECTION('',(0.,0.,1.));
#15713=DIRECTION('',(-1.,0.,0.));
#15714=DIRECTION('',(0.,0.,1.));
#15715=DIRECTION('',(-1.,0.,0.));
#15716=DIRECTION('',(1.,0.,0.));
#15717=DIRECTION('',(0.,0.,-1.));
#15718=DIRECTION('',(-1.,0.,0.));
#15719=DIRECTION('',(0.,-0.496138938356834,0.868243142124459));
#15720=DIRECTION('',(1.,0.,0.));
#15721=DIRECTION('',(0.,0.868243142124459,0.496138938356834));
#15722=DIRECTION('',(0.,-0.868243142124459,-0.496138938356834));
#15723=DIRECTION('',(1.,0.,0.));
#15724=DIRECTION('',(-1.,0.,0.));
#15725=DIRECTION('',(0.,0.,1.));
#15726=DIRECTION('',(-1.,0.,0.));
#15727=DIRECTION('',(0.,0.,1.));
#15728=DIRECTION('',(-1.,0.,0.));
#15729=DIRECTION('',(1.,0.,0.));
#15730=DIRECTION('',(0.,0.,-1.));
#15731=DIRECTION('',(-1.,0.,0.));
#15732=DIRECTION('',(0.,-0.496138938356834,0.868243142124459));
#15733=DIRECTION('',(1.,0.,0.));
#15734=DIRECTION('',(0.,0.868243142124459,0.496138938356834));
#15735=DIRECTION('',(0.,-0.868243142124459,-0.496138938356834));
#15736=DIRECTION('',(1.,0.,0.));
#15737=DIRECTION('',(-1.,0.,0.));
#15738=DIRECTION('',(0.,0.,1.));
#15739=DIRECTION('',(-1.,0.,0.));
#15740=DIRECTION('',(0.,0.,1.));
#15741=DIRECTION('',(-1.,0.,0.));
#15742=DIRECTION('',(1.,0.,0.));
#15743=DIRECTION('',(0.,0.,-1.));
#15744=DIRECTION('',(-1.,0.,0.));
#15745=DIRECTION('',(0.,-0.496138938356834,0.868243142124459));
#15746=DIRECTION('',(1.,0.,0.));
#15747=DIRECTION('',(0.,0.868243142124459,0.496138938356834));
#15748=DIRECTION('',(0.,-0.868243142124459,-0.496138938356834));
#15749=DIRECTION('',(1.,0.,0.));
#15750=DIRECTION('',(-1.,0.,0.));
#15751=DIRECTION('',(0.,0.,1.));
#15752=DIRECTION('',(-1.,0.,-1.50845519650157E-16));
#15753=DIRECTION('',(-1.50845519650157E-16,0.,1.));
#15754=DIRECTION('',(-1.,0.,0.));
#15755=DIRECTION('',(1.,0.,0.));
#15756=DIRECTION('',(0.,0.,-1.));
#15757=DIRECTION('',(-1.,0.,0.));
#15758=DIRECTION('',(0.,-0.496138938356834,0.868243142124459));
#15759=DIRECTION('',(1.,0.,0.));
#15760=DIRECTION('',(0.,0.868243142124459,0.496138938356834));
#15761=DIRECTION('',(7.48403359751139E-17,-0.868243142124459,-0.496138938356834));
#15762=DIRECTION('',(1.,0.,0.));
#15763=DIRECTION('',(1.,0.,0.));
#15764=DIRECTION('',(0.,0.,-1.));
#15765=DIRECTION('',(1.,0.,1.50845519650157E-16));
#15766=DIRECTION('',(1.50845519650157E-16,0.,-1.));
#15767=DIRECTION('',(-1.,0.,0.));
#15768=DIRECTION('',(-1.,0.,-1.50845519650157E-16));
#15769=DIRECTION('',(-1.50845519650157E-16,0.,1.));
#15770=DIRECTION('',(-1.,0.,0.));
#15771=DIRECTION('',(0.,-0.496138938356834,0.868243142124459));
#15772=DIRECTION('',(-1.,0.,0.));
#15773=DIRECTION('',(-7.48403359751139E-17,0.868243142124459,0.496138938356834));
#15774=DIRECTION('',(7.48403359751139E-17,-0.868243142124459,-0.496138938356834));
#15775=DIRECTION('',(1.,0.,0.));
#15776=DIRECTION('',(0.,0.,1.));
#15777=DIRECTION('',(1.,0.,0.));
#15778=DIRECTION('',(0.,0.,-1.));
#15779=DIRECTION('',(-1.,0.,0.));
#15780=DIRECTION('',(0.,0.,-1.));
#15781=DIRECTION('',(0.,7.88510670898549E-16,1.));
#15782=DIRECTION('',(0.,-1.,7.88510670898549E-16));
#15783=DIRECTION('',(0.,0.,-1.));
#15784=DIRECTION('',(1.,0.,0.));
#15785=DIRECTION('',(0.,0.,-1.));
#15786=DIRECTION('',(0.,1.,-7.88510670898549E-16));
#15787=DIRECTION('',(0.,0.,1.));
#15788=DIRECTION('',(0.,-1.,0.));
#15789=DIRECTION('',(0.,0.,-1.));
#15790=DIRECTION('',(0.,0.,1.));
#15791=DIRECTION('',(1.,0.,0.));
#15792=DIRECTION('',(0.,7.88510670898549E-16,1.));
#15793=DIRECTION('',(0.,-1.,7.88510670898549E-16));
#15794=DIRECTION('',(0.,0.,1.));
#15795=DIRECTION('',(0.,0.,-1.));
#15796=DIRECTION('',(-1.,0.,0.));
#15797=DIRECTION('',(0.966234939601246,0.257662650560333,0.));
#15798=DIRECTION('',(0.,0.,-1.));
#15799=DIRECTION('',(-0.257662650560333,0.966234939601246,0.));
#15800=DIRECTION('',(0.257662650560333,-0.966234939601246,7.61886560470597E-16));
#15801=DIRECTION('',(0.,0.,1.));
#15802=DIRECTION('',(-1.,0.,0.));
#15803=DIRECTION('',(0.,-7.88510670898549E-16,-1.));
#15804=DIRECTION('',(0.,-1.,7.88510670898549E-16));
#15805=DIRECTION('',(0.,0.,1.));
#15806=DIRECTION('',(0.,0.,1.));
#15807=DIRECTION('',(1.,0.,0.));
#15808=DIRECTION('',(0.,0.,1.));
#15809=DIRECTION('',(-1.,0.,0.));
#15810=DIRECTION('',(0.,0.,-1.));
#15811=DIRECTION('',(0.,1.,-7.88510670898549E-16));
#15812=DIRECTION('',(0.,0.,-1.));
#15813=DIRECTION('',(0.,-1.,0.));
#15814=DIRECTION('',(0.,0.,1.));
#15815=DIRECTION('',(-1.,0.,0.));
#15816=DIRECTION('',(0.,0.,1.));
#15817=DIRECTION('',(1.,0.,0.));
#15818=DIRECTION('',(0.,0.,-1.));
#15819=DIRECTION('',(0.,-7.88510670898549E-16,-1.));
#15820=DIRECTION('',(0.,-1.,7.88510670898549E-16));
#15821=DIRECTION('',(0.,0.,-1.));
#15822=DIRECTION('',(-0.966234939601246,0.257662650560333,0.));
#15823=DIRECTION('',(0.,0.,-1.));
#15824=DIRECTION('',(0.257662650560333,0.966234939601246,0.));
#15825=DIRECTION('',(-0.257662650560333,-0.966234939601246,7.61886560470597E-16));
#15826=DIRECTION('',(0.,0.,-1.));
#15827=DIRECTION('',(-1.,0.,0.));
#15828=DIRECTION('',(0.,1.,0.));
#15829=DIRECTION('',(0.,1.,0.));
#15830=DIRECTION('',(-1.,0.,0.));
#15831=DIRECTION('',(0.,0.,-1.));
#15832=DIRECTION('',(-1.,0.,0.));
#15833=DIRECTION('',(0.,1.,0.));
#15834=DIRECTION('',(0.,1.,0.));
#15835=DIRECTION('',(-1.,0.,0.));
#15836=DIRECTION('',(0.,0.,-1.));
#15837=DIRECTION('',(-1.,0.,0.));
#15838=DIRECTION('',(0.,1.,0.));
#15839=DIRECTION('',(0.,1.,0.));
#15840=DIRECTION('',(-1.,0.,0.));
#15841=DIRECTION('',(0.,0.,-1.));
#15842=DIRECTION('',(-1.,0.,0.));
#15843=DIRECTION('',(0.,1.,0.));
#15844=DIRECTION('',(0.,1.,0.));
#15845=DIRECTION('',(-1.,0.,0.));
#15846=DIRECTION('',(0.,0.,1.));
#15847=DIRECTION('',(1.,0.,0.));
#15848=DIRECTION('',(0.,1.,0.));
#15849=DIRECTION('',(0.,1.,0.));
#15850=DIRECTION('',(1.,0.,0.));
#15851=DIRECTION('',(0.,0.,-1.));
#15852=DIRECTION('',(-1.,0.,0.));
#15853=DIRECTION('',(0.,1.,0.));
#15854=DIRECTION('',(0.,1.,0.));
#15855=DIRECTION('',(-1.,0.,0.));
#15856=DIRECTION('',(0.,0.,-1.));
#15857=DIRECTION('',(-1.,0.,0.));
#15858=DIRECTION('',(0.,1.,0.));
#15859=DIRECTION('',(0.,1.,0.));
#15860=DIRECTION('',(-1.,0.,0.));
#15861=DIRECTION('',(0.,0.,-1.));
#15862=DIRECTION('',(-1.,0.,0.));
#15863=DIRECTION('',(0.,1.,0.));
#15864=DIRECTION('',(0.,1.,0.));
#15865=DIRECTION('',(-1.,0.,0.));
#15866=DIRECTION('',(1.,0.,-1.50845519650157E-16));
#15867=DIRECTION('',(-1.50845519650157E-16,0.,-1.));
#15868=DIRECTION('',(-1.50845519650157E-16,0.,-1.));
#15869=DIRECTION('',(-1.50845519650157E-16,0.,-1.));
#15870=DIRECTION('',(0.,1.,0.));
#15871=DIRECTION('',(0.,-1.,0.));
#15872=DIRECTION('',(0.,0.,-1.));
#15873=DIRECTION('',(0.,0.,1.));
#15874=DIRECTION('',(1.,0.,0.));
#15875=DIRECTION('',(-1.,0.,0.));
#15876=DIRECTION('',(0.,0.,1.));
#15877=DIRECTION('',(0.,1.,0.));
#15878=DIRECTION('',(0.,0.,1.));
#15879=DIRECTION('',(1.,0.,-1.50845519650157E-16));
#15880=DIRECTION('',(-1.50845519650157E-16,0.,-1.));
#15881=DIRECTION('',(-1.50845519650157E-16,0.,-1.));
#15882=DIRECTION('',(-1.50845519650157E-16,0.,-1.));
#15883=DIRECTION('',(0.,1.,0.));
#15884=DIRECTION('',(0.,-1.,0.));
#15885=DIRECTION('',(0.,0.,-1.));
#15886=DIRECTION('',(0.,0.,1.));
#15887=DIRECTION('',(1.,0.,0.));
#15888=DIRECTION('',(-1.,0.,0.));
#15889=DIRECTION('',(0.,0.,1.));
#15890=DIRECTION('',(0.,1.,0.));
#15891=DIRECTION('',(0.,0.,1.));
#15892=DIRECTION('',(1.,0.,0.));
#15893=DIRECTION('',(0.,0.,-1.));
#15894=DIRECTION('',(0.,0.,-1.));
#15895=DIRECTION('',(0.,0.,-1.));
#15896=DIRECTION('',(0.,1.,0.));
#15897=DIRECTION('',(0.,-1.,0.));
#15898=DIRECTION('',(0.,0.,-1.));
#15899=DIRECTION('',(0.,0.,1.));
#15900=DIRECTION('',(1.,0.,0.));
#15901=DIRECTION('',(-1.,0.,0.));
#15902=DIRECTION('',(0.,0.,1.));
#15903=DIRECTION('',(0.,1.,0.));
#15904=DIRECTION('',(0.,0.,1.));
#15905=DIRECTION('',(1.,0.,0.));
#15906=DIRECTION('',(0.,0.,-1.));
#15907=DIRECTION('',(0.,0.,-1.));
#15908=DIRECTION('',(0.,0.,-1.));
#15909=DIRECTION('',(0.,1.,0.));
#15910=DIRECTION('',(0.,-1.,0.));
#15911=DIRECTION('',(0.,0.,-1.));
#15912=DIRECTION('',(0.,0.,1.));
#15913=DIRECTION('',(1.,0.,0.));
#15914=DIRECTION('',(-1.,0.,0.));
#15915=DIRECTION('',(0.,0.,1.));
#15916=DIRECTION('',(0.,1.,0.));
#15917=DIRECTION('',(0.,0.,1.));
#15918=DIRECTION('',(1.,0.,0.));
#15919=DIRECTION('',(0.,0.,-1.));
#15920=DIRECTION('',(0.,0.,-1.));
#15921=DIRECTION('',(0.,0.,-1.));
#15922=DIRECTION('',(0.,1.,0.));
#15923=DIRECTION('',(0.,-1.,0.));
#15924=DIRECTION('',(0.,0.,-1.));
#15925=DIRECTION('',(0.,0.,1.));
#15926=DIRECTION('',(1.,0.,0.));
#15927=DIRECTION('',(-1.,0.,0.));
#15928=DIRECTION('',(0.,0.,1.));
#15929=DIRECTION('',(0.,1.,0.));
#15930=DIRECTION('',(0.,0.,1.));
#15931=DIRECTION('',(1.,0.,0.));
#15932=DIRECTION('',(0.,0.,-1.));
#15933=DIRECTION('',(0.,0.,-1.));
#15934=DIRECTION('',(0.,0.,-1.));
#15935=DIRECTION('',(0.,1.,0.));
#15936=DIRECTION('',(0.,-1.,0.));
#15937=DIRECTION('',(0.,0.,-1.));
#15938=DIRECTION('',(0.,0.,1.));
#15939=DIRECTION('',(1.,0.,0.));
#15940=DIRECTION('',(-1.,0.,0.));
#15941=DIRECTION('',(0.,0.,1.));
#15942=DIRECTION('',(0.,1.,0.));
#15943=DIRECTION('',(0.,0.,1.));
#15944=DIRECTION('',(1.,0.,0.));
#15945=DIRECTION('',(0.,0.,-1.));
#15946=DIRECTION('',(0.,0.,-1.));
#15947=DIRECTION('',(0.,0.,-1.));
#15948=DIRECTION('',(0.,1.,0.));
#15949=DIRECTION('',(0.,-1.,0.));
#15950=DIRECTION('',(0.,0.,-1.));
#15951=DIRECTION('',(-1.50845519650157E-16,0.,1.));
#15952=DIRECTION('',(1.,0.,0.));
#15953=DIRECTION('',(-1.,0.,-1.50845519650157E-16));
#15954=DIRECTION('',(-1.50845519650157E-16,0.,1.));
#15955=DIRECTION('',(0.,1.,0.));
#15956=DIRECTION('',(-1.50845519650157E-16,0.,1.));
#15957=DIRECTION('',(-1.,0.,-1.50845519650157E-16));
#15958=DIRECTION('',(-1.50845519650157E-16,0.,1.));
#15959=DIRECTION('',(-1.50845519650157E-16,0.,1.));
#15960=DIRECTION('',(-1.50845519650157E-16,0.,1.));
#15961=DIRECTION('',(0.,1.,0.));
#15962=DIRECTION('',(0.,1.,0.));
#15963=DIRECTION('',(0.,0.,1.));
#15964=DIRECTION('',(1.50845519650157E-16,0.,-1.));
#15965=DIRECTION('',(-1.,0.,0.));
#15966=DIRECTION('',(1.,0.,1.50845519650157E-16));
#15967=DIRECTION('',(1.50845519650157E-16,0.,-1.));
#15968=DIRECTION('',(0.,1.,0.));
#15969=DIRECTION('',(1.50845519650157E-16,0.,-1.));
#15970=DIRECTION('',(0.,0.,-1.));
#15971=DIRECTION('',(-1.,0.,0.));
#15972=DIRECTION('',(0.,1.,0.));
#15973=DIRECTION('',(0.,1.,0.));
#15974=DIRECTION('',(-1.,0.,0.));
#15975=DIRECTION('',(0.,0.,-1.));
#15976=DIRECTION('',(-1.,0.,0.));
#15977=DIRECTION('',(0.,1.,0.));
#15978=DIRECTION('',(0.,1.,0.));
#15979=DIRECTION('',(-1.,0.,0.));
#15980=DIRECTION('',(0.,0.,-1.));
#15981=DIRECTION('',(-1.,0.,0.));
#15982=DIRECTION('',(0.,1.,0.));
#15983=DIRECTION('',(0.,1.,0.));
#15984=DIRECTION('',(-1.,0.,0.));
#15985=DIRECTION('',(0.,0.,-1.));
#15986=DIRECTION('',(-1.,0.,0.));
#15987=DIRECTION('',(0.,1.,0.));
#15988=DIRECTION('',(0.,1.,0.));
#15989=DIRECTION('',(-1.,0.,0.));
#15990=DIRECTION('',(0.,0.,1.));
#15991=DIRECTION('',(1.,0.,0.));
#15992=DIRECTION('',(0.,1.,0.));
#15993=DIRECTION('',(0.,1.,0.));
#15994=DIRECTION('',(1.,0.,0.));
#15995=DIRECTION('',(0.,0.,-1.));
#15996=DIRECTION('',(-1.,0.,0.));
#15997=DIRECTION('',(0.,1.,0.));
#15998=DIRECTION('',(0.,1.,0.));
#15999=DIRECTION('',(-1.,0.,0.));
#16000=DIRECTION('',(0.,0.,-1.));
#16001=DIRECTION('',(-1.,0.,0.));
#16002=DIRECTION('',(0.,1.,0.));
#16003=DIRECTION('',(0.,1.,0.));
#16004=DIRECTION('',(-1.,0.,0.));
#16005=DIRECTION('',(0.,0.,-1.));
#16006=DIRECTION('',(-1.,0.,0.));
#16007=DIRECTION('',(0.,1.,0.));
#16008=DIRECTION('',(0.,1.,0.));
#16009=DIRECTION('',(-1.,0.,0.));
#16010=DIRECTION('',(1.,0.,-1.50845519650157E-16));
#16011=DIRECTION('',(-1.50845519650157E-16,0.,-1.));
#16012=DIRECTION('',(-1.50845519650157E-16,0.,-1.));
#16013=DIRECTION('',(-1.50845519650157E-16,0.,-1.));
#16014=DIRECTION('',(0.,1.,0.));
#16015=DIRECTION('',(0.,-1.,0.));
#16016=DIRECTION('',(0.,0.,-1.));
#16017=DIRECTION('',(0.,0.,1.));
#16018=DIRECTION('',(1.,0.,0.));
#16019=DIRECTION('',(-1.,0.,0.));
#16020=DIRECTION('',(0.,0.,1.));
#16021=DIRECTION('',(0.,1.,0.));
#16022=DIRECTION('',(0.,0.,1.));
#16023=DIRECTION('',(1.,0.,-1.50845519650157E-16));
#16024=DIRECTION('',(-1.50845519650157E-16,0.,-1.));
#16025=DIRECTION('',(-1.50845519650157E-16,0.,-1.));
#16026=DIRECTION('',(-1.50845519650157E-16,0.,-1.));
#16027=DIRECTION('',(0.,1.,0.));
#16028=DIRECTION('',(0.,-1.,0.));
#16029=DIRECTION('',(0.,0.,-1.));
#16030=DIRECTION('',(0.,0.,1.));
#16031=DIRECTION('',(1.,0.,0.));
#16032=DIRECTION('',(-1.,0.,0.));
#16033=DIRECTION('',(0.,0.,1.));
#16034=DIRECTION('',(0.,1.,0.));
#16035=DIRECTION('',(0.,0.,1.));
#16036=DIRECTION('',(1.,0.,0.));
#16037=DIRECTION('',(0.,0.,-1.));
#16038=DIRECTION('',(0.,0.,-1.));
#16039=DIRECTION('',(0.,0.,-1.));
#16040=DIRECTION('',(0.,1.,0.));
#16041=DIRECTION('',(0.,-1.,0.));
#16042=DIRECTION('',(0.,0.,-1.));
#16043=DIRECTION('',(0.,0.,1.));
#16044=DIRECTION('',(1.,0.,0.));
#16045=DIRECTION('',(-1.,0.,0.));
#16046=DIRECTION('',(0.,0.,1.));
#16047=DIRECTION('',(0.,1.,0.));
#16048=DIRECTION('',(0.,0.,1.));
#16049=DIRECTION('',(1.,0.,0.));
#16050=DIRECTION('',(0.,0.,-1.));
#16051=DIRECTION('',(0.,0.,-1.));
#16052=DIRECTION('',(0.,0.,-1.));
#16053=DIRECTION('',(0.,1.,0.));
#16054=DIRECTION('',(0.,-1.,0.));
#16055=DIRECTION('',(0.,0.,-1.));
#16056=DIRECTION('',(0.,0.,1.));
#16057=DIRECTION('',(1.,0.,0.));
#16058=DIRECTION('',(-1.,0.,0.));
#16059=DIRECTION('',(0.,0.,1.));
#16060=DIRECTION('',(0.,1.,0.));
#16061=DIRECTION('',(0.,0.,1.));
#16062=DIRECTION('',(1.,0.,0.));
#16063=DIRECTION('',(0.,0.,-1.));
#16064=DIRECTION('',(0.,0.,-1.));
#16065=DIRECTION('',(0.,0.,-1.));
#16066=DIRECTION('',(0.,1.,0.));
#16067=DIRECTION('',(0.,-1.,0.));
#16068=DIRECTION('',(0.,0.,-1.));
#16069=DIRECTION('',(0.,0.,1.));
#16070=DIRECTION('',(1.,0.,0.));
#16071=DIRECTION('',(-1.,0.,0.));
#16072=DIRECTION('',(0.,0.,1.));
#16073=DIRECTION('',(0.,1.,0.));
#16074=DIRECTION('',(0.,0.,1.));
#16075=DIRECTION('',(1.,0.,0.));
#16076=DIRECTION('',(0.,0.,-1.));
#16077=DIRECTION('',(0.,0.,-1.));
#16078=DIRECTION('',(0.,0.,-1.));
#16079=DIRECTION('',(0.,1.,0.));
#16080=DIRECTION('',(0.,-1.,0.));
#16081=DIRECTION('',(0.,0.,-1.));
#16082=DIRECTION('',(0.,0.,1.));
#16083=DIRECTION('',(1.,0.,0.));
#16084=DIRECTION('',(-1.,0.,0.));
#16085=DIRECTION('',(0.,0.,1.));
#16086=DIRECTION('',(0.,1.,0.));
#16087=DIRECTION('',(0.,0.,1.));
#16088=DIRECTION('',(1.,0.,0.));
#16089=DIRECTION('',(0.,0.,-1.));
#16090=DIRECTION('',(0.,0.,-1.));
#16091=DIRECTION('',(0.,0.,-1.));
#16092=DIRECTION('',(0.,1.,0.));
#16093=DIRECTION('',(0.,-1.,0.));
#16094=DIRECTION('',(0.,0.,-1.));
#16095=DIRECTION('',(-1.50845519650157E-16,0.,1.));
#16096=DIRECTION('',(1.,0.,0.));
#16097=DIRECTION('',(-1.,0.,-1.50845519650157E-16));
#16098=DIRECTION('',(-1.50845519650157E-16,0.,1.));
#16099=DIRECTION('',(0.,1.,0.));
#16100=DIRECTION('',(-1.50845519650157E-16,0.,1.));
#16101=DIRECTION('',(-1.,0.,-1.50845519650157E-16));
#16102=DIRECTION('',(-1.50845519650157E-16,0.,1.));
#16103=DIRECTION('',(-1.50845519650157E-16,0.,1.));
#16104=DIRECTION('',(-1.50845519650157E-16,0.,1.));
#16105=DIRECTION('',(0.,1.,0.));
#16106=DIRECTION('',(0.,1.,0.));
#16107=DIRECTION('',(0.,0.,1.));
#16108=DIRECTION('',(1.50845519650157E-16,0.,-1.));
#16109=DIRECTION('',(-1.,0.,0.));
#16110=DIRECTION('',(1.,0.,1.50845519650157E-16));
#16111=DIRECTION('',(1.50845519650157E-16,0.,-1.));
#16112=DIRECTION('',(0.,1.,0.));
#16113=DIRECTION('',(1.50845519650157E-16,0.,-1.));
#16114=DIRECTION('',(0.,-1.,0.));
#16115=DIRECTION('',(0.,0.,-1.));
#16116=DIRECTION('',(-1.,0.,0.));
#16117=DIRECTION('',(-1.,0.,0.));
#16118=DIRECTION('',(0.,0.,1.));
#16119=DIRECTION('',(0.,0.,-1.));
#16120=DIRECTION('',(-1.,0.,0.));
#16121=DIRECTION('',(0.,-1.,0.));
#16122=DIRECTION('',(-1.,0.,0.));
#16123=DIRECTION('',(0.,1.,0.));
#16124=DIRECTION('',(0.,0.,1.));
#16125=DIRECTION('',(0.,0.,-1.));
#16126=DIRECTION('',(-1.,0.,0.));
#16127=DIRECTION('',(0.,7.88510670898549E-16,1.));
#16128=DIRECTION('',(0.,-1.,7.88510670898549E-16));
#16129=DIRECTION('',(0.,1.,-7.88510670898549E-16));
#16130=DIRECTION('',(0.,1.,0.));
#16131=DIRECTION('',(0.,0.,1.));
#16132=DIRECTION('',(0.,0.,-1.));
#16133=DIRECTION('',(1.,0.,0.));
#16134=DIRECTION('',(1.,0.,0.));
#16135=DIRECTION('',(0.,0.,-1.));
#16136=DIRECTION('',(1.,0.,0.));
#16137=DIRECTION('',(0.,-1.,0.));
#16138=DIRECTION('',(1.,0.,0.));
#16139=DIRECTION('',(0.,-1.,0.));
#16140=DIRECTION('',(0.,0.,-1.));
#16141=DIRECTION('',(0.,0.,1.));
#16142=DIRECTION('',(1.,0.,0.));
#16143=DIRECTION('',(0.,7.88510670898549E-16,1.));
#16144=DIRECTION('',(0.,-1.,7.88510670898549E-16));
#16145=DIRECTION('',(0.,1.,-7.88510670898549E-16));
#16146=DIRECTION('',(0.,1.,0.));
#16147=DIRECTION('',(0.,0.,1.));
#16148=DIRECTION('',(1.,0.,0.));
#16149=DIRECTION('',(1.,0.,0.));
#16150=DIRECTION('',(1.,0.,0.));
#16151=DIRECTION('',(1.,0.,0.));
#16152=DIRECTION('',(0.,0.,1.));
#16153=DIRECTION('',(-1.,0.,0.));
#16154=DIRECTION('',(-2.62836890299516E-16,0.,1.));
#16155=DIRECTION('',(-1.,0.,0.));
#16156=DIRECTION('',(0.,0.,1.));
#16157=DIRECTION('',(-1.,0.,0.));
#16158=DIRECTION('',(0.,0.,-1.));
#16159=DIRECTION('',(-1.,0.,0.));
#16160=DIRECTION('',(-2.62836890299516E-16,0.,-1.));
#16161=DIRECTION('',(-1.,0.,0.));
#16162=DIRECTION('',(0.,0.,-1.));
#16163=DIRECTION('',(1.,0.,0.));
#16164=DIRECTION('',(1.,0.,0.));
#16165=DIRECTION('',(1.,0.,0.));
#16166=DIRECTION('',(1.,0.,0.));
#16167=DIRECTION('',(1.,0.,0.));
#16168=DIRECTION('',(0.,0.,-1.));
#16169=DIRECTION('',(-1.,0.,0.));
#16170=DIRECTION('',(0.,-1.,0.));
#16171=DIRECTION('',(1.,0.,0.));
#16172=DIRECTION('',(0.,-1.,0.));
#16173=DIRECTION('',(0.,-1.,0.));
#16174=DIRECTION('',(0.,0.,-1.));
#16175=DIRECTION('',(1.,0.,-1.31772264040546E-16));
#16176=DIRECTION('',(-6.74614685102091E-17,0.,1.));
#16177=DIRECTION('',(-1.,0.,3.06912614980512E-16));
#16178=DIRECTION('',(-1.73472347597681E-16,0.,-1.));
#16179=DIRECTION('',(1.,0.,2.62836890299516E-16));
#16180=DIRECTION('',(2.62836890299516E-16,0.,-1.));
#16181=DIRECTION('',(0.,-1.,0.));
#16182=DIRECTION('',(-2.62836890299516E-16,0.,1.));
#16183=DIRECTION('',(0.,-1.,0.));
#16184=DIRECTION('',(0.,0.,1.));
#16185=DIRECTION('',(1.,0.,0.));
#16186=DIRECTION('',(-1.,0.,0.));
#16187=DIRECTION('',(0.,-1.,0.));
#16188=DIRECTION('',(1.,0.,0.));
#16189=DIRECTION('',(0.,0.,-1.));
#16190=DIRECTION('',(0.,0.,1.));
#16191=DIRECTION('',(0.,-1.,0.));
#16192=DIRECTION('',(0.,0.,1.));
#16193=DIRECTION('',(1.,0.,0.));
#16194=DIRECTION('',(-1.,0.,0.));
#16195=DIRECTION('',(0.,-1.,0.));
#16196=DIRECTION('',(-1.,0.,0.));
#16197=DIRECTION('',(0.,0.,1.));
#16198=DIRECTION('',(0.,0.,-1.));
#16199=DIRECTION('',(0.,-1.,0.));
#16200=DIRECTION('',(0.,0.,1.));
#16201=DIRECTION('',(1.,0.,0.));
#16202=DIRECTION('',(-1.,0.,0.));
#16203=DIRECTION('',(0.,-1.,0.));
#16204=DIRECTION('',(-1.,0.,2.62836890299516E-16));
#16205=DIRECTION('',(2.62836890299516E-16,0.,1.));
#16206=DIRECTION('',(-2.62836890299516E-16,0.,-1.));
#16207=DIRECTION('',(0.,-1.,0.));
#16208=DIRECTION('',(0.,0.,1.));
#16209=DIRECTION('',(1.,0.,0.));
#16210=DIRECTION('',(-1.,0.,0.));
#16211=DIRECTION('',(0.,-1.,0.));
#16212=DIRECTION('',(0.,0.,1.));
#16213=DIRECTION('',(1.,0.,0.));
#16214=DIRECTION('',(0.,-1.,0.));
#16215=DIRECTION('',(-1.,0.,0.));
#16216=DIRECTION('',(0.,1.,0.));
#16217=DIRECTION('',(0.,0.,1.));
#16218=DIRECTION('',(-1.,0.,-2.26848454550813E-16));
#16219=DIRECTION('',(6.74614685102092E-17,0.,-1.));
#16220=DIRECTION('',(1.,0.,1.35108270725117E-16));
#16221=DIRECTION('',(6.5533997981346E-16,0.,1.));
#16222=DIRECTION('',(0.,1.,0.));
#16223=DIRECTION('',(0.,0.,1.));
#16224=DIRECTION('',(1.,0.,0.));
#16225=DIRECTION('',(1.,0.,0.));
#16226=DIRECTION('',(1.,0.,0.));
#16227=DIRECTION('',(1.,0.,0.));
#16228=DIRECTION('',(0.,0.,1.));
#16229=DIRECTION('',(-1.,0.,0.));
#16230=DIRECTION('',(-2.62836890299516E-16,0.,1.));
#16231=DIRECTION('',(-1.,0.,0.));
#16232=DIRECTION('',(0.,0.,1.));
#16233=DIRECTION('',(-1.,0.,0.));
#16234=DIRECTION('',(0.,0.,-1.));
#16235=DIRECTION('',(-1.,0.,0.));
#16236=DIRECTION('',(-2.62836890299516E-16,0.,-1.));
#16237=DIRECTION('',(-1.,0.,0.));
#16238=DIRECTION('',(0.,0.,-1.));
#16239=DIRECTION('',(1.,0.,0.));
#16240=DIRECTION('',(1.,0.,0.));
#16241=DIRECTION('',(1.,0.,0.));
#16242=DIRECTION('',(1.,0.,0.));
#16243=DIRECTION('',(1.,0.,0.));
#16244=DIRECTION('',(0.,0.,-1.));
#16245=DIRECTION('',(-1.,0.,0.));
#16246=DIRECTION('',(0.,-1.,0.));
#16247=DIRECTION('',(1.,0.,0.));
#16248=DIRECTION('',(0.,-1.,0.));
#16249=DIRECTION('',(0.,1.,0.));
#16250=DIRECTION('',(0.,0.,1.));
#16251=DIRECTION('',(1.,0.,2.26848454550813E-16));
#16252=DIRECTION('',(-6.74614685102092E-17,0.,1.));
#16253=DIRECTION('',(-1.,0.,-1.35108270725117E-16));
#16254=DIRECTION('',(-6.5533997981346E-16,0.,-1.));
#16255=DIRECTION('',(0.,-1.,0.));
#16256=DIRECTION('',(0.,0.,-1.));
#16257=DIRECTION('',(-1.,0.,1.31772264040546E-16));
#16258=DIRECTION('',(6.74614685102091E-17,0.,-1.));
#16259=DIRECTION('',(1.,0.,-3.06912614980512E-16));
#16260=DIRECTION('',(1.73472347597681E-16,0.,1.));
#16261=DIRECTION('',(1.,0.,2.62836890299516E-16));
#16262=DIRECTION('',(2.62836890299516E-16,0.,-1.));
#16263=DIRECTION('',(0.,-1.,0.));
#16264=DIRECTION('',(2.62836890299516E-16,0.,-1.));
#16265=DIRECTION('',(0.,-1.,0.));
#16266=DIRECTION('',(0.,0.,1.));
#16267=DIRECTION('',(1.,0.,0.));
#16268=DIRECTION('',(1.,0.,0.));
#16269=DIRECTION('',(0.,-1.,0.));
#16270=DIRECTION('',(1.,0.,0.));
#16271=DIRECTION('',(0.,0.,-1.));
#16272=DIRECTION('',(0.,0.,-1.));
#16273=DIRECTION('',(0.,-1.,0.));
#16274=DIRECTION('',(0.,0.,1.));
#16275=DIRECTION('',(1.,0.,0.));
#16276=DIRECTION('',(1.,0.,0.));
#16277=DIRECTION('',(0.,-1.,0.));
#16278=DIRECTION('',(-1.,0.,0.));
#16279=DIRECTION('',(0.,0.,1.));
#16280=DIRECTION('',(0.,0.,1.));
#16281=DIRECTION('',(0.,-1.,0.));
#16282=DIRECTION('',(0.,0.,1.));
#16283=DIRECTION('',(1.,0.,0.));
#16284=DIRECTION('',(1.,0.,0.));
#16285=DIRECTION('',(0.,-1.,0.));
#16286=DIRECTION('',(-1.,0.,2.62836890299516E-16));
#16287=DIRECTION('',(2.62836890299516E-16,0.,1.));
#16288=DIRECTION('',(2.62836890299516E-16,0.,1.));
#16289=DIRECTION('',(0.,-1.,0.));
#16290=DIRECTION('',(0.,0.,1.));
#16291=DIRECTION('',(1.,0.,0.));
#16292=DIRECTION('',(1.,0.,0.));
#16293=DIRECTION('',(0.,-1.,0.));
#16294=DIRECTION('',(0.,0.,1.));
#16295=DIRECTION('',(1.,0.,0.));
#16296=DIRECTION('',(0.,-1.,0.));
#16297=DIRECTION('',(1.,0.,0.));
#16298=DIRECTION('',(1.,0.,0.));
#16299=DIRECTION('',(0.,0.,-1.));
#16300=DIRECTION('',(0.,1.,0.));
#16301=DIRECTION('',(0.,0.,1.));
#16302=DIRECTION('',(0.,-1.,0.));
#16303=DIRECTION('',(0.,0.,-1.));
#16304=DIRECTION('',(-1.,0.,0.));
#16305=DIRECTION('',(0.,0.,-1.));
#16306=DIRECTION('',(0.,1.,0.));
#16307=DIRECTION('',(0.,0.,-1.));
#16308=DIRECTION('',(0.,-1.,0.));
#16309=DIRECTION('',(0.,0.,1.));
#16310=DIRECTION('',(0.,0.,1.));
#16311=DIRECTION('',(1.,0.,0.));
#16312=DIRECTION('',(-1.,0.,0.));
#16313=DIRECTION('',(0.,0.,1.));
#16314=DIRECTION('',(0.,1.,0.));
#16315=DIRECTION('',(0.,0.,1.));
#16316=DIRECTION('',(0.,0.,-1.));
#16317=DIRECTION('',(-1.,0.,0.));
#16318=DIRECTION('',(0.,0.,1.));
#16319=DIRECTION('',(1.,0.,0.));
#16320=DIRECTION('',(0.,1.,0.));
#16321=DIRECTION('',(0.,0.,1.));
#16322=DIRECTION('',(-1.,0.,0.));
#16323=DIRECTION('',(0.,0.,1.));
#16324=DIRECTION('',(0.,0.,-1.));
#16325=DIRECTION('',(-1.,0.,0.));
#16326=DIRECTION('',(0.,-1.,0.));
#16327=DIRECTION('',(0.,0.,-1.));
#16328=DIRECTION('',(0.,0.,1.));
#16329=DIRECTION('',(1.,0.,0.));
#16330=DIRECTION('',(0.,0.,1.));
#16331=DIRECTION('',(1.,0.,3.921644546745E-16));
#16332=DIRECTION('',(-1.,0.,0.));
#16333=DIRECTION('',(0.,0.,1.));
#16334=DIRECTION('',(0.,-1.,0.));
#16335=DIRECTION('',(0.,0.,-1.));
#16336=DIRECTION('',(0.,0.,-1.));
#16337=DIRECTION('',(0.,-1.,0.));
#16338=DIRECTION('',(0.,0.,-1.));
#16339=DIRECTION('',(0.707106781186549,-0.707106781186546,0.));
#16340=DIRECTION('',(0.,0.,-1.));
#16341=DIRECTION('',(-0.577350269189625,-0.577350269189627,-0.577350269189625));
#16342=DIRECTION('',(0.707106781186546,0.707106781186549,0.));
#16343=DIRECTION('',(0.,0.,1.));
#16344=DIRECTION('',(0.,-0.707106781186546,0.707106781186549));
#16345=DIRECTION('',(1.,0.,0.));
#16346=DIRECTION('',(0.577350269189625,-0.577350269189627,-0.577350269189625));
#16347=DIRECTION('',(-1.,0.,0.));
#16348=DIRECTION('',(-0.707106781186549,-0.707106781186546,0.));
#16349=DIRECTION('',(0.,0.,1.));
#16350=DIRECTION('',(0.707106781186546,-0.707106781186549,0.));
#16351=DIRECTION('',(0.,0.,1.));
#16352=DIRECTION('',(0.,0.,-1.));
#16353=DIRECTION('',(1.,0.,0.));
#16354=DIRECTION('',(0.,0.,-1.));
#16355=DIRECTION('',(0.,-1.,0.));
#16356=DIRECTION('',(0.,0.,1.));
#16357=DIRECTION('',(0.,-1.,0.));
#16358=DIRECTION('',(0.,0.,1.));
#16359=DIRECTION('',(-1.,0.,1.31772264040546E-16));
#16360=DIRECTION('',(1.31772264040546E-16,0.,1.));
#16361=DIRECTION('',(-0.707106781186547,0.,-0.707106781186547));
#16362=DIRECTION('',(-0.707106781186547,0.,0.707106781186548));
#16363=DIRECTION('',(-0.707106781186547,0.,0.707106781186548));
#16364=DIRECTION('',(-0.707106781186548,0.,-0.707106781186547));
#16365=DIRECTION('',(1.,0.,-1.31772264040546E-16));
#16366=DIRECTION('',(6.74614685102091E-17,0.,-1.));
#16367=DIRECTION('',(-1.,0.,-6.74614685102091E-17));
#16368=DIRECTION('',(-6.74614685102091E-17,0.,1.));
#16369=DIRECTION('',(0.707106781186547,0.,-0.707106781186548));
#16370=DIRECTION('',(0.707106781186548,0.,0.707106781186547));
#16371=DIRECTION('',(1.,0.,-3.06912614980512E-16));
#16372=DIRECTION('',(-3.06912614980512E-16,0.,-1.));
#16373=DIRECTION('',(0.707106781186548,0.,0.707106781186547));
#16374=DIRECTION('',(0.707106781186547,0.,-0.707106781186548));
#16375=DIRECTION('',(-1.,0.,3.06912614980512E-16));
#16376=DIRECTION('',(1.73472347597681E-16,0.,1.));
#16377=DIRECTION('',(1.,0.,-1.73472347597681E-16));
#16378=DIRECTION('',(-1.73472347597681E-16,0.,-1.));
#16379=DIRECTION('',(0.707106781186549,0.707106781186546,1.85853747476773E-16));
#16380=DIRECTION('',(-2.62836890299516E-16,0.,1.));
#16381=DIRECTION('',(0.577350269189625,-0.577350269189627,0.577350269189625));
#16382=DIRECTION('',(0.577350269189625,-0.577350269189627,0.577350269189625));
#16383=DIRECTION('',(2.62836890299516E-16,0.,-1.));
#16384=DIRECTION('',(0.,0.707106781186546,0.707106781186549));
#16385=DIRECTION('',(-1.,0.,0.));
#16386=DIRECTION('',(0.577350269189625,-0.577350269189627,0.577350269189625));
#16387=DIRECTION('',(1.,0.,0.));
#16388=DIRECTION('',(0.707106781186549,0.707106781186546,0.));
#16389=DIRECTION('',(0.,0.,1.));
#16390=DIRECTION('',(0.577350269189625,-0.577350269189627,0.577350269189625));
#16391=DIRECTION('',(0.,0.,-1.));
#16392=DIRECTION('',(0.,0.707106781186546,0.707106781186549));
#16393=DIRECTION('',(-1.,0.,0.));
#16394=DIRECTION('',(-0.577350269189625,-0.577350269189627,0.577350269189625));
#16395=DIRECTION('',(1.,0.,0.));
#16396=DIRECTION('',(-0.707106781186549,0.707106781186546,0.));
#16397=DIRECTION('',(0.,0.,-1.));
#16398=DIRECTION('',(-0.577350269189625,-0.577350269189627,0.577350269189625));
#16399=DIRECTION('',(0.,0.,1.));
#16400=DIRECTION('',(0.,0.707106781186546,0.707106781186549));
#16401=DIRECTION('',(-1.,0.,0.));
#16402=DIRECTION('',(-0.577350269189625,-0.577350269189627,0.577350269189625));
#16403=DIRECTION('',(1.,0.,0.));
#16404=DIRECTION('',(-0.707106781186549,0.707106781186546,1.85853747476773E-16));
#16405=DIRECTION('',(-2.62836890299516E-16,0.,-1.));
#16406=DIRECTION('',(-0.577350269189625,-0.577350269189627,0.577350269189625));
#16407=DIRECTION('',(2.62836890299516E-16,0.,1.));
#16408=DIRECTION('',(0.,0.707106781186546,0.707106781186549));
#16409=DIRECTION('',(-1.,0.,0.));
#16410=DIRECTION('',(-0.577350269189625,-0.577350269189627,0.577350269189625));
#16411=DIRECTION('',(1.,0.,0.));
#16412=DIRECTION('',(-0.707106781186549,0.707106781186546,0.));
#16413=DIRECTION('',(0.,0.,-1.));
#16414=DIRECTION('',(0.707106781186546,0.707106781186549,0.));
#16415=DIRECTION('',(0.,0.,1.));
#16416=DIRECTION('',(0.707106781186549,0.707106781186546,0.));
#16417=DIRECTION('',(0.,0.,1.));
#16418=DIRECTION('',(0.707106781186546,-0.707106781186549,0.));
#16419=DIRECTION('',(0.,0.,-1.));
#16420=DIRECTION('',(0.577350269189625,-0.577350269189627,0.577350269189625));
#16421=DIRECTION('',(0.,0.707106781186546,0.707106781186549));
#16422=DIRECTION('',(-1.,0.,0.));
#16423=DIRECTION('',(1.,0.,0.));
#16424=DIRECTION('',(-1.,0.,-2.26848454550813E-16));
#16425=DIRECTION('',(-2.26848454550813E-16,0.,1.));
#16426=DIRECTION('',(-0.707106781186547,0.,-0.707106781186548));
#16427=DIRECTION('',(-0.707106781186548,0.,0.707106781186547));
#16428=DIRECTION('',(-0.707106781186547,0.,0.707106781186548));
#16429=DIRECTION('',(-0.707106781186548,0.,-0.707106781186547));
#16430=DIRECTION('',(1.,0.,2.26848454550813E-16));
#16431=DIRECTION('',(6.74614685102092E-17,0.,-1.));
#16432=DIRECTION('',(-1.,0.,-6.74614685102092E-17));
#16433=DIRECTION('',(-6.74614685102092E-17,0.,1.));
#16434=DIRECTION('',(0.707106781186548,0.,-0.707106781186547));
#16435=DIRECTION('',(0.707106781186547,0.,0.707106781186548));
#16436=DIRECTION('',(1.,0.,1.35108270725117E-16));
#16437=DIRECTION('',(1.35108270725117E-16,0.,-1.));
#16438=DIRECTION('',(0.707106781186548,0.,0.707106781186547));
#16439=DIRECTION('',(0.707106781186547,0.,-0.707106781186548));
#16440=DIRECTION('',(-1.,0.,-1.35108270725117E-16));
#16441=DIRECTION('',(6.5533997981346E-16,0.,1.));
#16442=DIRECTION('',(1.,0.,-6.5533997981346E-16));
#16443=DIRECTION('',(-6.5533997981346E-16,0.,-1.));
#16444=DIRECTION('',(0.,-1.,0.));
#16445=DIRECTION('',(0.,0.,-1.));
#16446=DIRECTION('',(0.,0.,1.));
#16447=DIRECTION('',(1.,0.,-3.921644546745E-16));
#16448=DIRECTION('',(0.,0.,1.));
#16449=DIRECTION('',(1.,0.,0.));
#16450=DIRECTION('',(0.,-1.,0.));
#16451=DIRECTION('',(0.,0.,-1.));
#16452=DIRECTION('',(0.,0.,1.));
#16453=DIRECTION('',(1.,0.,0.));
#16454=DIRECTION('',(0.,0.,1.));
#16455=DIRECTION('',(1.,0.,3.921644546745E-16));
#16456=DIRECTION('',(-1.,0.,0.));
#16457=DIRECTION('',(0.,0.,1.));
#16458=DIRECTION('',(0.,-1.,0.));
#16459=DIRECTION('',(0.,0.,-1.));
#16460=DIRECTION('',(0.,0.,1.));
#16461=DIRECTION('',(0.,-1.,0.));
#16462=DIRECTION('',(0.,0.,-1.));
#16463=DIRECTION('',(0.707106781186548,-0.707106781186548,0.));
#16464=DIRECTION('',(0.707106781186548,0.707106781186548,0.));
#16465=DIRECTION('',(0.577350269189626,0.577350269189626,0.577350269189626));
#16466=DIRECTION('',(0.707106781186548,0.707106781186548,0.));
#16467=DIRECTION('',(0.,0.,1.));
#16468=DIRECTION('',(0.,-0.707106781186548,0.707106781186548));
#16469=DIRECTION('',(0.,-0.707106781186548,-0.707106781186548));
#16470=DIRECTION('',(-0.577350269189627,0.577350269189625,0.577350269189625));
#16471=DIRECTION('',(-1.,0.,0.));
#16472=DIRECTION('',(-0.707106781186547,-0.707106781186548,0.));
#16473=DIRECTION('',(0.707106781186548,-0.707106781186547,0.));
#16474=DIRECTION('',(0.707106781186548,-0.707106781186547,0.));
#16475=DIRECTION('',(0.,0.,1.));
#16476=DIRECTION('',(0.,0.,-1.));
#16477=DIRECTION('',(1.,0.,0.));
#16478=DIRECTION('',(0.,0.,-1.));
#16479=DIRECTION('',(0.,-1.,0.));
#16480=DIRECTION('',(0.,0.,1.));
#16481=DIRECTION('',(0.,-1.,0.));
#16482=DIRECTION('',(0.,0.,-1.));
#16483=DIRECTION('',(-6.5533997981346E-16,0.,-1.));
#16484=DIRECTION('',(-1.,0.,6.5533997981346E-16));
#16485=DIRECTION('',(-6.5533997981346E-16,0.,-1.));
#16486=DIRECTION('',(0.707106781186547,0.,-0.707106781186548));
#16487=DIRECTION('',(0.707106781186548,0.,0.707106781186547));
#16488=DIRECTION('',(-0.707106781186548,0.,-0.707106781186547));
#16489=DIRECTION('',(-0.707106781186547,0.,0.707106781186548));
#16490=DIRECTION('',(1.,0.,2.26848454550813E-16));
#16491=DIRECTION('',(2.26848454550813E-16,0.,-1.));
#16492=DIRECTION('',(0.707106781186547,0.,0.707106781186548));
#16493=DIRECTION('',(0.707106781186548,0.,-0.707106781186547));
#16494=DIRECTION('',(1.,0.,2.26848454550813E-16));
#16495=DIRECTION('',(-6.74614685102092E-17,0.,1.));
#16496=DIRECTION('',(1.,0.,6.74614685102092E-17));
#16497=DIRECTION('',(-6.74614685102092E-17,0.,1.));
#16498=DIRECTION('',(-0.707106781186548,0.,0.707106781186547));
#16499=DIRECTION('',(-0.707106781186547,0.,-0.707106781186548));
#16500=DIRECTION('',(-1.,0.,-1.35108270725117E-16));
#16501=DIRECTION('',(-1.35108270725117E-16,0.,1.));
#16502=DIRECTION('',(-1.,0.,-1.35108270725117E-16));
#16503=DIRECTION('',(-1.73472347597681E-16,0.,-1.));
#16504=DIRECTION('',(-1.,0.,1.73472347597681E-16));
#16505=DIRECTION('',(-1.73472347597681E-16,0.,-1.));
#16506=DIRECTION('',(0.707106781186547,0.,-0.707106781186548));
#16507=DIRECTION('',(0.707106781186548,0.,0.707106781186547));
#16508=DIRECTION('',(-0.707106781186548,0.,-0.707106781186547));
#16509=DIRECTION('',(-0.707106781186547,0.,0.707106781186548));
#16510=DIRECTION('',(1.,0.,-1.31772264040546E-16));
#16511=DIRECTION('',(-1.31772264040546E-16,0.,-1.));
#16512=DIRECTION('',(0.707106781186547,0.,0.707106781186547));
#16513=DIRECTION('',(0.707106781186547,0.,-0.707106781186548));
#16514=DIRECTION('',(1.,0.,-1.31772264040546E-16));
#16515=DIRECTION('',(-6.74614685102091E-17,0.,1.));
#16516=DIRECTION('',(1.,0.,6.74614685102091E-17));
#16517=DIRECTION('',(-6.74614685102091E-17,0.,1.));
#16518=DIRECTION('',(-0.707106781186547,0.,0.707106781186548));
#16519=DIRECTION('',(-0.707106781186548,0.,-0.707106781186547));
#16520=DIRECTION('',(-1.,0.,3.06912614980512E-16));
#16521=DIRECTION('',(3.06912614980512E-16,0.,1.));
#16522=DIRECTION('',(-1.,0.,3.06912614980512E-16));
#16523=DIRECTION('',(0.707106781186547,0.707106781186548,1.85853747476773E-16));
#16524=DIRECTION('',(-0.707106781186548,0.707106781186547,0.));
#16525=DIRECTION('',(-0.577350269189626,0.577350269189626,-0.577350269189626));
#16526=DIRECTION('',(-0.577350269189626,0.577350269189626,-0.577350269189626));
#16527=DIRECTION('',(-2.62836890299516E-16,0.,1.));
#16528=DIRECTION('',(0.,0.707106781186548,0.707106781186548));
#16529=DIRECTION('',(0.,-0.707106781186548,0.707106781186548));
#16530=DIRECTION('',(-0.577350269189627,0.577350269189625,-0.577350269189625));
#16531=DIRECTION('',(-1.,0.,0.));
#16532=DIRECTION('',(0.707106781186547,0.707106781186548,0.));
#16533=DIRECTION('',(-0.707106781186548,0.707106781186547,0.));
#16534=DIRECTION('',(-0.577350269189627,0.577350269189625,-0.577350269189625));
#16535=DIRECTION('',(0.,0.,1.));
#16536=DIRECTION('',(0.,0.707106781186548,0.707106781186548));
#16537=DIRECTION('',(0.,-0.707106781186548,0.707106781186548));
#16538=DIRECTION('',(0.577350269189626,0.577350269189626,-0.577350269189626));
#16539=DIRECTION('',(-1.,0.,0.));
#16540=DIRECTION('',(-0.707106781186548,0.707106781186548,0.));
#16541=DIRECTION('',(-0.707106781186548,-0.707106781186548,0.));
#16542=DIRECTION('',(0.577350269189626,0.577350269189626,-0.577350269189626));
#16543=DIRECTION('',(0.,0.,-1.));
#16544=DIRECTION('',(0.,0.707106781186548,0.707106781186548));
#16545=DIRECTION('',(0.,-0.707106781186548,0.707106781186548));
#16546=DIRECTION('',(0.577350269189626,0.577350269189626,-0.577350269189626));
#16547=DIRECTION('',(-1.,0.,0.));
#16548=DIRECTION('',(-0.707106781186547,0.707106781186548,1.85853747476773E-16));
#16549=DIRECTION('',(-0.707106781186548,-0.707106781186547,0.));
#16550=DIRECTION('',(0.577350269189626,0.577350269189626,-0.577350269189626));
#16551=DIRECTION('',(-2.62836890299516E-16,0.,-1.));
#16552=DIRECTION('',(0.,0.707106781186548,0.707106781186548));
#16553=DIRECTION('',(0.,-0.707106781186548,0.707106781186548));
#16554=DIRECTION('',(0.577350269189626,0.577350269189626,-0.577350269189626));
#16555=DIRECTION('',(-1.,0.,0.));
#16556=DIRECTION('',(-0.707106781186548,0.707106781186548,0.));
#16557=DIRECTION('',(-0.707106781186548,-0.707106781186548,0.));
#16558=DIRECTION('',(0.707106781186548,0.707106781186548,0.));
#16559=DIRECTION('',(0.,0.,-1.));
#16560=DIRECTION('',(0.707106781186547,0.707106781186548,0.));
#16561=DIRECTION('',(-0.707106781186548,0.707106781186547,0.));
#16562=DIRECTION('',(0.707106781186548,-0.707106781186547,0.));
#16563=DIRECTION('',(0.,0.,1.));
#16564=DIRECTION('',(-0.577350269189627,0.577350269189625,-0.577350269189625));
#16565=DIRECTION('',(0.,0.707106781186548,0.707106781186548));
#16566=DIRECTION('',(0.,-0.707106781186548,0.707106781186548));
#16567=DIRECTION('',(-1.,0.,0.));
#16568=DIRECTION('',(0.,-1.,0.));
#16569=DIRECTION('',(0.,0.,-1.));
#16570=DIRECTION('',(0.,0.,1.));
#16571=DIRECTION('',(1.,0.,-3.921644546745E-16));
#16572=DIRECTION('',(0.,0.,1.));
#16573=DIRECTION('',(1.,0.,0.));
#16574=DIRECTION('',(0.,0.,1.));
#16575=DIRECTION('',(1.,0.,0.));
#16576=DIRECTION('',(0.,-1.,0.));
#16577=DIRECTION('',(1.,0.,0.));
#16578=DIRECTION('',(1.,0.,0.));
#16579=DIRECTION('',(0.,-1.,0.));
#16580=DIRECTION('',(0.,0.,-1.));
#16581=DIRECTION('',(0.,0.,-1.));
#16582=DIRECTION('',(1.,0.,0.));
#16583=DIRECTION('',(0.,0.,-1.));
#16584=DIRECTION('',(-1.,0.,0.));
#16585=DIRECTION('',(0.,1.,0.));
#16586=DIRECTION('',(1.,0.,0.));
#16587=DIRECTION('',(0.,1.,0.));
#16588=DIRECTION('',(0.,0.,1.));
#16589=DIRECTION('',(0.,0.,1.));
#16590=DIRECTION('',(0.,0.,-1.));
#16591=DIRECTION('',(-1.,0.,0.));
#16592=DIRECTION('',(0.,0.,-1.));
#16593=DIRECTION('',(0.,0.,1.));
#16594=DIRECTION('',(1.,0.,0.));
#16595=DIRECTION('',(0.,0.,-1.));
#16596=DIRECTION('',(0.,0.,-1.));
#16597=DIRECTION('',(-1.,0.,0.));
#16598=DIRECTION('',(0.,0.,-1.));
#16599=DIRECTION('',(0.,0.,1.));
#16600=DIRECTION('',(1.,0.,0.));
#16601=DIRECTION('',(0.,0.,-1.));
#16602=DIRECTION('',(0.,-1.,0.));
#16603=DIRECTION('',(0.,0.,-1.));
#16604=DIRECTION('',(0.,0.,-1.));
#16605=DIRECTION('',(-1.,0.,0.));
#16606=DIRECTION('',(-1.,0.,0.));
#16607=DIRECTION('',(0.,0.,1.));
#16608=DIRECTION('',(-1.,0.,0.));
#16609=DIRECTION('',(0.,-1.,0.));
#16610=DIRECTION('',(-1.,0.,0.));
#16611=DIRECTION('',(0.,1.,0.));
#16612=DIRECTION('',(0.,0.,1.));
#16613=DIRECTION('',(0.,0.,1.));
#16614=DIRECTION('',(-1.,0.,0.));
#16615=DIRECTION('',(0.,0.,-1.));
#16616=DIRECTION('',(1.,0.,0.));
#16617=DIRECTION('',(0.,1.,0.));
#16618=DIRECTION('',(0.,0.,1.));
#16619=DIRECTION('',(-1.,0.,0.));
#16620=DIRECTION('',(0.,-1.,0.));
#16621=DIRECTION('',(0.,0.,1.));
#16622=DIRECTION('',(1.,0.,0.));
#16623=DIRECTION('',(0.,0.,1.));
#16624=DIRECTION('',(1.,0.,0.));
#16625=DIRECTION('',(0.,-1.,0.));
#16626=DIRECTION('',(-1.,0.,0.));
#16627=DIRECTION('',(0.,0.,1.));
#16628=DIRECTION('',(1.,0.,0.));
#16629=DIRECTION('',(0.,0.,1.));
#16630=DIRECTION('',(1.,0.,0.));
#16631=DIRECTION('',(0.,0.,-1.));
#16632=DIRECTION('',(-1.,0.,0.));
#16633=DIRECTION('',(0.,0.,-1.));
#16634=DIRECTION('',(0.,0.,1.));
#16635=DIRECTION('',(1.,0.,0.));
#16636=DIRECTION('',(0.,0.,1.));
#16637=DIRECTION('',(-1.,0.,0.));
#16638=DIRECTION('',(0.,0.,-1.));
#16639=DIRECTION('',(0.,-1.,0.));
#16640=DIRECTION('',(-1.,0.,0.));
#16641=DIRECTION('',(0.,0.,1.));
#16642=DIRECTION('',(0.,1.,0.));
#16643=DIRECTION('',(0.,0.,1.));
#16644=DIRECTION('',(0.,1.,0.));
#16645=DIRECTION('',(0.,0.,1.));
#16646=DIRECTION('',(0.,-1.,0.));
#16647=DIRECTION('',(0.,-1.,0.));
#16648=DIRECTION('',(-5.35121139730513E-12,1.,-8.96970558559715E-11));
#16649=DIRECTION('',(0.,8.96970558559715E-11,1.));
#16650=DIRECTION('',(0.,1.,0.));
#16651=DIRECTION('',(0.,0.,1.));
#16652=DIRECTION('',(0.,1.,0.));
#16653=DIRECTION('',(0.,0.,1.));
#16654=DIRECTION('',(0.,-1.,0.));
#16655=DIRECTION('',(-1.,0.,0.));
#16656=DIRECTION('',(0.,0.,1.));
#16657=DIRECTION('',(1.,0.,0.));
#16658=DIRECTION('',(1.,0.,0.));
#16659=DIRECTION('',(1.,0.,0.));
#16660=DIRECTION('',(0.,0.,-1.));
#16661=DIRECTION('',(1.,-1.02136671386471E-16,0.));
#16662=DIRECTION('',(1.02136671386471E-16,1.,0.));
#16663=DIRECTION('',(1.,0.,0.));
#16664=DIRECTION('',(-1.,0.,0.));
#16665=DIRECTION('',(0.,0.,1.));
#16666=DIRECTION('',(0.,0.,-1.));
#16667=DIRECTION('',(-1.,0.,0.));
#16668=DIRECTION('',(-3.921644546745E-16,0.,1.));
#16669=DIRECTION('',(1.,0.,3.921644546745E-16));
#16670=DIRECTION('',(0.,0.,1.));
#16671=DIRECTION('',(0.,0.,-1.));
#16672=DIRECTION('',(-1.,0.,0.));
#16673=DIRECTION('',(0.,0.,1.));
#16674=DIRECTION('',(-1.,0.,0.));
#16675=DIRECTION('',(0.,0.,1.));
#16676=DIRECTION('',(0.,-1.,0.));
#16677=DIRECTION('',(0.,0.,-1.));
#16678=DIRECTION('',(0.,-1.,0.));
#16679=DIRECTION('',(-1.,0.,0.));
#16680=DIRECTION('',(0.,0.,1.));
#16681=DIRECTION('',(1.,0.,3.921644546745E-16));
#16682=DIRECTION('',(3.921644546745E-16,0.,-1.));
#16683=DIRECTION('',(1.,-1.02136671386471E-16,0.));
#16684=DIRECTION('',(1.02136671386471E-16,1.,0.));
#16685=DIRECTION('',(1.,0.,3.921644546745E-16));
#16686=DIRECTION('',(1.,-1.02136671386471E-16,0.));
#16687=DIRECTION('',(1.02136671386471E-16,1.,0.));
#16688=DIRECTION('',(1.02136671386471E-16,1.,0.));
#16689=DIRECTION('',(1.02136671386471E-16,1.,0.));
#16690=DIRECTION('',(0.,0.,-1.));
#16691=DIRECTION('',(-1.,0.,0.));
#16692=DIRECTION('',(-1.,0.,0.));
#16693=DIRECTION('',(0.,-1.,0.));
#16694=DIRECTION('',(1.,0.,0.));
#16695=DIRECTION('',(0.,1.,0.));
#16696=DIRECTION('',(0.,0.,1.));
#16697=DIRECTION('',(0.,0.,1.));
#16698=DIRECTION('',(-1.,0.,0.));
#16699=DIRECTION('',(0.,0.,1.));
#16700=DIRECTION('',(1.,0.,0.));
#16701=DIRECTION('',(-1.,0.,0.));
#16702=DIRECTION('',(0.,-1.,0.));
#16703=DIRECTION('',(0.,-1.,0.));
#16704=DIRECTION('',(0.,0.,-1.));
#16705=DIRECTION('',(1.,0.,0.));
#16706=DIRECTION('',(1.,0.,0.));
#16707=DIRECTION('',(0.,0.,1.));
#16708=DIRECTION('',(0.,-1.,0.));
#16709=DIRECTION('',(0.,0.,-1.));
#16710=DIRECTION('',(3.30224820899399E-16,0.,-1.));
#16711=DIRECTION('',(1.,0.,0.));
#16712=DIRECTION('',(3.30224820899399E-16,0.,1.));
#16713=DIRECTION('',(-1.,0.,0.));
#16714=DIRECTION('',(0.,0.,1.));
#16715=DIRECTION('',(1.,0.,0.));
#16716=DIRECTION('',(0.,-1.,0.));
#16717=DIRECTION('',(-1.,0.,0.));
#16718=DIRECTION('',(0.,1.,0.));
#16719=DIRECTION('',(0.,0.,1.));
#16720=DIRECTION('',(0.,0.,-1.));
#16721=DIRECTION('',(1.,0.,0.));
#16722=DIRECTION('',(0.,0.,-1.));
#16723=DIRECTION('',(-1.,0.,0.));
#16724=DIRECTION('',(-1.,0.,0.));
#16725=DIRECTION('',(0.,-1.,0.));
#16726=DIRECTION('',(0.,1.,0.));
#16727=DIRECTION('',(0.,0.,1.));
#16728=DIRECTION('',(3.57908060291794E-16,0.,-1.));
#16729=DIRECTION('',(-1.,0.,0.));
#16730=DIRECTION('',(0.,0.,-1.));
#16731=DIRECTION('',(1.,0.,-1.73472347597681E-16));
#16732=DIRECTION('',(0.,0.,-1.));
#16733=DIRECTION('',(1.,0.,0.));
#16734=DIRECTION('',(0.,0.,1.));
#16735=DIRECTION('',(-1.,0.,-1.73472347597681E-16));
#16736=DIRECTION('',(0.,0.,-1.));
#16737=DIRECTION('',(1.,0.,0.));
#16738=DIRECTION('',(3.57908060291794E-16,0.,1.));
#16739=DIRECTION('',(1.,0.,-3.921644546745E-16));
#16740=DIRECTION('',(-3.921644546745E-16,0.,-1.));
#16741=DIRECTION('',(1.,0.,0.));
#16742=DIRECTION('',(0.,0.,-1.));
#16743=DIRECTION('',(-1.,-2.04273342772941E-16,0.));
#16744=DIRECTION('',(2.04273342772941E-16,-1.,0.));
#16745=DIRECTION('',(1.,0.,-3.921644546745E-16));
#16746=DIRECTION('',(0.,0.,-1.));
#16747=DIRECTION('',(-1.,0.,0.));
#16748=DIRECTION('',(3.921644546745E-16,0.,1.));
#16749=DIRECTION('',(1.,0.,-3.921644546745E-16));
#16750=DIRECTION('',(0.,0.,1.));
#16751=DIRECTION('',(0.,0.,-1.));
#16752=DIRECTION('',(-1.,0.,0.));
#16753=DIRECTION('',(0.,0.,1.));
#16754=DIRECTION('',(-9.8680929421782E-16,-1.,0.));
#16755=DIRECTION('',(1.,-9.8680929421782E-16,0.));
#16756=DIRECTION('',(1.,-9.8680929421782E-16,0.));
#16757=DIRECTION('',(1.,-9.8680929421782E-16,0.));
#16758=DIRECTION('',(0.,0.,1.));
#16759=DIRECTION('',(1.,0.,0.));
#16760=DIRECTION('',(0.,0.,-1.));
#16761=DIRECTION('',(0.,-1.,0.));
#16762=DIRECTION('',(0.,0.,1.));
#16763=DIRECTION('',(0.,-1.,0.));
#16764=DIRECTION('',(1.,0.,0.));
#16765=DIRECTION('',(0.,0.,-1.));
#16766=DIRECTION('',(1.,0.,0.));
#16767=DIRECTION('',(0.,0.,-1.));
#16768=DIRECTION('',(1.,0.,0.));
#16769=DIRECTION('',(-1.,-2.04273342772941E-16,0.));
#16770=DIRECTION('',(2.04273342772941E-16,-1.,0.));
#16771=DIRECTION('',(-1.,-2.04273342772941E-16,0.));
#16772=DIRECTION('',(2.04273342772941E-16,-1.,0.));
#16773=DIRECTION('',(2.04273342772941E-16,-1.,0.));
#16774=DIRECTION('',(2.04273342772941E-16,-1.,0.));
#16775=DIRECTION('',(1.,0.,0.));
#16776=DIRECTION('',(0.,0.,-1.));
#16777=DIRECTION('',(1.,-1.02136671386471E-16,0.));
#16778=DIRECTION('',(1.02136671386471E-16,1.,0.));
#16779=DIRECTION('',(1.,0.,0.));
#16780=DIRECTION('',(-1.,0.,0.));
#16781=DIRECTION('',(0.,0.,1.));
#16782=DIRECTION('',(0.,0.,-1.));
#16783=DIRECTION('',(-1.,0.,0.));
#16784=DIRECTION('',(-3.921644546745E-16,0.,1.));
#16785=DIRECTION('',(1.,0.,3.921644546745E-16));
#16786=DIRECTION('',(0.,0.,1.));
#16787=DIRECTION('',(0.,0.,-1.));
#16788=DIRECTION('',(-1.,0.,0.));
#16789=DIRECTION('',(0.,0.,1.));
#16790=DIRECTION('',(-1.,0.,0.));
#16791=DIRECTION('',(0.,0.,1.));
#16792=DIRECTION('',(0.,-1.,0.));
#16793=DIRECTION('',(0.,0.,-1.));
#16794=DIRECTION('',(0.,-1.,0.));
#16795=DIRECTION('',(-1.,0.,0.));
#16796=DIRECTION('',(0.,0.,1.));
#16797=DIRECTION('',(1.,0.,3.921644546745E-16));
#16798=DIRECTION('',(3.921644546745E-16,0.,-1.));
#16799=DIRECTION('',(1.,-1.02136671386471E-16,0.));
#16800=DIRECTION('',(1.02136671386471E-16,1.,0.));
#16801=DIRECTION('',(1.,0.,3.921644546745E-16));
#16802=DIRECTION('',(1.,-1.02136671386471E-16,0.));
#16803=DIRECTION('',(1.02136671386471E-16,1.,0.));
#16804=DIRECTION('',(1.02136671386471E-16,1.,0.));
#16805=DIRECTION('',(1.02136671386471E-16,1.,0.));
#16806=DIRECTION('',(0.,0.,-1.));
#16807=DIRECTION('',(-1.,0.,0.));
#16808=DIRECTION('',(-1.,0.,0.));
#16809=DIRECTION('',(0.,-1.,0.));
#16810=DIRECTION('',(1.,0.,0.));
#16811=DIRECTION('',(0.,1.,0.));
#16812=DIRECTION('',(0.,0.,1.));
#16813=DIRECTION('',(0.,0.,1.));
#16814=DIRECTION('',(-1.,0.,0.));
#16815=DIRECTION('',(0.,0.,1.));
#16816=DIRECTION('',(1.,0.,0.));
#16817=DIRECTION('',(-1.,0.,0.));
#16818=DIRECTION('',(0.,-1.,0.));
#16819=DIRECTION('',(0.,-1.,0.));
#16820=DIRECTION('',(0.,0.,-1.));
#16821=DIRECTION('',(1.,0.,0.));
#16822=DIRECTION('',(1.,0.,0.));
#16823=DIRECTION('',(0.,0.,1.));
#16824=DIRECTION('',(0.,-1.,0.));
#16825=DIRECTION('',(0.,0.,-1.));
#16826=DIRECTION('',(3.30224820899399E-16,0.,-1.));
#16827=DIRECTION('',(1.,0.,0.));
#16828=DIRECTION('',(3.30224820899399E-16,0.,1.));
#16829=DIRECTION('',(-1.,0.,0.));
#16830=DIRECTION('',(0.,0.,1.));
#16831=DIRECTION('',(1.,0.,0.));
#16832=DIRECTION('',(0.,-1.,0.));
#16833=DIRECTION('',(-1.,0.,0.));
#16834=DIRECTION('',(0.,1.,0.));
#16835=DIRECTION('',(0.,0.,1.));
#16836=DIRECTION('',(0.,0.,-1.));
#16837=DIRECTION('',(1.,0.,0.));
#16838=DIRECTION('',(0.,0.,-1.));
#16839=DIRECTION('',(-1.,0.,0.));
#16840=DIRECTION('',(-1.,0.,0.));
#16841=DIRECTION('',(0.,-1.,0.));
#16842=DIRECTION('',(0.,1.,0.));
#16843=DIRECTION('',(0.,0.,1.));
#16844=DIRECTION('',(3.57908060291794E-16,0.,-1.));
#16845=DIRECTION('',(-1.,0.,0.));
#16846=DIRECTION('',(0.,0.,-1.));
#16847=DIRECTION('',(1.,0.,-1.73472347597681E-16));
#16848=DIRECTION('',(0.,0.,-1.));
#16849=DIRECTION('',(1.,0.,0.));
#16850=DIRECTION('',(0.,0.,1.));
#16851=DIRECTION('',(-1.,0.,-1.73472347597681E-16));
#16852=DIRECTION('',(0.,0.,-1.));
#16853=DIRECTION('',(1.,0.,0.));
#16854=DIRECTION('',(3.57908060291794E-16,0.,1.));
#16855=DIRECTION('',(1.,0.,-3.921644546745E-16));
#16856=DIRECTION('',(-3.921644546745E-16,0.,-1.));
#16857=DIRECTION('',(1.,0.,0.));
#16858=DIRECTION('',(0.,0.,-1.));
#16859=DIRECTION('',(-1.,-2.04273342772941E-16,0.));
#16860=DIRECTION('',(2.04273342772941E-16,-1.,0.));
#16861=DIRECTION('',(1.,0.,-3.921644546745E-16));
#16862=DIRECTION('',(0.,0.,-1.));
#16863=DIRECTION('',(-1.,0.,0.));
#16864=DIRECTION('',(3.921644546745E-16,0.,1.));
#16865=DIRECTION('',(1.,0.,-3.921644546745E-16));
#16866=DIRECTION('',(0.,0.,1.));
#16867=DIRECTION('',(0.,0.,-1.));
#16868=DIRECTION('',(-1.,0.,0.));
#16869=DIRECTION('',(0.,0.,1.));
#16870=DIRECTION('',(-9.8680929421782E-16,-1.,0.));
#16871=DIRECTION('',(1.,-9.8680929421782E-16,0.));
#16872=DIRECTION('',(1.,-9.8680929421782E-16,0.));
#16873=DIRECTION('',(1.,-9.8680929421782E-16,0.));
#16874=DIRECTION('',(0.,0.,1.));
#16875=DIRECTION('',(1.,0.,0.));
#16876=DIRECTION('',(0.,0.,-1.));
#16877=DIRECTION('',(0.,-1.,0.));
#16878=DIRECTION('',(0.,0.,1.));
#16879=DIRECTION('',(0.,-1.,0.));
#16880=DIRECTION('',(1.,0.,0.));
#16881=DIRECTION('',(0.,0.,-1.));
#16882=DIRECTION('',(1.,0.,0.));
#16883=DIRECTION('',(0.,0.,-1.));
#16884=DIRECTION('',(1.,0.,0.));
#16885=DIRECTION('',(-1.,-2.04273342772941E-16,0.));
#16886=DIRECTION('',(2.04273342772941E-16,-1.,0.));
#16887=DIRECTION('',(-1.,-2.04273342772941E-16,0.));
#16888=DIRECTION('',(2.04273342772941E-16,-1.,0.));
#16889=DIRECTION('',(2.04273342772941E-16,-1.,0.));
#16890=DIRECTION('',(2.04273342772941E-16,-1.,0.));
#16891=DIRECTION('',(0.,1.,0.));
#16892=DIRECTION('',(0.,0.,1.));
#16893=DIRECTION('',(1.,0.,0.));
#16894=DIRECTION('',(0.,0.,-1.));
#16895=DIRECTION('',(1.,0.,0.));
#16896=DIRECTION('',(0.,0.,-1.));
#16897=DIRECTION('',(0.,0.,-1.));
#16898=DIRECTION('',(-1.,0.,0.));
#16899=DIRECTION('',(0.,0.,-1.));
#16900=DIRECTION('',(-1.,0.,0.));
#16901=DIRECTION('',(0.,0.,-1.));
#16902=DIRECTION('',(-1.,0.,0.));
#16903=DIRECTION('',(0.,0.,1.));
#16904=DIRECTION('',(0.,0.,-1.));
#16905=DIRECTION('',(0.,0.,1.));
#16906=DIRECTION('',(1.,0.,0.));
#16907=DIRECTION('',(0.,0.,1.));
#16908=DIRECTION('',(1.,0.,0.));
#16909=DIRECTION('',(0.,-1.,0.));
#16910=DIRECTION('',(0.,0.,1.));
#16911=DIRECTION('',(1.,0.,0.));
#16912=DIRECTION('',(1.,0.,0.));
#16913=DIRECTION('',(0.,0.,1.));
#16914=DIRECTION('',(1.,0.,0.));
#16915=DIRECTION('',(0.,-1.,0.));
#16916=DIRECTION('',(1.,0.,0.));
#16917=DIRECTION('',(0.,-1.,0.));
#16918=DIRECTION('',(0.,0.,-1.));
#16919=DIRECTION('',(0.,-1.07871031529205E-17,-1.));
#16920=DIRECTION('',(1.,0.,0.));
#16921=DIRECTION('',(0.,0.,-1.));
#16922=DIRECTION('',(1.,0.,0.));
#16923=DIRECTION('',(-1.,0.,0.));
#16924=DIRECTION('',(0.,0.,1.));
#16925=DIRECTION('',(0.,1.,2.70899084688495E-16));
#16926=DIRECTION('',(0.,0.,-1.));
#16927=DIRECTION('',(1.,0.,0.));
#16928=DIRECTION('',(0.,1.,0.));
#16929=DIRECTION('',(1.,0.,0.));
#16930=DIRECTION('',(0.,1.,0.));
#16931=DIRECTION('',(0.,0.,1.));
#16932=DIRECTION('',(1.,0.,0.));
#16933=DIRECTION('',(0.,2.70899084688495E-16,-1.));
#16934=DIRECTION('',(0.,1.,2.70899084688495E-16));
#16935=DIRECTION('',(0.,0.,-1.));
#16936=DIRECTION('',(0.,1.,0.));
#16937=DIRECTION('',(0.,0.,1.));
#16938=DIRECTION('',(1.,0.,0.));
#16939=DIRECTION('',(0.,0.,-1.));
#16940=DIRECTION('',(0.,0.,-1.));
#16941=DIRECTION('',(0.,0.,-1.));
#16942=DIRECTION('',(-1.,0.,0.));
#16943=DIRECTION('',(0.,2.70899084688495E-16,-1.));
#16944=DIRECTION('',(0.,1.,2.70899084688495E-16));
#16945=DIRECTION('',(0.,0.,1.));
#16946=DIRECTION('',(0.,0.,-1.));
#16947=DIRECTION('',(1.,0.,0.));
#16948=DIRECTION('',(0.,0.,-1.));
#16949=DIRECTION('',(0.,1.,0.));
#16950=DIRECTION('',(1.,0.,0.));
#16951=DIRECTION('',(0.,0.,-1.));
#16952=DIRECTION('',(0.,0.,-1.));
#16953=DIRECTION('',(1.,0.,0.));
#16954=DIRECTION('',(0.,0.,-1.));
#16955=DIRECTION('',(0.,-1.,0.));
#16956=DIRECTION('',(0.,0.,-1.));
#16957=DIRECTION('',(-1.,0.,0.));
#16958=DIRECTION('',(0.,0.,-1.));
#16959=DIRECTION('',(-1.,0.,0.));
#16960=DIRECTION('',(1.,0.,0.));
#16961=DIRECTION('',(0.,0.,-1.));
#16962=DIRECTION('',(1.,0.,0.));
#16963=DIRECTION('',(0.,-1.,0.));
#16964=DIRECTION('',(0.,-1.,-4.13402480508022E-15));
#16965=DIRECTION('',(0.,0.,1.));
#16966=DIRECTION('',(0.,1.,-5.70347867800527E-15));
#16967=DIRECTION('',(1.,0.,0.));
#16968=DIRECTION('',(0.,1.,0.));
#16969=DIRECTION('',(-1.,0.,0.));
#16970=DIRECTION('',(0.,0.,-1.));
#16971=DIRECTION('',(1.,0.,0.));
#16972=DIRECTION('',(1.,0.,0.));
#16973=DIRECTION('',(0.,0.,1.));
#16974=DIRECTION('',(1.,0.,0.));
#16975=DIRECTION('',(0.,0.,1.));
#16976=DIRECTION('',(0.,-1.,0.));
#16977=DIRECTION('',(-1.,0.,0.));
#16978=DIRECTION('',(0.,0.,1.));
#16979=DIRECTION('',(0.,0.,1.));
#16980=DIRECTION('',(-1.,0.,0.));
#16981=DIRECTION('',(0.,0.,-1.));
#16982=DIRECTION('',(0.,1.,2.30060998627691E-16));
#16983=DIRECTION('',(0.,0.,-1.));
#16984=DIRECTION('',(0.,0.,-1.));
#16985=DIRECTION('',(-1.,0.,0.));
#16986=DIRECTION('',(0.,2.10517636871918E-16,-1.));
#16987=DIRECTION('',(0.,1.,2.10517636871918E-16));
#16988=DIRECTION('',(0.,0.,-1.));
#16989=DIRECTION('',(0.,2.70899084688495E-16,-1.));
#16990=DIRECTION('',(0.,1.,2.70899084688495E-16));
#16991=DIRECTION('',(-1.,0.,0.));
#16992=DIRECTION('',(0.,0.,-1.));
#16993=DIRECTION('',(-1.,0.,0.));
#16994=DIRECTION('',(0.,0.,1.));
#16995=DIRECTION('',(0.,1.,6.19544098563146E-16));
#16996=DIRECTION('',(-1.,0.,0.));
#16997=DIRECTION('',(0.,0.,1.));
#16998=DIRECTION('',(0.,0.,-1.));
#16999=DIRECTION('',(-1.,0.,0.));
#17000=DIRECTION('',(-1.,0.,0.));
#17001=DIRECTION('',(0.,0.,1.));
#17002=DIRECTION('',(0.,0.,-1.));
#17003=DIRECTION('',(-1.,0.,0.));
#17004=DIRECTION('',(0.,0.,-1.));
#17005=DIRECTION('',(-1.,0.,0.));
#17006=DIRECTION('',(0.,0.,-1.));
#17007=DIRECTION('',(-1.,0.,0.));
#17008=DIRECTION('',(0.,0.,1.));
#17009=DIRECTION('',(-1.,0.,0.));
#17010=DIRECTION('',(0.,0.,1.));
#17011=DIRECTION('',(0.,1.,0.));
#17012=DIRECTION('',(0.,0.,1.));
#17013=DIRECTION('',(0.,1.,0.));
#17014=DIRECTION('',(0.,0.,1.));
#17015=DIRECTION('',(0.,1.,0.));
#17016=DIRECTION('',(0.,0.,1.));
#17017=DIRECTION('',(0.,1.,0.));
#17018=DIRECTION('',(0.,1.,0.));
#17019=DIRECTION('',(0.,1.,0.));
#17020=DIRECTION('',(0.,0.,1.));
#17021=DIRECTION('',(0.,1.,0.));
#17022=DIRECTION('',(0.,0.,1.));
#17023=DIRECTION('',(0.,1.,0.));
#17024=DIRECTION('',(0.,1.,0.));
#17025=DIRECTION('',(0.,1.,0.));
#17026=DIRECTION('',(0.,0.,1.));
#17027=DIRECTION('',(0.,1.,0.));
#17028=DIRECTION('',(0.,0.,1.));
#17029=DIRECTION('',(0.,1.,0.));
#17030=DIRECTION('',(0.,0.,-1.));
#17031=DIRECTION('',(-1.,0.,0.));
#17032=DIRECTION('',(1.,0.,0.));
#17033=DIRECTION('',(0.,0.,1.));
#17034=DIRECTION('',(1.,0.,0.));
#17035=DIRECTION('',(1.,0.,0.));
#17036=DIRECTION('',(0.,-1.,0.));
#17037=DIRECTION('',(0.,-1.,0.));
#17038=DIRECTION('',(-1.,0.,0.));
#17039=DIRECTION('',(0.,0.,1.));
#17040=DIRECTION('',(0.,0.,1.));
#17041=DIRECTION('',(0.,-1.,0.));
#17042=DIRECTION('',(-1.73472347597681E-16,0.,-1.));
#17043=DIRECTION('',(-1.,0.,1.73472347597681E-16));
#17044=DIRECTION('',(-1.,0.,1.73472347597681E-16));
#17045=DIRECTION('',(0.,-1.,0.));
#17046=DIRECTION('',(-1.,0.,0.));
#17047=DIRECTION('',(0.,0.,1.));
#17048=DIRECTION('',(0.,0.,1.));
#17049=DIRECTION('',(0.,-1.,0.));
#17050=DIRECTION('',(0.,0.,-1.));
#17051=DIRECTION('',(-1.,0.,0.));
#17052=DIRECTION('',(-1.,0.,0.));
#17053=DIRECTION('',(0.,-1.,0.));
#17054=DIRECTION('',(1.,0.,0.));
#17055=DIRECTION('',(0.,0.,-1.));
#17056=DIRECTION('',(0.,-1.,0.));
#17057=DIRECTION('',(0.,0.,-1.));
#17058=DIRECTION('',(-1.73472347597681E-16,0.,1.));
#17059=DIRECTION('',(1.,0.,1.73472347597681E-16));
#17060=DIRECTION('',(1.,0.,1.73472347597681E-16));
#17061=DIRECTION('',(0.,-1.,0.));
#17062=DIRECTION('',(-1.,0.,0.));
#17063=DIRECTION('',(0.,0.,1.));
#17064=DIRECTION('',(0.,0.,1.));
#17065=DIRECTION('',(0.,-1.,0.));
#17066=DIRECTION('',(0.,0.,-1.));
#17067=DIRECTION('',(-1.,0.,0.));
#17068=DIRECTION('',(-1.,0.,0.));
#17069=DIRECTION('',(0.,-1.,0.));
#17070=DIRECTION('',(0.,0.,-1.));
#17071=DIRECTION('',(-1.,0.,0.));
#17072=DIRECTION('',(0.,-1.,0.));
#17073=DIRECTION('',(-1.,0.,0.));
#17074=DIRECTION('',(0.,0.,-1.));
#17075=DIRECTION('',(-1.,0.,0.));
#17076=DIRECTION('',(0.,0.,-1.));
#17077=DIRECTION('',(-1.,0.,0.));
#17078=DIRECTION('',(0.,0.,-1.));
#17079=DIRECTION('',(-3.921644546745E-16,0.,1.));
#17080=DIRECTION('',(1.,0.,3.921644546745E-16));
#17081=DIRECTION('',(-3.921644546745E-16,0.,1.));
#17082=DIRECTION('',(1.,0.,3.921644546745E-16));
#17083=DIRECTION('',(-1.,0.,-3.921644546745E-16));
#17084=DIRECTION('',(0.,-1.,0.));
#17085=DIRECTION('',(1.,0.,0.));
#17086=DIRECTION('',(0.,0.,-1.));
#17087=DIRECTION('',(0.,0.,-1.));
#17088=DIRECTION('',(0.,0.,1.));
#17089=DIRECTION('',(0.,-1.,0.));
#17090=DIRECTION('',(0.,0.,-1.));
#17091=DIRECTION('',(-1.,0.,0.));
#17092=DIRECTION('',(-1.,0.,0.));
#17093=DIRECTION('',(0.,-1.,0.));
#17094=DIRECTION('',(-1.,0.,0.));
#17095=DIRECTION('',(0.,0.,1.));
#17096=DIRECTION('',(0.,0.,1.));
#17097=DIRECTION('',(0.,-1.,0.));
#17098=DIRECTION('',(0.,-1.,0.));
#17099=DIRECTION('',(0.,0.,1.));
#17100=DIRECTION('',(3.921644546745E-16,0.,1.));
#17101=DIRECTION('',(1.,0.,-3.921644546745E-16));
#17102=DIRECTION('',(1.,0.,-3.921644546745E-16));
#17103=DIRECTION('',(3.921644546745E-16,0.,1.));
#17104=DIRECTION('',(1.,0.,-3.921644546745E-16));
#17105=DIRECTION('',(0.,0.,1.));
#17106=DIRECTION('',(1.,0.,0.));
#17107=DIRECTION('',(0.,0.,1.));
#17108=DIRECTION('',(0.,0.,-1.));
#17109=DIRECTION('',(-1.,0.,0.));
#17110=DIRECTION('',(0.,0.,-1.));
#17111=DIRECTION('',(-1.,0.,0.));
#17112=DIRECTION('',(-1.,0.,0.));
#17113=DIRECTION('',(0.,0.,1.));
#17114=DIRECTION('',(1.,0.,0.));
#17115=DIRECTION('',(1.,0.,0.));
#17116=DIRECTION('',(0.,-1.,0.));
#17117=DIRECTION('',(0.,-1.,0.));
#17118=DIRECTION('',(-1.,0.,0.));
#17119=DIRECTION('',(0.,0.,1.));
#17120=DIRECTION('',(0.,0.,1.));
#17121=DIRECTION('',(0.,-1.,0.));
#17122=DIRECTION('',(-1.73472347597681E-16,0.,-1.));
#17123=DIRECTION('',(-1.,0.,1.73472347597681E-16));
#17124=DIRECTION('',(-1.,0.,1.73472347597681E-16));
#17125=DIRECTION('',(0.,-1.,0.));
#17126=DIRECTION('',(-1.,0.,0.));
#17127=DIRECTION('',(0.,0.,1.));
#17128=DIRECTION('',(0.,0.,1.));
#17129=DIRECTION('',(0.,-1.,0.));
#17130=DIRECTION('',(0.,0.,-1.));
#17131=DIRECTION('',(-1.,0.,0.));
#17132=DIRECTION('',(-1.,0.,0.));
#17133=DIRECTION('',(0.,-1.,0.));
#17134=DIRECTION('',(1.,0.,0.));
#17135=DIRECTION('',(0.,0.,-1.));
#17136=DIRECTION('',(0.,-1.,0.));
#17137=DIRECTION('',(0.,0.,-1.));
#17138=DIRECTION('',(-1.73472347597681E-16,0.,1.));
#17139=DIRECTION('',(1.,0.,1.73472347597681E-16));
#17140=DIRECTION('',(1.,0.,1.73472347597681E-16));
#17141=DIRECTION('',(0.,-1.,0.));
#17142=DIRECTION('',(-1.,0.,0.));
#17143=DIRECTION('',(0.,0.,1.));
#17144=DIRECTION('',(0.,0.,1.));
#17145=DIRECTION('',(0.,-1.,0.));
#17146=DIRECTION('',(0.,0.,-1.));
#17147=DIRECTION('',(-1.,0.,0.));
#17148=DIRECTION('',(-1.,0.,0.));
#17149=DIRECTION('',(0.,-1.,0.));
#17150=DIRECTION('',(0.,0.,-1.));
#17151=DIRECTION('',(-1.,0.,0.));
#17152=DIRECTION('',(0.,-1.,0.));
#17153=DIRECTION('',(-1.,0.,0.));
#17154=DIRECTION('',(0.,0.,-1.));
#17155=DIRECTION('',(-1.,0.,0.));
#17156=DIRECTION('',(0.,0.,-1.));
#17157=DIRECTION('',(-1.,0.,0.));
#17158=DIRECTION('',(0.,0.,-1.));
#17159=DIRECTION('',(-3.921644546745E-16,0.,1.));
#17160=DIRECTION('',(1.,0.,3.921644546745E-16));
#17161=DIRECTION('',(-3.921644546745E-16,0.,1.));
#17162=DIRECTION('',(1.,0.,3.921644546745E-16));
#17163=DIRECTION('',(1.,0.,3.921644546745E-16));
#17164=DIRECTION('',(0.,-1.,0.));
#17165=DIRECTION('',(1.,0.,0.));
#17166=DIRECTION('',(0.,0.,-1.));
#17167=DIRECTION('',(0.,0.,-1.));
#17168=DIRECTION('',(0.,0.,-1.));
#17169=DIRECTION('',(0.,-1.,0.));
#17170=DIRECTION('',(0.,0.,-1.));
#17171=DIRECTION('',(-1.,0.,0.));
#17172=DIRECTION('',(-1.,0.,0.));
#17173=DIRECTION('',(0.,-1.,0.));
#17174=DIRECTION('',(-1.,0.,0.));
#17175=DIRECTION('',(0.,0.,1.));
#17176=DIRECTION('',(0.,0.,1.));
#17177=DIRECTION('',(0.,-1.,0.));
#17178=DIRECTION('',(0.,-1.,0.));
#17179=DIRECTION('',(0.,0.,1.));
#17180=DIRECTION('',(3.921644546745E-16,0.,1.));
#17181=DIRECTION('',(1.,0.,-3.921644546745E-16));
#17182=DIRECTION('',(1.,0.,-3.921644546745E-16));
#17183=DIRECTION('',(3.921644546745E-16,0.,1.));
#17184=DIRECTION('',(1.,0.,-3.921644546745E-16));
#17185=DIRECTION('',(0.,0.,1.));
#17186=DIRECTION('',(1.,0.,0.));
#17187=DIRECTION('',(0.,0.,1.));
#17188=DIRECTION('',(0.,0.,-1.));
#17189=DIRECTION('',(-1.,0.,0.));
#17190=DIRECTION('',(0.,0.,-1.));
#17191=DIRECTION('',(-1.,0.,0.));
#17192=DIRECTION('',(-1.,0.,0.));
#17193=DIRECTION('',(1.,0.,0.));
#17194=DIRECTION('',(0.,0.,-1.));
#17195=DIRECTION('',(0.,0.,1.));
#17196=DIRECTION('',(1.,0.,0.));
#17197=DIRECTION('',(0.,-1.,-2.00256973702039E-9));
#17198=DIRECTION('',(0.,2.00256973702039E-9,-1.));
#17199=DIRECTION('',(1.,0.,0.));
#17200=DIRECTION('',(0.,0.,-1.));
#17201=DIRECTION('',(0.,0.,-1.));
#17202=DIRECTION('',(-1.,0.,0.));
#17203=DIRECTION('',(0.,0.,1.));
#17204=DIRECTION('',(1.,0.,0.));
#17205=DIRECTION('',(0.,0.,-1.));
#17206=DIRECTION('',(1.,0.,0.));
#17207=DIRECTION('',(0.,0.,-1.));
#17208=DIRECTION('',(1.,0.,0.));
#17209=DIRECTION('',(0.,0.,-1.));
#17210=DIRECTION('',(1.,0.,0.));
#17211=DIRECTION('',(0.,0.,-1.));
#17212=DIRECTION('',(1.,0.,0.));
#17213=DIRECTION('',(0.,0.,-1.));
#17214=DIRECTION('',(0.,1.,6.19544098563146E-16));
#17215=DIRECTION('',(0.,0.,-1.));
#17216=DIRECTION('',(0.,0.,-1.));
#17217=DIRECTION('',(-1.,0.,0.));
#17218=DIRECTION('',(0.,2.10517636871918E-16,-1.));
#17219=DIRECTION('',(0.,1.,2.10517636871918E-16));
#17220=DIRECTION('',(0.,0.,-1.));
#17221=DIRECTION('',(-1.,0.,0.));
#17222=DIRECTION('',(0.,0.,1.));
#17223=DIRECTION('',(0.,-1.,0.));
#17224=DIRECTION('',(1.,0.,0.));
#17225=DIRECTION('',(0.,0.,1.));
#17226=DIRECTION('',(0.,1.,2.30060998627691E-16));
#17227=DIRECTION('',(-1.,0.,0.));
#17228=DIRECTION('',(0.,0.,-1.));
#17229=DIRECTION('',(0.,0.,1.));
#17230=DIRECTION('',(-1.,0.,0.));
#17231=DIRECTION('',(0.,0.,1.));
#17232=DIRECTION('',(1.,0.,0.));
#17233=DIRECTION('',(0.,0.,-1.));
#17234=DIRECTION('',(-1.,0.,0.));
#17235=DIRECTION('',(1.,0.,0.));
#17236=DIRECTION('',(0.,1.,3.15730217308962E-16));
#17237=DIRECTION('',(1.,0.,0.));
#17238=DIRECTION('',(0.,0.,-1.));
#17239=DIRECTION('',(0.,-1.,-3.15730217308962E-16));
#17240=DIRECTION('',(1.,0.,0.));
#17241=DIRECTION('',(0.,-1.,-3.15730217308962E-16));
#17242=DIRECTION('',(0.,1.,-1.58542934202613E-15));
#17243=DIRECTION('',(0.,-5.24482747993259E-18,1.));
#17244=DIRECTION('',(0.,1.,0.));
#17245=DIRECTION('',(0.,0.,1.));
#17246=DIRECTION('',(0.,1.,0.));
#17247=DIRECTION('',(0.,0.,1.));
#17248=DIRECTION('',(0.,1.,0.));
#17249=DIRECTION('',(0.,0.,1.));
#17250=DIRECTION('',(1.,0.,0.));
#17251=DIRECTION('',(0.,0.,1.));
#17252=DIRECTION('',(1.,0.,0.));
#17253=DIRECTION('',(0.,0.,-1.));
#17254=DIRECTION('',(-1.,0.,0.));
#17255=DIRECTION('',(0.,0.,-1.));
#17256=DIRECTION('',(-1.,0.,0.));
#17257=DIRECTION('',(0.,0.,-1.));
#17258=DIRECTION('',(-1.,0.,0.));
#17259=DIRECTION('',(0.,1.,0.));
#17260=DIRECTION('',(1.,0.,0.));
#17261=DIRECTION('',(0.,-1.,0.));
#17262=DIRECTION('',(-1.,0.,0.));
#17263=DIRECTION('',(-0.70710678118655,0.,-0.707106781186546));
#17264=DIRECTION('',(0.,-1.,0.));
#17265=DIRECTION('',(0.707106781186546,-3.40731870374082E-16,-0.70710678118655));
#17266=DIRECTION('',(0.,-1.,0.));
#17267=DIRECTION('',(-0.707106781186546,0.,0.70710678118655));
#17268=DIRECTION('',(0.,1.,0.));
#17269=DIRECTION('',(0.70710678118655,0.,-0.707106781186546));
#17270=DIRECTION('',(0.,1.,0.));
#17271=DIRECTION('',(-0.707106781186546,0.,-0.70710678118655));
#17272=DIRECTION('',(0.,1.,0.));
#17273=DIRECTION('',(0.707106781186546,-3.40731870374082E-16,0.70710678118655));
#17274=DIRECTION('',(0.,-1.,0.));
#17275=DIRECTION('',(0.,0.,-1.));
#17276=DIRECTION('',(-1.,0.,0.));
#17277=DIRECTION('',(1.,0.,0.));
#17278=DIRECTION('',(-1.,4.8186763221578E-16,0.));
#17279=DIRECTION('',(-0.70710678118655,0.,-0.707106781186546));
#17280=DIRECTION('',(0.,-1.,0.));
#17281=DIRECTION('',(0.707106781186546,-3.40731870374082E-16,-0.70710678118655));
#17282=DIRECTION('',(0.,-1.,0.));
#17283=DIRECTION('',(-0.707106781186546,0.,0.70710678118655));
#17284=DIRECTION('',(0.,1.,0.));
#17285=DIRECTION('',(0.70710678118655,0.,-0.707106781186546));
#17286=DIRECTION('',(0.,1.,0.));
#17287=DIRECTION('',(-0.707106781186546,0.,-0.70710678118655));
#17288=DIRECTION('',(0.,1.,0.));
#17289=DIRECTION('',(0.707106781186546,-3.40731870374082E-16,0.70710678118655));
#17290=DIRECTION('',(0.,-1.,0.));
#17291=DIRECTION('',(0.,0.,-1.));
#17292=DIRECTION('',(-1.,0.,0.));
#17293=DIRECTION('',(1.,0.,0.));
#17294=DIRECTION('',(-1.,4.8186763221578E-16,0.));
#17295=DIRECTION('',(-0.70710678118655,0.,-0.707106781186546));
#17296=DIRECTION('',(0.,-1.,0.));
#17297=DIRECTION('',(0.707106781186546,-3.40731870374082E-16,-0.70710678118655));
#17298=DIRECTION('',(0.,-1.,0.));
#17299=DIRECTION('',(-0.707106781186546,0.,0.70710678118655));
#17300=DIRECTION('',(0.,1.,0.));
#17301=DIRECTION('',(0.70710678118655,0.,-0.707106781186546));
#17302=DIRECTION('',(0.,1.,0.));
#17303=DIRECTION('',(-0.707106781186546,0.,-0.70710678118655));
#17304=DIRECTION('',(0.,1.,0.));
#17305=DIRECTION('',(0.707106781186546,-3.40731870374082E-16,0.70710678118655));
#17306=DIRECTION('',(0.,-1.,0.));
#17307=DIRECTION('',(0.,0.,-1.));
#17308=DIRECTION('',(-1.,0.,0.));
#17309=DIRECTION('',(1.,0.,0.));
#17310=DIRECTION('',(-1.,4.8186763221578E-16,0.));
#17311=DIRECTION('',(-0.70710678118655,0.,-0.707106781186546));
#17312=DIRECTION('',(0.,-1.,0.));
#17313=DIRECTION('',(0.707106781186546,-3.40731870374082E-16,-0.70710678118655));
#17314=DIRECTION('',(0.,-1.,0.));
#17315=DIRECTION('',(-0.707106781186546,0.,0.70710678118655));
#17316=DIRECTION('',(0.,1.,0.));
#17317=DIRECTION('',(0.70710678118655,0.,-0.707106781186546));
#17318=DIRECTION('',(0.,1.,0.));
#17319=DIRECTION('',(-0.707106781186546,0.,-0.70710678118655));
#17320=DIRECTION('',(0.,1.,0.));
#17321=DIRECTION('',(0.707106781186546,-3.40731870374082E-16,0.70710678118655));
#17322=DIRECTION('',(0.,-1.,0.));
#17323=DIRECTION('',(0.,0.,-1.));
#17324=DIRECTION('',(-1.,0.,0.));
#17325=DIRECTION('',(1.,0.,0.));
#17326=DIRECTION('',(-1.,4.8186763221578E-16,0.));
#17327=DIRECTION('',(0.,0.,-1.));
#17328=DIRECTION('',(-1.,0.,0.));
#17329=DIRECTION('',(0.,1.,0.));
#17330=DIRECTION('',(1.,0.,0.));
#17331=DIRECTION('',(0.,-1.,0.));
#17332=DIRECTION('',(-1.,0.,0.));
#17333=DIRECTION('',(1.,0.,0.));
#17334=DIRECTION('',(0.,0.,-1.));
#17335=DIRECTION('',(-1.,0.,0.));
#17336=DIRECTION('',(1.,0.,0.));
#17337=DIRECTION('',(0.,0.,1.));
#17338=DIRECTION('',(1.,0.,0.));
#17339=DIRECTION('',(0.,2.70899084688495E-16,-1.));
#17340=DIRECTION('',(0.,1.,2.70899084688495E-16));
#17341=DIRECTION('',(0.,1.,2.70899084688495E-16));
#17342=DIRECTION('',(1.,0.,0.));
#17343=DIRECTION('',(0.,1.,2.70899084688495E-16));
#17344=DIRECTION('',(-1.,0.,0.));
#17345=DIRECTION('',(-1.,0.,0.));
#17346=DIRECTION('',(0.,0.,-1.));
#17347=DIRECTION('',(1.,0.,0.));
#17348=DIRECTION('',(1.,0.,0.));
#17349=DIRECTION('',(0.,0.,1.));
#17350=DIRECTION('',(3.83323354170846E-16,-0.707106781186547,-0.707106781186548));
#17351=DIRECTION('',(-1.,-5.42101086242755E-16,0.));
#17352=DIRECTION('',(0.,-0.707106781186548,0.707106781186547));
#17353=DIRECTION('',(-1.,-5.42101086242755E-16,0.));
#17354=DIRECTION('',(0.,0.707106781186548,-0.707106781186547));
#17355=DIRECTION('',(1.,5.42101086242755E-16,0.));
#17356=DIRECTION('',(0.,0.,1.));
#17357=DIRECTION('',(1.,0.,0.));
#17358=DIRECTION('',(0.,-1.,0.));
#17359=DIRECTION('',(1.,0.,0.));
#17360=DIRECTION('',(0.,1.,0.));
#17361=DIRECTION('',(0.,0.707106781186547,-0.707106781186547));
#17362=DIRECTION('',(1.,0.,0.));
#17363=DIRECTION('',(0.,0.707106781186548,0.707106781186548));
#17364=DIRECTION('',(0.,-0.707106781186548,-0.707106781186548));
#17365=DIRECTION('',(-1.,0.,0.));
#17366=DIRECTION('',(-1.,0.,0.));
#17367=DIRECTION('',(0.,0.,-1.));
#17368=DIRECTION('',(-1.,0.,0.));
#17369=DIRECTION('',(0.,1.,0.));
#17370=DIRECTION('',(-1.,0.,0.));
#17371=DIRECTION('',(-1.,0.,0.));
#17372=DIRECTION('',(0.,0.,-1.));
#17373=DIRECTION('',(-1.,0.,0.));
#17374=DIRECTION('',(0.,0.,-1.));
#17375=DIRECTION('',(1.,0.,0.));
#17376=DIRECTION('',(0.,1.,0.));
#17377=DIRECTION('',(-1.,0.,0.));
#17378=DIRECTION('',(0.,1.,-5.11108369425869E-16));
#17379=DIRECTION('',(0.,1.,0.));
#17380=DIRECTION('',(0.,0.,1.));
#17381=DIRECTION('',(0.,0.,1.));
#17382=DIRECTION('',(-1.,0.,0.));
#17383=DIRECTION('',(0.,0.,1.));
#17384=DIRECTION('',(-1.,0.,0.));
#17385=DIRECTION('',(0.,-1.,0.));
#17386=DIRECTION('',(-1.,0.,0.));
#17387=DIRECTION('',(-1.,0.,0.));
#17388=DIRECTION('',(0.,0.,-1.));
#17389=DIRECTION('',(-1.,0.,0.));
#17390=DIRECTION('',(0.,1.,0.));
#17391=DIRECTION('',(-1.,0.,0.));
#17392=DIRECTION('',(0.,1.,0.));
#17393=DIRECTION('',(0.,0.,1.));
#17394=DIRECTION('',(0.,0.,1.));
#17395=DIRECTION('',(-1.,0.,0.));
#17396=DIRECTION('',(-1.,0.,0.));
#17397=DIRECTION('',(0.,0.,-1.));
#17398=DIRECTION('',(-1.,0.,0.));
#17399=DIRECTION('',(0.,1.,0.));
#17400=DIRECTION('',(-1.,0.,0.));
#17401=DIRECTION('',(0.,2.10517636871918E-16,-1.));
#17402=DIRECTION('',(0.,1.,2.10517636871918E-16));
#17403=DIRECTION('',(0.,1.,2.10517636871918E-16));
#17404=DIRECTION('',(-1.,0.,0.));
#17405=DIRECTION('',(1.,0.,0.));
#17406=DIRECTION('',(0.,0.,1.));
#17407=DIRECTION('',(-1.,0.,0.));
#17408=DIRECTION('',(1.,0.,0.));
#17409=DIRECTION('',(0.,0.,-1.));
#17410=DIRECTION('',(0.,-1.,0.));
#17411=DIRECTION('',(0.,0.,-1.));
#17412=DIRECTION('',(-1.,0.,0.));
#17413=DIRECTION('',(0.,0.,-1.));
#17414=DIRECTION('',(-1.,0.,0.));
#17415=DIRECTION('',(0.,0.,-1.));
#17416=DIRECTION('',(-1.,0.,0.));
#17417=DIRECTION('',(1.,0.,0.));
#17418=DIRECTION('',(0.,0.,-1.));
#17419=DIRECTION('',(0.,0.,-1.));
#17420=DIRECTION('',(1.,0.,0.));
#17421=DIRECTION('',(0.,1.,0.));
#17422=DIRECTION('',(0.,0.,-1.));
#17423=DIRECTION('',(-1.,0.,0.));
#17424=DIRECTION('',(0.,0.,1.));
#17425=DIRECTION('',(1.,0.,0.));
#17426=DIRECTION('',(-0.707106781186547,0.,0.707106781186547));
#17427=DIRECTION('',(-0.707106781186547,0.,-0.707106781186547));
#17428=DIRECTION('',(0.,0.,1.));
#17429=DIRECTION('',(0.,0.,1.));
#17430=DIRECTION('',(0.,1.,0.));
#17431=DIRECTION('',(0.,0.,1.));
#17432=DIRECTION('',(-1.,0.,0.));
#17433=DIRECTION('',(0.,0.,-1.));
#17434=DIRECTION('',(1.,0.,0.));
#17435=DIRECTION('',(0.,0.,-1.));
#17436=DIRECTION('',(1.,0.,0.));
#17437=DIRECTION('',(1.,0.,0.));
#17438=DIRECTION('',(-1.,0.,0.));
#17439=DIRECTION('',(0.,-1.,0.));
#17440=DIRECTION('',(0.,-1.,0.));
#17441=DIRECTION('',(0.,0.,-1.));
#17442=DIRECTION('',(1.,0.,0.));
#17443=DIRECTION('',(0.,0.,-1.));
#17444=DIRECTION('',(-1.,0.,0.));
#17445=DIRECTION('',(0.,0.,1.));
#17446=DIRECTION('',(1.,0.,0.));
#17447=DIRECTION('',(-1.,0.,0.));
#17448=DIRECTION('',(0.,0.,1.));
#17449=DIRECTION('',(0.,2.10517636871918E-16,-1.));
#17450=DIRECTION('',(0.,1.,2.10517636871918E-16));
#17451=DIRECTION('',(0.,1.,2.10517636871918E-16));
#17452=DIRECTION('',(1.,0.,0.));
#17453=DIRECTION('',(1.,0.,0.));
#17454=DIRECTION('',(0.,0.,-1.));
#17455=DIRECTION('',(-1.,0.,0.));
#17456=DIRECTION('',(0.,1.,0.));
#17457=DIRECTION('',(1.,0.,0.));
#17458=DIRECTION('',(0.,1.,0.));
#17459=DIRECTION('',(0.,0.,1.));
#17460=DIRECTION('',(0.,0.,1.));
#17461=DIRECTION('',(1.,0.,0.));
#17462=DIRECTION('',(1.,0.,0.));
#17463=DIRECTION('',(0.,0.,-1.));
#17464=DIRECTION('',(-1.,0.,0.));
#17465=DIRECTION('',(0.,1.,0.));
#17466=DIRECTION('',(1.,0.,0.));
#17467=DIRECTION('',(0.,0.,1.));
#17468=DIRECTION('',(1.,0.,0.));
#17469=DIRECTION('',(0.,-1.,0.));
#17470=DIRECTION('',(1.,0.,0.));
#17471=DIRECTION('',(0.,1.,0.));
#17472=DIRECTION('',(0.,0.,1.));
#17473=DIRECTION('',(1.,0.,0.));
#17474=DIRECTION('',(0.,0.,1.));
#17475=DIRECTION('',(0.,0.,-1.));
#17476=DIRECTION('',(-1.,0.,0.));
#17477=DIRECTION('',(0.,1.,0.));
#17478=DIRECTION('',(1.,0.,0.));
#17479=DIRECTION('',(0.,1.,-5.11108369425869E-16));
#17480=DIRECTION('',(1.,0.,0.));
#17481=DIRECTION('',(0.,0.,-1.));
#17482=DIRECTION('',(-1.,0.,0.));
#17483=DIRECTION('',(0.,1.,0.));
#17484=DIRECTION('',(1.,0.,0.));
#17485=DIRECTION('',(-1.,0.,0.));
#17486=DIRECTION('',(0.,0.,-1.));
#17487=DIRECTION('',(0.,0.707106781186548,-0.707106781186547));
#17488=DIRECTION('',(0.,0.707106781186547,0.707106781186548));
#17489=DIRECTION('',(0.,-0.707106781186547,-0.707106781186548));
#17490=DIRECTION('',(-1.,0.,0.));
#17491=DIRECTION('',(0.,0.707106781186547,0.707106781186548));
#17492=DIRECTION('',(1.,0.,0.));
#17493=DIRECTION('',(0.,0.,-1.));
#17494=DIRECTION('',(-1.,0.,0.));
#17495=DIRECTION('',(0.,-1.,0.));
#17496=DIRECTION('',(-1.,0.,0.));
#17497=DIRECTION('',(0.,1.,0.));
#17498=DIRECTION('',(0.,-0.707106781186548,-0.707106781186547));
#17499=DIRECTION('',(0.,0.707106781186547,-0.707106781186548));
#17500=DIRECTION('',(0.,0.707106781186547,-0.707106781186548));
#17501=DIRECTION('',(1.,0.,0.));
#17502=DIRECTION('',(0.,-0.707106781186547,0.707106781186548));
#17503=DIRECTION('',(0.,0.,-1.));
#17504=DIRECTION('',(-1.,0.,0.));
#17505=DIRECTION('',(-0.707106781186547,0.,-0.707106781186547));
#17506=DIRECTION('',(-0.707106781186547,0.,0.707106781186547));
#17507=DIRECTION('',(0.,0.,-1.));
#17508=DIRECTION('',(0.,0.,-1.));
#17509=DIRECTION('',(-1.,0.,0.));
#17510=DIRECTION('',(0.,0.,-1.));
#17511=DIRECTION('',(-1.,0.,0.));
#17512=DIRECTION('',(0.,1.,0.));
#17513=DIRECTION('',(0.,0.,-1.));
#17514=DIRECTION('',(-1.,0.,0.));
#17515=DIRECTION('',(0.,0.,-1.));
#17516=DIRECTION('',(0.,1.,0.));
#17517=DIRECTION('',(0.,1.,0.));
#17518=DIRECTION('',(1.,0.,0.));
#17519=DIRECTION('',(0.,-1.,0.));
#17520=DIRECTION('',(0.,0.,-1.));
#17521=DIRECTION('',(-1.,0.,0.));
#17522=DIRECTION('',(-1.,0.,0.));
#17523=DIRECTION('',(0.,1.,0.));
#17524=DIRECTION('',(0.,0.,-1.));
#17525=DIRECTION('',(0.,-1.,0.));
#17526=DIRECTION('',(0.,-1.,0.));
#17527=DIRECTION('',(0.,0.,1.));
#17528=DIRECTION('',(1.,0.,0.));
#17529=DIRECTION('',(0.,0.,1.));
#17530=DIRECTION('',(1.,0.,0.));
#17531=DIRECTION('',(0.,0.,1.));
#17532=DIRECTION('',(1.,0.,0.));
#17533=DIRECTION('',(0.,0.,-1.));
#17534=DIRECTION('',(-1.,0.,0.));
#17535=DIRECTION('',(0.,-1.,0.));
#17536=DIRECTION('',(-1.,0.,0.));
#17537=DIRECTION('',(0.,1.,0.));
#17538=DIRECTION('',(0.,0.,-1.));
#17539=DIRECTION('',(0.,-1.,0.));
#17540=DIRECTION('',(0.,0.,-1.));
#17541=DIRECTION('',(-1.,0.,0.));
#17542=DIRECTION('',(0.,1.,0.));
#17543=DIRECTION('',(1.,0.,0.));
#17544=DIRECTION('',(0.,-1.,0.));
#17545=DIRECTION('',(0.,0.,-1.));
#17546=DIRECTION('',(0.,1.,0.));
#17547=DIRECTION('',(0.,0.,1.));
#17548=DIRECTION('',(1.,0.,0.));
#17549=DIRECTION('',(0.,0.,-1.));
#17550=DIRECTION('',(-1.,0.,0.));
#17551=DIRECTION('',(0.,0.,-1.));
#17552=DIRECTION('',(-1.,0.,0.));
#17553=DIRECTION('',(0.,0.,1.));
#17554=DIRECTION('',(1.,0.,0.));
#17555=DIRECTION('',(1.,0.,0.));
#17556=DIRECTION('',(0.,-1.,0.));
#17557=DIRECTION('',(-1.,0.,0.));
#17558=DIRECTION('',(0.,1.,0.));
#17559=DIRECTION('',(0.,0.,1.));
#17560=DIRECTION('',(1.,0.,0.));
#17561=DIRECTION('',(0.,-1.,0.));
#17562=DIRECTION('',(-1.,0.,0.));
#17563=DIRECTION('',(0.,1.,0.));
#17564=DIRECTION('',(1.,0.,0.));
#17565=DIRECTION('',(0.,0.,-1.));
#17566=DIRECTION('',(-1.,0.,0.));
#17567=DIRECTION('',(-1.,0.,0.));
#17568=DIRECTION('',(0.,1.,0.));
#17569=DIRECTION('',(1.,0.,0.));
#17570=DIRECTION('',(0.,-1.,0.));
#17571=DIRECTION('',(-0.70710678118655,0.,-0.707106781186546));
#17572=DIRECTION('',(0.,-1.,0.));
#17573=DIRECTION('',(0.707106781186546,-3.40731870374082E-16,-0.70710678118655));
#17574=DIRECTION('',(0.,-1.,0.));
#17575=DIRECTION('',(-0.707106781186546,0.,0.70710678118655));
#17576=DIRECTION('',(0.,1.,0.));
#17577=DIRECTION('',(0.70710678118655,0.,-0.707106781186546));
#17578=DIRECTION('',(0.,1.,0.));
#17579=DIRECTION('',(-0.707106781186546,0.,-0.70710678118655));
#17580=DIRECTION('',(0.,1.,0.));
#17581=DIRECTION('',(0.707106781186546,-3.40731870374082E-16,0.70710678118655));
#17582=DIRECTION('',(0.,-1.,0.));
#17583=DIRECTION('',(0.,0.,-1.));
#17584=DIRECTION('',(-1.,0.,0.));
#17585=DIRECTION('',(1.,0.,0.));
#17586=DIRECTION('',(-1.,4.8186763221578E-16,0.));
#17587=DIRECTION('',(-0.70710678118655,0.,-0.707106781186546));
#17588=DIRECTION('',(0.,-1.,0.));
#17589=DIRECTION('',(0.707106781186546,-3.40731870374082E-16,-0.70710678118655));
#17590=DIRECTION('',(0.,-1.,0.));
#17591=DIRECTION('',(-0.707106781186546,0.,0.70710678118655));
#17592=DIRECTION('',(0.,1.,0.));
#17593=DIRECTION('',(0.70710678118655,0.,-0.707106781186546));
#17594=DIRECTION('',(0.,1.,0.));
#17595=DIRECTION('',(-0.707106781186546,0.,-0.70710678118655));
#17596=DIRECTION('',(0.,1.,0.));
#17597=DIRECTION('',(0.707106781186546,-3.40731870374082E-16,0.70710678118655));
#17598=DIRECTION('',(0.,-1.,0.));
#17599=DIRECTION('',(0.,0.,-1.));
#17600=DIRECTION('',(-1.,0.,0.));
#17601=DIRECTION('',(1.,0.,0.));
#17602=DIRECTION('',(-1.,4.8186763221578E-16,0.));
#17603=DIRECTION('',(-0.70710678118655,0.,-0.707106781186546));
#17604=DIRECTION('',(0.,-1.,0.));
#17605=DIRECTION('',(0.707106781186546,-3.40731870374082E-16,-0.70710678118655));
#17606=DIRECTION('',(0.,-1.,0.));
#17607=DIRECTION('',(-0.707106781186546,0.,0.70710678118655));
#17608=DIRECTION('',(0.,1.,0.));
#17609=DIRECTION('',(0.70710678118655,0.,-0.707106781186546));
#17610=DIRECTION('',(0.,1.,0.));
#17611=DIRECTION('',(-0.707106781186546,0.,-0.70710678118655));
#17612=DIRECTION('',(0.,1.,0.));
#17613=DIRECTION('',(0.707106781186546,-3.40731870374082E-16,0.70710678118655));
#17614=DIRECTION('',(0.,-1.,0.));
#17615=DIRECTION('',(0.,0.,-1.));
#17616=DIRECTION('',(-1.,0.,0.));
#17617=DIRECTION('',(1.,0.,0.));
#17618=DIRECTION('',(-1.,4.8186763221578E-16,0.));
#17619=DIRECTION('',(-0.70710678118655,0.,-0.707106781186546));
#17620=DIRECTION('',(0.,-1.,0.));
#17621=DIRECTION('',(0.707106781186546,-3.40731870374082E-16,-0.70710678118655));
#17622=DIRECTION('',(0.,-1.,0.));
#17623=DIRECTION('',(-0.707106781186546,0.,0.70710678118655));
#17624=DIRECTION('',(0.,1.,0.));
#17625=DIRECTION('',(0.70710678118655,0.,-0.707106781186546));
#17626=DIRECTION('',(0.,1.,0.));
#17627=DIRECTION('',(-0.707106781186546,0.,-0.70710678118655));
#17628=DIRECTION('',(0.,1.,0.));
#17629=DIRECTION('',(0.707106781186546,-3.40731870374082E-16,0.70710678118655));
#17630=DIRECTION('',(0.,-1.,0.));
#17631=DIRECTION('',(0.,0.,-1.));
#17632=DIRECTION('',(-1.,0.,0.));
#17633=DIRECTION('',(1.,0.,0.));
#17634=DIRECTION('',(-1.,4.8186763221578E-16,0.));
#17635=DIRECTION('',(0.,0.,1.));
#17636=DIRECTION('',(1.,0.,0.));
#17637=DIRECTION('',(1.,0.,0.));
#17638=DIRECTION('',(0.,-1.,0.));
#17639=DIRECTION('',(-1.,0.,0.));
#17640=DIRECTION('',(0.,1.,0.));
#17641=DIRECTION('',(0.,1.,0.));
#17642=DIRECTION('',(0.,0.,1.));
#17643=DIRECTION('',(0.,0.,1.));
#17644=DIRECTION('',(0.,0.,1.));
#17645=DIRECTION('',(1.,0.,0.));
#17646=DIRECTION('',(0.,0.,-1.));
#17647=DIRECTION('',(0.,0.,1.));
#17648=DIRECTION('',(0.,-1.,0.));
#17649=DIRECTION('',(0.,0.,-1.));
#17650=DIRECTION('',(0.,0.,1.));
#17651=DIRECTION('',(-1.,0.,0.));
#17652=DIRECTION('',(0.,0.,1.));
#17653=DIRECTION('',(1.,0.,0.));
#17654=DIRECTION('',(0.,0.,-1.));
#17655=DIRECTION('',(0.,0.,1.));
#17656=DIRECTION('',(0.,0.,1.));
#17657=DIRECTION('',(0.,-1.,0.));
#17658=DIRECTION('',(0.,0.,-1.));
#17659=DIRECTION('',(0.,0.,1.));
#17660=DIRECTION('',(-1.,0.,0.));
#17661=DIRECTION('',(0.,0.,1.));
#17662=DIRECTION('',(0.,0.,1.));
#17663=DIRECTION('',(4.8186763221578E-16,1.,0.));
#17664=DIRECTION('',(-1.,4.8186763221578E-16,0.));
#17665=DIRECTION('',(1.,0.,0.));
#17666=DIRECTION('',(0.,0.,-1.));
#17667=DIRECTION('',(0.,0.,1.));
#17668=DIRECTION('',(0.,0.,1.));
#17669=DIRECTION('',(0.,-1.,0.));
#17670=DIRECTION('',(0.,0.,-1.));
#17671=DIRECTION('',(0.,0.,1.));
#17672=DIRECTION('',(-1.,0.,0.));
#17673=DIRECTION('',(0.,0.,1.));
#17674=DIRECTION('',(0.,0.,1.));
#17675=DIRECTION('',(4.8186763221578E-16,1.,0.));
#17676=DIRECTION('',(-1.,4.8186763221578E-16,0.));
#17677=DIRECTION('',(1.,0.,0.));
#17678=DIRECTION('',(0.,0.,-1.));
#17679=DIRECTION('',(0.,0.,1.));
#17680=DIRECTION('',(0.,0.,1.));
#17681=DIRECTION('',(0.,-1.,0.));
#17682=DIRECTION('',(0.,0.,-1.));
#17683=DIRECTION('',(0.,0.,1.));
#17684=DIRECTION('',(-1.,0.,0.));
#17685=DIRECTION('',(0.,0.,1.));
#17686=DIRECTION('',(0.,0.,1.));
#17687=DIRECTION('',(4.8186763221578E-16,1.,0.));
#17688=DIRECTION('',(-1.,4.8186763221578E-16,0.));
#17689=DIRECTION('',(1.,0.,0.));
#17690=DIRECTION('',(0.,0.,-1.));
#17691=DIRECTION('',(0.,0.,1.));
#17692=DIRECTION('',(0.,0.,1.));
#17693=DIRECTION('',(0.,-1.,0.));
#17694=DIRECTION('',(0.,0.,-1.));
#17695=DIRECTION('',(0.,0.,1.));
#17696=DIRECTION('',(-1.,0.,0.));
#17697=DIRECTION('',(0.,0.,1.));
#17698=DIRECTION('',(0.,0.,1.));
#17699=DIRECTION('',(4.8186763221578E-16,1.,0.));
#17700=DIRECTION('',(-1.,4.8186763221578E-16,0.));
#17701=DIRECTION('',(1.,0.,0.));
#17702=DIRECTION('',(0.,0.,-1.));
#17703=DIRECTION('',(0.,0.,1.));
#17704=DIRECTION('',(0.,0.,1.));
#17705=DIRECTION('',(0.,-1.,0.));
#17706=DIRECTION('',(0.,0.,-1.));
#17707=DIRECTION('',(0.,0.,1.));
#17708=DIRECTION('',(-1.,0.,0.));
#17709=DIRECTION('',(0.,0.,1.));
#17710=DIRECTION('',(0.,0.,1.));
#17711=DIRECTION('',(0.,1.,0.));
#17712=DIRECTION('',(0.,0.,1.));
#17713=DIRECTION('',(0.,1.,0.));
#17714=DIRECTION('',(0.,0.,1.));
#17715=DIRECTION('',(0.,0.,1.));
#17716=DIRECTION('',(0.,0.,1.));
#17717=DIRECTION('',(1.,0.,0.));
#17718=DIRECTION('',(0.,0.,-1.));
#17719=DIRECTION('',(0.,0.,1.));
#17720=DIRECTION('',(0.,-1.,0.));
#17721=DIRECTION('',(0.,0.,-1.));
#17722=DIRECTION('',(0.,0.,1.));
#17723=DIRECTION('',(0.,1.,-1.20318842127446E-15));
#17724=DIRECTION('',(0.,1.20318842127446E-15,1.));
#17725=DIRECTION('',(0.,1.20318842127446E-15,1.));
#17726=DIRECTION('',(0.,1.20318842127446E-15,1.));
#17727=DIRECTION('',(-1.,0.,0.));
#17728=DIRECTION('',(0.,0.,1.));
#17729=DIRECTION('',(0.,0.,1.));
#17730=DIRECTION('',(0.,1.,0.));
#17731=DIRECTION('',(0.,0.,1.));
#17732=DIRECTION('',(0.,0.,1.));
#17733=DIRECTION('',(1.,0.,0.));
#17734=DIRECTION('',(0.,0.,1.));
#17735=DIRECTION('',(0.,1.20318842127446E-15,1.));
#17736=DIRECTION('',(0.,1.,-1.20318842127446E-15));
#17737=DIRECTION('',(0.,1.20318842127446E-15,1.));
#17738=DIRECTION('',(0.,1.20318842127446E-15,1.));
#17739=DIRECTION('',(0.,1.,0.));
#17740=DIRECTION('',(0.,0.,1.));
#17741=DIRECTION('',(0.,0.,1.));
#17742=DIRECTION('',(0.,0.,1.));
#17743=DIRECTION('',(1.,0.,0.));
#17744=DIRECTION('',(0.,0.,-1.));
#17745=DIRECTION('',(0.,0.,1.));
#17746=DIRECTION('',(5.42101086242755E-16,-1.,0.));
#17747=DIRECTION('',(1.,5.42101086242755E-16,0.));
#17748=DIRECTION('',(0.,0.,1.));
#17749=DIRECTION('',(1.,0.,0.));
#17750=DIRECTION('',(0.,0.,-1.));
#17751=DIRECTION('',(-1.,0.,0.));
#17752=DIRECTION('',(0.,0.,1.));
#17753=DIRECTION('',(-1.,0.,0.));
#17754=DIRECTION('',(0.,0.,1.));
#17755=DIRECTION('',(-1.,0.,0.));
#17756=DIRECTION('',(0.,0.,1.));
#17757=DIRECTION('',(0.,0.,1.));
#17758=DIRECTION('',(0.,0.,1.));
#17759=DIRECTION('',(0.,1.,0.));
#17760=DIRECTION('',(0.,0.,1.));
#17761=DIRECTION('',(0.,0.,1.));
#17762=DIRECTION('',(1.,0.,0.));
#17763=DIRECTION('',(0.,0.,-1.));
#17764=DIRECTION('',(0.,0.,1.));
#17765=DIRECTION('',(1.,0.,0.));
#17766=DIRECTION('',(0.,0.,-1.));
#17767=DIRECTION('',(0.,0.,1.));
#17768=DIRECTION('',(0.,0.,1.));
#17769=DIRECTION('',(1.,0.,0.));
#17770=DIRECTION('',(0.,0.,-1.));
#17771=DIRECTION('',(0.,0.,1.));
#17772=DIRECTION('',(0.,0.,1.));
#17773=DIRECTION('',(0.,-1.,0.));
#17774=DIRECTION('',(0.,0.,-1.));
#17775=DIRECTION('',(0.,0.,1.));
#17776=DIRECTION('',(-1.,0.,0.));
#17777=DIRECTION('',(0.,0.,1.));
#17778=DIRECTION('',(0.,0.,1.));
#17779=DIRECTION('',(0.,0.,1.));
#17780=DIRECTION('',(1.,0.,0.));
#17781=DIRECTION('',(0.,0.,1.));
#17782=DIRECTION('',(-1.,0.,0.));
#17783=DIRECTION('',(0.,0.,1.));
#17784=DIRECTION('',(0.,0.,1.));
#17785=DIRECTION('',(0.,0.,1.));
#17786=DIRECTION('',(1.,0.,0.));
#17787=DIRECTION('',(1.,0.,0.));
#17788=DIRECTION('',(0.,0.,-1.));
#17789=DIRECTION('',(0.,0.,1.));
#17790=DIRECTION('',(0.,0.,1.));
#17791=DIRECTION('',(0.,-1.,0.));
#17792=DIRECTION('',(0.,0.,-1.));
#17793=DIRECTION('',(0.,0.,1.));
#17794=DIRECTION('',(-1.,0.,0.));
#17795=DIRECTION('',(0.,0.,1.));
#17796=DIRECTION('',(0.,0.,1.));
#17797=DIRECTION('',(1.,-2.34129966667896E-16,0.));
#17798=DIRECTION('',(2.34129966667896E-16,1.,0.));
#17799=DIRECTION('',(0.,0.,1.));
#17800=DIRECTION('',(0.,0.,1.));
#17801=DIRECTION('',(-1.,0.,0.));
#17802=DIRECTION('',(0.,0.,1.));
#17803=DIRECTION('',(0.,0.,1.));
#17804=DIRECTION('',(0.,0.,1.));
#17805=DIRECTION('',(0.,1.,0.));
#17806=DIRECTION('',(0.,0.,1.));
#17807=DIRECTION('',(0.,0.,1.));
#17808=DIRECTION('',(1.,0.,0.));
#17809=DIRECTION('',(0.,0.,-1.));
#17810=DIRECTION('',(0.,0.,1.));
#17811=DIRECTION('',(0.,0.,1.));
#17812=DIRECTION('',(1.,0.,0.));
#17813=DIRECTION('',(0.,0.,1.));
#17814=DIRECTION('',(-1.,2.34129966667896E-16,0.));
#17815=DIRECTION('',(-2.34129966667896E-16,-1.,0.));
#17816=DIRECTION('',(0.,0.,1.));
#17817=DIRECTION('',(0.,0.,1.));
#17818=DIRECTION('',(1.,0.,0.));
#17819=DIRECTION('',(-1.,0.,0.));
#17820=DIRECTION('',(0.,0.,1.));
#17821=DIRECTION('',(0.,0.,1.));
#17822=DIRECTION('',(0.,0.,1.));
#17823=DIRECTION('',(0.,1.,0.));
#17824=DIRECTION('',(0.,0.,1.));
#17825=DIRECTION('',(0.,0.,1.));
#17826=DIRECTION('',(1.,0.,0.));
#17827=DIRECTION('',(0.,0.,-1.));
#17828=DIRECTION('',(0.,0.,1.));
#17829=DIRECTION('',(0.,-1.,0.));
#17830=DIRECTION('',(0.,0.,-1.));
#17831=DIRECTION('',(0.,1.,0.));
#17832=DIRECTION('',(0.,0.,1.));
#17833=DIRECTION('',(0.,0.,1.));
#17834=DIRECTION('',(0.,0.,1.));
#17835=DIRECTION('',(1.,0.,0.));
#17836=DIRECTION('',(0.,0.,-1.));
#17837=DIRECTION('',(0.,0.,1.));
#17838=DIRECTION('',(0.,-1.,0.));
#17839=DIRECTION('',(0.,0.,-1.));
#17840=DIRECTION('',(0.,0.,1.));
#17841=DIRECTION('',(-1.,0.,0.));
#17842=DIRECTION('',(0.,0.,1.));
#17843=DIRECTION('',(0.,1.,0.));
#17844=DIRECTION('',(0.,0.,1.));
#17845=DIRECTION('',(0.,0.,1.));
#17846=DIRECTION('',(0.,0.,1.));
#17847=DIRECTION('',(1.,0.,0.));
#17848=DIRECTION('',(0.,0.,-1.));
#17849=DIRECTION('',(0.,0.,1.));
#17850=DIRECTION('',(0.,-1.,0.));
#17851=DIRECTION('',(0.,0.,-1.));
#17852=DIRECTION('',(0.,0.,1.));
#17853=DIRECTION('',(-1.,0.,0.));
#17854=DIRECTION('',(0.,0.,1.));
#17855=DIRECTION('',(1.,0.,0.));
#17856=DIRECTION('',(0.,0.,-1.));
#17857=DIRECTION('',(0.,0.,1.));
#17858=DIRECTION('',(0.,0.,1.));
#17859=DIRECTION('',(0.,-1.,0.));
#17860=DIRECTION('',(0.,0.,-1.));
#17861=DIRECTION('',(0.,0.,1.));
#17862=DIRECTION('',(-1.,0.,0.));
#17863=DIRECTION('',(0.,0.,1.));
#17864=DIRECTION('',(0.,0.,1.));
#17865=DIRECTION('',(4.8186763221578E-16,1.,0.));
#17866=DIRECTION('',(-1.,4.8186763221578E-16,0.));
#17867=DIRECTION('',(1.,0.,0.));
#17868=DIRECTION('',(0.,0.,-1.));
#17869=DIRECTION('',(0.,0.,1.));
#17870=DIRECTION('',(0.,0.,1.));
#17871=DIRECTION('',(0.,-1.,0.));
#17872=DIRECTION('',(0.,0.,-1.));
#17873=DIRECTION('',(0.,0.,1.));
#17874=DIRECTION('',(-1.,0.,0.));
#17875=DIRECTION('',(0.,0.,1.));
#17876=DIRECTION('',(0.,0.,1.));
#17877=DIRECTION('',(4.8186763221578E-16,1.,0.));
#17878=DIRECTION('',(-1.,4.8186763221578E-16,0.));
#17879=DIRECTION('',(1.,0.,0.));
#17880=DIRECTION('',(0.,0.,-1.));
#17881=DIRECTION('',(0.,0.,1.));
#17882=DIRECTION('',(0.,0.,1.));
#17883=DIRECTION('',(0.,-1.,0.));
#17884=DIRECTION('',(0.,0.,-1.));
#17885=DIRECTION('',(0.,0.,1.));
#17886=DIRECTION('',(-1.,0.,0.));
#17887=DIRECTION('',(0.,0.,1.));
#17888=DIRECTION('',(0.,0.,1.));
#17889=DIRECTION('',(4.8186763221578E-16,1.,0.));
#17890=DIRECTION('',(-1.,4.8186763221578E-16,0.));
#17891=DIRECTION('',(1.,0.,0.));
#17892=DIRECTION('',(0.,0.,-1.));
#17893=DIRECTION('',(0.,0.,1.));
#17894=DIRECTION('',(0.,0.,1.));
#17895=DIRECTION('',(0.,-1.,0.));
#17896=DIRECTION('',(0.,0.,-1.));
#17897=DIRECTION('',(0.,0.,1.));
#17898=DIRECTION('',(-1.,0.,0.));
#17899=DIRECTION('',(0.,0.,1.));
#17900=DIRECTION('',(0.,0.,1.));
#17901=DIRECTION('',(4.8186763221578E-16,1.,0.));
#17902=DIRECTION('',(-1.,4.8186763221578E-16,0.));
#17903=DIRECTION('',(0.,-1.,0.));
#17904=DIRECTION('',(0.,0.,-1.));
#17905=DIRECTION('',(0.,0.,1.));
#17906=DIRECTION('',(0.,0.,1.));
#17907=DIRECTION('',(-1.,0.,0.));
#17908=DIRECTION('',(0.,0.,1.));
#17909=DIRECTION('',(0.,0.,1.));
#17910=DIRECTION('',(0.,1.,0.));
#17911=DIRECTION('',(0.,0.,1.));
#17912=DIRECTION('',(0.,0.,1.));
#17913=DIRECTION('',(1.,0.,0.));
#17914=DIRECTION('',(0.,0.,-1.));
#17915=DIRECTION('',(1.,0.,0.));
#17916=DIRECTION('',(0.,0.,-1.));
#17917=DIRECTION('',(0.,0.,1.));
#17918=DIRECTION('',(0.,1.,0.));
#17919=DIRECTION('',(0.,0.,1.));
#17920=DIRECTION('',(0.,-1.,0.));
#17921=DIRECTION('',(0.,0.,-1.));
#17922=DIRECTION('',(0.,0.,1.));
#17923=DIRECTION('',(1.,0.,0.));
#17924=DIRECTION('',(0.,0.,1.));
#17925=DIRECTION('',(1.,0.,0.));
#17926=DIRECTION('',(0.,-1.,0.));
#17927=DIRECTION('',(-1.,0.,0.));
#17928=DIRECTION('',(0.,1.,0.));
#17929=DIRECTION('',(0.,0.,1.));
#17930=DIRECTION('',(0.,0.,1.));
#17931=DIRECTION('',(-1.,0.,0.));
#17932=DIRECTION('',(0.,0.,1.));
#17933=CARTESIAN_POINT('',(0.,0.,0.));
#17934=CARTESIAN_POINT('',(3.08,6.93,-9.15));
#17935=CARTESIAN_POINT('',(8.2,6.93,-6.55));
#17936=CARTESIAN_POINT('',(3.08,6.93,-6.55));
#17937=CARTESIAN_POINT('',(3.58,6.93,-6.55));
#17938=CARTESIAN_POINT('',(3.58,6.93,-9.15));
#17939=CARTESIAN_POINT('',(3.58,6.93,-9.15));
#17940=CARTESIAN_POINT('',(3.08,6.93,-9.15));
#17941=CARTESIAN_POINT('',(3.08,6.93,-9.15));
#17942=CARTESIAN_POINT('',(3.08,6.93,-9.15));
#17943=CARTESIAN_POINT('',(3.58,6.68,-9.15));
#17944=CARTESIAN_POINT('',(3.58,7.85,-6.55));
#17945=CARTESIAN_POINT('',(3.58,6.43,-6.55));
#17946=CARTESIAN_POINT('',(3.58,6.43,-9.15));
#17947=CARTESIAN_POINT('',(3.58,6.43,-9.15));
#17948=CARTESIAN_POINT('',(3.58,6.93,-9.15));
#17949=CARTESIAN_POINT('',(7.9,0.,-9.15));
#17950=CARTESIAN_POINT('',(3.58,6.43,-9.15));
#17951=CARTESIAN_POINT('',(3.08,6.43,-9.15));
#17952=CARTESIAN_POINT('',(3.08,6.68,-9.15));
#17953=CARTESIAN_POINT('',(3.08,6.68,-9.15));
#17954=CARTESIAN_POINT('',(3.08,7.85,-6.55));
#17955=CARTESIAN_POINT('',(3.08,6.43,-6.55));
#17956=CARTESIAN_POINT('',(3.08,6.43,-9.15));
#17957=CARTESIAN_POINT('',(3.58,6.43,-9.15));
#17958=CARTESIAN_POINT('',(8.2,6.43,-6.55));
#17959=CARTESIAN_POINT('',(8.2,7.85,-6.55));
#17960=CARTESIAN_POINT('',(11.245,7.85,-6.55));
#17961=CARTESIAN_POINT('',(11.245,-0.084999999999998,-6.55));
#17962=CARTESIAN_POINT('',(11.245,0.265000000000001,-6.55));
#17963=CARTESIAN_POINT('',(8.2,-0.0849999999999965,-6.55));
#17964=CARTESIAN_POINT('',(11.695,-0.085,-6.55));
#17965=CARTESIAN_POINT('',(11.695,7.85,-6.55));
#17966=CARTESIAN_POINT('',(11.695,0.265000000000001,-6.55));
#17967=CARTESIAN_POINT('',(8.2,0.265000000000001,-6.55));
#17968=CARTESIAN_POINT('',(4.105,7.85,-6.55));
#17969=CARTESIAN_POINT('',(4.105,1.695,-6.55));
#17970=CARTESIAN_POINT('',(4.105,2.045,-6.55));
#17971=CARTESIAN_POINT('',(8.2,1.695,-6.55));
#17972=CARTESIAN_POINT('',(4.555,1.695,-6.55));
#17973=CARTESIAN_POINT('',(4.555,7.85,-6.55));
#17974=CARTESIAN_POINT('',(4.555,2.045,-6.55));
#17975=CARTESIAN_POINT('',(8.2,2.045,-6.55));
#17976=CARTESIAN_POINT('',(7.165,7.85,-6.55));
#17977=CARTESIAN_POINT('',(7.165,-0.0849999999999978,-6.55));
#17978=CARTESIAN_POINT('',(7.165,0.265000000000001,-6.55));
#17979=CARTESIAN_POINT('',(8.2,-0.0849999999999983,-6.55));
#17980=CARTESIAN_POINT('',(7.615,-0.085,-6.55));
#17981=CARTESIAN_POINT('',(7.615,7.85,-6.55));
#17982=CARTESIAN_POINT('',(7.615,0.265000000000001,-6.55));
#17983=CARTESIAN_POINT('',(8.2,0.265000000000001,-6.55));
#17984=CARTESIAN_POINT('',(9.205,7.85,-6.55));
#17985=CARTESIAN_POINT('',(9.205,-0.0849999999999988,-6.55));
#17986=CARTESIAN_POINT('',(9.205,0.265000000000001,-6.55));
#17987=CARTESIAN_POINT('',(8.2,-0.0849999999999983,-6.55));
#17988=CARTESIAN_POINT('',(9.655,-0.085,-6.55));
#17989=CARTESIAN_POINT('',(9.655,7.85,-6.55));
#17990=CARTESIAN_POINT('',(9.655,0.265000000000001,-6.55));
#17991=CARTESIAN_POINT('',(8.2,0.265000000000001,-6.55));
#17992=CARTESIAN_POINT('',(1.29,7.85,-6.55));
#17993=CARTESIAN_POINT('',(1.29,6.93,-6.55));
#17994=CARTESIAN_POINT('',(1.29,6.43,-6.55));
#17995=CARTESIAN_POINT('',(8.2,6.93,-6.55));
#17996=CARTESIAN_POINT('',(0.790000000000001,6.93,-6.55));
#17997=CARTESIAN_POINT('',(0.790000000000001,7.85,-6.55));
#17998=CARTESIAN_POINT('',(0.790000000000001,6.43,-6.55));
#17999=CARTESIAN_POINT('',(8.2,6.43,-6.55));
#18000=CARTESIAN_POINT('',(-7.165,1.695,-6.55));
#18001=CARTESIAN_POINT('',(-7.165,1.695,-6.55));
#18002=CARTESIAN_POINT('',(-7.615,1.695,-6.55));
#18003=CARTESIAN_POINT('',(-7.165,7.85,-6.55));
#18004=CARTESIAN_POINT('',(-7.165,2.045,-6.55));
#18005=CARTESIAN_POINT('',(8.2,2.045,-6.55));
#18006=CARTESIAN_POINT('',(-7.615,2.045,-6.55));
#18007=CARTESIAN_POINT('',(-7.615,7.85,-6.55));
#18008=CARTESIAN_POINT('',(-6.145,-0.0849999999999989,-6.55));
#18009=CARTESIAN_POINT('',(-6.145,-0.085,-6.55));
#18010=CARTESIAN_POINT('',(-6.595,-0.0849999999999983,-6.55));
#18011=CARTESIAN_POINT('',(-6.145,7.85,-6.55));
#18012=CARTESIAN_POINT('',(-6.145,0.265000000000001,-6.55));
#18013=CARTESIAN_POINT('',(8.2,0.265000000000001,-6.55));
#18014=CARTESIAN_POINT('',(-6.595,0.265000000000001,-6.55));
#18015=CARTESIAN_POINT('',(-6.595,7.85,-6.55));
#18016=CARTESIAN_POINT('',(-8.185,-0.0849999999999989,-6.55));
#18017=CARTESIAN_POINT('',(-8.185,-0.085,-6.55));
#18018=CARTESIAN_POINT('',(-8.635,-0.0849999999999983,-6.55));
#18019=CARTESIAN_POINT('',(-8.185,7.85,-6.55));
#18020=CARTESIAN_POINT('',(-8.185,0.265000000000001,-6.55));
#18021=CARTESIAN_POINT('',(8.2,0.265000000000001,-6.55));
#18022=CARTESIAN_POINT('',(-8.635,0.265000000000001,-6.55));
#18023=CARTESIAN_POINT('',(-8.635,7.85,-6.55));
#18024=CARTESIAN_POINT('',(-11.245,1.695,-6.55));
#18025=CARTESIAN_POINT('',(-11.245,1.695,-6.55));
#18026=CARTESIAN_POINT('',(-11.695,1.695,-6.55));
#18027=CARTESIAN_POINT('',(-11.245,7.85,-6.55));
#18028=CARTESIAN_POINT('',(-11.245,2.045,-6.55));
#18029=CARTESIAN_POINT('',(8.2,2.045,-6.55));
#18030=CARTESIAN_POINT('',(-11.695,2.045,-6.55));
#18031=CARTESIAN_POINT('',(-11.695,7.85,-6.55));
#18032=CARTESIAN_POINT('',(8.2,6.43,-6.55));
#18033=CARTESIAN_POINT('',(-14.51,6.43,-6.55));
#18034=CARTESIAN_POINT('',(-15.01,6.43,-6.55));
#18035=CARTESIAN_POINT('',(-14.51,7.85,-6.55));
#18036=CARTESIAN_POINT('',(-14.51,6.93,-6.55));
#18037=CARTESIAN_POINT('',(8.2,6.93,-6.55));
#18038=CARTESIAN_POINT('',(-15.01,6.93,-6.55));
#18039=CARTESIAN_POINT('',(-15.01,7.85,-6.55));
#18040=CARTESIAN_POINT('',(16.1,7.85,-6.55));
#18041=CARTESIAN_POINT('',(16.1,0.610000000000001,-6.55));
#18042=CARTESIAN_POINT('',(16.1,-7.64875,-6.55));
#18043=CARTESIAN_POINT('',(8.2,-7.64875,-6.55));
#18044=CARTESIAN_POINT('',(-16.1,-7.64875,-6.55));
#18045=CARTESIAN_POINT('',(-16.1,7.85,-6.55));
#18046=CARTESIAN_POINT('',(-16.1,0.609999999999998,-6.55));
#18047=CARTESIAN_POINT('',(-8.2,0.609999999999998,-6.55));
#18048=CARTESIAN_POINT('',(-15.9,0.609999999999998,-6.55));
#18049=CARTESIAN_POINT('',(-15.9,0.609999999999998,-6.55));
#18050=CARTESIAN_POINT('',(-15.9,1.61,-6.55));
#18051=CARTESIAN_POINT('',(-8.,1.61,-6.55));
#18052=CARTESIAN_POINT('',(-16.1,1.61,-6.55));
#18053=CARTESIAN_POINT('',(-16.1,7.85,-6.55));
#18054=CARTESIAN_POINT('',(-16.1,3.47986189244506,-6.55));
#18055=CARTESIAN_POINT('',(-16.,3.47986189244506,-6.55));
#18056=CARTESIAN_POINT('',(-15.7544518176925,3.47986189244506,-6.55));
#18057=CARTESIAN_POINT('',(-15.7544518176925,7.85,-6.55));
#18058=CARTESIAN_POINT('',(-15.7544518176925,7.39537188988308,-6.55));
#18059=CARTESIAN_POINT('',(-9.61049415839357,7.39537188988308,-6.55));
#18060=CARTESIAN_POINT('',(15.7544518176925,7.39537188988308,-6.55));
#18061=CARTESIAN_POINT('',(15.7544518176925,7.85,-6.55));
#18062=CARTESIAN_POINT('',(15.7544518176925,3.47986189244506,-6.55));
#18063=CARTESIAN_POINT('',(16.,3.47986189244506,-6.55));
#18064=CARTESIAN_POINT('',(16.1,3.47986189244506,-6.55));
#18065=CARTESIAN_POINT('',(16.1,7.85,-6.55));
#18066=CARTESIAN_POINT('',(16.1,1.61,-6.55));
#18067=CARTESIAN_POINT('',(15.9,1.61,-6.55));
#18068=CARTESIAN_POINT('',(15.9,1.61,-6.55));
#18069=CARTESIAN_POINT('',(15.9,1.11,-6.55));
#18070=CARTESIAN_POINT('',(15.9,0.61,-6.55));
#18071=CARTESIAN_POINT('',(16.1,0.610000000000001,-6.55));
#18072=CARTESIAN_POINT('',(14.25,-2.45,-6.55));
#18073=CARTESIAN_POINT('',(14.,-0.920294145922164,-6.55));
#18074=CARTESIAN_POINT('',(12.85,-1.7847932652175,-6.55));
#18075=CARTESIAN_POINT('',(12.85,7.85,-6.55));
#18076=CARTESIAN_POINT('',(12.85,-3.1152067347825,-6.55));
#18077=CARTESIAN_POINT('',(14.25,-2.45,-6.55));
#18078=CARTESIAN_POINT('',(14.,-3.97970585407784,-6.55));
#18079=CARTESIAN_POINT('',(14.,-3.97970585407784,-6.55));
#18080=CARTESIAN_POINT('',(14.,-4.53,-6.55));
#18081=CARTESIAN_POINT('',(8.2,-4.53,-6.55));
#18082=CARTESIAN_POINT('',(14.5,-4.53,-6.55));
#18083=CARTESIAN_POINT('',(14.5,7.85,-6.55));
#18084=CARTESIAN_POINT('',(14.5,-3.97970585407783,-6.55));
#18085=CARTESIAN_POINT('',(14.25,-2.45,-6.55));
#18086=CARTESIAN_POINT('',(15.65,-3.11520673478251,-6.55));
#18087=CARTESIAN_POINT('',(15.65,7.85,-6.55));
#18088=CARTESIAN_POINT('',(15.65,-1.78479326521746,-6.55));
#18089=CARTESIAN_POINT('',(14.25,-2.45,-6.55));
#18090=CARTESIAN_POINT('',(14.5,-0.920294145922164,-6.55));
#18091=CARTESIAN_POINT('',(14.5,7.85,-6.55));
#18092=CARTESIAN_POINT('',(14.5,5.76,-6.55));
#18093=CARTESIAN_POINT('',(8.2,5.76,-6.55));
#18094=CARTESIAN_POINT('',(14.,5.76,-6.55));
#18095=CARTESIAN_POINT('',(14.,4.5,-6.55));
#18096=CARTESIAN_POINT('',(-14.25,-2.45,-6.55));
#18097=CARTESIAN_POINT('',(-12.85,-3.11520673478251,-6.55));
#18098=CARTESIAN_POINT('',(-14.,-3.97970585407784,-6.55));
#18099=CARTESIAN_POINT('',(-12.85,7.85,-6.55));
#18100=CARTESIAN_POINT('',(-12.85,-1.7847932652175,-6.55));
#18101=CARTESIAN_POINT('',(-14.25,-2.45,-6.55));
#18102=CARTESIAN_POINT('',(-14.,-0.920294145922163,-6.55));
#18103=CARTESIAN_POINT('',(-14.,4.5,-6.55));
#18104=CARTESIAN_POINT('',(-14.,5.76,-6.55));
#18105=CARTESIAN_POINT('',(8.2,5.76,-6.55));
#18106=CARTESIAN_POINT('',(-14.5,5.76,-6.55));
#18107=CARTESIAN_POINT('',(-14.5,7.85,-6.55));
#18108=CARTESIAN_POINT('',(-14.5,-0.920294145922164,-6.55));
#18109=CARTESIAN_POINT('',(-14.25,-2.45,-6.55));
#18110=CARTESIAN_POINT('',(-15.65,-1.78479326521749,-6.55));
#18111=CARTESIAN_POINT('',(-15.65,7.85,-6.55));
#18112=CARTESIAN_POINT('',(-15.65,-3.1152067347825,-6.55));
#18113=CARTESIAN_POINT('',(-14.25,-2.45,-6.55));
#18114=CARTESIAN_POINT('',(-14.5,-3.97970585407784,-6.55));
#18115=CARTESIAN_POINT('',(-14.5,7.85,-6.55));
#18116=CARTESIAN_POINT('',(-14.5,-4.53,-6.55));
#18117=CARTESIAN_POINT('',(8.2,-4.53,-6.55));
#18118=CARTESIAN_POINT('',(-14.,-4.53,-6.55));
#18119=CARTESIAN_POINT('',(-14.,-3.97970585407784,-6.55));
#18120=CARTESIAN_POINT('',(8.2,6.43,-6.55));
#18121=CARTESIAN_POINT('',(-3.58,6.43,-6.55));
#18122=CARTESIAN_POINT('',(-3.08,6.43,-6.55));
#18123=CARTESIAN_POINT('',(-3.08,7.85,-6.55));
#18124=CARTESIAN_POINT('',(-3.08,6.93,-6.55));
#18125=CARTESIAN_POINT('',(8.2,6.93,-6.55));
#18126=CARTESIAN_POINT('',(-3.58,6.93,-6.55));
#18127=CARTESIAN_POINT('',(-3.58,7.85,-6.55));
#18128=CARTESIAN_POINT('',(-1.29,7.85,-6.55));
#18129=CARTESIAN_POINT('',(-1.29,6.93,-6.55));
#18130=CARTESIAN_POINT('',(-1.29,6.43,-6.55));
#18131=CARTESIAN_POINT('',(8.2,6.43,-6.55));
#18132=CARTESIAN_POINT('',(-0.789999999999999,6.43,-6.55));
#18133=CARTESIAN_POINT('',(-0.789999999999999,7.85,-6.55));
#18134=CARTESIAN_POINT('',(-0.789999999999999,6.93,-6.55));
#18135=CARTESIAN_POINT('',(8.2,6.93,-6.55));
#18136=CARTESIAN_POINT('',(-12.22,7.85,-6.55));
#18137=CARTESIAN_POINT('',(-12.22,6.93,-6.55));
#18138=CARTESIAN_POINT('',(-12.22,6.43,-6.55));
#18139=CARTESIAN_POINT('',(8.2,6.93,-6.55));
#18140=CARTESIAN_POINT('',(-12.72,6.93,-6.55));
#18141=CARTESIAN_POINT('',(-12.72,7.85,-6.55));
#18142=CARTESIAN_POINT('',(-12.72,6.43,-6.55));
#18143=CARTESIAN_POINT('',(8.2,6.43,-6.55));
#18144=CARTESIAN_POINT('',(-10.225,-0.0849999999999989,-6.55));
#18145=CARTESIAN_POINT('',(-10.225,-0.085,-6.55));
#18146=CARTESIAN_POINT('',(-10.675,-0.0849999999999983,-6.55));
#18147=CARTESIAN_POINT('',(-10.225,7.85,-6.55));
#18148=CARTESIAN_POINT('',(-10.225,0.265000000000001,-6.55));
#18149=CARTESIAN_POINT('',(8.2,0.265000000000001,-6.55));
#18150=CARTESIAN_POINT('',(-10.675,0.265000000000001,-6.55));
#18151=CARTESIAN_POINT('',(-10.675,7.85,-6.55));
#18152=CARTESIAN_POINT('',(-4.105,-0.0849999999999989,-6.55));
#18153=CARTESIAN_POINT('',(-4.105,-0.085,-6.55));
#18154=CARTESIAN_POINT('',(-4.555,-0.0849999999999983,-6.55));
#18155=CARTESIAN_POINT('',(-4.105,7.85,-6.55));
#18156=CARTESIAN_POINT('',(-4.105,0.265000000000001,-6.55));
#18157=CARTESIAN_POINT('',(8.2,0.265000000000001,-6.55));
#18158=CARTESIAN_POINT('',(-4.555,0.265000000000001,-6.55));
#18159=CARTESIAN_POINT('',(-4.555,7.85,-6.55));
#18160=CARTESIAN_POINT('',(-9.205,1.695,-6.55));
#18161=CARTESIAN_POINT('',(-9.205,1.695,-6.55));
#18162=CARTESIAN_POINT('',(-9.655,1.695,-6.55));
#18163=CARTESIAN_POINT('',(-9.205,7.85,-6.55));
#18164=CARTESIAN_POINT('',(-9.20500000000001,2.045,-6.55));
#18165=CARTESIAN_POINT('',(8.2,2.045,-6.55));
#18166=CARTESIAN_POINT('',(-9.655,2.045,-6.55));
#18167=CARTESIAN_POINT('',(-9.655,7.85,-6.55));
#18168=CARTESIAN_POINT('',(-5.125,1.695,-6.55));
#18169=CARTESIAN_POINT('',(-5.125,1.695,-6.55));
#18170=CARTESIAN_POINT('',(-5.575,1.695,-6.55));
#18171=CARTESIAN_POINT('',(-5.125,7.85,-6.55));
#18172=CARTESIAN_POINT('',(-5.125,2.045,-6.55));
#18173=CARTESIAN_POINT('',(8.2,2.045,-6.55));
#18174=CARTESIAN_POINT('',(-5.575,2.045,-6.55));
#18175=CARTESIAN_POINT('',(-5.575,7.85,-6.55));
#18176=CARTESIAN_POINT('',(12.72,7.85,-6.55));
#18177=CARTESIAN_POINT('',(12.72,6.43,-6.55));
#18178=CARTESIAN_POINT('',(12.72,6.93,-6.55));
#18179=CARTESIAN_POINT('',(8.2,6.93,-6.55));
#18180=CARTESIAN_POINT('',(12.22,6.93,-6.55));
#18181=CARTESIAN_POINT('',(12.22,7.85,-6.55));
#18182=CARTESIAN_POINT('',(12.22,6.43,-6.55));
#18183=CARTESIAN_POINT('',(8.2,6.43,-6.55));
#18184=CARTESIAN_POINT('',(8.2,6.43,-6.55));
#18185=CARTESIAN_POINT('',(14.51,6.43,-6.55));
#18186=CARTESIAN_POINT('',(15.01,6.43,-6.55));
#18187=CARTESIAN_POINT('',(15.01,7.85,-6.55));
#18188=CARTESIAN_POINT('',(15.01,6.93,-6.55));
#18189=CARTESIAN_POINT('',(8.2,6.93,-6.55));
#18190=CARTESIAN_POINT('',(14.51,6.93,-6.55));
#18191=CARTESIAN_POINT('',(14.51,7.85,-6.55));
#18192=CARTESIAN_POINT('',(10.225,7.85,-6.55));
#18193=CARTESIAN_POINT('',(10.225,1.695,-6.55));
#18194=CARTESIAN_POINT('',(10.225,2.045,-6.55));
#18195=CARTESIAN_POINT('',(8.2,1.695,-6.55));
#18196=CARTESIAN_POINT('',(10.675,1.695,-6.55));
#18197=CARTESIAN_POINT('',(10.675,7.85,-6.55));
#18198=CARTESIAN_POINT('',(10.675,2.045,-6.55));
#18199=CARTESIAN_POINT('',(8.2,2.045,-6.55));
#18200=CARTESIAN_POINT('',(8.635,7.85,-6.55));
#18201=CARTESIAN_POINT('',(8.635,2.045,-6.55));
#18202=CARTESIAN_POINT('',(8.635,1.695,-6.55));
#18203=CARTESIAN_POINT('',(8.2,2.045,-6.55));
#18204=CARTESIAN_POINT('',(8.185,2.045,-6.55));
#18205=CARTESIAN_POINT('',(8.185,7.85,-6.55));
#18206=CARTESIAN_POINT('',(8.185,1.695,-6.55));
#18207=CARTESIAN_POINT('',(8.2,1.695,-6.55));
#18208=CARTESIAN_POINT('',(6.145,7.85,-6.55));
#18209=CARTESIAN_POINT('',(6.145,1.695,-6.55));
#18210=CARTESIAN_POINT('',(6.145,2.045,-6.55));
#18211=CARTESIAN_POINT('',(8.2,1.695,-6.55));
#18212=CARTESIAN_POINT('',(6.595,1.695,-6.55));
#18213=CARTESIAN_POINT('',(6.595,7.85,-6.55));
#18214=CARTESIAN_POINT('',(6.595,2.045,-6.55));
#18215=CARTESIAN_POINT('',(8.2,2.045,-6.55));
#18216=CARTESIAN_POINT('',(5.125,7.85,-6.55));
#18217=CARTESIAN_POINT('',(5.125,-0.0849999999999985,-6.55));
#18218=CARTESIAN_POINT('',(5.125,0.265000000000001,-6.55));
#18219=CARTESIAN_POINT('',(8.2,-0.085,-6.55));
#18220=CARTESIAN_POINT('',(5.575,-0.085,-6.55));
#18221=CARTESIAN_POINT('',(5.575,7.85,-6.55));
#18222=CARTESIAN_POINT('',(5.575,0.265000000000001,-6.55));
#18223=CARTESIAN_POINT('',(8.2,0.265000000000001,-6.55));
#18224=CARTESIAN_POINT('',(11.245,-0.0849999999999987,-9.52));
#18225=CARTESIAN_POINT('',(11.245,0.265000000000001,-9.52));
#18226=CARTESIAN_POINT('',(11.245,0.265000000000001,-9.37));
#18227=CARTESIAN_POINT('',(11.245,0.,-9.37));
#18228=CARTESIAN_POINT('',(11.245,-0.0849999999999987,-9.37));
#18229=CARTESIAN_POINT('',(11.245,-0.0849999999999987,-9.52));
#18230=CARTESIAN_POINT('',(11.395,0.,-9.52));
#18231=CARTESIAN_POINT('',(11.395,-0.0849999999999988,-9.52));
#18232=CARTESIAN_POINT('',(11.395,-0.0849999999999988,-9.52));
#18233=CARTESIAN_POINT('',(11.395,0.265000000000001,-9.52));
#18234=CARTESIAN_POINT('',(11.395,0.265000000000001,-9.52));
#18235=CARTESIAN_POINT('',(11.395,0.,-9.52));
#18236=CARTESIAN_POINT('',(7.9,0.,-9.52));
#18237=CARTESIAN_POINT('',(11.245,0.265000000000001,-9.52));
#18238=CARTESIAN_POINT('',(11.545,0.265000000000001,-9.52));
#18239=CARTESIAN_POINT('',(11.545,0.,-9.52));
#18240=CARTESIAN_POINT('',(11.545,-0.0849999999999989,-9.52));
#18241=CARTESIAN_POINT('',(11.695,-0.0849999999999989,-9.52));
#18242=CARTESIAN_POINT('',(11.695,-0.0849999999999989,-9.52));
#18243=CARTESIAN_POINT('',(11.545,-0.0849999999999989,-9.52));
#18244=CARTESIAN_POINT('',(11.695,-0.0849999999999989,-9.37));
#18245=CARTESIAN_POINT('',(11.695,-0.0849999999999989,-9.52));
#18246=CARTESIAN_POINT('',(11.695,0.265000000000001,-9.52));
#18247=CARTESIAN_POINT('',(11.695,0.,-9.37));
#18248=CARTESIAN_POINT('',(11.695,0.265000000000001,-9.37));
#18249=CARTESIAN_POINT('',(11.695,0.265000000000001,-9.52));
#18250=CARTESIAN_POINT('',(11.245,0.265000000000001,-9.52));
#18251=CARTESIAN_POINT('',(11.545,0.265000000000001,-9.52));
#18252=CARTESIAN_POINT('',(11.545,0.,-9.52));
#18253=CARTESIAN_POINT('',(5.125,-0.0849999999999987,-9.52));
#18254=CARTESIAN_POINT('',(5.125,0.265000000000001,-9.52));
#18255=CARTESIAN_POINT('',(5.125,0.265000000000001,-9.37));
#18256=CARTESIAN_POINT('',(5.125,0.,-9.37));
#18257=CARTESIAN_POINT('',(5.125,-0.0849999999999987,-9.37));
#18258=CARTESIAN_POINT('',(5.125,-0.0849999999999987,-9.52));
#18259=CARTESIAN_POINT('',(5.275,0.,-9.52));
#18260=CARTESIAN_POINT('',(5.275,-0.0849999999999988,-9.52));
#18261=CARTESIAN_POINT('',(5.275,-0.0849999999999988,-9.52));
#18262=CARTESIAN_POINT('',(5.275,0.265000000000001,-9.52));
#18263=CARTESIAN_POINT('',(5.275,0.265000000000001,-9.52));
#18264=CARTESIAN_POINT('',(5.275,0.,-9.52));
#18265=CARTESIAN_POINT('',(7.9,0.,-9.52));
#18266=CARTESIAN_POINT('',(5.125,0.265000000000001,-9.52));
#18267=CARTESIAN_POINT('',(5.425,0.265000000000001,-9.52));
#18268=CARTESIAN_POINT('',(5.425,0.,-9.52));
#18269=CARTESIAN_POINT('',(5.425,-0.0849999999999989,-9.52));
#18270=CARTESIAN_POINT('',(5.575,-0.0849999999999989,-9.52));
#18271=CARTESIAN_POINT('',(5.575,-0.0849999999999989,-9.52));
#18272=CARTESIAN_POINT('',(5.425,-0.0849999999999989,-9.52));
#18273=CARTESIAN_POINT('',(5.575,-0.0849999999999989,-9.37));
#18274=CARTESIAN_POINT('',(5.575,-0.0849999999999989,-9.52));
#18275=CARTESIAN_POINT('',(5.575,0.0900000000000013,-9.52));
#18276=CARTESIAN_POINT('',(5.575,0.,-9.37));
#18277=CARTESIAN_POINT('',(5.575,0.265000000000001,-9.37));
#18278=CARTESIAN_POINT('',(5.575,0.265000000000001,-9.52));
#18279=CARTESIAN_POINT('',(5.125,0.265000000000001,-9.52));
#18280=CARTESIAN_POINT('',(5.425,0.265000000000001,-9.52));
#18281=CARTESIAN_POINT('',(5.425,0.,-9.52));
#18282=CARTESIAN_POINT('',(4.105,1.695,-9.52));
#18283=CARTESIAN_POINT('',(4.105,2.045,-9.52));
#18284=CARTESIAN_POINT('',(4.105,2.045,-9.37));
#18285=CARTESIAN_POINT('',(4.105,0.,-9.37));
#18286=CARTESIAN_POINT('',(4.105,1.695,-9.37));
#18287=CARTESIAN_POINT('',(4.105,1.695,-9.52));
#18288=CARTESIAN_POINT('',(4.255,0.,-9.52));
#18289=CARTESIAN_POINT('',(4.255,1.695,-9.52));
#18290=CARTESIAN_POINT('',(4.255,1.695,-9.52));
#18291=CARTESIAN_POINT('',(4.255,2.045,-9.52));
#18292=CARTESIAN_POINT('',(4.255,2.045,-9.52));
#18293=CARTESIAN_POINT('',(4.255,0.,-9.52));
#18294=CARTESIAN_POINT('',(7.9,0.,-9.52));
#18295=CARTESIAN_POINT('',(4.105,2.045,-9.52));
#18296=CARTESIAN_POINT('',(4.405,2.045,-9.52));
#18297=CARTESIAN_POINT('',(4.405,0.,-9.52));
#18298=CARTESIAN_POINT('',(4.405,1.695,-9.52));
#18299=CARTESIAN_POINT('',(4.555,1.695,-9.52));
#18300=CARTESIAN_POINT('',(4.555,1.695,-9.52));
#18301=CARTESIAN_POINT('',(4.405,1.695,-9.52));
#18302=CARTESIAN_POINT('',(4.555,1.695,-9.37));
#18303=CARTESIAN_POINT('',(4.555,1.695,-9.52));
#18304=CARTESIAN_POINT('',(4.555,1.87,-9.52));
#18305=CARTESIAN_POINT('',(4.555,0.,-9.37));
#18306=CARTESIAN_POINT('',(4.555,2.045,-9.37));
#18307=CARTESIAN_POINT('',(4.555,2.045,-9.52));
#18308=CARTESIAN_POINT('',(4.105,2.045,-9.52));
#18309=CARTESIAN_POINT('',(4.405,2.045,-9.52));
#18310=CARTESIAN_POINT('',(4.405,0.,-9.52));
#18311=CARTESIAN_POINT('',(6.145,1.87,-9.52));
#18312=CARTESIAN_POINT('',(6.145,2.045,-9.52));
#18313=CARTESIAN_POINT('',(6.145,2.045,-9.37));
#18314=CARTESIAN_POINT('',(6.145,0.,-9.37));
#18315=CARTESIAN_POINT('',(6.145,1.695,-9.37));
#18316=CARTESIAN_POINT('',(6.145,1.695,-9.52));
#18317=CARTESIAN_POINT('',(6.295,0.,-9.52));
#18318=CARTESIAN_POINT('',(6.295,1.695,-9.52));
#18319=CARTESIAN_POINT('',(6.295,1.695,-9.52));
#18320=CARTESIAN_POINT('',(6.295,2.045,-9.52));
#18321=CARTESIAN_POINT('',(6.295,2.045,-9.52));
#18322=CARTESIAN_POINT('',(6.295,0.,-9.52));
#18323=CARTESIAN_POINT('',(7.9,0.,-9.52));
#18324=CARTESIAN_POINT('',(6.145,2.045,-9.52));
#18325=CARTESIAN_POINT('',(6.445,2.045,-9.52));
#18326=CARTESIAN_POINT('',(6.445,0.,-9.52));
#18327=CARTESIAN_POINT('',(6.445,1.695,-9.52));
#18328=CARTESIAN_POINT('',(6.595,1.695,-9.52));
#18329=CARTESIAN_POINT('',(6.595,1.695,-9.52));
#18330=CARTESIAN_POINT('',(6.445,1.695,-9.52));
#18331=CARTESIAN_POINT('',(6.595,1.695,-9.37));
#18332=CARTESIAN_POINT('',(6.595,1.695,-9.52));
#18333=CARTESIAN_POINT('',(6.595,1.87,-9.52));
#18334=CARTESIAN_POINT('',(6.595,0.,-9.37));
#18335=CARTESIAN_POINT('',(6.595,2.045,-9.37));
#18336=CARTESIAN_POINT('',(6.595,2.045,-9.52));
#18337=CARTESIAN_POINT('',(6.145,2.045,-9.52));
#18338=CARTESIAN_POINT('',(6.445,2.045,-9.52));
#18339=CARTESIAN_POINT('',(6.445,0.,-9.52));
#18340=CARTESIAN_POINT('',(7.165,0.0900000000000011,-9.52));
#18341=CARTESIAN_POINT('',(7.165,0.265000000000001,-9.52));
#18342=CARTESIAN_POINT('',(7.165,0.265000000000001,-9.37));
#18343=CARTESIAN_POINT('',(7.165,0.,-9.37));
#18344=CARTESIAN_POINT('',(7.165,-0.0849999999999987,-9.37));
#18345=CARTESIAN_POINT('',(7.165,-0.0849999999999987,-9.52));
#18346=CARTESIAN_POINT('',(7.315,0.,-9.52));
#18347=CARTESIAN_POINT('',(7.315,-0.0849999999999988,-9.52));
#18348=CARTESIAN_POINT('',(7.315,-0.0849999999999988,-9.52));
#18349=CARTESIAN_POINT('',(7.315,0.265000000000001,-9.52));
#18350=CARTESIAN_POINT('',(7.315,0.265000000000001,-9.52));
#18351=CARTESIAN_POINT('',(7.315,0.,-9.52));
#18352=CARTESIAN_POINT('',(7.9,0.,-9.52));
#18353=CARTESIAN_POINT('',(7.165,0.265000000000001,-9.52));
#18354=CARTESIAN_POINT('',(7.465,0.265000000000001,-9.52));
#18355=CARTESIAN_POINT('',(7.465,0.,-9.52));
#18356=CARTESIAN_POINT('',(7.465,-0.0849999999999989,-9.52));
#18357=CARTESIAN_POINT('',(7.615,-0.0849999999999989,-9.52));
#18358=CARTESIAN_POINT('',(7.615,-0.0849999999999989,-9.52));
#18359=CARTESIAN_POINT('',(7.465,-0.0849999999999989,-9.52));
#18360=CARTESIAN_POINT('',(7.615,-0.0849999999999989,-9.37));
#18361=CARTESIAN_POINT('',(7.615,-0.0849999999999989,-9.52));
#18362=CARTESIAN_POINT('',(7.615,0.0900000000000011,-9.52));
#18363=CARTESIAN_POINT('',(7.615,0.,-9.37));
#18364=CARTESIAN_POINT('',(7.615,0.265000000000001,-9.37));
#18365=CARTESIAN_POINT('',(7.615,0.265000000000001,-9.52));
#18366=CARTESIAN_POINT('',(7.165,0.265000000000001,-9.52));
#18367=CARTESIAN_POINT('',(7.465,0.265000000000001,-9.52));
#18368=CARTESIAN_POINT('',(7.465,0.,-9.52));
#18369=CARTESIAN_POINT('',(8.635,2.045,-9.52));
#18370=CARTESIAN_POINT('',(8.635,1.695,-9.52));
#18371=CARTESIAN_POINT('',(8.635,1.695,-9.37));
#18372=CARTESIAN_POINT('',(8.635,0.,-9.37));
#18373=CARTESIAN_POINT('',(8.635,2.045,-9.37));
#18374=CARTESIAN_POINT('',(8.635,2.045,-9.52));
#18375=CARTESIAN_POINT('',(8.485,0.,-9.52));
#18376=CARTESIAN_POINT('',(8.485,2.045,-9.52));
#18377=CARTESIAN_POINT('',(8.485,2.045,-9.52));
#18378=CARTESIAN_POINT('',(8.485,1.695,-9.52));
#18379=CARTESIAN_POINT('',(8.485,1.695,-9.52));
#18380=CARTESIAN_POINT('',(8.485,0.,-9.52));
#18381=CARTESIAN_POINT('',(7.9,0.,-9.52));
#18382=CARTESIAN_POINT('',(8.185,2.045,-9.52));
#18383=CARTESIAN_POINT('',(8.335,2.045,-9.52));
#18384=CARTESIAN_POINT('',(8.635,1.695,-9.52));
#18385=CARTESIAN_POINT('',(8.335,1.695,-9.52));
#18386=CARTESIAN_POINT('',(8.335,0.,-9.52));
#18387=CARTESIAN_POINT('',(8.185,2.045,-9.52));
#18388=CARTESIAN_POINT('',(8.335,2.045,-9.52));
#18389=CARTESIAN_POINT('',(8.185,2.045,-9.37));
#18390=CARTESIAN_POINT('',(8.185,2.045,-9.52));
#18391=CARTESIAN_POINT('',(8.185,1.695,-9.52));
#18392=CARTESIAN_POINT('',(8.185,0.,-9.37));
#18393=CARTESIAN_POINT('',(8.185,1.695,-9.37));
#18394=CARTESIAN_POINT('',(8.185,1.695,-9.52));
#18395=CARTESIAN_POINT('',(8.635,1.695,-9.52));
#18396=CARTESIAN_POINT('',(8.335,1.695,-9.52));
#18397=CARTESIAN_POINT('',(8.335,0.,-9.52));
#18398=CARTESIAN_POINT('',(9.205,-0.0849999999999987,-9.52));
#18399=CARTESIAN_POINT('',(9.205,0.265000000000001,-9.52));
#18400=CARTESIAN_POINT('',(9.205,0.265000000000001,-9.37));
#18401=CARTESIAN_POINT('',(9.205,0.,-9.37));
#18402=CARTESIAN_POINT('',(9.205,-0.0849999999999987,-9.37));
#18403=CARTESIAN_POINT('',(9.205,-0.0849999999999987,-9.52));
#18404=CARTESIAN_POINT('',(9.355,0.,-9.52));
#18405=CARTESIAN_POINT('',(9.355,-0.0849999999999988,-9.52));
#18406=CARTESIAN_POINT('',(9.355,-0.0849999999999988,-9.52));
#18407=CARTESIAN_POINT('',(9.355,0.265000000000001,-9.52));
#18408=CARTESIAN_POINT('',(9.355,0.265000000000001,-9.52));
#18409=CARTESIAN_POINT('',(9.355,0.,-9.52));
#18410=CARTESIAN_POINT('',(7.9,0.,-9.52));
#18411=CARTESIAN_POINT('',(9.205,0.265000000000001,-9.52));
#18412=CARTESIAN_POINT('',(9.505,0.265000000000001,-9.52));
#18413=CARTESIAN_POINT('',(9.505,0.,-9.52));
#18414=CARTESIAN_POINT('',(9.505,-0.0849999999999989,-9.52));
#18415=CARTESIAN_POINT('',(9.655,-0.0849999999999989,-9.52));
#18416=CARTESIAN_POINT('',(9.655,-0.0849999999999989,-9.52));
#18417=CARTESIAN_POINT('',(9.505,-0.0849999999999989,-9.52));
#18418=CARTESIAN_POINT('',(9.655,-0.0849999999999989,-9.37));
#18419=CARTESIAN_POINT('',(9.655,-0.0849999999999989,-9.52));
#18420=CARTESIAN_POINT('',(9.655,0.265000000000001,-9.52));
#18421=CARTESIAN_POINT('',(9.655,0.,-9.37));
#18422=CARTESIAN_POINT('',(9.655,0.265000000000001,-9.37));
#18423=CARTESIAN_POINT('',(9.655,0.265000000000001,-9.52));
#18424=CARTESIAN_POINT('',(9.205,0.265000000000001,-9.52));
#18425=CARTESIAN_POINT('',(9.505,0.265000000000001,-9.52));
#18426=CARTESIAN_POINT('',(9.505,0.,-9.52));
#18427=CARTESIAN_POINT('',(10.225,1.695,-9.52));
#18428=CARTESIAN_POINT('',(10.225,2.045,-9.52));
#18429=CARTESIAN_POINT('',(10.225,2.045,-9.37));
#18430=CARTESIAN_POINT('',(10.225,0.,-9.37));
#18431=CARTESIAN_POINT('',(10.225,1.695,-9.37));
#18432=CARTESIAN_POINT('',(10.225,1.695,-9.52));
#18433=CARTESIAN_POINT('',(10.375,0.,-9.52));
#18434=CARTESIAN_POINT('',(10.375,1.695,-9.52));
#18435=CARTESIAN_POINT('',(10.375,1.695,-9.52));
#18436=CARTESIAN_POINT('',(10.375,2.045,-9.52));
#18437=CARTESIAN_POINT('',(10.375,2.045,-9.52));
#18438=CARTESIAN_POINT('',(10.375,0.,-9.52));
#18439=CARTESIAN_POINT('',(7.9,0.,-9.52));
#18440=CARTESIAN_POINT('',(10.225,2.045,-9.52));
#18441=CARTESIAN_POINT('',(10.525,2.045,-9.52));
#18442=CARTESIAN_POINT('',(10.525,0.,-9.52));
#18443=CARTESIAN_POINT('',(10.525,1.695,-9.52));
#18444=CARTESIAN_POINT('',(10.675,1.695,-9.52));
#18445=CARTESIAN_POINT('',(10.675,1.695,-9.52));
#18446=CARTESIAN_POINT('',(10.525,1.695,-9.52));
#18447=CARTESIAN_POINT('',(10.675,1.695,-9.37));
#18448=CARTESIAN_POINT('',(10.675,1.695,-9.52));
#18449=CARTESIAN_POINT('',(10.675,2.045,-9.52));
#18450=CARTESIAN_POINT('',(10.675,0.,-9.37));
#18451=CARTESIAN_POINT('',(10.675,2.045,-9.37));
#18452=CARTESIAN_POINT('',(10.675,2.045,-9.52));
#18453=CARTESIAN_POINT('',(10.225,2.045,-9.52));
#18454=CARTESIAN_POINT('',(10.525,2.045,-9.52));
#18455=CARTESIAN_POINT('',(10.525,0.,-9.52));
#18456=CARTESIAN_POINT('',(-7.9,-3.35,-3.95532253547122));
#18457=CARTESIAN_POINT('',(-11.22,-3.35,-3.95532253547122));
#18458=CARTESIAN_POINT('',(-11.22,-3.8461360301259,-3.08707773150052));
#18459=CARTESIAN_POINT('',(-11.22,-4.35,-3.95532253547122));
#18460=CARTESIAN_POINT('',(-7.9,-3.84613893835683,-3.08707939334676));
#18461=CARTESIAN_POINT('',(-11.72,-3.8461360301259,-3.08707773150052));
#18462=CARTESIAN_POINT('',(-11.72,-3.35,-3.95532253547122));
#18463=CARTESIAN_POINT('',(-11.72,-4.35,-3.95532253547122));
#18464=CARTESIAN_POINT('',(-7.9,-4.35,-3.95532253547122));
#18465=CARTESIAN_POINT('',(-7.9,-2.08846153846154,-2.08269230769231));
#18466=CARTESIAN_POINT('',(-11.72,-2.08846153846154,-2.08269230769231));
#18467=CARTESIAN_POINT('',(-11.72,-0.849999999999998,-1.375));
#18468=CARTESIAN_POINT('',(-11.22,-2.08846153846154,-2.08269230769231));
#18469=CARTESIAN_POINT('',(-11.22,-0.849999999999998,-1.375));
#18470=CARTESIAN_POINT('',(-7.9,-0.849999999999998,-1.375));
#18471=CARTESIAN_POINT('',(-7.9,-3.35,-3.95532253547122));
#18472=CARTESIAN_POINT('',(-10.2,-3.35,-3.95532253547122));
#18473=CARTESIAN_POINT('',(-10.2,-3.8461360301259,-3.08707773150052));
#18474=CARTESIAN_POINT('',(-10.2,-4.35,-3.95532253547122));
#18475=CARTESIAN_POINT('',(-7.9,-3.84613893835683,-3.08707939334676));
#18476=CARTESIAN_POINT('',(-10.7,-3.8461360301259,-3.08707773150052));
#18477=CARTESIAN_POINT('',(-10.7,-3.35,-3.95532253547122));
#18478=CARTESIAN_POINT('',(-10.7,-4.35,-3.95532253547122));
#18479=CARTESIAN_POINT('',(-7.9,-4.35,-3.95532253547122));
#18480=CARTESIAN_POINT('',(-7.9,-2.08846153846154,-2.08269230769231));
#18481=CARTESIAN_POINT('',(-10.7,-2.08846153846154,-2.08269230769231));
#18482=CARTESIAN_POINT('',(-10.7,-0.849999999999998,-1.375));
#18483=CARTESIAN_POINT('',(-10.2,-2.08846153846154,-2.08269230769231));
#18484=CARTESIAN_POINT('',(-10.2,-0.849999999999998,-1.375));
#18485=CARTESIAN_POINT('',(-7.9,-0.849999999999998,-1.375));
#18486=CARTESIAN_POINT('',(-7.9,-3.35,-3.95532253547122));
#18487=CARTESIAN_POINT('',(-9.18,-3.35,-3.95532253547122));
#18488=CARTESIAN_POINT('',(-9.18,-3.8461360301259,-3.08707773150052));
#18489=CARTESIAN_POINT('',(-9.18,-4.35,-3.95532253547122));
#18490=CARTESIAN_POINT('',(-7.9,-3.84613893835683,-3.08707939334676));
#18491=CARTESIAN_POINT('',(-9.68,-3.8461360301259,-3.08707773150052));
#18492=CARTESIAN_POINT('',(-9.68,-3.35,-3.95532253547122));
#18493=CARTESIAN_POINT('',(-9.68,-4.35,-3.95532253547122));
#18494=CARTESIAN_POINT('',(-7.9,-4.35,-3.95532253547122));
#18495=CARTESIAN_POINT('',(-7.9,-2.08846153846154,-2.08269230769231));
#18496=CARTESIAN_POINT('',(-9.68,-2.08846153846154,-2.08269230769231));
#18497=CARTESIAN_POINT('',(-9.68,-0.849999999999998,-1.375));
#18498=CARTESIAN_POINT('',(-9.18,-2.08846153846154,-2.08269230769231));
#18499=CARTESIAN_POINT('',(-9.18,-0.849999999999998,-1.375));
#18500=CARTESIAN_POINT('',(-7.9,-0.849999999999998,-1.375));
#18501=CARTESIAN_POINT('',(-7.9,-3.35,-3.95532253547122));
#18502=CARTESIAN_POINT('',(-8.16,-3.35,-3.95532253547122));
#18503=CARTESIAN_POINT('',(-8.16,-3.8461360301259,-3.08707773150052));
#18504=CARTESIAN_POINT('',(-8.16,-4.35,-3.95532253547122));
#18505=CARTESIAN_POINT('',(-7.9,-3.84613893835683,-3.08707939334676));
#18506=CARTESIAN_POINT('',(-8.66,-3.8461360301259,-3.08707773150052));
#18507=CARTESIAN_POINT('',(-8.66,-3.35,-3.95532253547122));
#18508=CARTESIAN_POINT('',(-8.66,-4.35,-3.95532253547122));
#18509=CARTESIAN_POINT('',(-7.9,-4.35,-3.95532253547122));
#18510=CARTESIAN_POINT('',(-7.9,-2.08846153846154,-2.08269230769231));
#18511=CARTESIAN_POINT('',(-8.66,-2.08846153846154,-2.08269230769231));
#18512=CARTESIAN_POINT('',(-8.66,-0.849999999999998,-1.375));
#18513=CARTESIAN_POINT('',(-8.16,-2.08846153846154,-2.08269230769231));
#18514=CARTESIAN_POINT('',(-8.16,-0.849999999999998,-1.375));
#18515=CARTESIAN_POINT('',(-7.9,-0.849999999999998,-1.375));
#18516=CARTESIAN_POINT('',(-7.9,-3.35,-3.95532253547122));
#18517=CARTESIAN_POINT('',(-7.14,-3.35,-3.95532253547122));
#18518=CARTESIAN_POINT('',(-7.14,-3.8461360301259,-3.08707773150052));
#18519=CARTESIAN_POINT('',(-7.14,-4.35,-3.95532253547122));
#18520=CARTESIAN_POINT('',(-7.9,-3.84613893835683,-3.08707939334676));
#18521=CARTESIAN_POINT('',(-7.64,-3.8461360301259,-3.08707773150052));
#18522=CARTESIAN_POINT('',(-7.64,-3.35,-3.95532253547122));
#18523=CARTESIAN_POINT('',(-7.64,-4.35,-3.95532253547122));
#18524=CARTESIAN_POINT('',(-7.9,-4.35,-3.95532253547122));
#18525=CARTESIAN_POINT('',(-7.9,-2.08846153846154,-2.08269230769231));
#18526=CARTESIAN_POINT('',(-7.64,-2.08846153846154,-2.08269230769231));
#18527=CARTESIAN_POINT('',(-7.64,-0.849999999999998,-1.375));
#18528=CARTESIAN_POINT('',(-7.14,-2.08846153846154,-2.08269230769231));
#18529=CARTESIAN_POINT('',(-7.14,-0.849999999999998,-1.375));
#18530=CARTESIAN_POINT('',(-7.9,-0.849999999999998,-1.375));
#18531=CARTESIAN_POINT('',(-7.9,-3.35,-3.95532253547122));
#18532=CARTESIAN_POINT('',(-6.12,-3.35,-3.95532253547122));
#18533=CARTESIAN_POINT('',(-6.12,-3.8461360301259,-3.08707773150052));
#18534=CARTESIAN_POINT('',(-6.12,-4.35,-3.95532253547122));
#18535=CARTESIAN_POINT('',(-7.9,-3.84613893835683,-3.08707939334676));
#18536=CARTESIAN_POINT('',(-6.62,-3.8461360301259,-3.08707773150052));
#18537=CARTESIAN_POINT('',(-6.62,-3.35,-3.95532253547122));
#18538=CARTESIAN_POINT('',(-6.62,-4.35,-3.95532253547122));
#18539=CARTESIAN_POINT('',(-7.9,-4.35,-3.95532253547122));
#18540=CARTESIAN_POINT('',(-7.9,-2.08846153846154,-2.08269230769231));
#18541=CARTESIAN_POINT('',(-6.62,-2.08846153846154,-2.08269230769231));
#18542=CARTESIAN_POINT('',(-6.62,-0.849999999999998,-1.375));
#18543=CARTESIAN_POINT('',(-6.12,-2.08846153846154,-2.08269230769231));
#18544=CARTESIAN_POINT('',(-6.12,-0.849999999999998,-1.375));
#18545=CARTESIAN_POINT('',(-7.9,-0.849999999999998,-1.375));
#18546=CARTESIAN_POINT('',(-7.9,-3.35,-3.95532253547122));
#18547=CARTESIAN_POINT('',(-5.1,-3.35,-3.95532253547122));
#18548=CARTESIAN_POINT('',(-5.1,-3.8461360301259,-3.08707773150052));
#18549=CARTESIAN_POINT('',(-5.1,-4.35,-3.95532253547122));
#18550=CARTESIAN_POINT('',(-7.9,-3.84613893835683,-3.08707939334676));
#18551=CARTESIAN_POINT('',(-5.6,-3.8461360301259,-3.08707773150052));
#18552=CARTESIAN_POINT('',(-5.6,-3.35,-3.95532253547122));
#18553=CARTESIAN_POINT('',(-5.6,-4.35,-3.95532253547122));
#18554=CARTESIAN_POINT('',(-7.9,-4.35,-3.95532253547122));
#18555=CARTESIAN_POINT('',(-7.9,-2.08846153846154,-2.08269230769231));
#18556=CARTESIAN_POINT('',(-5.6,-2.08846153846154,-2.08269230769231));
#18557=CARTESIAN_POINT('',(-5.6,-0.849999999999998,-1.375));
#18558=CARTESIAN_POINT('',(-5.1,-2.08846153846154,-2.08269230769231));
#18559=CARTESIAN_POINT('',(-5.1,-0.849999999999998,-1.375));
#18560=CARTESIAN_POINT('',(-7.9,-0.849999999999998,-1.375));
#18561=CARTESIAN_POINT('',(-7.9,-3.35,-3.95532253547122));
#18562=CARTESIAN_POINT('',(-4.08,-3.35,-3.95532253547122));
#18563=CARTESIAN_POINT('',(-4.08,-3.84613603007563,-3.08707773147179));
#18564=CARTESIAN_POINT('',(-4.08,-4.35,-3.95532253547122));
#18565=CARTESIAN_POINT('',(-7.9,-3.84613893835683,-3.08707939334676));
#18566=CARTESIAN_POINT('',(-4.58,-3.84613603013719,-3.08707773150697));
#18567=CARTESIAN_POINT('',(-4.58,-3.35,-3.95532253547122));
#18568=CARTESIAN_POINT('',(-4.58,-4.35,-3.95532253547122));
#18569=CARTESIAN_POINT('',(-4.58,-4.35,-3.95532253547122));
#18570=CARTESIAN_POINT('',(-4.58,1.41153846153846,-0.0826923076923079));
#18571=CARTESIAN_POINT('',(-4.58,-0.580769230769228,-1.22115384615385));
#18572=CARTESIAN_POINT('',(-4.58,-0.849999999999998,-1.375));
#18573=CARTESIAN_POINT('',(-4.08,0.65769230769231,-0.513461538461539));
#18574=CARTESIAN_POINT('',(-4.08,-0.849999999999998,-1.375));
#18575=CARTESIAN_POINT('',(-4.58,-0.849999999999997,-1.375));
#18576=CARTESIAN_POINT('',(7.9,-3.35,-3.95532253547122));
#18577=CARTESIAN_POINT('',(4.58,-3.35,-3.95532253547122));
#18578=CARTESIAN_POINT('',(4.58,-3.8461360301259,-3.08707773150052));
#18579=CARTESIAN_POINT('',(4.58,-4.35,-3.95532253547122));
#18580=CARTESIAN_POINT('',(7.9,-3.84613893835683,-3.08707939334676));
#18581=CARTESIAN_POINT('',(4.08,-3.8461360301259,-3.08707773150052));
#18582=CARTESIAN_POINT('',(4.08,-3.35,-3.95532253547122));
#18583=CARTESIAN_POINT('',(4.08,-4.35,-3.95532253547122));
#18584=CARTESIAN_POINT('',(7.9,-4.35,-3.95532253547122));
#18585=CARTESIAN_POINT('',(7.9,-2.08846153846154,-2.08269230769231));
#18586=CARTESIAN_POINT('',(4.08,-2.08846153846154,-2.08269230769231));
#18587=CARTESIAN_POINT('',(4.08,-0.849999999999998,-1.375));
#18588=CARTESIAN_POINT('',(4.58,-2.08846153846154,-2.08269230769231));
#18589=CARTESIAN_POINT('',(4.58,-0.849999999999998,-1.375));
#18590=CARTESIAN_POINT('',(7.9,-0.849999999999998,-1.375));
#18591=CARTESIAN_POINT('',(7.9,-3.35,-3.95532253547122));
#18592=CARTESIAN_POINT('',(5.6,-3.35,-3.95532253547122));
#18593=CARTESIAN_POINT('',(5.6,-3.8461360301259,-3.08707773150052));
#18594=CARTESIAN_POINT('',(5.6,-4.35,-3.95532253547122));
#18595=CARTESIAN_POINT('',(7.9,-3.84613893835683,-3.08707939334676));
#18596=CARTESIAN_POINT('',(5.1,-3.8461360301259,-3.08707773150052));
#18597=CARTESIAN_POINT('',(5.1,-3.35,-3.95532253547122));
#18598=CARTESIAN_POINT('',(5.1,-4.35,-3.95532253547122));
#18599=CARTESIAN_POINT('',(7.9,-4.35,-3.95532253547122));
#18600=CARTESIAN_POINT('',(7.9,-2.08846153846154,-2.08269230769231));
#18601=CARTESIAN_POINT('',(5.1,-2.08846153846154,-2.08269230769231));
#18602=CARTESIAN_POINT('',(5.1,-0.849999999999998,-1.375));
#18603=CARTESIAN_POINT('',(5.6,-2.08846153846154,-2.08269230769231));
#18604=CARTESIAN_POINT('',(5.6,-0.849999999999998,-1.375));
#18605=CARTESIAN_POINT('',(7.9,-0.849999999999998,-1.375));
#18606=CARTESIAN_POINT('',(7.9,-3.35,-3.95532253547122));
#18607=CARTESIAN_POINT('',(6.62,-3.35,-3.95532253547122));
#18608=CARTESIAN_POINT('',(6.62,-3.8461360301259,-3.08707773150052));
#18609=CARTESIAN_POINT('',(6.62,-4.35,-3.95532253547122));
#18610=CARTESIAN_POINT('',(7.9,-3.84613893835683,-3.08707939334676));
#18611=CARTESIAN_POINT('',(6.12,-3.8461360301259,-3.08707773150052));
#18612=CARTESIAN_POINT('',(6.12,-3.35,-3.95532253547122));
#18613=CARTESIAN_POINT('',(6.12,-4.35,-3.95532253547122));
#18614=CARTESIAN_POINT('',(7.9,-4.35,-3.95532253547122));
#18615=CARTESIAN_POINT('',(7.9,-2.08846153846154,-2.08269230769231));
#18616=CARTESIAN_POINT('',(6.12,-2.08846153846154,-2.08269230769231));
#18617=CARTESIAN_POINT('',(6.12,-0.849999999999998,-1.375));
#18618=CARTESIAN_POINT('',(6.62,-2.08846153846154,-2.08269230769231));
#18619=CARTESIAN_POINT('',(6.62,-0.849999999999998,-1.375));
#18620=CARTESIAN_POINT('',(7.9,-0.849999999999998,-1.375));
#18621=CARTESIAN_POINT('',(7.9,-3.35,-3.95532253547122));
#18622=CARTESIAN_POINT('',(7.64,-3.35,-3.95532253547122));
#18623=CARTESIAN_POINT('',(7.64,-3.8461360301259,-3.08707773150052));
#18624=CARTESIAN_POINT('',(7.64,-4.35,-3.95532253547122));
#18625=CARTESIAN_POINT('',(7.9,-3.84613893835683,-3.08707939334676));
#18626=CARTESIAN_POINT('',(7.14,-3.8461360301259,-3.08707773150052));
#18627=CARTESIAN_POINT('',(7.14,-3.35,-3.95532253547122));
#18628=CARTESIAN_POINT('',(7.14,-4.35,-3.95532253547122));
#18629=CARTESIAN_POINT('',(7.9,-4.35,-3.95532253547122));
#18630=CARTESIAN_POINT('',(7.9,-2.08846153846154,-2.08269230769231));
#18631=CARTESIAN_POINT('',(7.14,-2.08846153846154,-2.08269230769231));
#18632=CARTESIAN_POINT('',(7.14,-0.849999999999998,-1.375));
#18633=CARTESIAN_POINT('',(7.64,-2.08846153846154,-2.08269230769231));
#18634=CARTESIAN_POINT('',(7.64,-0.849999999999998,-1.375));
#18635=CARTESIAN_POINT('',(7.9,-0.849999999999998,-1.375));
#18636=CARTESIAN_POINT('',(7.9,-3.35,-3.95532253547122));
#18637=CARTESIAN_POINT('',(8.66,-3.35,-3.95532253547122));
#18638=CARTESIAN_POINT('',(8.66,-3.8461360301259,-3.08707773150052));
#18639=CARTESIAN_POINT('',(8.66,-4.35,-3.95532253547122));
#18640=CARTESIAN_POINT('',(7.9,-3.84613893835683,-3.08707939334676));
#18641=CARTESIAN_POINT('',(8.16,-3.8461360301259,-3.08707773150052));
#18642=CARTESIAN_POINT('',(8.16,-3.35,-3.95532253547122));
#18643=CARTESIAN_POINT('',(8.16,-4.35,-3.95532253547122));
#18644=CARTESIAN_POINT('',(7.9,-4.35,-3.95532253547122));
#18645=CARTESIAN_POINT('',(7.9,-2.08846153846154,-2.08269230769231));
#18646=CARTESIAN_POINT('',(8.16,-2.08846153846154,-2.08269230769231));
#18647=CARTESIAN_POINT('',(8.16,-0.849999999999998,-1.375));
#18648=CARTESIAN_POINT('',(8.66,-2.08846153846154,-2.08269230769231));
#18649=CARTESIAN_POINT('',(8.66,-0.849999999999998,-1.375));
#18650=CARTESIAN_POINT('',(7.9,-0.849999999999998,-1.375));
#18651=CARTESIAN_POINT('',(7.9,-3.35,-3.95532253547122));
#18652=CARTESIAN_POINT('',(9.68,-3.35,-3.95532253547122));
#18653=CARTESIAN_POINT('',(9.68,-3.8461360301259,-3.08707773150052));
#18654=CARTESIAN_POINT('',(9.68,-4.35,-3.95532253547122));
#18655=CARTESIAN_POINT('',(7.9,-3.84613893835683,-3.08707939334676));
#18656=CARTESIAN_POINT('',(9.18,-3.8461360301259,-3.08707773150052));
#18657=CARTESIAN_POINT('',(9.18,-3.35,-3.95532253547122));
#18658=CARTESIAN_POINT('',(9.18,-4.35,-3.95532253547122));
#18659=CARTESIAN_POINT('',(7.9,-4.35,-3.95532253547122));
#18660=CARTESIAN_POINT('',(7.9,-2.08846153846154,-2.08269230769231));
#18661=CARTESIAN_POINT('',(9.18,-2.08846153846154,-2.08269230769231));
#18662=CARTESIAN_POINT('',(9.18,-0.849999999999998,-1.375));
#18663=CARTESIAN_POINT('',(9.68,-2.08846153846154,-2.08269230769231));
#18664=CARTESIAN_POINT('',(9.68,-0.849999999999998,-1.375));
#18665=CARTESIAN_POINT('',(7.9,-0.849999999999998,-1.375));
#18666=CARTESIAN_POINT('',(7.9,-3.35,-3.95532253547122));
#18667=CARTESIAN_POINT('',(10.7,-3.35,-3.95532253547122));
#18668=CARTESIAN_POINT('',(10.7,-3.8461360301259,-3.08707773150052));
#18669=CARTESIAN_POINT('',(10.7,-4.35,-3.95532253547122));
#18670=CARTESIAN_POINT('',(7.9,-3.84613893835683,-3.08707939334676));
#18671=CARTESIAN_POINT('',(10.2,-3.8461360301259,-3.08707773150052));
#18672=CARTESIAN_POINT('',(10.2,-3.35,-3.95532253547122));
#18673=CARTESIAN_POINT('',(10.2,-4.35,-3.95532253547122));
#18674=CARTESIAN_POINT('',(7.9,-4.35,-3.95532253547122));
#18675=CARTESIAN_POINT('',(7.9,-2.08846153846154,-2.08269230769231));
#18676=CARTESIAN_POINT('',(10.2,-2.08846153846154,-2.08269230769231));
#18677=CARTESIAN_POINT('',(10.2,-0.849999999999998,-1.375));
#18678=CARTESIAN_POINT('',(10.7,-2.08846153846154,-2.08269230769231));
#18679=CARTESIAN_POINT('',(10.7,-0.849999999999998,-1.375));
#18680=CARTESIAN_POINT('',(7.9,-0.849999999999998,-1.375));
#18681=CARTESIAN_POINT('',(7.9,-3.35,-3.95532253547122));
#18682=CARTESIAN_POINT('',(11.72,-3.35,-3.95532253547122));
#18683=CARTESIAN_POINT('',(11.72,-3.84613603007563,-3.08707773147179));
#18684=CARTESIAN_POINT('',(11.72,-4.35,-3.95532253547122));
#18685=CARTESIAN_POINT('',(7.9,-3.84613893835683,-3.08707939334676));
#18686=CARTESIAN_POINT('',(11.22,-3.84613603013719,-3.08707773150697));
#18687=CARTESIAN_POINT('',(11.22,-3.35,-3.95532253547122));
#18688=CARTESIAN_POINT('',(11.22,-4.35,-3.95532253547122));
#18689=CARTESIAN_POINT('',(11.22,-4.35,-3.95532253547122));
#18690=CARTESIAN_POINT('',(11.22,1.41153846153846,-0.0826923076923079));
#18691=CARTESIAN_POINT('',(11.22,-0.580769230769228,-1.22115384615385));
#18692=CARTESIAN_POINT('',(11.22,-0.849999999999998,-1.375));
#18693=CARTESIAN_POINT('',(11.72,0.65769230769231,-0.513461538461539));
#18694=CARTESIAN_POINT('',(11.72,-0.849999999999998,-1.375));
#18695=CARTESIAN_POINT('',(11.22,-0.849999999999997,-1.375));
#18696=CARTESIAN_POINT('',(15.7613773536336,6.454078119073,-4.56667883955508));
#18697=CARTESIAN_POINT('',(15.7613773536336,6.454078119073,-2.36667883955508));
#18698=CARTESIAN_POINT('',(15.8580008475937,6.47984438412903,-2.36667883955508));
#18699=CARTESIAN_POINT('',(15.7613798978336,6.554078119073,-2.36667883955508));
#18700=CARTESIAN_POINT('',(15.8580008475937,6.47984438412903,-2.36667883955508));
#18701=CARTESIAN_POINT('',(15.8580008475937,6.47984438412903,-4.56667883955508));
#18702=CARTESIAN_POINT('',(15.7613773536336,6.454078119073,-4.56667883955508));
#18703=CARTESIAN_POINT('',(15.7613798978336,6.554078119073,-4.56667883955508));
#18704=CARTESIAN_POINT('',(15.7613773536336,6.554078119073,-4.56667883955508));
#18705=CARTESIAN_POINT('',(16.05,9.3047607172478E-17,-8.67361737988404E-16));
#18706=CARTESIAN_POINT('',(16.05,5.4098475626056,-4.56667883955508));
#18707=CARTESIAN_POINT('',(16.05,5.4098475626056,-4.56667883955508));
#18708=CARTESIAN_POINT('',(16.05,5.7467431951991,-4.56667883955508));
#18709=CARTESIAN_POINT('',(16.05,5.7467431951991,-8.67361737988404E-16));
#18710=CARTESIAN_POINT('',(16.05,5.7467431951991,-2.36667883955508));
#18711=CARTESIAN_POINT('',(16.05,6.50984756260559,-2.36667883955508));
#18712=CARTESIAN_POINT('',(16.05,5.4098475626056,-2.36667883955508));
#18713=CARTESIAN_POINT('',(16.05,5.4098475626056,-2.36667883955508));
#18714=CARTESIAN_POINT('',(15.95,5.7467431951991,-8.67361737988404E-16));
#18715=CARTESIAN_POINT('',(15.95,5.7467431951991,-4.56667883955508));
#18716=CARTESIAN_POINT('',(16.0466234939601,5.77250946025513,-4.56667883955508));
#18717=CARTESIAN_POINT('',(16.0466234939601,5.77250946025513,-8.67361737988404E-16));
#18718=CARTESIAN_POINT('',(16.0466234939601,5.77250946025513,-2.36667883955508));
#18719=CARTESIAN_POINT('',(15.95,5.7467431951991,-2.36667883955508));
#18720=CARTESIAN_POINT('',(16.05,5.75984756260559,-8.67361737988404E-16));
#18721=CARTESIAN_POINT('',(16.05,5.75984756260559,-2.36667883955508));
#18722=CARTESIAN_POINT('',(16.05,5.75984756260559,-4.56667883955508));
#18723=CARTESIAN_POINT('',(-15.95,5.7467431951991,-8.67361737988404E-16));
#18724=CARTESIAN_POINT('',(-15.95,5.7467431951991,-4.56667883955508));
#18725=CARTESIAN_POINT('',(-16.0466234939601,5.77250946025513,-4.56667883955508));
#18726=CARTESIAN_POINT('',(-16.05,5.7467431951991,-4.56667883955508));
#18727=CARTESIAN_POINT('',(-16.05,5.7467431951991,-8.67361737988404E-16));
#18728=CARTESIAN_POINT('',(-16.05,5.7467431951991,-2.36667883955508));
#18729=CARTESIAN_POINT('',(-15.95,5.7467431951991,-2.36667883955508));
#18730=CARTESIAN_POINT('',(-16.0466234939601,5.77250946025513,-2.36667883955508));
#18731=CARTESIAN_POINT('',(-16.0466234939601,5.77250946025513,-8.67361737988404E-16));
#18732=CARTESIAN_POINT('',(-16.05,0.,-8.67361737988404E-16));
#18733=CARTESIAN_POINT('',(-16.05,5.4098475626056,-4.56667883955508));
#18734=CARTESIAN_POINT('',(-16.05,5.4098475626056,-4.56667883955508));
#18735=CARTESIAN_POINT('',(-16.05,5.4098475626056,-2.36667883955508));
#18736=CARTESIAN_POINT('',(-16.05,5.4098475626056,-2.36667883955508));
#18737=CARTESIAN_POINT('',(-16.05,6.50984756260559,-2.36667883955508));
#18738=CARTESIAN_POINT('',(-15.7613773536336,6.454078119073,-4.56667883955508));
#18739=CARTESIAN_POINT('',(-15.7613773536336,6.454078119073,-2.36667883955508));
#18740=CARTESIAN_POINT('',(-15.8580008475937,6.47984438412903,-2.36667883955508));
#18741=CARTESIAN_POINT('',(-15.7613798978336,6.554078119073,-2.36667883955508));
#18742=CARTESIAN_POINT('',(-15.7613773536336,6.554078119073,-4.56667883955508));
#18743=CARTESIAN_POINT('',(-15.7613798978336,6.554078119073,-4.56667883955508));
#18744=CARTESIAN_POINT('',(-15.7613773536336,6.454078119073,-4.56667883955508));
#18745=CARTESIAN_POINT('',(-15.8580008475937,6.47984438412903,-4.56667883955508));
#18746=CARTESIAN_POINT('',(-15.8580008475937,6.47984438412903,-2.36667883955508));
#18747=CARTESIAN_POINT('',(-16.05,5.75984756260559,-8.67361737988404E-16));
#18748=CARTESIAN_POINT('',(-16.05,5.75984756260559,-2.36667883955508));
#18749=CARTESIAN_POINT('',(-16.05,5.75984756260559,-4.56667883955508));
#18750=CARTESIAN_POINT('',(-8.16,1.15,-1.375));
#18751=CARTESIAN_POINT('',(-8.66,1.15,-1.375));
#18752=CARTESIAN_POINT('',(-8.66,3.15,-1.375));
#18753=CARTESIAN_POINT('',(-8.16,1.15,-1.375));
#18754=CARTESIAN_POINT('',(-8.16,3.15,-1.375));
#18755=CARTESIAN_POINT('',(-8.16,3.15,-1.375));
#18756=CARTESIAN_POINT('',(-9.18,1.15,-1.375));
#18757=CARTESIAN_POINT('',(-9.68,1.15,-1.375));
#18758=CARTESIAN_POINT('',(-9.68,3.15,-1.375));
#18759=CARTESIAN_POINT('',(-9.18,1.15,-1.375));
#18760=CARTESIAN_POINT('',(-9.18,3.15,-1.375));
#18761=CARTESIAN_POINT('',(-9.18,3.15,-1.375));
#18762=CARTESIAN_POINT('',(-10.2,1.15,-1.375));
#18763=CARTESIAN_POINT('',(-10.7,1.15,-1.375));
#18764=CARTESIAN_POINT('',(-10.7,3.15,-1.375));
#18765=CARTESIAN_POINT('',(-10.2,1.15,-1.375));
#18766=CARTESIAN_POINT('',(-10.2,3.15,-1.375));
#18767=CARTESIAN_POINT('',(-10.2,3.15,-1.375));
#18768=CARTESIAN_POINT('',(-11.22,1.15,-1.375));
#18769=CARTESIAN_POINT('',(-11.72,1.15,-1.375));
#18770=CARTESIAN_POINT('',(-11.72,3.15,-1.375));
#18771=CARTESIAN_POINT('',(-11.22,1.15,-1.375));
#18772=CARTESIAN_POINT('',(-11.22,3.15,-1.375));
#18773=CARTESIAN_POINT('',(-11.22,3.15,-1.375));
#18774=CARTESIAN_POINT('',(-4.58,1.15,-1.375));
#18775=CARTESIAN_POINT('',(-4.58,1.15,-1.375));
#18776=CARTESIAN_POINT('',(-4.58,3.15,-1.375));
#18777=CARTESIAN_POINT('',(-4.08,1.15,-1.375));
#18778=CARTESIAN_POINT('',(-4.08,3.15,-1.375));
#18779=CARTESIAN_POINT('',(-4.58,3.15,-1.375));
#18780=CARTESIAN_POINT('',(-5.6,1.15,-1.375));
#18781=CARTESIAN_POINT('',(-5.6,1.15,-1.375));
#18782=CARTESIAN_POINT('',(-5.6,3.15,-1.375));
#18783=CARTESIAN_POINT('',(-5.1,1.15,-1.375));
#18784=CARTESIAN_POINT('',(-5.1,3.15,-1.375));
#18785=CARTESIAN_POINT('',(-5.6,3.15,-1.375));
#18786=CARTESIAN_POINT('',(-6.62,1.15,-1.375));
#18787=CARTESIAN_POINT('',(-6.62,1.15,-1.375));
#18788=CARTESIAN_POINT('',(-6.62,3.15,-1.375));
#18789=CARTESIAN_POINT('',(-6.12,1.15,-1.375));
#18790=CARTESIAN_POINT('',(-6.12,3.15,-1.375));
#18791=CARTESIAN_POINT('',(-6.62,3.15,-1.375));
#18792=CARTESIAN_POINT('',(-7.64,1.15,-1.375));
#18793=CARTESIAN_POINT('',(-7.64,1.15,-1.375));
#18794=CARTESIAN_POINT('',(-7.64,3.15,-1.375));
#18795=CARTESIAN_POINT('',(-7.14,1.15,-1.375));
#18796=CARTESIAN_POINT('',(-7.14,3.15,-1.375));
#18797=CARTESIAN_POINT('',(-7.64,3.15,-1.375));
#18798=CARTESIAN_POINT('',(-11.72,1.15,-1.375));
#18799=CARTESIAN_POINT('',(-11.72,-4.35,-1.375));
#18800=CARTESIAN_POINT('',(-11.72,-4.35,-4.25));
#18801=CARTESIAN_POINT('',(-11.72,3.15,-1.375));
#18802=CARTESIAN_POINT('',(-11.72,3.15,-4.25));
#18803=CARTESIAN_POINT('',(-11.72,1.15,-4.25));
#18804=CARTESIAN_POINT('',(-7.9,-4.35,0.));
#18805=CARTESIAN_POINT('',(-11.22,-4.35,-4.25));
#18806=CARTESIAN_POINT('',(-11.22,-4.35,-4.25));
#18807=CARTESIAN_POINT('',(-11.72,-4.35,-4.25));
#18808=CARTESIAN_POINT('',(-11.22,1.15,-4.25));
#18809=CARTESIAN_POINT('',(-11.22,1.15,-4.25));
#18810=CARTESIAN_POINT('',(-11.22,3.15,-4.25));
#18811=CARTESIAN_POINT('',(-11.22,3.15,-4.25));
#18812=CARTESIAN_POINT('',(-10.7,1.15,-1.375));
#18813=CARTESIAN_POINT('',(-10.7,-4.35,-1.375));
#18814=CARTESIAN_POINT('',(-10.7,-4.35,-4.25));
#18815=CARTESIAN_POINT('',(-10.7,3.15,-1.375));
#18816=CARTESIAN_POINT('',(-10.7,3.15,-4.25));
#18817=CARTESIAN_POINT('',(-10.7,1.15,-4.25));
#18818=CARTESIAN_POINT('',(-7.9,-4.35,0.));
#18819=CARTESIAN_POINT('',(-10.2,-4.35,-4.25));
#18820=CARTESIAN_POINT('',(-10.2,-4.35,-4.25));
#18821=CARTESIAN_POINT('',(-10.7,-4.35,-4.25));
#18822=CARTESIAN_POINT('',(-10.2,1.15,-4.25));
#18823=CARTESIAN_POINT('',(-10.2,1.15,-4.25));
#18824=CARTESIAN_POINT('',(-10.2,3.15,-4.25));
#18825=CARTESIAN_POINT('',(-10.2,3.15,-4.25));
#18826=CARTESIAN_POINT('',(-9.68,1.15,-1.375));
#18827=CARTESIAN_POINT('',(-9.68,-4.35,-1.375));
#18828=CARTESIAN_POINT('',(-9.68,-4.35,-4.25));
#18829=CARTESIAN_POINT('',(-9.68,3.15,-1.375));
#18830=CARTESIAN_POINT('',(-9.68,3.15,-4.25));
#18831=CARTESIAN_POINT('',(-9.68,1.15,-4.25));
#18832=CARTESIAN_POINT('',(-7.9,-4.35,0.));
#18833=CARTESIAN_POINT('',(-9.18,-4.35,-4.25));
#18834=CARTESIAN_POINT('',(-9.18,-4.35,-4.25));
#18835=CARTESIAN_POINT('',(-9.68,-4.35,-4.25));
#18836=CARTESIAN_POINT('',(-9.18,1.15,-4.25));
#18837=CARTESIAN_POINT('',(-9.18,1.15,-4.25));
#18838=CARTESIAN_POINT('',(-9.18,3.15,-4.25));
#18839=CARTESIAN_POINT('',(-9.18,3.15,-4.25));
#18840=CARTESIAN_POINT('',(-8.66,1.15,-1.375));
#18841=CARTESIAN_POINT('',(-8.66,-4.35,-1.375));
#18842=CARTESIAN_POINT('',(-8.66,-4.35,-4.25));
#18843=CARTESIAN_POINT('',(-8.66,3.15,-1.375));
#18844=CARTESIAN_POINT('',(-8.66,3.15,-4.25));
#18845=CARTESIAN_POINT('',(-8.66,1.15,-4.25));
#18846=CARTESIAN_POINT('',(-7.9,-4.35,0.));
#18847=CARTESIAN_POINT('',(-8.16,-4.35,-4.25));
#18848=CARTESIAN_POINT('',(-8.16,-4.35,-4.25));
#18849=CARTESIAN_POINT('',(-8.66,-4.35,-4.25));
#18850=CARTESIAN_POINT('',(-8.16,1.15,-4.25));
#18851=CARTESIAN_POINT('',(-8.16,1.15,-4.25));
#18852=CARTESIAN_POINT('',(-8.16,3.15,-4.25));
#18853=CARTESIAN_POINT('',(-8.16,3.15,-4.25));
#18854=CARTESIAN_POINT('',(-7.64,1.15,-4.25));
#18855=CARTESIAN_POINT('',(-7.64,-4.35,-4.25));
#18856=CARTESIAN_POINT('',(-7.64,-4.35,-4.25));
#18857=CARTESIAN_POINT('',(-7.64,3.15,-4.25));
#18858=CARTESIAN_POINT('',(-7.64,3.15,-4.25));
#18859=CARTESIAN_POINT('',(-7.64,1.15,-4.25));
#18860=CARTESIAN_POINT('',(-7.9,-4.35,0.));
#18861=CARTESIAN_POINT('',(-7.14,-4.35,-1.375));
#18862=CARTESIAN_POINT('',(-7.14,-4.35,-4.25));
#18863=CARTESIAN_POINT('',(-7.64,-4.35,-4.25));
#18864=CARTESIAN_POINT('',(-7.14,1.15,-1.375));
#18865=CARTESIAN_POINT('',(-7.14,1.15,-4.25));
#18866=CARTESIAN_POINT('',(-7.14,3.15,-4.25));
#18867=CARTESIAN_POINT('',(-7.14,3.15,-1.375));
#18868=CARTESIAN_POINT('',(-6.62,1.15,-4.25));
#18869=CARTESIAN_POINT('',(-6.62,-4.35,-4.25));
#18870=CARTESIAN_POINT('',(-6.62,-4.35,-4.25));
#18871=CARTESIAN_POINT('',(-6.62,3.15,-4.25));
#18872=CARTESIAN_POINT('',(-6.62,3.15,-4.25));
#18873=CARTESIAN_POINT('',(-6.62,1.15,-4.25));
#18874=CARTESIAN_POINT('',(-7.9,-4.35,0.));
#18875=CARTESIAN_POINT('',(-6.12,-4.35,-1.375));
#18876=CARTESIAN_POINT('',(-6.12,-4.35,-4.25));
#18877=CARTESIAN_POINT('',(-6.62,-4.35,-4.25));
#18878=CARTESIAN_POINT('',(-6.12,1.15,-1.375));
#18879=CARTESIAN_POINT('',(-6.12,1.15,-4.25));
#18880=CARTESIAN_POINT('',(-6.12,3.15,-4.25));
#18881=CARTESIAN_POINT('',(-6.12,3.15,-1.375));
#18882=CARTESIAN_POINT('',(-5.6,1.15,-4.25));
#18883=CARTESIAN_POINT('',(-5.6,-4.35,-4.25));
#18884=CARTESIAN_POINT('',(-5.6,-4.35,-4.25));
#18885=CARTESIAN_POINT('',(-5.6,3.15,-4.25));
#18886=CARTESIAN_POINT('',(-5.6,3.15,-4.25));
#18887=CARTESIAN_POINT('',(-5.6,1.15,-4.25));
#18888=CARTESIAN_POINT('',(-7.9,-4.35,0.));
#18889=CARTESIAN_POINT('',(-5.1,-4.35,-1.375));
#18890=CARTESIAN_POINT('',(-5.1,-4.35,-4.25));
#18891=CARTESIAN_POINT('',(-5.6,-4.35,-4.25));
#18892=CARTESIAN_POINT('',(-5.1,1.15,-1.375));
#18893=CARTESIAN_POINT('',(-5.1,1.15,-4.25));
#18894=CARTESIAN_POINT('',(-5.1,3.15,-4.25));
#18895=CARTESIAN_POINT('',(-5.1,3.15,-1.375));
#18896=CARTESIAN_POINT('',(-4.58,1.15,-4.25));
#18897=CARTESIAN_POINT('',(-4.58,-4.35,-4.25));
#18898=CARTESIAN_POINT('',(-4.58,-4.35,-4.25));
#18899=CARTESIAN_POINT('',(-4.58,3.15,-4.25));
#18900=CARTESIAN_POINT('',(-4.58,3.15,-4.25));
#18901=CARTESIAN_POINT('',(-4.58,1.15,-4.25));
#18902=CARTESIAN_POINT('',(-7.9,-4.35,0.));
#18903=CARTESIAN_POINT('',(-4.08,-4.35,-1.375));
#18904=CARTESIAN_POINT('',(-4.08,-4.35,-4.25));
#18905=CARTESIAN_POINT('',(-4.58,-4.35,-4.25));
#18906=CARTESIAN_POINT('',(-4.08,1.15,-1.375));
#18907=CARTESIAN_POINT('',(-4.08,1.15,-4.25));
#18908=CARTESIAN_POINT('',(-4.08,3.15,-4.25));
#18909=CARTESIAN_POINT('',(-4.08,3.15,-1.375));
#18910=CARTESIAN_POINT('',(7.64,1.15,-1.375));
#18911=CARTESIAN_POINT('',(7.14,1.15,-1.375));
#18912=CARTESIAN_POINT('',(7.14,3.15,-1.375));
#18913=CARTESIAN_POINT('',(7.64,1.15,-1.375));
#18914=CARTESIAN_POINT('',(7.64,3.15,-1.375));
#18915=CARTESIAN_POINT('',(7.64,3.15,-1.375));
#18916=CARTESIAN_POINT('',(6.62,1.15,-1.375));
#18917=CARTESIAN_POINT('',(6.12,1.15,-1.375));
#18918=CARTESIAN_POINT('',(6.12,3.15,-1.375));
#18919=CARTESIAN_POINT('',(6.62,1.15,-1.375));
#18920=CARTESIAN_POINT('',(6.62,3.15,-1.375));
#18921=CARTESIAN_POINT('',(6.62,3.15,-1.375));
#18922=CARTESIAN_POINT('',(5.6,1.15,-1.375));
#18923=CARTESIAN_POINT('',(5.1,1.15,-1.375));
#18924=CARTESIAN_POINT('',(5.1,3.15,-1.375));
#18925=CARTESIAN_POINT('',(5.6,1.15,-1.375));
#18926=CARTESIAN_POINT('',(5.6,3.15,-1.375));
#18927=CARTESIAN_POINT('',(5.6,3.15,-1.375));
#18928=CARTESIAN_POINT('',(4.58,1.15,-1.375));
#18929=CARTESIAN_POINT('',(4.08,1.15,-1.375));
#18930=CARTESIAN_POINT('',(4.08,3.15,-1.375));
#18931=CARTESIAN_POINT('',(4.58,1.15,-1.375));
#18932=CARTESIAN_POINT('',(4.58,3.15,-1.375));
#18933=CARTESIAN_POINT('',(4.58,3.15,-1.375));
#18934=CARTESIAN_POINT('',(11.22,1.15,-1.375));
#18935=CARTESIAN_POINT('',(11.22,1.15,-1.375));
#18936=CARTESIAN_POINT('',(11.22,3.15,-1.375));
#18937=CARTESIAN_POINT('',(11.72,1.15,-1.375));
#18938=CARTESIAN_POINT('',(11.72,3.15,-1.375));
#18939=CARTESIAN_POINT('',(11.22,3.15,-1.375));
#18940=CARTESIAN_POINT('',(10.2,1.15,-1.375));
#18941=CARTESIAN_POINT('',(10.2,1.15,-1.375));
#18942=CARTESIAN_POINT('',(10.2,3.15,-1.375));
#18943=CARTESIAN_POINT('',(10.7,1.15,-1.375));
#18944=CARTESIAN_POINT('',(10.7,3.15,-1.375));
#18945=CARTESIAN_POINT('',(10.2,3.15,-1.375));
#18946=CARTESIAN_POINT('',(9.18,1.15,-1.375));
#18947=CARTESIAN_POINT('',(9.18,1.15,-1.375));
#18948=CARTESIAN_POINT('',(9.18,3.15,-1.375));
#18949=CARTESIAN_POINT('',(9.68,1.15,-1.375));
#18950=CARTESIAN_POINT('',(9.68,3.15,-1.375));
#18951=CARTESIAN_POINT('',(9.18,3.15,-1.375));
#18952=CARTESIAN_POINT('',(8.16,1.15,-1.375));
#18953=CARTESIAN_POINT('',(8.16,1.15,-1.375));
#18954=CARTESIAN_POINT('',(8.16,3.15,-1.375));
#18955=CARTESIAN_POINT('',(8.66,1.15,-1.375));
#18956=CARTESIAN_POINT('',(8.66,3.15,-1.375));
#18957=CARTESIAN_POINT('',(8.16,3.15,-1.375));
#18958=CARTESIAN_POINT('',(4.08,1.15,-1.375));
#18959=CARTESIAN_POINT('',(4.08,-4.35,-1.375));
#18960=CARTESIAN_POINT('',(4.08,-4.35,-4.25));
#18961=CARTESIAN_POINT('',(4.08,3.15,-1.375));
#18962=CARTESIAN_POINT('',(4.08,3.15,-4.25));
#18963=CARTESIAN_POINT('',(4.08,1.15,-4.25));
#18964=CARTESIAN_POINT('',(7.9,-4.35,0.));
#18965=CARTESIAN_POINT('',(4.58,-4.35,-4.25));
#18966=CARTESIAN_POINT('',(4.58,-4.35,-4.25));
#18967=CARTESIAN_POINT('',(4.08,-4.35,-4.25));
#18968=CARTESIAN_POINT('',(4.58,1.15,-4.25));
#18969=CARTESIAN_POINT('',(4.58,1.15,-4.25));
#18970=CARTESIAN_POINT('',(4.58,3.15,-4.25));
#18971=CARTESIAN_POINT('',(4.58,3.15,-4.25));
#18972=CARTESIAN_POINT('',(5.1,1.15,-1.375));
#18973=CARTESIAN_POINT('',(5.1,-4.35,-1.375));
#18974=CARTESIAN_POINT('',(5.1,-4.35,-4.25));
#18975=CARTESIAN_POINT('',(5.1,3.15,-1.375));
#18976=CARTESIAN_POINT('',(5.1,3.15,-4.25));
#18977=CARTESIAN_POINT('',(5.1,1.15,-4.25));
#18978=CARTESIAN_POINT('',(7.9,-4.35,0.));
#18979=CARTESIAN_POINT('',(5.6,-4.35,-4.25));
#18980=CARTESIAN_POINT('',(5.6,-4.35,-4.25));
#18981=CARTESIAN_POINT('',(5.1,-4.35,-4.25));
#18982=CARTESIAN_POINT('',(5.6,1.15,-4.25));
#18983=CARTESIAN_POINT('',(5.6,1.15,-4.25));
#18984=CARTESIAN_POINT('',(5.6,3.15,-4.25));
#18985=CARTESIAN_POINT('',(5.6,3.15,-4.25));
#18986=CARTESIAN_POINT('',(6.12,1.15,-1.375));
#18987=CARTESIAN_POINT('',(6.12,-4.35,-1.375));
#18988=CARTESIAN_POINT('',(6.12,-4.35,-4.25));
#18989=CARTESIAN_POINT('',(6.12,3.15,-1.375));
#18990=CARTESIAN_POINT('',(6.12,3.15,-4.25));
#18991=CARTESIAN_POINT('',(6.12,1.15,-4.25));
#18992=CARTESIAN_POINT('',(7.9,-4.35,0.));
#18993=CARTESIAN_POINT('',(6.62,-4.35,-4.25));
#18994=CARTESIAN_POINT('',(6.62,-4.35,-4.25));
#18995=CARTESIAN_POINT('',(6.12,-4.35,-4.25));
#18996=CARTESIAN_POINT('',(6.62,1.15,-4.25));
#18997=CARTESIAN_POINT('',(6.62,1.15,-4.25));
#18998=CARTESIAN_POINT('',(6.62,3.15,-4.25));
#18999=CARTESIAN_POINT('',(6.62,3.15,-4.25));
#19000=CARTESIAN_POINT('',(7.14,1.15,-1.375));
#19001=CARTESIAN_POINT('',(7.14,-4.35,-1.375));
#19002=CARTESIAN_POINT('',(7.14,-4.35,-4.25));
#19003=CARTESIAN_POINT('',(7.14,3.15,-1.375));
#19004=CARTESIAN_POINT('',(7.14,3.15,-4.25));
#19005=CARTESIAN_POINT('',(7.14,1.15,-4.25));
#19006=CARTESIAN_POINT('',(7.9,-4.35,0.));
#19007=CARTESIAN_POINT('',(7.64,-4.35,-4.25));
#19008=CARTESIAN_POINT('',(7.64,-4.35,-4.25));
#19009=CARTESIAN_POINT('',(7.14,-4.35,-4.25));
#19010=CARTESIAN_POINT('',(7.64,1.15,-4.25));
#19011=CARTESIAN_POINT('',(7.64,1.15,-4.25));
#19012=CARTESIAN_POINT('',(7.64,3.15,-4.25));
#19013=CARTESIAN_POINT('',(7.64,3.15,-4.25));
#19014=CARTESIAN_POINT('',(8.16,1.15,-4.25));
#19015=CARTESIAN_POINT('',(8.16,-4.35,-4.25));
#19016=CARTESIAN_POINT('',(8.16,-4.35,-4.25));
#19017=CARTESIAN_POINT('',(8.16,3.15,-4.25));
#19018=CARTESIAN_POINT('',(8.16,3.15,-4.25));
#19019=CARTESIAN_POINT('',(8.16,1.15,-4.25));
#19020=CARTESIAN_POINT('',(7.9,-4.35,0.));
#19021=CARTESIAN_POINT('',(8.66,-4.35,-1.375));
#19022=CARTESIAN_POINT('',(8.66,-4.35,-4.25));
#19023=CARTESIAN_POINT('',(8.16,-4.35,-4.25));
#19024=CARTESIAN_POINT('',(8.66,1.15,-1.375));
#19025=CARTESIAN_POINT('',(8.66,1.15,-4.25));
#19026=CARTESIAN_POINT('',(8.66,3.15,-4.25));
#19027=CARTESIAN_POINT('',(8.66,3.15,-1.375));
#19028=CARTESIAN_POINT('',(9.18,1.15,-4.25));
#19029=CARTESIAN_POINT('',(9.18,-4.35,-4.25));
#19030=CARTESIAN_POINT('',(9.18,-4.35,-4.25));
#19031=CARTESIAN_POINT('',(9.18,3.15,-4.25));
#19032=CARTESIAN_POINT('',(9.18,3.15,-4.25));
#19033=CARTESIAN_POINT('',(9.18,1.15,-4.25));
#19034=CARTESIAN_POINT('',(7.9,-4.35,0.));
#19035=CARTESIAN_POINT('',(9.68,-4.35,-1.375));
#19036=CARTESIAN_POINT('',(9.68,-4.35,-4.25));
#19037=CARTESIAN_POINT('',(9.18,-4.35,-4.25));
#19038=CARTESIAN_POINT('',(9.68,1.15,-1.375));
#19039=CARTESIAN_POINT('',(9.68,1.15,-4.25));
#19040=CARTESIAN_POINT('',(9.68,3.15,-4.25));
#19041=CARTESIAN_POINT('',(9.68,3.15,-1.375));
#19042=CARTESIAN_POINT('',(10.2,1.15,-4.25));
#19043=CARTESIAN_POINT('',(10.2,-4.35,-4.25));
#19044=CARTESIAN_POINT('',(10.2,-4.35,-4.25));
#19045=CARTESIAN_POINT('',(10.2,3.15,-4.25));
#19046=CARTESIAN_POINT('',(10.2,3.15,-4.25));
#19047=CARTESIAN_POINT('',(10.2,1.15,-4.25));
#19048=CARTESIAN_POINT('',(7.9,-4.35,0.));
#19049=CARTESIAN_POINT('',(10.7,-4.35,-1.375));
#19050=CARTESIAN_POINT('',(10.7,-4.35,-4.25));
#19051=CARTESIAN_POINT('',(10.2,-4.35,-4.25));
#19052=CARTESIAN_POINT('',(10.7,1.15,-1.375));
#19053=CARTESIAN_POINT('',(10.7,1.15,-4.25));
#19054=CARTESIAN_POINT('',(10.7,3.15,-4.25));
#19055=CARTESIAN_POINT('',(10.7,3.15,-1.375));
#19056=CARTESIAN_POINT('',(11.22,1.15,-4.25));
#19057=CARTESIAN_POINT('',(11.22,-4.35,-4.25));
#19058=CARTESIAN_POINT('',(11.22,-4.35,-4.25));
#19059=CARTESIAN_POINT('',(11.22,3.15,-4.25));
#19060=CARTESIAN_POINT('',(11.22,3.15,-4.25));
#19061=CARTESIAN_POINT('',(11.22,1.15,-4.25));
#19062=CARTESIAN_POINT('',(7.9,-4.35,0.));
#19063=CARTESIAN_POINT('',(11.72,-4.35,-1.375));
#19064=CARTESIAN_POINT('',(11.72,-4.35,-4.25));
#19065=CARTESIAN_POINT('',(11.22,-4.35,-4.25));
#19066=CARTESIAN_POINT('',(11.72,1.15,-1.375));
#19067=CARTESIAN_POINT('',(11.72,1.15,-4.25));
#19068=CARTESIAN_POINT('',(11.72,3.15,-4.25));
#19069=CARTESIAN_POINT('',(11.72,3.15,-1.375));
#19070=CARTESIAN_POINT('',(16.05,6.554078119073,-4.56667883955508));
#19071=CARTESIAN_POINT('',(16.05,6.554078119073,-2.36667883955508));
#19072=CARTESIAN_POINT('',(15.6,6.554078119073,-2.36667883955508));
#19073=CARTESIAN_POINT('',(16.05,6.554078119073,-4.56667883955508));
#19074=CARTESIAN_POINT('',(15.6,6.554078119073,-4.56667883955508));
#19075=CARTESIAN_POINT('',(15.6,6.554078119073,-4.56667883955508));
#19076=CARTESIAN_POINT('',(16.05,6.50984756260559,-2.36667883955508));
#19077=CARTESIAN_POINT('',(15.6,6.50984756260559,-2.36667883955508));
#19078=CARTESIAN_POINT('',(15.6,5.4098475626056,-2.36667883955508));
#19079=CARTESIAN_POINT('',(16.05,5.4098475626056,-2.36667883955508));
#19080=CARTESIAN_POINT('',(16.05,5.4098475626056,-2.36667883955508));
#19081=CARTESIAN_POINT('',(15.6,5.4098475626056,-2.36667883955508));
#19082=CARTESIAN_POINT('',(15.6,5.4098475626056,-4.56667883955508));
#19083=CARTESIAN_POINT('',(16.05,5.4098475626056,-4.56667883955508));
#19084=CARTESIAN_POINT('',(16.05,5.4098475626056,-4.56667883955508));
#19085=CARTESIAN_POINT('',(15.6,5.4098475626056,-4.56667883955508));
#19086=CARTESIAN_POINT('',(-16.05,5.4098475626056,-2.36667883955508));
#19087=CARTESIAN_POINT('',(-15.6,5.4098475626056,-2.36667883955508));
#19088=CARTESIAN_POINT('',(-15.6,5.4098475626056,-2.36667883955508));
#19089=CARTESIAN_POINT('',(-15.6,5.4098475626056,-4.56667883955508));
#19090=CARTESIAN_POINT('',(-16.05,5.4098475626056,-2.36667883955508));
#19091=CARTESIAN_POINT('',(-16.05,5.4098475626056,-4.56667883955508));
#19092=CARTESIAN_POINT('',(-16.05,6.50984756260559,-2.36667883955508));
#19093=CARTESIAN_POINT('',(-15.6,6.50984756260559,-2.36667883955508));
#19094=CARTESIAN_POINT('',(-15.6,6.554078119073,-2.36667883955508));
#19095=CARTESIAN_POINT('',(-16.05,6.554078119073,-2.36667883955508));
#19096=CARTESIAN_POINT('',(-16.05,6.554078119073,-4.56667883955508));
#19097=CARTESIAN_POINT('',(-15.6,6.554078119073,-4.56667883955508));
#19098=CARTESIAN_POINT('',(-15.6,6.554078119073,-4.56667883955508));
#19099=CARTESIAN_POINT('',(-16.05,6.554078119073,-4.56667883955508));
#19100=CARTESIAN_POINT('',(-16.05,5.4098475626056,-4.56667883955508));
#19101=CARTESIAN_POINT('',(-15.6,5.4098475626056,-4.56667883955508));
#19102=CARTESIAN_POINT('',(-7.9,3.15,0.));
#19103=CARTESIAN_POINT('',(-13.825,3.15,-4.25));
#19104=CARTESIAN_POINT('',(-13.825,3.15,-4.25));
#19105=CARTESIAN_POINT('',(-13.825,3.15,-4.25));
#19106=CARTESIAN_POINT('',(-13.825,3.15,-4.25));
#19107=CARTESIAN_POINT('',(-1.975,3.15,-4.25));
#19108=CARTESIAN_POINT('',(-1.975,3.15,-4.25));
#19109=CARTESIAN_POINT('',(-1.975,3.15,2.5));
#19110=CARTESIAN_POINT('',(-1.975,3.15,2.5));
#19111=CARTESIAN_POINT('',(-4.5715906193596,3.15,2.5));
#19112=CARTESIAN_POINT('',(-4.5715906193596,3.15,2.5));
#19113=CARTESIAN_POINT('',(-4.5715906193596,3.15,4.15));
#19114=CARTESIAN_POINT('',(-4.5715906193596,3.15,4.15));
#19115=CARTESIAN_POINT('',(-5.8713422154986,3.15,4.15));
#19116=CARTESIAN_POINT('',(-5.8713422154986,3.15,4.15));
#19117=CARTESIAN_POINT('',(-5.8713422154986,3.15,5.39638228778995));
#19118=CARTESIAN_POINT('',(-5.8713422154986,3.15,5.39638228778995));
#19119=CARTESIAN_POINT('',(-9.9286577845014,3.15,5.39638228778995));
#19120=CARTESIAN_POINT('',(-9.9286577845014,3.15,4.15));
#19121=CARTESIAN_POINT('',(-9.9286577845014,3.15,4.15));
#19122=CARTESIAN_POINT('',(-11.2284093806404,3.15,4.15));
#19123=CARTESIAN_POINT('',(-11.2284093806404,3.15,4.15));
#19124=CARTESIAN_POINT('',(-11.2284093806404,3.15,2.5));
#19125=CARTESIAN_POINT('',(-11.2284093806404,3.15,2.5));
#19126=CARTESIAN_POINT('',(-13.825,3.15,2.5));
#19127=CARTESIAN_POINT('',(-13.825,3.15,2.5));
#19128=CARTESIAN_POINT('',(-13.825,3.15,-1.67342052112842));
#19129=CARTESIAN_POINT('',(-13.825,3.15,-4.25));
#19130=CARTESIAN_POINT('',(-13.825,3.15,-4.25));
#19131=CARTESIAN_POINT('',(-13.825,3.15,-4.25));
#19132=CARTESIAN_POINT('',(-13.825,3.15,-4.25));
#19133=CARTESIAN_POINT('',(-13.825,3.15,-4.25));
#19134=CARTESIAN_POINT('',(-13.825,3.15,-4.25));
#19135=CARTESIAN_POINT('',(-13.825,6.15,-4.25));
#19136=CARTESIAN_POINT('',(-13.825,6.15,-4.25));
#19137=CARTESIAN_POINT('',(-13.825,-7.3,-4.25));
#19138=CARTESIAN_POINT('',(-1.975,-7.3,-4.25));
#19139=CARTESIAN_POINT('',(-1.975,-7.3,-4.25));
#19140=CARTESIAN_POINT('',(-1.975,6.15,-4.25));
#19141=CARTESIAN_POINT('',(-7.9,-8.05,0.));
#19142=CARTESIAN_POINT('',(-11.7871745801312,-8.05,4.18119068414353));
#19143=CARTESIAN_POINT('',(-14.3230317372769,-8.05,4.18119068414353));
#19144=CARTESIAN_POINT('',(-12.5013174229855,-8.05,4.18119068414353));
#19145=CARTESIAN_POINT('',(-12.5013174229855,-8.05,4.55290499843496));
#19146=CARTESIAN_POINT('',(-12.5013174229855,-8.05,4.55290499843496));
#19147=CARTESIAN_POINT('',(-15.0371745801312,-8.05,4.55290499843496));
#19148=CARTESIAN_POINT('',(-14.323031737277,-8.05,4.55290499843496));
#19149=CARTESIAN_POINT('',(-14.323031737277,-8.05,4.18119068414353));
#19150=CARTESIAN_POINT('',(-4.5715906193596,6.15,2.5));
#19151=CARTESIAN_POINT('',(-4.5715906193596,6.15,2.5));
#19152=CARTESIAN_POINT('',(-4.5715906193596,-7.3,2.5));
#19153=CARTESIAN_POINT('',(-4.5715906193596,-7.3,2.5));
#19154=CARTESIAN_POINT('',(-4.5715906193596,-7.3,4.15));
#19155=CARTESIAN_POINT('',(-4.5715906193596,6.15,4.15));
#19156=CARTESIAN_POINT('',(-4.5715906193596,6.15,4.15));
#19157=CARTESIAN_POINT('',(-4.5715906193596,-7.3,4.15));
#19158=CARTESIAN_POINT('',(-5.8713422154986,-7.3,4.15));
#19159=CARTESIAN_POINT('',(-5.8713422154986,6.15,4.15));
#19160=CARTESIAN_POINT('',(-5.8713422154986,6.15,4.15));
#19161=CARTESIAN_POINT('',(-5.8713422154986,-7.3,4.15));
#19162=CARTESIAN_POINT('',(-5.8713422154986,-7.3,5.39638228778995));
#19163=CARTESIAN_POINT('',(-5.8713422154986,6.15,5.39638228778995));
#19164=CARTESIAN_POINT('',(-9.9286577845014,6.15,5.39638228778995));
#19165=CARTESIAN_POINT('',(-9.9286577845014,-7.3,5.39638228778995));
#19166=CARTESIAN_POINT('',(-9.9286577845014,-7.3,5.39638228778995));
#19167=CARTESIAN_POINT('',(-9.9286577845014,6.15,5.39638228778995));
#19168=CARTESIAN_POINT('',(-9.9286577845014,6.15,4.15));
#19169=CARTESIAN_POINT('',(-9.9286577845014,-7.3,4.15));
#19170=CARTESIAN_POINT('',(-9.9286577845014,-7.3,4.15));
#19171=CARTESIAN_POINT('',(-9.9286577845014,6.15,4.15));
#19172=CARTESIAN_POINT('',(-11.2284093806404,6.15,4.15));
#19173=CARTESIAN_POINT('',(-11.2284093806404,-7.3,4.15));
#19174=CARTESIAN_POINT('',(-11.2284093806404,-7.3,4.15));
#19175=CARTESIAN_POINT('',(-11.2284093806404,6.15,4.15));
#19176=CARTESIAN_POINT('',(-11.2284093806404,6.15,2.5));
#19177=CARTESIAN_POINT('',(-11.2284093806404,-7.3,2.5));
#19178=CARTESIAN_POINT('',(-11.2284093806404,-7.3,2.5));
#19179=CARTESIAN_POINT('',(-11.2284093806404,6.15,2.5));
#19180=CARTESIAN_POINT('',(-13.825,6.15,2.5));
#19181=CARTESIAN_POINT('',(-13.825,-7.3,2.5));
#19182=CARTESIAN_POINT('',(-13.825,-7.3,2.5));
#19183=CARTESIAN_POINT('',(-13.825,6.15,2.5));
#19184=CARTESIAN_POINT('',(-1.975,6.15,2.5));
#19185=CARTESIAN_POINT('',(-1.975,6.15,2.5));
#19186=CARTESIAN_POINT('',(-1.975,-7.3,2.5));
#19187=CARTESIAN_POINT('',(-1.975,-7.3,2.5));
#19188=CARTESIAN_POINT('',(-7.9,-8.05,0.));
#19189=CARTESIAN_POINT('',(-7.9,-8.05,4.55290499843495));
#19190=CARTESIAN_POINT('',(-1.47696826272305,-8.05,4.55290499843496));
#19191=CARTESIAN_POINT('',(-3.29868257701448,-8.05,4.55290499843495));
#19192=CARTESIAN_POINT('',(-3.29868257701448,-8.05,3.10411630436215E-16));
#19193=CARTESIAN_POINT('',(-3.29868257701448,-8.05,4.18119068414353));
#19194=CARTESIAN_POINT('',(-7.9,-8.05,4.18119068414353));
#19195=CARTESIAN_POINT('',(-1.47696826272305,-8.05,4.18119068414353));
#19196=CARTESIAN_POINT('',(-1.47696826272306,-8.05,-4.20926948904829E-15));
#19197=CARTESIAN_POINT('',(7.9,3.15,0.));
#19198=CARTESIAN_POINT('',(1.975,3.15,-4.25));
#19199=CARTESIAN_POINT('',(1.975,3.15,-4.25));
#19200=CARTESIAN_POINT('',(1.975,3.15,-4.25));
#19201=CARTESIAN_POINT('',(1.975,3.15,-4.25));
#19202=CARTESIAN_POINT('',(13.825,3.15,-4.25));
#19203=CARTESIAN_POINT('',(13.825,3.15,-4.25));
#19204=CARTESIAN_POINT('',(13.825,3.15,2.5));
#19205=CARTESIAN_POINT('',(13.825,3.15,2.5));
#19206=CARTESIAN_POINT('',(11.2284093806404,3.15,2.5));
#19207=CARTESIAN_POINT('',(11.2284093806404,3.15,2.5));
#19208=CARTESIAN_POINT('',(11.2284093806404,3.15,4.15));
#19209=CARTESIAN_POINT('',(11.2284093806404,3.15,4.15));
#19210=CARTESIAN_POINT('',(9.9286577845014,3.15,4.15));
#19211=CARTESIAN_POINT('',(9.9286577845014,3.15,4.15));
#19212=CARTESIAN_POINT('',(9.9286577845014,3.15,5.39638228778995));
#19213=CARTESIAN_POINT('',(9.9286577845014,3.15,5.39638228778995));
#19214=CARTESIAN_POINT('',(5.8713422154986,3.15,5.39638228778995));
#19215=CARTESIAN_POINT('',(5.8713422154986,3.15,4.15));
#19216=CARTESIAN_POINT('',(5.8713422154986,3.15,4.15));
#19217=CARTESIAN_POINT('',(4.5715906193596,3.15,4.15));
#19218=CARTESIAN_POINT('',(4.5715906193596,3.15,4.15));
#19219=CARTESIAN_POINT('',(4.5715906193596,3.15,2.5));
#19220=CARTESIAN_POINT('',(4.5715906193596,3.15,2.5));
#19221=CARTESIAN_POINT('',(1.975,3.15,2.5));
#19222=CARTESIAN_POINT('',(1.975,3.15,2.5));
#19223=CARTESIAN_POINT('',(1.975,3.15,-1.67342052112842));
#19224=CARTESIAN_POINT('',(1.975,3.15,-4.25));
#19225=CARTESIAN_POINT('',(1.975,3.15,-4.25));
#19226=CARTESIAN_POINT('',(1.975,3.15,-4.25));
#19227=CARTESIAN_POINT('',(1.975,3.15,-4.25));
#19228=CARTESIAN_POINT('',(1.975,3.15,-4.25));
#19229=CARTESIAN_POINT('',(1.975,3.15,-4.25));
#19230=CARTESIAN_POINT('',(1.975,6.15,-4.25));
#19231=CARTESIAN_POINT('',(1.975,6.15,-4.25));
#19232=CARTESIAN_POINT('',(1.975,-7.3,-4.25));
#19233=CARTESIAN_POINT('',(7.9,-7.3,-4.25));
#19234=CARTESIAN_POINT('',(13.825,-7.3,-4.25));
#19235=CARTESIAN_POINT('',(13.825,6.15,-4.25));
#19236=CARTESIAN_POINT('',(7.9,-8.05,0.));
#19237=CARTESIAN_POINT('',(7.9,-8.05,4.55290499843495));
#19238=CARTESIAN_POINT('',(14.323031737277,-8.05,4.55290499843496));
#19239=CARTESIAN_POINT('',(12.5013174229855,-8.05,4.55290499843496));
#19240=CARTESIAN_POINT('',(12.5013174229855,-8.05,3.10411630436215E-16));
#19241=CARTESIAN_POINT('',(12.5013174229855,-8.05,4.18119068414352));
#19242=CARTESIAN_POINT('',(7.9,-8.05,4.18119068414352));
#19243=CARTESIAN_POINT('',(14.323031737277,-8.05,4.18119068414353));
#19244=CARTESIAN_POINT('',(14.3230317372769,-8.05,-4.20926948904829E-15));
#19245=CARTESIAN_POINT('',(7.9,-8.05,0.));
#19246=CARTESIAN_POINT('',(-13.3921745801312,-8.05,4.18119068414353));
#19247=CARTESIAN_POINT('',(1.47696826272305,-8.05,4.18119068414353));
#19248=CARTESIAN_POINT('',(3.29868257701448,-8.05,4.18119068414353));
#19249=CARTESIAN_POINT('',(3.29868257701448,-8.05,4.36704784128924));
#19250=CARTESIAN_POINT('',(3.29868257701448,-8.05,4.55290499843496));
#19251=CARTESIAN_POINT('',(-13.3921745801312,-8.05,4.55290499843496));
#19252=CARTESIAN_POINT('',(1.47696826272305,-8.05,4.55290499843496));
#19253=CARTESIAN_POINT('',(1.47696826272305,-8.05,4.36704784128924));
#19254=CARTESIAN_POINT('',(11.2284093806404,6.15,2.5));
#19255=CARTESIAN_POINT('',(11.2284093806404,6.15,2.5));
#19256=CARTESIAN_POINT('',(11.2284093806404,-7.3,2.5));
#19257=CARTESIAN_POINT('',(11.2284093806404,-7.3,2.5));
#19258=CARTESIAN_POINT('',(11.2284093806404,-7.3,4.15));
#19259=CARTESIAN_POINT('',(11.2284093806404,6.15,4.15));
#19260=CARTESIAN_POINT('',(11.2284093806404,6.15,4.15));
#19261=CARTESIAN_POINT('',(11.2284093806404,-7.3,4.15));
#19262=CARTESIAN_POINT('',(9.9286577845014,-7.3,4.15));
#19263=CARTESIAN_POINT('',(9.9286577845014,6.15,4.15));
#19264=CARTESIAN_POINT('',(9.9286577845014,6.15,4.15));
#19265=CARTESIAN_POINT('',(9.9286577845014,-7.3,4.15));
#19266=CARTESIAN_POINT('',(9.9286577845014,-7.3,5.39638228778995));
#19267=CARTESIAN_POINT('',(9.9286577845014,6.15,5.39638228778995));
#19268=CARTESIAN_POINT('',(5.8713422154986,6.15,5.39638228778995));
#19269=CARTESIAN_POINT('',(5.8713422154986,-7.3,5.39638228778995));
#19270=CARTESIAN_POINT('',(5.8713422154986,-7.3,5.39638228778995));
#19271=CARTESIAN_POINT('',(5.8713422154986,6.15,5.39638228778995));
#19272=CARTESIAN_POINT('',(5.8713422154986,6.15,4.15));
#19273=CARTESIAN_POINT('',(5.8713422154986,-7.3,4.15));
#19274=CARTESIAN_POINT('',(5.8713422154986,-7.3,4.15));
#19275=CARTESIAN_POINT('',(5.8713422154986,6.15,4.15));
#19276=CARTESIAN_POINT('',(4.5715906193596,6.15,4.15));
#19277=CARTESIAN_POINT('',(4.5715906193596,-7.3,4.15));
#19278=CARTESIAN_POINT('',(4.5715906193596,-7.3,4.15));
#19279=CARTESIAN_POINT('',(4.5715906193596,6.15,4.15));
#19280=CARTESIAN_POINT('',(4.5715906193596,6.15,2.5));
#19281=CARTESIAN_POINT('',(4.5715906193596,-7.3,2.5));
#19282=CARTESIAN_POINT('',(4.5715906193596,-7.3,2.5));
#19283=CARTESIAN_POINT('',(4.5715906193596,6.15,2.5));
#19284=CARTESIAN_POINT('',(1.975,6.15,2.5));
#19285=CARTESIAN_POINT('',(1.975,-7.3,2.5));
#19286=CARTESIAN_POINT('',(1.975,-7.3,2.5));
#19287=CARTESIAN_POINT('',(1.975,6.15,2.5));
#19288=CARTESIAN_POINT('',(13.825,6.15,2.5));
#19289=CARTESIAN_POINT('',(13.825,6.15,2.5));
#19290=CARTESIAN_POINT('',(13.825,-7.3,2.5));
#19291=CARTESIAN_POINT('',(13.825,-7.3,2.5));
#19292=CARTESIAN_POINT('',(15.6,9.3047607172478E-17,-8.67361737988404E-16));
#19293=CARTESIAN_POINT('',(15.6,5.3598475626056,-4.61667883955508));
#19294=CARTESIAN_POINT('',(15.6,5.3598475626056,-4.61667883955508));
#19295=CARTESIAN_POINT('',(15.6,6.55984756260559,-4.61667883955508));
#19296=CARTESIAN_POINT('',(15.6,6.55984756260559,-4.61667883955508));
#19297=CARTESIAN_POINT('',(15.6,6.55984756260559,-2.31667883955508));
#19298=CARTESIAN_POINT('',(15.6,6.55984756260559,-2.31667883955508));
#19299=CARTESIAN_POINT('',(15.6,5.3598475626056,-2.31667883955508));
#19300=CARTESIAN_POINT('',(15.6,5.3598475626056,-2.31667883955508));
#19301=CARTESIAN_POINT('',(-15.6,0.,-8.67361737988404E-16));
#19302=CARTESIAN_POINT('',(-15.6,5.3598475626056,-4.61667883955508));
#19303=CARTESIAN_POINT('',(-15.6,5.3598475626056,-4.61667883955508));
#19304=CARTESIAN_POINT('',(-15.6,6.55984756260559,-4.61667883955508));
#19305=CARTESIAN_POINT('',(-15.6,5.3598475626056,-2.31667883955508));
#19306=CARTESIAN_POINT('',(-15.6,5.3598475626056,-2.31667883955508));
#19307=CARTESIAN_POINT('',(-15.6,6.55984756260559,-2.31667883955508));
#19308=CARTESIAN_POINT('',(-15.6,6.55984756260559,-2.31667883955508));
#19309=CARTESIAN_POINT('',(-15.6,6.55984756260559,-4.61667883955508));
#19310=CARTESIAN_POINT('',(15.597429434039,7.64875,6.34875));
#19311=CARTESIAN_POINT('',(15.597429434039,7.64875,6.34875));
#19312=CARTESIAN_POINT('',(15.597429434039,7.64875,6.55));
#19313=CARTESIAN_POINT('',(15.597429434039,7.85,6.34875));
#19314=CARTESIAN_POINT('',(15.597429434039,7.64875,6.34875));
#19315=CARTESIAN_POINT('',(15.798679434039,7.64875,6.34875));
#19316=CARTESIAN_POINT('',(15.597429434039,7.64875,6.34875));
#19317=CARTESIAN_POINT('',(-15.597429434039,7.64875,6.34875));
#19318=CARTESIAN_POINT('',(-15.597429434039,7.64875,6.34875));
#19319=CARTESIAN_POINT('',(-15.798679434039,7.64875,6.34875));
#19320=CARTESIAN_POINT('',(-15.597429434039,7.64875,6.55));
#19321=CARTESIAN_POINT('',(-15.597429434039,7.64875,6.34875));
#19322=CARTESIAN_POINT('',(-15.597429434039,7.85,6.34875));
#19323=CARTESIAN_POINT('',(-15.597429434039,7.64875,6.34875));
#19324=CARTESIAN_POINT('',(-13.8460442148542,0.94678209965261,-1.67342052112842));
#19325=CARTESIAN_POINT('',(-13.8460442148542,0.94678209965261,-1.67342052112842));
#19326=CARTESIAN_POINT('',(-13.8460442148542,0.94678209965261,-1.42342052112842));
#19327=CARTESIAN_POINT('',(-13.8460442148542,0.94678209965261,-0.123420521128424));
#19328=CARTESIAN_POINT('',(-13.8460442148542,0.94678209965261,-0.123420521128424));
#19329=CARTESIAN_POINT('',(-13.622067596483,0.94678209965261,-0.123420521128424));
#19330=CARTESIAN_POINT('',(-13.622067596483,0.94678209965261,-1.67342052112842));
#19331=CARTESIAN_POINT('',(-13.622067596483,0.94678209965261,-1.42342052112842));
#19332=CARTESIAN_POINT('',(-13.8460442148542,0.94678209965261,-1.42342052112842));
#19333=CARTESIAN_POINT('',(-13.825,6.15,-1.67342052112842));
#19334=CARTESIAN_POINT('',(-13.825,2.15,-2.17342052112842));
#19335=CARTESIAN_POINT('',(-13.825,2.15,-2.17342052112842));
#19336=CARTESIAN_POINT('',(-13.825,-7.3,-2.17342052112842));
#19337=CARTESIAN_POINT('',(-13.825,-7.3,-4.25));
#19338=CARTESIAN_POINT('',(-13.825,-7.3,2.5));
#19339=CARTESIAN_POINT('',(-13.825,-7.3,0.626579478871576));
#19340=CARTESIAN_POINT('',(-13.825,2.15,0.626579478871576));
#19341=CARTESIAN_POINT('',(-13.825,2.15,0.626579478871576));
#19342=CARTESIAN_POINT('',(-13.825,2.15,0.126579478871576));
#19343=CARTESIAN_POINT('',(-14.275,-7.75,0.));
#19344=CARTESIAN_POINT('',(-12.7083333333333,-6.18333333333333,-3.13333333333334));
#19345=CARTESIAN_POINT('',(-14.275,-7.75,-4.7));
#19346=CARTESIAN_POINT('',(-9.1,-2.57499999999998,-2.17342052112842));
#19347=CARTESIAN_POINT('',(-14.275,-7.75,-2.17342052112842));
#19348=CARTESIAN_POINT('',(-14.275,-7.75,-2.17342052112842));
#19349=CARTESIAN_POINT('',(-7.9,-7.75,-4.7));
#19350=CARTESIAN_POINT('',(-3.65,-5.62499999999999,-2.57500000000001));
#19351=CARTESIAN_POINT('',(-1.525,-7.75,-4.7));
#19352=CARTESIAN_POINT('',(-13.825,-7.75,-4.7));
#19353=CARTESIAN_POINT('',(-1.525,-7.75,0.));
#19354=CARTESIAN_POINT('',(-6.7,-2.57499999999998,-2.17342052112842));
#19355=CARTESIAN_POINT('',(-1.975,-7.3,-2.17342052112842));
#19356=CARTESIAN_POINT('',(-1.525,-7.75,-2.17342052112842));
#19357=CARTESIAN_POINT('',(-1.975,-7.3,-2.17342052112842));
#19358=CARTESIAN_POINT('',(-1.525,-7.75,-4.25));
#19359=CARTESIAN_POINT('',(-1.975,6.15,-4.25));
#19360=CARTESIAN_POINT('',(-1.975,2.15,-2.17342052112842));
#19361=CARTESIAN_POINT('',(-1.975,2.15,-2.17342052112842));
#19362=CARTESIAN_POINT('',(-1.975,2.15,-2.17342052112842));
#19363=CARTESIAN_POINT('',(-1.975,2.15,0.626579478871576));
#19364=CARTESIAN_POINT('',(-1.975,2.15,0.626579478871576));
#19365=CARTESIAN_POINT('',(-1.975,-7.3,0.626579478871576));
#19366=CARTESIAN_POINT('',(-1.975,-7.3,0.126579478871576));
#19367=CARTESIAN_POINT('',(-15.0371745801312,-7.05,4.18119068414353));
#19368=CARTESIAN_POINT('',(-12.5013174229855,-7.05,4.18119068414353));
#19369=CARTESIAN_POINT('',(-11.7871745801312,-7.75,3.46704784128924));
#19370=CARTESIAN_POINT('',(-14.323031737277,-7.05,4.18119068414353));
#19371=CARTESIAN_POINT('',(-15.0371745801312,-7.75,3.46704784128924));
#19372=CARTESIAN_POINT('',(-15.0371745801312,-7.75,3.46704784128924));
#19373=CARTESIAN_POINT('',(-12.5013174229855,-7.05,3.46704784128924));
#19374=CARTESIAN_POINT('',(-11.7871745801312,-7.75,3.46704784128924));
#19375=CARTESIAN_POINT('',(-11.7871745801312,-7.75,5.26704784128924));
#19376=CARTESIAN_POINT('',(-12.5013174229855,-7.05,4.55290499843496));
#19377=CARTESIAN_POINT('',(-11.7871745801312,-7.05,4.55290499843496));
#19378=CARTESIAN_POINT('',(-14.323031737277,-7.05,4.55290499843496));
#19379=CARTESIAN_POINT('',(-15.0371745801312,-7.75,5.26704784128924));
#19380=CARTESIAN_POINT('',(-11.7871745801312,-7.75,5.26704784128924));
#19381=CARTESIAN_POINT('',(-14.323031737277,-7.05,5.26704784128924));
#19382=CARTESIAN_POINT('',(-15.0371745801312,-7.75,5.26704784128924));
#19383=CARTESIAN_POINT('',(-4.5715906193596,-7.3,2.5));
#19384=CARTESIAN_POINT('',(-5.1215906193596,-6.74999999999999,3.6));
#19385=CARTESIAN_POINT('',(-4.1215906193596,-7.75,4.6));
#19386=CARTESIAN_POINT('',(-4.5715906193596,-7.3,2.5));
#19387=CARTESIAN_POINT('',(-4.1215906193596,-7.75,2.95));
#19388=CARTESIAN_POINT('',(-4.1215906193596,-7.75,9.93105371886046E-16));
#19389=CARTESIAN_POINT('',(-4.5715906193596,-7.3,4.15));
#19390=CARTESIAN_POINT('',(-5.8713422154986,-7.3,4.15));
#19391=CARTESIAN_POINT('',(-5.4213422154986,-7.75,4.6));
#19392=CARTESIAN_POINT('',(-7.9,-7.75,4.6));
#19393=CARTESIAN_POINT('',(-5.8713422154986,-7.3,4.15));
#19394=CARTESIAN_POINT('',(-6.28680297809525,-6.88453923740334,4.9809215251933));
#19395=CARTESIAN_POINT('',(-5.4213422154986,-7.75,5.84638228778995));
#19396=CARTESIAN_POINT('',(-5.4213422154986,-7.75,0.));
#19397=CARTESIAN_POINT('',(-9.9286577845014,-7.3,5.39638228778995));
#19398=CARTESIAN_POINT('',(-9.9286577845014,-7.3,5.39638228778995));
#19399=CARTESIAN_POINT('',(-10.3786577845014,-7.75,5.84638228778995));
#19400=CARTESIAN_POINT('',(-7.9,-7.75,5.84638228778995));
#19401=CARTESIAN_POINT('',(-9.9286577845014,-7.3,4.15));
#19402=CARTESIAN_POINT('',(-10.3619083165477,-7.73325053204633,4.58325053204633));
#19403=CARTESIAN_POINT('',(-10.3786577845014,-7.75,4.6));
#19404=CARTESIAN_POINT('',(-10.3786577845014,-7.75,0.));
#19405=CARTESIAN_POINT('',(-11.2284093806404,-7.3,4.15));
#19406=CARTESIAN_POINT('',(-11.2284093806404,-7.3,4.15));
#19407=CARTESIAN_POINT('',(-11.6784093806404,-7.75,4.6));
#19408=CARTESIAN_POINT('',(-7.9,-7.75,4.6));
#19409=CARTESIAN_POINT('',(-11.2284093806404,-7.3,2.5));
#19410=CARTESIAN_POINT('',(-12.0939395870936,-8.1655302064532,3.3655302064532));
#19411=CARTESIAN_POINT('',(-11.6784093806404,-7.75,2.95));
#19412=CARTESIAN_POINT('',(-11.6784093806404,-7.75,9.93105371886046E-16));
#19413=CARTESIAN_POINT('',(-13.825,-7.3,2.5));
#19414=CARTESIAN_POINT('',(-13.825,-7.3,2.5));
#19415=CARTESIAN_POINT('',(-14.275,-7.75,2.95));
#19416=CARTESIAN_POINT('',(-7.9,-7.75,2.95));
#19417=CARTESIAN_POINT('',(-13.825,-7.3,2.5));
#19418=CARTESIAN_POINT('',(-9.1,-2.57499999999998,0.626579478871576));
#19419=CARTESIAN_POINT('',(-14.275,-7.75,0.626579478871576));
#19420=CARTESIAN_POINT('',(-14.275,-7.75,0.));
#19421=CARTESIAN_POINT('',(-1.975,-7.3,0.126579478871576));
#19422=CARTESIAN_POINT('',(-6.7,-2.57499999999998,0.626579478871576));
#19423=CARTESIAN_POINT('',(-1.525,-7.75,0.626579478871576));
#19424=CARTESIAN_POINT('',(-1.525,-7.75,0.));
#19425=CARTESIAN_POINT('',(-1.525,-7.75,2.95));
#19426=CARTESIAN_POINT('',(-2.76614017370947,-6.50885982629052,1.70885982629053));
#19427=CARTESIAN_POINT('',(-1.975,-7.3,2.5));
#19428=CARTESIAN_POINT('',(-7.9,-7.75,2.95));
#19429=CARTESIAN_POINT('',(-4.01282541986876,-7.05,4.55290499843495));
#19430=CARTESIAN_POINT('',(-3.29868257701448,-7.05,4.55290499843495));
#19431=CARTESIAN_POINT('',(-4.01282541986876,-7.75,5.26704784128924));
#19432=CARTESIAN_POINT('',(-1.47696826272305,-7.05,4.55290499843496));
#19433=CARTESIAN_POINT('',(-0.762825419868765,-7.75,5.26704784128924));
#19434=CARTESIAN_POINT('',(-4.01282541986876,-7.75,5.26704784128924));
#19435=CARTESIAN_POINT('',(-3.29868257701448,-7.05,3.46704784128924));
#19436=CARTESIAN_POINT('',(-4.01282541986876,-7.75,3.46704784128924));
#19437=CARTESIAN_POINT('',(-4.01282541986876,-7.75,3.46704784128924));
#19438=CARTESIAN_POINT('',(-3.29868257701448,-7.05,4.18119068414353));
#19439=CARTESIAN_POINT('',(-0.762825419868766,-7.05,4.18119068414353));
#19440=CARTESIAN_POINT('',(-1.47696826272305,-7.05,4.18119068414353));
#19441=CARTESIAN_POINT('',(-0.762825419868766,-7.75,3.46704784128924));
#19442=CARTESIAN_POINT('',(-0.762825419868766,-7.75,3.46704784128924));
#19443=CARTESIAN_POINT('',(-1.47696826272305,-7.05,5.26704784128924));
#19444=CARTESIAN_POINT('',(-0.762825419868765,-7.75,5.26704784128924));
#19445=CARTESIAN_POINT('',(-1.95395578514581,0.94678209965261,-1.67342052112842));
#19446=CARTESIAN_POINT('',(-1.95395578514581,0.94678209965261,-1.67342052112842));
#19447=CARTESIAN_POINT('',(-1.95395578514581,0.94678209965261,-1.42342052112842));
#19448=CARTESIAN_POINT('',(-1.95395578514581,0.94678209965261,-0.123420521128424));
#19449=CARTESIAN_POINT('',(-1.95395578514581,0.94678209965261,-1.42342052112842));
#19450=CARTESIAN_POINT('',(-2.17793240351699,0.94678209965261,-1.42342052112842));
#19451=CARTESIAN_POINT('',(-2.17793240351699,0.94678209965261,-1.67342052112842));
#19452=CARTESIAN_POINT('',(-2.17793240351699,0.94678209965261,-0.123420521128424));
#19453=CARTESIAN_POINT('',(-1.95395578514581,0.94678209965261,-0.123420521128424));
#19454=CARTESIAN_POINT('',(1.95395578514581,0.94678209965261,-1.67342052112842));
#19455=CARTESIAN_POINT('',(1.95395578514581,0.94678209965261,-1.67342052112842));
#19456=CARTESIAN_POINT('',(1.95395578514581,0.94678209965261,-1.42342052112842));
#19457=CARTESIAN_POINT('',(1.95395578514581,0.94678209965261,-0.123420521128424));
#19458=CARTESIAN_POINT('',(1.95395578514581,0.94678209965261,-0.123420521128424));
#19459=CARTESIAN_POINT('',(2.17793240351699,0.94678209965261,-0.123420521128424));
#19460=CARTESIAN_POINT('',(2.17793240351699,0.94678209965261,-1.67342052112842));
#19461=CARTESIAN_POINT('',(2.17793240351699,0.94678209965261,-1.42342052112842));
#19462=CARTESIAN_POINT('',(1.95395578514581,0.94678209965261,-1.42342052112842));
#19463=CARTESIAN_POINT('',(1.975,6.15,-1.67342052112842));
#19464=CARTESIAN_POINT('',(1.975,2.15,-2.17342052112842));
#19465=CARTESIAN_POINT('',(1.975,2.15,-2.17342052112842));
#19466=CARTESIAN_POINT('',(1.975,-7.3,-2.17342052112842));
#19467=CARTESIAN_POINT('',(1.975,-7.3,0.));
#19468=CARTESIAN_POINT('',(1.975,-7.3,-1.67342052112842));
#19469=CARTESIAN_POINT('',(1.975,-7.3,0.626579478871576));
#19470=CARTESIAN_POINT('',(1.975,2.15,0.626579478871576));
#19471=CARTESIAN_POINT('',(1.975,2.15,0.626579478871576));
#19472=CARTESIAN_POINT('',(1.975,2.15,0.126579478871576));
#19473=CARTESIAN_POINT('',(1.525,-7.75,0.));
#19474=CARTESIAN_POINT('',(3.65,-5.625,-2.575));
#19475=CARTESIAN_POINT('',(1.525,-7.75,-4.7));
#19476=CARTESIAN_POINT('',(6.7,-2.575,-2.17342052112842));
#19477=CARTESIAN_POINT('',(1.525,-7.75,-2.17342052112842));
#19478=CARTESIAN_POINT('',(1.525,-7.75,0.));
#19479=CARTESIAN_POINT('',(7.9,-7.75,-4.7));
#19480=CARTESIAN_POINT('',(12.7083333333333,-6.18333333333333,-3.13333333333334));
#19481=CARTESIAN_POINT('',(14.275,-7.75,-4.7));
#19482=CARTESIAN_POINT('',(7.9,-7.75,-4.7));
#19483=CARTESIAN_POINT('',(14.275,-7.75,0.));
#19484=CARTESIAN_POINT('',(9.1,-2.57500000000001,-2.17342052112842));
#19485=CARTESIAN_POINT('',(13.825,-7.3,-2.17342052112842));
#19486=CARTESIAN_POINT('',(14.275,-7.75,-2.17342052112842));
#19487=CARTESIAN_POINT('',(13.825,-7.3,0.));
#19488=CARTESIAN_POINT('',(14.275,-7.75,0.));
#19489=CARTESIAN_POINT('',(13.825,6.15,-4.25));
#19490=CARTESIAN_POINT('',(13.825,2.15,-2.17342052112842));
#19491=CARTESIAN_POINT('',(13.825,2.15,-2.17342052112842));
#19492=CARTESIAN_POINT('',(13.825,2.15,-2.17342052112842));
#19493=CARTESIAN_POINT('',(13.825,2.15,0.626579478871576));
#19494=CARTESIAN_POINT('',(13.825,2.15,0.626579478871576));
#19495=CARTESIAN_POINT('',(13.825,-7.3,0.626579478871576));
#19496=CARTESIAN_POINT('',(13.825,-7.3,-4.25));
#19497=CARTESIAN_POINT('',(14.323031737277,-7.05,4.55290499843496));
#19498=CARTESIAN_POINT('',(15.0371745801312,-7.75,4.55290499843495));
#19499=CARTESIAN_POINT('',(15.0371745801312,-7.75,3.46704784128924));
#19500=CARTESIAN_POINT('',(15.0371745801312,-7.75,5.26704784128924));
#19501=CARTESIAN_POINT('',(14.323031737277,-7.05,4.55290499843496));
#19502=CARTESIAN_POINT('',(14.323031737277,-7.05,4.18119068414353));
#19503=CARTESIAN_POINT('',(12.5013174229855,-7.05,4.55290499843496));
#19504=CARTESIAN_POINT('',(12.5013174229855,-7.05,4.55290499843496));
#19505=CARTESIAN_POINT('',(11.7871745801312,-7.75,5.26704784128924));
#19506=CARTESIAN_POINT('',(12.5013174229855,-7.75,5.26704784128924));
#19507=CARTESIAN_POINT('',(12.5013174229855,-7.05,4.18119068414353));
#19508=CARTESIAN_POINT('',(11.7871745801312,-7.75,4.18119068414353));
#19509=CARTESIAN_POINT('',(11.7871745801312,-7.75,3.46704784128924));
#19510=CARTESIAN_POINT('',(12.5013174229855,-7.05,4.18119068414353));
#19511=CARTESIAN_POINT('',(14.3230317372769,-7.05,4.18119068414353));
#19512=CARTESIAN_POINT('',(14.3230317372769,-7.75,3.46704784128924));
#19513=CARTESIAN_POINT('',(1.47696826272305,-7.05,4.18119068414353));
#19514=CARTESIAN_POINT('',(0.762825419868764,-7.75,4.18119068414353));
#19515=CARTESIAN_POINT('',(0.762825419868764,-7.75,5.26704784128924));
#19516=CARTESIAN_POINT('',(0.762825419868764,-7.75,3.46704784128924));
#19517=CARTESIAN_POINT('',(1.47696826272305,-7.05,4.18119068414353));
#19518=CARTESIAN_POINT('',(1.47696826272305,-7.05,4.55290499843496));
#19519=CARTESIAN_POINT('',(3.29868257701448,-7.05,4.18119068414353));
#19520=CARTESIAN_POINT('',(3.29868257701448,-7.05,4.18119068414353));
#19521=CARTESIAN_POINT('',(4.01282541986877,-7.75,3.46704784128924));
#19522=CARTESIAN_POINT('',(3.29868257701448,-7.75,3.46704784128924));
#19523=CARTESIAN_POINT('',(3.29868257701448,-7.05,4.55290499843496));
#19524=CARTESIAN_POINT('',(4.01282541986877,-7.75,4.55290499843496));
#19525=CARTESIAN_POINT('',(4.01282541986877,-7.75,5.26704784128924));
#19526=CARTESIAN_POINT('',(3.29868257701448,-7.05,4.55290499843496));
#19527=CARTESIAN_POINT('',(1.47696826272305,-7.05,4.55290499843496));
#19528=CARTESIAN_POINT('',(1.47696826272305,-7.75,5.26704784128924));
#19529=CARTESIAN_POINT('',(11.2284093806404,-7.3,2.5));
#19530=CARTESIAN_POINT('',(11.2284093806404,-7.3,4.15));
#19531=CARTESIAN_POINT('',(11.6784093806404,-7.75,4.6));
#19532=CARTESIAN_POINT('',(12.0939395870936,-8.1655302064532,3.3655302064532));
#19533=CARTESIAN_POINT('',(11.6784093806404,-7.75,2.95));
#19534=CARTESIAN_POINT('',(11.6784093806404,-7.75,2.5));
#19535=CARTESIAN_POINT('',(11.2284093806404,-7.3,4.15));
#19536=CARTESIAN_POINT('',(10.3619083165477,-7.73325053204633,4.58325053204633));
#19537=CARTESIAN_POINT('',(10.3786577845014,-7.75,4.6));
#19538=CARTESIAN_POINT('',(11.2284093806404,-7.75,4.6));
#19539=CARTESIAN_POINT('',(9.9286577845014,-7.3,4.15));
#19540=CARTESIAN_POINT('',(8.57621926150046,-5.94756147699906,4.04394376478902));
#19541=CARTESIAN_POINT('',(10.3786577845014,-7.75,5.84638228778995));
#19542=CARTESIAN_POINT('',(10.3786577845014,-7.75,4.15));
#19543=CARTESIAN_POINT('',(5.8713422154986,-7.3,5.39638228778995));
#19544=CARTESIAN_POINT('',(6.28680297809525,-6.88453923740335,4.9809215251933));
#19545=CARTESIAN_POINT('',(5.4213422154986,-7.75,5.84638228778995));
#19546=CARTESIAN_POINT('',(5.8713422154986,-7.75,5.84638228778995));
#19547=CARTESIAN_POINT('',(5.8713422154986,-7.3,4.15));
#19548=CARTESIAN_POINT('',(5.8713422154986,-7.3,4.15));
#19549=CARTESIAN_POINT('',(5.4213422154986,-7.75,4.6));
#19550=CARTESIAN_POINT('',(5.4213422154986,-7.75,4.15));
#19551=CARTESIAN_POINT('',(4.5715906193596,-7.3,4.15));
#19552=CARTESIAN_POINT('',(5.1215906193596,-6.75,3.6));
#19553=CARTESIAN_POINT('',(4.1215906193596,-7.75,4.6));
#19554=CARTESIAN_POINT('',(4.5715906193596,-7.75,4.6));
#19555=CARTESIAN_POINT('',(4.5715906193596,-7.3,2.5));
#19556=CARTESIAN_POINT('',(4.5715906193596,-7.3,2.5));
#19557=CARTESIAN_POINT('',(4.1215906193596,-7.75,2.95));
#19558=CARTESIAN_POINT('',(4.1215906193596,-7.75,2.5));
#19559=CARTESIAN_POINT('',(1.975,-7.3,2.5));
#19560=CARTESIAN_POINT('',(3.36614017370948,-5.90885982629052,1.10885982629052));
#19561=CARTESIAN_POINT('',(1.525,-7.75,2.95));
#19562=CARTESIAN_POINT('',(1.975,-7.75,2.95));
#19563=CARTESIAN_POINT('',(1.975,-7.3,-1.67342052112842));
#19564=CARTESIAN_POINT('',(6.7,-2.575,0.626579478871576));
#19565=CARTESIAN_POINT('',(1.525,-7.75,0.626579478871576));
#19566=CARTESIAN_POINT('',(1.525,-7.75,-1.67342052112842));
#19567=CARTESIAN_POINT('',(13.825,-7.3,-4.25));
#19568=CARTESIAN_POINT('',(9.1,-2.57500000000001,0.626579478871576));
#19569=CARTESIAN_POINT('',(14.275,-7.75,0.626579478871576));
#19570=CARTESIAN_POINT('',(14.275,-7.75,-4.25));
#19571=CARTESIAN_POINT('',(14.275,-7.75,2.95));
#19572=CARTESIAN_POINT('',(13.825,-7.3,2.5));
#19573=CARTESIAN_POINT('',(13.825,-7.3,2.5));
#19574=CARTESIAN_POINT('',(13.825,-7.75,2.95));
#19575=CARTESIAN_POINT('',(13.8460442148542,0.94678209965261,-1.67342052112842));
#19576=CARTESIAN_POINT('',(13.8460442148542,0.94678209965261,-1.67342052112842));
#19577=CARTESIAN_POINT('',(13.8460442148542,0.94678209965261,-1.42342052112842));
#19578=CARTESIAN_POINT('',(13.8460442148542,0.94678209965261,-0.123420521128424));
#19579=CARTESIAN_POINT('',(13.8460442148542,0.94678209965261,-1.42342052112842));
#19580=CARTESIAN_POINT('',(13.622067596483,0.94678209965261,-1.42342052112842));
#19581=CARTESIAN_POINT('',(13.622067596483,0.94678209965261,-1.67342052112842));
#19582=CARTESIAN_POINT('',(13.622067596483,0.94678209965261,-0.123420521128424));
#19583=CARTESIAN_POINT('',(13.8460442148542,0.94678209965261,-0.123420521128424));
#19584=CARTESIAN_POINT('',(15.6,6.55984756260559,-2.31667883955508));
#19585=CARTESIAN_POINT('',(16.1,6.55984756260559,-2.31667883955508));
#19586=CARTESIAN_POINT('',(16.1,6.55984756260559,-2.31667883955508));
#19587=CARTESIAN_POINT('',(16.1,5.3598475626056,-2.31667883955508));
#19588=CARTESIAN_POINT('',(15.6,5.3598475626056,-2.31667883955508));
#19589=CARTESIAN_POINT('',(15.6,6.55984756260559,-2.31667883955508));
#19590=CARTESIAN_POINT('',(15.6,5.3598475626056,-2.31667883955508));
#19591=CARTESIAN_POINT('',(16.1,5.3598475626056,-2.31667883955508));
#19592=CARTESIAN_POINT('',(16.1,5.3598475626056,-4.61667883955508));
#19593=CARTESIAN_POINT('',(15.6,5.3598475626056,-4.61667883955508));
#19594=CARTESIAN_POINT('',(15.6,5.3598475626056,-4.61667883955508));
#19595=CARTESIAN_POINT('',(16.1,5.3598475626056,-4.61667883955508));
#19596=CARTESIAN_POINT('',(16.1,6.55984756260559,-4.61667883955508));
#19597=CARTESIAN_POINT('',(15.6,6.55984756260559,-4.61667883955508));
#19598=CARTESIAN_POINT('',(15.6,6.55984756260559,-4.61667883955508));
#19599=CARTESIAN_POINT('',(16.1,6.55984756260559,-4.61667883955508));
#19600=CARTESIAN_POINT('',(15.597429434039,7.64875,-8.67361737988404E-16));
#19601=CARTESIAN_POINT('',(15.798679434039,7.64875,2.95115675357737));
#19602=CARTESIAN_POINT('',(15.798679434039,7.64875,5.88311786824812));
#19603=CARTESIAN_POINT('',(15.597429434039,7.64875,5.88311786824812));
#19604=CARTESIAN_POINT('',(15.597429434039,7.85,5.88311786824812));
#19605=CARTESIAN_POINT('',(15.597429434039,7.85,-8.67361737988404E-16));
#19606=CARTESIAN_POINT('',(-15.597429434039,7.64875,2.95115675357737));
#19607=CARTESIAN_POINT('',(-15.597429434039,7.85,0.));
#19608=CARTESIAN_POINT('',(-15.597429434039,7.85,5.88311786824812));
#19609=CARTESIAN_POINT('',(-15.597429434039,7.64875,5.88311786824812));
#19610=CARTESIAN_POINT('',(-15.798679434039,7.64875,5.88311786824812));
#19611=CARTESIAN_POINT('',(-15.798679434039,7.64875,2.95115675357737));
#19612=CARTESIAN_POINT('',(-15.6,5.3598475626056,-2.31667883955508));
#19613=CARTESIAN_POINT('',(-16.1,5.3598475626056,-6.55));
#19614=CARTESIAN_POINT('',(-16.1,5.3598475626056,-2.31667883955508));
#19615=CARTESIAN_POINT('',(-16.1,5.3598475626056,-4.61667883955508));
#19616=CARTESIAN_POINT('',(-15.6,5.3598475626056,-2.31667883955508));
#19617=CARTESIAN_POINT('',(-15.6,5.3598475626056,-4.61667883955508));
#19618=CARTESIAN_POINT('',(-15.6,6.55984756260559,-2.31667883955508));
#19619=CARTESIAN_POINT('',(-16.1,7.85,-2.31667883955508));
#19620=CARTESIAN_POINT('',(-16.1,6.55984756260559,-2.31667883955508));
#19621=CARTESIAN_POINT('',(-15.6,6.55984756260559,-2.31667883955508));
#19622=CARTESIAN_POINT('',(-15.6,6.55984756260559,-4.61667883955508));
#19623=CARTESIAN_POINT('',(-16.1,6.55984756260559,-6.55));
#19624=CARTESIAN_POINT('',(-16.1,6.55984756260559,-4.61667883955508));
#19625=CARTESIAN_POINT('',(-15.6,6.55984756260559,-4.61667883955508));
#19626=CARTESIAN_POINT('',(-15.6,5.3598475626056,-4.61667883955508));
#19627=CARTESIAN_POINT('',(-16.1,7.85,-4.61667883955508));
#19628=CARTESIAN_POINT('',(-16.,7.85,-0.792325816976447));
#19629=CARTESIAN_POINT('',(-15.7544518176925,7.85,-0.792325816976447));
#19630=CARTESIAN_POINT('',(-15.7544518176925,7.77462904325881,-0.792325816976447));
#19631=CARTESIAN_POINT('',(-15.7544518176925,4.64821089471093,-0.792325816976447));
#19632=CARTESIAN_POINT('',(-15.597429434039,7.64875,-0.792325816976447));
#19633=CARTESIAN_POINT('',(-15.7480897170195,7.78217803915306,-0.792325816976447));
#19634=CARTESIAN_POINT('',(-15.89875,7.64875,-0.792325816976447));
#19635=CARTESIAN_POINT('',(-16.1,7.64875,-0.792325816976447));
#19636=CARTESIAN_POINT('',(-16.1,7.85,-0.792325816976447));
#19637=CARTESIAN_POINT('',(-16.1,4.64821089471093,-0.792325816976447));
#19638=CARTESIAN_POINT('',(-16.,4.64821089471093,-0.792325816976447));
#19639=CARTESIAN_POINT('',(-15.798679434039,7.64875,0.019747425752797));
#19640=CARTESIAN_POINT('',(-15.798679434039,7.85,0.019747425752797));
#19641=CARTESIAN_POINT('',(-15.597429434039,7.85,0.019747425752797));
#19642=CARTESIAN_POINT('',(-15.798679434039,7.65757178005315,0.0793506113017588));
#19643=CARTESIAN_POINT('',(-15.790046908076,7.85000000000002,0.0780723943261479));
#19644=CARTESIAN_POINT('',(-15.5974294963049,7.85,0.08188537110752));
#19645=CARTESIAN_POINT('',(-15.7991058594941,7.66279069737279,0.142673893215844));
#19646=CARTESIAN_POINT('',(-15.7860128413292,7.85000000000021,0.142761483718267));
#19647=CARTESIAN_POINT('',(-15.5983462484103,7.85,0.144018807917957));
#19648=CARTESIAN_POINT('',(-15.799105859473,7.66279069767442,0.206156753577371));
#19649=CARTESIAN_POINT('',(-15.7860128413806,7.85,0.206156753577371));
#19650=CARTESIAN_POINT('',(-15.5983462487222,7.85,0.206156753577371));
#19651=CARTESIAN_POINT('',(-15.597429434039,7.64875,0.019747425752797));
#19652=CARTESIAN_POINT('',(-15.597429434039,7.85,0.019747425752797));
#19653=CARTESIAN_POINT('',(-15.798679434039,7.64875,0.019747425752797));
#19654=CARTESIAN_POINT('',(-15.799105859473,7.66279069767442,0.206156753577371));
#19655=CARTESIAN_POINT('',(-15.799105859473,7.66279069767442,0.143667461977951));
#19656=CARTESIAN_POINT('',(-15.798679434039,7.6578969298395,0.0815477535647042));
#19657=CARTESIAN_POINT('',(-15.798679434039,7.64875,0.019747425752797));
#19658=CARTESIAN_POINT('',(-15.799105859473,7.66279069767442,0.206156753577371));
#19659=CARTESIAN_POINT('',(-15.5983462487222,7.64875,0.206156753577371));
#19660=CARTESIAN_POINT('',(-15.5983462487222,7.85,0.206156753577371));
#19661=CARTESIAN_POINT('',(-15.597429434039,7.85,0.019747425752797));
#19662=CARTESIAN_POINT('',(-15.597429434039,7.85,0.0818853714137473));
#19663=CARTESIAN_POINT('',(-15.5983462487222,7.85,0.144018807916421));
#19664=CARTESIAN_POINT('',(-15.5983462487222,7.85,0.206156753577371));
#19665=CARTESIAN_POINT('',(-15.5983462487222,7.64875,-0.293843246422629));
#19666=CARTESIAN_POINT('',(-15.799105859473,7.66279069767442,-0.293843246422629));
#19667=CARTESIAN_POINT('',(-15.799105859473,7.66279069767442,5.69679900344364));
#19668=CARTESIAN_POINT('',(-15.5983462487222,7.64875,5.69679900344364));
#19669=CARTESIAN_POINT('',(-15.5983462487222,7.85,5.69679900344364));
#19670=CARTESIAN_POINT('',(-15.5983462487222,7.85,6.34875));
#19671=CARTESIAN_POINT('',(-15.597429434039,7.85,5.88311786824812));
#19672=CARTESIAN_POINT('',(-15.798679434039,7.85,5.88311786824812));
#19673=CARTESIAN_POINT('',(-15.798679434039,7.64875,5.88311786824812));
#19674=CARTESIAN_POINT('',(-15.5974294963594,7.85,5.82101005103444));
#19675=CARTESIAN_POINT('',(-15.7900473894291,7.8499999999997,5.82482342199345));
#19676=CARTESIAN_POINT('',(-15.798679434039,7.65757127740851,5.82354594683162));
#19677=CARTESIAN_POINT('',(-15.5983462483962,7.85,5.75890897654121));
#19678=CARTESIAN_POINT('',(-15.7860128414161,7.85000000000015,5.76016698022735));
#19679=CARTESIAN_POINT('',(-15.7991058595017,7.66279069726525,5.76025461804746));
#19680=CARTESIAN_POINT('',(-15.5983462487222,7.85,5.69679900344364));
#19681=CARTESIAN_POINT('',(-15.7860128413806,7.85,5.69679900344364));
#19682=CARTESIAN_POINT('',(-15.799105859473,7.66279069767442,5.69679900344364));
#19683=CARTESIAN_POINT('',(-15.798679434039,7.64875,5.88311786824812));
#19684=CARTESIAN_POINT('',(-15.798679434039,7.65789672173597,5.82134784228702));
#19685=CARTESIAN_POINT('',(-15.799105859473,7.66279069767442,5.75925831202108));
#19686=CARTESIAN_POINT('',(-15.799105859473,7.66279069767442,5.69679900344364));
#19687=CARTESIAN_POINT('',(-15.5983462487222,7.85,5.69679900344364));
#19688=CARTESIAN_POINT('',(-15.5983462487222,7.85,5.75890643134197));
#19689=CARTESIAN_POINT('',(-15.597429434039,7.85,5.82100992421307));
#19690=CARTESIAN_POINT('',(-15.597429434039,7.85,5.88311786824812));
#19691=CARTESIAN_POINT('',(-15.798679434039,1.73472347597681E-15,2.95115675357737));
#19692=CARTESIAN_POINT('',(-15.798679434039,7.64875,6.34875));
#19693=CARTESIAN_POINT('',(-15.798679434039,7.17303213719904,6.34875));
#19694=CARTESIAN_POINT('',(-15.798679434039,7.00064224986627,5.69679900344364));
#19695=CARTESIAN_POINT('',(15.597429434039,1.82777108314928E-15,6.34875));
#19696=CARTESIAN_POINT('',(15.597429434039,7.17303213719904,6.34875));
#19697=CARTESIAN_POINT('',(15.597429434039,7.17303213719904,6.55));
#19698=CARTESIAN_POINT('',(15.798679434039,7.17303213719904,6.34875));
#19699=CARTESIAN_POINT('',(15.798679434039,-7.85,6.34875));
#19700=CARTESIAN_POINT('',(15.597429434039,7.64875,6.55));
#19701=CARTESIAN_POINT('',(-15.798679434039,7.17303213719904,6.34875));
#19702=CARTESIAN_POINT('',(-15.798679434039,7.17303213719904,6.55));
#19703=CARTESIAN_POINT('',(-15.597429434039,7.17303213719904,6.55));
#19704=CARTESIAN_POINT('',(-15.798679434039,7.11757654939603,6.35634635264099));
#19705=CARTESIAN_POINT('',(-15.7912238359838,7.11860366345726,6.55000000000018));
#19706=CARTESIAN_POINT('',(-15.597429487996,7.11556796468176,6.55));
#19707=CARTESIAN_POINT('',(-15.7989900319414,7.05916326635307,6.36073500742452));
#19708=CARTESIAN_POINT('',(-15.7876987250177,7.05910399960075,6.54999999999997));
#19709=CARTESIAN_POINT('',(-15.5980972191873,7.05810680368875,6.55));
#19710=CARTESIAN_POINT('',(-15.798990031918,7.00064224884789,6.36073500772744));
#19711=CARTESIAN_POINT('',(-15.7876987250396,7.00064224884893,6.55));
#19712=CARTESIAN_POINT('',(-15.5980972194787,7.00064224886628,6.55));
#19713=CARTESIAN_POINT('',(-15.5980972194785,7.00064224886627,6.34875));
#19714=CARTESIAN_POINT('',(-15.7989900319178,7.00064224886627,6.36073500772743));
#19715=CARTESIAN_POINT('',(-15.5980972194785,7.00064224888432,6.55));
#19716=CARTESIAN_POINT('',(-15.597429434039,7.17303213719904,6.55));
#19717=CARTESIAN_POINT('',(-15.597429434039,7.11556797882896,6.55));
#19718=CARTESIAN_POINT('',(-15.5980972194837,7.05810640725443,6.55));
#19719=CARTESIAN_POINT('',(-15.5980972194785,7.00064224888432,6.55));
#19720=CARTESIAN_POINT('',(-15.597429434039,7.17303213719904,6.55));
#19721=CARTESIAN_POINT('',(-15.597429434039,7.17303213719904,6.34875));
#19722=CARTESIAN_POINT('',(-15.7989900319178,7.00064224886627,6.36073500772743));
#19723=CARTESIAN_POINT('',(-15.7989900319202,7.05837713113188,6.36073500777467));
#19724=CARTESIAN_POINT('',(-15.798679434039,7.11584139544367,6.3565839955825));
#19725=CARTESIAN_POINT('',(-15.798679434039,7.17303213719904,6.34875));
#19726=CARTESIAN_POINT('',(-15.597429434039,7.85,6.34875));
#19727=CARTESIAN_POINT('',(-15.597429434039,-7.85,6.55));
#19728=CARTESIAN_POINT('',(0.,7.64875,6.34875));
#19729=CARTESIAN_POINT('',(7.89867943403896,7.85,6.34875));
#19730=CARTESIAN_POINT('',(-7.89867943403896,7.64875,6.55));
#19731=CARTESIAN_POINT('',(-13.8460442148542,0.59678209965261,-0.123420521128424));
#19732=CARTESIAN_POINT('',(-13.8460442148542,0.59678209965261,-0.123420521128424));
#19733=CARTESIAN_POINT('',(-13.8460442148542,0.596782099652611,0.226579478871576));
#19734=CARTESIAN_POINT('',(-13.825,0.59678209965261,0.226579478871576));
#19735=CARTESIAN_POINT('',(-13.622067596483,0.59678209965261,0.226579478871576));
#19736=CARTESIAN_POINT('',(-13.622067596483,0.59678209965261,-0.123420521128424));
#19737=CARTESIAN_POINT('',(-14.3460442148542,-7.04538556367794,-1.67342052112842));
#19738=CARTESIAN_POINT('',(-14.3460442148542,-7.04538556367794,-1.77342052112842));
#19739=CARTESIAN_POINT('',(-14.3460442148542,-7.54538556367794,-1.77342052112842));
#19740=CARTESIAN_POINT('',(-13.8460442148542,-7.04538556367794,-1.77342052112842));
#19741=CARTESIAN_POINT('',(-14.3460442148542,-7.54538556367794,-1.67342052112842));
#19742=CARTESIAN_POINT('',(-14.3460442148542,-7.54538556367794,0.226579478871576));
#19743=CARTESIAN_POINT('',(-14.3460442148542,-7.04538556367794,0.226579478871576));
#19744=CARTESIAN_POINT('',(-13.8460442148542,-7.04538556367794,0.226579478871576));
#19745=CARTESIAN_POINT('',(-13.8460442148542,-7.04538556367794,0.126579478871576));
#19746=CARTESIAN_POINT('',(-13.622067596483,6.15,0.126579478871576));
#19747=CARTESIAN_POINT('',(-13.622067596483,6.15,0.226579478871576));
#19748=CARTESIAN_POINT('',(-13.622067596483,-7.15,0.226579478871576));
#19749=CARTESIAN_POINT('',(-13.622067596483,-7.15,0.126579478871576));
#19750=CARTESIAN_POINT('',(-13.622067596483,-7.15,-1.77342052112842));
#19751=CARTESIAN_POINT('',(-13.622067596483,6.15,-1.77342052112842));
#19752=CARTESIAN_POINT('',(-13.622067596483,0.59678209965261,-1.77342052112842));
#19753=CARTESIAN_POINT('',(-13.622067596483,0.59678209965261,-1.42342052112842));
#19754=CARTESIAN_POINT('',(-13.272067596483,0.59678209965261,-1.42342052112842));
#19755=CARTESIAN_POINT('',(-13.8460442148542,0.59678209965261,-1.42342052112842));
#19756=CARTESIAN_POINT('',(-13.8460442148542,0.596782099652611,-1.77342052112842));
#19757=CARTESIAN_POINT('',(-13.272067596483,0.59678209965261,-1.77342052112842));
#19758=CARTESIAN_POINT('',(-13.8460442148542,-7.54538556367794,-1.67342052112842));
#19759=CARTESIAN_POINT('',(-13.8460442148542,-7.54538556367794,0.226579478871576));
#19760=CARTESIAN_POINT('',(-13.8460442148542,-7.54538556367794,-1.77342052112842));
#19761=CARTESIAN_POINT('',(-13.825,2.15,0.626579478871576));
#19762=CARTESIAN_POINT('',(-14.375,-7.75,0.626579478871576));
#19763=CARTESIAN_POINT('',(-14.375,-7.75,0.626579478871576));
#19764=CARTESIAN_POINT('',(-14.375,2.15,0.626579478871576));
#19765=CARTESIAN_POINT('',(-14.375,2.15,0.626579478871576));
#19766=CARTESIAN_POINT('',(-13.825,2.15,0.626579478871576));
#19767=CARTESIAN_POINT('',(-7.9,2.15,0.));
#19768=CARTESIAN_POINT('',(-14.375,2.15,0.626579478871576));
#19769=CARTESIAN_POINT('',(-14.375,2.15,-2.17342052112842));
#19770=CARTESIAN_POINT('',(-13.825,2.15,-2.17342052112842));
#19771=CARTESIAN_POINT('',(-13.825,2.15,-2.17342052112842));
#19772=CARTESIAN_POINT('',(-13.825,-7.75,-2.17342052112842));
#19773=CARTESIAN_POINT('',(-14.375,-7.75,-2.17342052112842));
#19774=CARTESIAN_POINT('',(-14.375,2.15,-2.17342052112842));
#19775=CARTESIAN_POINT('',(-14.375,-7.54538556367794,-1.67342052112842));
#19776=CARTESIAN_POINT('',(-14.375,-7.54538556367794,0.226579478871576));
#19777=CARTESIAN_POINT('',(-14.375,-7.54538556367794,0.226579478871576));
#19778=CARTESIAN_POINT('',(-14.375,-7.54538556367794,-1.77342052112842));
#19779=CARTESIAN_POINT('',(-14.375,-7.54538556367794,-1.77342052112842));
#19780=CARTESIAN_POINT('',(-14.375,-7.54538556367794,-1.67342052112842));
#19781=CARTESIAN_POINT('',(-7.9,-7.75,0.));
#19782=CARTESIAN_POINT('',(-14.375,-7.75,-2.17342052112842));
#19783=CARTESIAN_POINT('',(-14.375,-7.75,-4.8));
#19784=CARTESIAN_POINT('',(-14.375,-7.75,-4.8));
#19785=CARTESIAN_POINT('',(-1.425,-7.75,-4.8));
#19786=CARTESIAN_POINT('',(-1.425,-7.75,-2.17342052112842));
#19787=CARTESIAN_POINT('',(-1.425,-7.75,-2.17342052112842));
#19788=CARTESIAN_POINT('',(-1.975,-7.75,-2.17342052112842));
#19789=CARTESIAN_POINT('',(-1.975,2.15,-2.17342052112842));
#19790=CARTESIAN_POINT('',(-1.425,2.15,-2.17342052112842));
#19791=CARTESIAN_POINT('',(-1.425,2.15,-2.17342052112842));
#19792=CARTESIAN_POINT('',(-1.975,2.15,-2.17342052112842));
#19793=CARTESIAN_POINT('',(-7.9,2.15,0.));
#19794=CARTESIAN_POINT('',(-1.425,2.15,-2.17342052112842));
#19795=CARTESIAN_POINT('',(-1.425,2.15,0.626579478871576));
#19796=CARTESIAN_POINT('',(-1.975,2.15,0.626579478871576));
#19797=CARTESIAN_POINT('',(-1.975,2.15,0.626579478871576));
#19798=CARTESIAN_POINT('',(-1.425,-7.75,0.626579478871576));
#19799=CARTESIAN_POINT('',(-1.425,-7.75,0.626579478871576));
#19800=CARTESIAN_POINT('',(-1.425,2.15,0.626579478871576));
#19801=CARTESIAN_POINT('',(-7.9,-7.75,0.));
#19802=CARTESIAN_POINT('',(-1.425,-7.75,3.05));
#19803=CARTESIAN_POINT('',(-1.425,-7.75,3.22066165413533));
#19804=CARTESIAN_POINT('',(-0.321342215498599,-7.75,3.22066165413533));
#19805=CARTESIAN_POINT('',(-0.321342215498599,-7.75,3.22066165413533));
#19806=CARTESIAN_POINT('',(-0.321342215498599,-7.75,5.72066165413534));
#19807=CARTESIAN_POINT('',(-0.321342215498599,-7.75,5.72066165413534));
#19808=CARTESIAN_POINT('',(-5.3213422154986,-7.75,5.72066165413534));
#19809=CARTESIAN_POINT('',(-5.3213422154986,-7.75,5.72066165413534));
#19810=CARTESIAN_POINT('',(-5.3213422154986,-7.75,4.7));
#19811=CARTESIAN_POINT('',(-5.3213422154986,-7.75,5.94638228778996));
#19812=CARTESIAN_POINT('',(-5.3213422154986,-7.75,5.94638228778996));
#19813=CARTESIAN_POINT('',(-10.4786577845014,-7.75,5.94638228778996));
#19814=CARTESIAN_POINT('',(-10.4786577845014,-7.75,5.94638228778996));
#19815=CARTESIAN_POINT('',(-10.4786577845014,-7.75,5.72066165413534));
#19816=CARTESIAN_POINT('',(-10.4786577845014,-7.75,5.72066165413534));
#19817=CARTESIAN_POINT('',(-15.4786577845014,-7.75,5.72066165413534));
#19818=CARTESIAN_POINT('',(-15.4786577845014,-7.75,5.72066165413534));
#19819=CARTESIAN_POINT('',(-15.4786577845014,-7.75,3.22066165413533));
#19820=CARTESIAN_POINT('',(-15.4786577845014,-7.75,3.22066165413533));
#19821=CARTESIAN_POINT('',(-14.375,-7.75,3.22066165413533));
#19822=CARTESIAN_POINT('',(-14.375,-7.75,3.05));
#19823=CARTESIAN_POINT('',(-2.52793240351699,0.59678209965261,-1.42342052112842));
#19824=CARTESIAN_POINT('',(-2.17793240351699,0.59678209965261,-1.42342052112842));
#19825=CARTESIAN_POINT('',(-2.17793240351699,0.59678209965261,-1.77342052112842));
#19826=CARTESIAN_POINT('',(-1.95395578514581,0.59678209965261,-1.42342052112842));
#19827=CARTESIAN_POINT('',(-1.95395578514581,0.596782099652611,-1.77342052112842));
#19828=CARTESIAN_POINT('',(-2.52793240351699,0.59678209965261,-1.77342052112842));
#19829=CARTESIAN_POINT('',(-1.4539557851458,-7.04538556367794,-1.67342052112842));
#19830=CARTESIAN_POINT('',(-1.4539557851458,-7.04538556367794,-1.77342052112842));
#19831=CARTESIAN_POINT('',(-1.9539557851458,-7.04538556367794,-1.77342052112842));
#19832=CARTESIAN_POINT('',(-1.45395578514581,-7.54538556367794,-1.77342052112842));
#19833=CARTESIAN_POINT('',(-1.9539557851458,-7.04538556367794,-1.67342052112842));
#19834=CARTESIAN_POINT('',(-1.9539557851458,-7.04538556367794,0.226579478871576));
#19835=CARTESIAN_POINT('',(-1.4539557851458,-7.04538556367794,0.226579478871576));
#19836=CARTESIAN_POINT('',(-1.45395578514581,-7.54538556367794,0.226579478871576));
#19837=CARTESIAN_POINT('',(-1.45395578514581,-7.54538556367794,0.126579478871576));
#19838=CARTESIAN_POINT('',(-1.425,-7.54538556367794,-1.67342052112842));
#19839=CARTESIAN_POINT('',(-1.425,-7.54538556367794,-1.77342052112842));
#19840=CARTESIAN_POINT('',(-1.425,-7.54538556367794,-1.77342052112842));
#19841=CARTESIAN_POINT('',(-1.425,-7.54538556367794,0.226579478871576));
#19842=CARTESIAN_POINT('',(-1.425,-7.54538556367794,0.226579478871576));
#19843=CARTESIAN_POINT('',(-1.425,-7.54538556367794,-1.67342052112842));
#19844=CARTESIAN_POINT('',(-2.17793240351699,6.15,0.126579478871576));
#19845=CARTESIAN_POINT('',(-2.17793240351699,6.15,-1.77342052112842));
#19846=CARTESIAN_POINT('',(-2.17793240351699,-7.15,-1.77342052112842));
#19847=CARTESIAN_POINT('',(-2.17793240351699,-7.15,0.126579478871576));
#19848=CARTESIAN_POINT('',(-2.17793240351699,-7.15,0.226579478871576));
#19849=CARTESIAN_POINT('',(-2.17793240351699,6.15,0.226579478871576));
#19850=CARTESIAN_POINT('',(-2.17793240351699,0.59678209965261,0.226579478871576));
#19851=CARTESIAN_POINT('',(-2.17793240351699,0.59678209965261,-0.123420521128424));
#19852=CARTESIAN_POINT('',(-1.95395578514581,0.59678209965261,-0.123420521128424));
#19853=CARTESIAN_POINT('',(-1.975,0.59678209965261,0.226579478871576));
#19854=CARTESIAN_POINT('',(-1.95395578514581,0.596782099652611,0.226579478871576));
#19855=CARTESIAN_POINT('',(-1.95395578514581,0.59678209965261,-0.123420521128424));
#19856=CARTESIAN_POINT('',(-1.9539557851458,-7.54538556367794,-1.67342052112842));
#19857=CARTESIAN_POINT('',(-1.9539557851458,-7.54538556367794,-1.77342052112842));
#19858=CARTESIAN_POINT('',(-1.9539557851458,-7.54538556367794,0.226579478871576));
#19859=CARTESIAN_POINT('',(1.95395578514581,0.59678209965261,-0.123420521128424));
#19860=CARTESIAN_POINT('',(1.95395578514581,0.59678209965261,-0.123420521128424));
#19861=CARTESIAN_POINT('',(1.95395578514581,0.596782099652611,0.226579478871576));
#19862=CARTESIAN_POINT('',(1.975,0.59678209965261,0.226579478871576));
#19863=CARTESIAN_POINT('',(2.17793240351699,0.59678209965261,0.226579478871576));
#19864=CARTESIAN_POINT('',(2.17793240351699,0.59678209965261,-0.123420521128424));
#19865=CARTESIAN_POINT('',(1.4539557851458,-7.04538556367794,-1.67342052112842));
#19866=CARTESIAN_POINT('',(1.4539557851458,-7.04538556367794,-1.77342052112842));
#19867=CARTESIAN_POINT('',(1.4539557851458,-7.54538556367794,-1.77342052112842));
#19868=CARTESIAN_POINT('',(1.9539557851458,-7.04538556367794,-1.77342052112842));
#19869=CARTESIAN_POINT('',(1.4539557851458,-7.54538556367794,-1.67342052112842));
#19870=CARTESIAN_POINT('',(1.4539557851458,-7.54538556367794,0.226579478871576));
#19871=CARTESIAN_POINT('',(1.4539557851458,-7.04538556367794,0.226579478871576));
#19872=CARTESIAN_POINT('',(1.9539557851458,-7.04538556367794,0.226579478871576));
#19873=CARTESIAN_POINT('',(1.9539557851458,-7.04538556367794,0.126579478871576));
#19874=CARTESIAN_POINT('',(2.17793240351699,6.15,0.126579478871576));
#19875=CARTESIAN_POINT('',(2.17793240351699,6.15,0.226579478871576));
#19876=CARTESIAN_POINT('',(2.17793240351699,-7.15,0.226579478871576));
#19877=CARTESIAN_POINT('',(2.17793240351699,-7.15,0.126579478871576));
#19878=CARTESIAN_POINT('',(2.17793240351699,-7.15,-1.77342052112842));
#19879=CARTESIAN_POINT('',(2.17793240351699,6.15,-1.77342052112842));
#19880=CARTESIAN_POINT('',(2.17793240351699,0.59678209965261,-1.77342052112842));
#19881=CARTESIAN_POINT('',(2.17793240351699,0.59678209965261,-1.42342052112842));
#19882=CARTESIAN_POINT('',(2.52793240351699,0.59678209965261,-1.42342052112842));
#19883=CARTESIAN_POINT('',(1.95395578514581,0.59678209965261,-1.42342052112842));
#19884=CARTESIAN_POINT('',(1.95395578514581,0.596782099652611,-1.77342052112842));
#19885=CARTESIAN_POINT('',(2.52793240351699,0.59678209965261,-1.77342052112842));
#19886=CARTESIAN_POINT('',(1.9539557851458,-7.54538556367794,-1.67342052112842));
#19887=CARTESIAN_POINT('',(1.9539557851458,-7.54538556367794,0.226579478871576));
#19888=CARTESIAN_POINT('',(1.9539557851458,-7.54538556367794,-1.77342052112842));
#19889=CARTESIAN_POINT('',(1.975,2.15,0.626579478871576));
#19890=CARTESIAN_POINT('',(1.425,-7.75,0.626579478871576));
#19891=CARTESIAN_POINT('',(1.425,-7.75,0.626579478871576));
#19892=CARTESIAN_POINT('',(1.425,2.15,0.626579478871576));
#19893=CARTESIAN_POINT('',(1.425,2.15,0.626579478871576));
#19894=CARTESIAN_POINT('',(1.975,2.15,0.626579478871576));
#19895=CARTESIAN_POINT('',(7.9,2.15,0.));
#19896=CARTESIAN_POINT('',(1.425,2.15,0.626579478871576));
#19897=CARTESIAN_POINT('',(1.425,2.15,-2.17342052112842));
#19898=CARTESIAN_POINT('',(1.975,2.15,-2.17342052112842));
#19899=CARTESIAN_POINT('',(1.975,2.15,-2.17342052112842));
#19900=CARTESIAN_POINT('',(1.975,-7.75,-2.17342052112842));
#19901=CARTESIAN_POINT('',(1.425,-7.75,-2.17342052112842));
#19902=CARTESIAN_POINT('',(1.425,2.15,-2.17342052112842));
#19903=CARTESIAN_POINT('',(1.425,-7.54538556367794,-1.67342052112842));
#19904=CARTESIAN_POINT('',(1.425,-7.54538556367794,0.226579478871576));
#19905=CARTESIAN_POINT('',(1.425,-7.54538556367794,0.226579478871576));
#19906=CARTESIAN_POINT('',(1.425,-7.54538556367794,-1.77342052112842));
#19907=CARTESIAN_POINT('',(1.425,-7.54538556367794,-1.77342052112842));
#19908=CARTESIAN_POINT('',(1.425,-7.54538556367794,-1.67342052112842));
#19909=CARTESIAN_POINT('',(7.9,-7.75,0.));
#19910=CARTESIAN_POINT('',(1.425,-7.75,-2.17342052112842));
#19911=CARTESIAN_POINT('',(1.425,-7.75,-4.8));
#19912=CARTESIAN_POINT('',(1.425,-7.75,-4.8));
#19913=CARTESIAN_POINT('',(14.375,-7.75,-4.8));
#19914=CARTESIAN_POINT('',(14.375,-7.75,-2.17342052112842));
#19915=CARTESIAN_POINT('',(14.375,-7.75,-2.17342052112842));
#19916=CARTESIAN_POINT('',(13.825,-7.75,-2.17342052112842));
#19917=CARTESIAN_POINT('',(13.825,2.15,-2.17342052112842));
#19918=CARTESIAN_POINT('',(14.375,2.15,-2.17342052112842));
#19919=CARTESIAN_POINT('',(14.375,2.15,-2.17342052112842));
#19920=CARTESIAN_POINT('',(13.825,2.15,-2.17342052112842));
#19921=CARTESIAN_POINT('',(7.9,2.15,0.));
#19922=CARTESIAN_POINT('',(14.375,2.15,-2.17342052112842));
#19923=CARTESIAN_POINT('',(14.375,2.15,0.626579478871576));
#19924=CARTESIAN_POINT('',(13.825,2.15,0.626579478871576));
#19925=CARTESIAN_POINT('',(13.825,2.15,0.626579478871576));
#19926=CARTESIAN_POINT('',(14.375,-7.75,0.626579478871576));
#19927=CARTESIAN_POINT('',(14.375,-7.75,0.626579478871576));
#19928=CARTESIAN_POINT('',(14.375,2.15,0.626579478871576));
#19929=CARTESIAN_POINT('',(7.9,-7.75,0.));
#19930=CARTESIAN_POINT('',(14.375,-7.75,3.05));
#19931=CARTESIAN_POINT('',(14.375,-7.75,3.22066165413533));
#19932=CARTESIAN_POINT('',(15.4786577845014,-7.75,3.22066165413533));
#19933=CARTESIAN_POINT('',(15.4786577845014,-7.75,3.22066165413533));
#19934=CARTESIAN_POINT('',(15.4786577845014,-7.75,5.72066165413534));
#19935=CARTESIAN_POINT('',(15.4786577845014,-7.75,5.72066165413534));
#19936=CARTESIAN_POINT('',(10.4786577845014,-7.75,5.72066165413534));
#19937=CARTESIAN_POINT('',(10.4786577845014,-7.75,5.72066165413534));
#19938=CARTESIAN_POINT('',(10.4786577845014,-7.75,4.7));
#19939=CARTESIAN_POINT('',(10.4786577845014,-7.75,5.94638228778996));
#19940=CARTESIAN_POINT('',(10.4786577845014,-7.75,5.94638228778996));
#19941=CARTESIAN_POINT('',(5.3213422154986,-7.75,5.94638228778996));
#19942=CARTESIAN_POINT('',(5.3213422154986,-7.75,5.94638228778996));
#19943=CARTESIAN_POINT('',(5.3213422154986,-7.75,5.72066165413534));
#19944=CARTESIAN_POINT('',(5.3213422154986,-7.75,5.72066165413534));
#19945=CARTESIAN_POINT('',(0.321342215498599,-7.75,5.72066165413534));
#19946=CARTESIAN_POINT('',(0.321342215498599,-7.75,5.72066165413534));
#19947=CARTESIAN_POINT('',(0.321342215498599,-7.75,3.22066165413533));
#19948=CARTESIAN_POINT('',(0.321342215498599,-7.75,3.22066165413533));
#19949=CARTESIAN_POINT('',(1.425,-7.75,3.22066165413533));
#19950=CARTESIAN_POINT('',(1.425,-7.75,3.05));
#19951=CARTESIAN_POINT('',(13.272067596483,0.59678209965261,-1.42342052112842));
#19952=CARTESIAN_POINT('',(13.622067596483,0.59678209965261,-1.42342052112842));
#19953=CARTESIAN_POINT('',(13.622067596483,0.59678209965261,-1.77342052112842));
#19954=CARTESIAN_POINT('',(13.8460442148542,0.59678209965261,-1.42342052112842));
#19955=CARTESIAN_POINT('',(13.8460442148542,0.596782099652611,-1.77342052112842));
#19956=CARTESIAN_POINT('',(13.272067596483,0.59678209965261,-1.77342052112842));
#19957=CARTESIAN_POINT('',(14.3460442148542,-7.04538556367794,-1.67342052112842));
#19958=CARTESIAN_POINT('',(14.3460442148542,-7.04538556367794,-1.77342052112842));
#19959=CARTESIAN_POINT('',(13.8460442148542,-7.04538556367794,-1.77342052112842));
#19960=CARTESIAN_POINT('',(14.3460442148542,-7.54538556367794,-1.77342052112842));
#19961=CARTESIAN_POINT('',(13.8460442148542,-7.04538556367794,-1.67342052112842));
#19962=CARTESIAN_POINT('',(13.8460442148542,-7.04538556367794,0.226579478871576));
#19963=CARTESIAN_POINT('',(14.3460442148542,-7.04538556367794,0.226579478871576));
#19964=CARTESIAN_POINT('',(14.3460442148542,-7.54538556367794,0.226579478871576));
#19965=CARTESIAN_POINT('',(14.3460442148542,-7.54538556367794,0.126579478871576));
#19966=CARTESIAN_POINT('',(14.375,-7.54538556367794,-1.67342052112842));
#19967=CARTESIAN_POINT('',(14.375,-7.54538556367794,-1.77342052112842));
#19968=CARTESIAN_POINT('',(14.375,-7.54538556367794,-1.77342052112842));
#19969=CARTESIAN_POINT('',(14.375,-7.54538556367794,0.226579478871576));
#19970=CARTESIAN_POINT('',(14.375,-7.54538556367794,0.226579478871576));
#19971=CARTESIAN_POINT('',(14.375,-7.54538556367794,-1.67342052112842));
#19972=CARTESIAN_POINT('',(13.622067596483,6.15,0.126579478871576));
#19973=CARTESIAN_POINT('',(13.622067596483,6.15,-1.77342052112842));
#19974=CARTESIAN_POINT('',(13.622067596483,-7.15,-1.77342052112842));
#19975=CARTESIAN_POINT('',(13.622067596483,-7.15,0.126579478871576));
#19976=CARTESIAN_POINT('',(13.622067596483,-7.15,0.226579478871576));
#19977=CARTESIAN_POINT('',(13.622067596483,6.15,0.226579478871576));
#19978=CARTESIAN_POINT('',(13.622067596483,0.59678209965261,0.226579478871576));
#19979=CARTESIAN_POINT('',(13.622067596483,0.59678209965261,-0.123420521128424));
#19980=CARTESIAN_POINT('',(13.8460442148542,0.59678209965261,-0.123420521128424));
#19981=CARTESIAN_POINT('',(13.825,0.59678209965261,0.226579478871576));
#19982=CARTESIAN_POINT('',(13.8460442148542,0.596782099652611,0.226579478871576));
#19983=CARTESIAN_POINT('',(13.8460442148542,0.59678209965261,-0.123420521128424));
#19984=CARTESIAN_POINT('',(13.8460442148542,-7.54538556367794,-1.67342052112842));
#19985=CARTESIAN_POINT('',(13.8460442148542,-7.54538556367794,-1.77342052112842));
#19986=CARTESIAN_POINT('',(13.8460442148542,-7.54538556367794,0.226579478871576));
#19987=CARTESIAN_POINT('',(15.597429434039,7.17303213719904,6.55));
#19988=CARTESIAN_POINT('',(15.798679434039,7.17303213719904,6.55));
#19989=CARTESIAN_POINT('',(15.798679434039,7.17303213719904,6.34875));
#19990=CARTESIAN_POINT('',(15.597429487996,7.11556796501509,6.55));
#19991=CARTESIAN_POINT('',(15.7912238360263,7.11860366376715,6.5500000000001));
#19992=CARTESIAN_POINT('',(15.798679434039,7.11757654971771,6.35634635259693));
#19993=CARTESIAN_POINT('',(15.598097219182,7.05810680435554,6.55));
#19994=CARTESIAN_POINT('',(15.7876987250582,7.05910400028553,6.55000000000002));
#19995=CARTESIAN_POINT('',(15.798990031939,7.05916326703214,6.3607350073757));
#19996=CARTESIAN_POINT('',(15.5980972194787,7.00064224986628,6.55));
#19997=CARTESIAN_POINT('',(15.7876987250396,7.00064224986628,6.55));
#19998=CARTESIAN_POINT('',(15.798990031918,7.00064224986628,6.36073500772744));
#19999=CARTESIAN_POINT('',(15.5980972194785,7.00064224986627,6.34875));
#20000=CARTESIAN_POINT('',(15.5980972194785,7.00064224986627,6.55));
#20001=CARTESIAN_POINT('',(15.7989900319178,7.00064224853669,6.36073500772743));
#20002=CARTESIAN_POINT('',(15.798679434039,7.17303213719904,6.34875));
#20003=CARTESIAN_POINT('',(15.798679434039,7.11583560666663,6.35658478852996));
#20004=CARTESIAN_POINT('',(15.798990031921,7.05838347459943,6.36073500779025));
#20005=CARTESIAN_POINT('',(15.7989900319178,7.00064224853669,6.36073500772743));
#20006=CARTESIAN_POINT('',(15.5980972194785,7.00064224986627,6.55));
#20007=CARTESIAN_POINT('',(15.5980972194785,7.05810635173999,6.55));
#20008=CARTESIAN_POINT('',(15.597429434039,7.11556795975811,6.55));
#20009=CARTESIAN_POINT('',(15.597429434039,7.17303213719904,6.55));
#20010=CARTESIAN_POINT('',(15.798679434039,1.82777108314928E-15,2.95115675357737));
#20011=CARTESIAN_POINT('',(15.798679434039,7.00064224986627,5.69679900344364));
#20012=CARTESIAN_POINT('',(15.798679434039,7.64875,5.88311786824812));
#20013=CARTESIAN_POINT('',(15.798679434039,7.85,5.88311786824812));
#20014=CARTESIAN_POINT('',(15.597429434039,7.85,5.88311786824812));
#20015=CARTESIAN_POINT('',(15.798679434039,7.65757127740851,5.82354594683162));
#20016=CARTESIAN_POINT('',(15.7900473894285,7.8499999999997,5.82482342199345));
#20017=CARTESIAN_POINT('',(15.5974294963594,7.85,5.82101005103444));
#20018=CARTESIAN_POINT('',(15.7991058595017,7.66279069726525,5.76025461804746));
#20019=CARTESIAN_POINT('',(15.7860128414166,7.85000000000015,5.76016698022731));
#20020=CARTESIAN_POINT('',(15.5983462483962,7.85,5.75890897654121));
#20021=CARTESIAN_POINT('',(15.799105859473,7.66279069767442,5.69679900344364));
#20022=CARTESIAN_POINT('',(15.7860128413806,7.85,5.69679900344364));
#20023=CARTESIAN_POINT('',(15.5983462487222,7.85,5.69679900344364));
#20024=CARTESIAN_POINT('',(15.5983462487222,7.64875,5.69679900344364));
#20025=CARTESIAN_POINT('',(15.799105859473,7.66279069767442,5.69679900344364));
#20026=CARTESIAN_POINT('',(15.5983462487222,7.85,5.69679900344364));
#20027=CARTESIAN_POINT('',(15.597429434039,7.85,5.88311786824812));
#20028=CARTESIAN_POINT('',(15.597429434039,7.85,5.82101007619743));
#20029=CARTESIAN_POINT('',(15.5983462487222,7.85,5.75890679549433));
#20030=CARTESIAN_POINT('',(15.5983462487222,7.85,5.69679900344364));
#20031=CARTESIAN_POINT('',(15.799105859473,7.66279069767442,5.69679900344364));
#20032=CARTESIAN_POINT('',(15.799105859473,7.66279069767442,5.75922590120462));
#20033=CARTESIAN_POINT('',(15.798679434039,7.65789244406557,5.82137673043067));
#20034=CARTESIAN_POINT('',(15.798679434039,7.64875,5.88311786824812));
#20035=CARTESIAN_POINT('',(15.5983462487222,7.64875,2.95115675357737));
#20036=CARTESIAN_POINT('',(15.5983462487222,7.64875,0.20615675357737));
#20037=CARTESIAN_POINT('',(15.799105859473,7.66279069767442,0.20615675357737));
#20038=CARTESIAN_POINT('',(15.5983462487222,7.85,0.20615675357737));
#20039=CARTESIAN_POINT('',(15.5983462487222,7.85,2.95115675357737));
#20040=CARTESIAN_POINT('',(15.799105859473,7.66279069767442,0.20615675357737));
#20041=CARTESIAN_POINT('',(15.597429434039,7.85,0.0197474257527962));
#20042=CARTESIAN_POINT('',(15.798679434039,7.85,0.0197474257527962));
#20043=CARTESIAN_POINT('',(15.798679434039,7.64875,0.0197474257527962));
#20044=CARTESIAN_POINT('',(15.5974294963049,7.85,0.0818853711075192));
#20045=CARTESIAN_POINT('',(15.790046908076,7.85000000000002,0.0780723943261471));
#20046=CARTESIAN_POINT('',(15.798679434039,7.65757178005315,0.079350611301758));
#20047=CARTESIAN_POINT('',(15.5983462484103,7.85,0.144018807917966));
#20048=CARTESIAN_POINT('',(15.7860128413287,7.85000000000017,0.142761483718277));
#20049=CARTESIAN_POINT('',(15.7991058594941,7.66279069737279,0.142673893215853));
#20050=CARTESIAN_POINT('',(15.5983462487222,7.85,0.20615675357737));
#20051=CARTESIAN_POINT('',(15.7860128413806,7.85,0.20615675357737));
#20052=CARTESIAN_POINT('',(15.799105859473,7.66279069767442,0.20615675357737));
#20053=CARTESIAN_POINT('',(15.597429434039,7.64875,0.0197474257527962));
#20054=CARTESIAN_POINT('',(15.798679434039,7.64875,0.0197474257527962));
#20055=CARTESIAN_POINT('',(15.597429434039,7.85,0.0197474257527962));
#20056=CARTESIAN_POINT('',(15.5983462487222,7.85,0.20615675357737));
#20057=CARTESIAN_POINT('',(15.5983462487222,7.85,0.14401880791642));
#20058=CARTESIAN_POINT('',(15.597429434039,7.85,0.0818853714137465));
#20059=CARTESIAN_POINT('',(15.597429434039,7.85,0.0197474257527962));
#20060=CARTESIAN_POINT('',(15.798679434039,7.64875,0.0197474257527962));
#20061=CARTESIAN_POINT('',(15.798679434039,7.6578969298395,0.0815477535647033));
#20062=CARTESIAN_POINT('',(15.799105859473,7.66279069767442,0.14366746197795));
#20063=CARTESIAN_POINT('',(15.799105859473,7.66279069767442,0.20615675357737));
#20064=CARTESIAN_POINT('',(16.,7.85,-0.792325816976447));
#20065=CARTESIAN_POINT('',(16.1,7.85,-0.792325816976447));
#20066=CARTESIAN_POINT('',(16.1,7.64875,-0.792325816976447));
#20067=CARTESIAN_POINT('',(16.1,4.64821089471093,-0.792325816976447));
#20068=CARTESIAN_POINT('',(15.89875,7.64875,-0.792325816976447));
#20069=CARTESIAN_POINT('',(15.89875,7.85,-0.792325816976447));
#20070=CARTESIAN_POINT('',(16.,7.85,-0.792325816976447));
#20071=CARTESIAN_POINT('',(15.597429434039,7.85,-0.792325816976447));
#20072=CARTESIAN_POINT('',(15.597429434039,7.64875,-0.792325816976447));
#20073=CARTESIAN_POINT('',(15.7544518176925,7.77462904325881,-0.792325816976447));
#20074=CARTESIAN_POINT('',(15.7544518176925,7.85,-0.792325816976447));
#20075=CARTESIAN_POINT('',(15.7544518176925,4.64821089471093,-0.792325816976447));
#20076=CARTESIAN_POINT('',(16.,4.64821089471093,-0.792325816976447));
#20077=CARTESIAN_POINT('',(16.,4.29821089471093,-5.79103186213372));
#20078=CARTESIAN_POINT('',(15.9044518176925,4.29821089471093,-1.14232581697645));
#20079=CARTESIAN_POINT('',(15.9044518176925,4.29821089471093,-1.14232581697645));
#20080=CARTESIAN_POINT('',(15.9044518176925,4.29821089471093,-5.79103186213372));
#20081=CARTESIAN_POINT('',(16.,4.29821089471093,-5.79103186213372));
#20082=CARTESIAN_POINT('',(16.1,4.29821089471093,-5.79103186213372));
#20083=CARTESIAN_POINT('',(16.1,4.29821089471093,-5.79103186213372));
#20084=CARTESIAN_POINT('',(16.1,4.29821089471093,-1.14232581697645));
#20085=CARTESIAN_POINT('',(16.,4.29821089471093,-1.14232581697645));
#20086=CARTESIAN_POINT('',(16.1,7.85,6.55));
#20087=CARTESIAN_POINT('',(16.1,4.64821089471093,-6.14103186213372));
#20088=CARTESIAN_POINT('',(16.1,4.64821089471093,-6.14103186213372));
#20089=CARTESIAN_POINT('',(16.1,7.64875,-6.14103186213372));
#20090=CARTESIAN_POINT('',(16.1,7.64875,-0.792325816976447));
#20091=CARTESIAN_POINT('',(16.1,4.64821089471093,-1.14232581697645));
#20092=CARTESIAN_POINT('',(16.1,4.64821089471093,-5.79103186213372));
#20093=CARTESIAN_POINT('',(15.89875,7.64875,-8.67361737988404E-16));
#20094=CARTESIAN_POINT('',(15.89875,7.64875,-6.14103186213372));
#20095=CARTESIAN_POINT('',(15.89875,7.85,-6.14103186213372));
#20096=CARTESIAN_POINT('',(15.89875,7.85,-6.14103186213372));
#20097=CARTESIAN_POINT('',(0.,7.85,0.));
#20098=CARTESIAN_POINT('',(8.1,7.85,-6.14103186213372));
#20099=CARTESIAN_POINT('',(-15.597429434039,7.85,-6.14103186213372));
#20100=CARTESIAN_POINT('',(-15.597429434039,7.85,0.));
#20101=CARTESIAN_POINT('',(15.597429434039,7.85,-8.67361737988404E-16));
#20102=CARTESIAN_POINT('',(-15.89875,7.64875,0.));
#20103=CARTESIAN_POINT('',(-15.89875,7.64875,-6.14103186213372));
#20104=CARTESIAN_POINT('',(-16.1,7.64875,-6.14103186213372));
#20105=CARTESIAN_POINT('',(-15.7480897170195,7.78217803915307,-6.14103186213372));
#20106=CARTESIAN_POINT('',(-16.1,7.64875,-6.14103186213372));
#20107=CARTESIAN_POINT('',(-15.7480897170195,7.78217803915307,-0.792325816976447));
#20108=CARTESIAN_POINT('',(-16.1,7.85,-6.55));
#20109=CARTESIAN_POINT('',(-16.1,7.85,-6.14103186213372));
#20110=CARTESIAN_POINT('',(-16.1,4.64821089471093,-6.14103186213372));
#20111=CARTESIAN_POINT('',(-16.1,4.64821089471093,-5.79103186213372));
#20112=CARTESIAN_POINT('',(-16.1,4.29821089471093,-5.79103186213372));
#20113=CARTESIAN_POINT('',(-16.1,4.29821089471093,-6.55));
#20114=CARTESIAN_POINT('',(-16.1,4.29821089471093,-1.14232581697645));
#20115=CARTESIAN_POINT('',(-16.1,4.64821089471093,-1.14232581697645));
#20116=CARTESIAN_POINT('',(-16.,4.29821089471093,-5.79103186213372));
#20117=CARTESIAN_POINT('',(-16.,4.29821089471093,-5.79103186213372));
#20118=CARTESIAN_POINT('',(-15.9044518176925,4.29821089471093,-5.79103186213372));
#20119=CARTESIAN_POINT('',(-15.9044518176925,4.29821089471093,-1.14232581697645));
#20120=CARTESIAN_POINT('',(-15.9044518176925,4.29821089471093,-1.14232581697645));
#20121=CARTESIAN_POINT('',(-16.,4.29821089471093,-1.14232581697645));
#20122=CARTESIAN_POINT('',(-15.9044518176925,4.64821089471093,-5.79103186213372));
#20123=CARTESIAN_POINT('',(-15.9044518176925,4.64821089471093,-5.79103186213372));
#20124=CARTESIAN_POINT('',(-15.9044518176925,4.31135887675911,-5.88606195211466));
#20125=CARTESIAN_POINT('',(-15.9044518176925,4.31135887675911,-5.88606195211466));
#20126=CARTESIAN_POINT('',(-15.9044518176925,4.10154839450885,-5.88606195211466));
#20127=CARTESIAN_POINT('',(-15.9044518176925,4.10154839450885,-5.88606195211466));
#20128=CARTESIAN_POINT('',(-15.9044518176925,4.10154839450885,-0.997319707864325));
#20129=CARTESIAN_POINT('',(-15.9044518176925,4.10154839450885,-0.997319707864325));
#20130=CARTESIAN_POINT('',(-15.9044518176925,4.32966226683732,-0.997319707864327));
#20131=CARTESIAN_POINT('',(-15.9044518176925,4.64821089471093,-1.14232581697645));
#20132=CARTESIAN_POINT('',(-16.,4.64821089471093,-1.14232581697645));
#20133=CARTESIAN_POINT('',(-15.9044518176925,4.32966226683732,-0.997319707864327));
#20134=CARTESIAN_POINT('',(-15.7544518176925,4.32966226683732,-0.997319707864327));
#20135=CARTESIAN_POINT('',(-15.7544518176925,4.64821089471093,-1.14232581697645));
#20136=CARTESIAN_POINT('',(-15.7544518176925,3.78335691966467,-6.18955697933427));
#20137=CARTESIAN_POINT('',(-15.7544518176925,4.10154839450885,-0.997319707864326));
#20138=CARTESIAN_POINT('',(-15.7544518176925,3.72986189244506,-0.997319707864326));
#20139=CARTESIAN_POINT('',(-15.7544518176925,3.72986189244506,-0.747319707864326));
#20140=CARTESIAN_POINT('',(-15.7544518176925,3.47986189244506,-0.747319707864326));
#20141=CARTESIAN_POINT('',(-15.7544518176925,3.47986189244506,-0.747319707864326));
#20142=CARTESIAN_POINT('',(-15.7544518176925,3.47986189244506,-0.54384324642263));
#20143=CARTESIAN_POINT('',(-15.7544518176925,3.72986189244506,-0.54384324642263));
#20144=CARTESIAN_POINT('',(-15.7544518176925,3.72986189244506,-0.29384324642263));
#20145=CARTESIAN_POINT('',(-15.7544518176925,3.72986189244506,-0.29384324642263));
#20146=CARTESIAN_POINT('',(-15.7544518176925,7.77462904325881,-0.293843246422629));
#20147=CARTESIAN_POINT('',(-15.7544518176925,7.77462904325881,-0.293843246422629));
#20148=CARTESIAN_POINT('',(-15.597429434039,7.64875,2.95115675357737));
#20149=CARTESIAN_POINT('',(-15.597429434039,7.64875,-0.293843246422629));
#20150=CARTESIAN_POINT('',(-15.798679434039,7.64875,-0.293843246422629));
#20151=CARTESIAN_POINT('',(-15.798679434039,7.64875,2.95115675357737));
#20152=CARTESIAN_POINT('',(-15.597429434039,7.64875,-6.14103186213372));
#20153=CARTESIAN_POINT('',(-15.798679434039,1.73472347597681E-15,2.95115675357737));
#20154=CARTESIAN_POINT('',(-15.798679434039,7.,0.206156753577371));
#20155=CARTESIAN_POINT('',(-15.798679434039,7.45345892868043,-0.293843246422629));
#20156=CARTESIAN_POINT('',(-15.798679434039,7.5,-0.293843246422629));
#20157=CARTESIAN_POINT('',(-15.973679434039,7.,0.206156753577371));
#20158=CARTESIAN_POINT('',(-15.973679434039,7.675,0.206156753577371));
#20159=CARTESIAN_POINT('',(-15.973679434039,7.5,0.206156753577371));
#20160=CARTESIAN_POINT('',(-15.798679434039,7.45345892868043,-0.29384324642263));
#20161=CARTESIAN_POINT('',(-15.798679434039,7.28735896302278,-0.29384324642263));
#20162=CARTESIAN_POINT('',(-15.8902543990439,7.14101807563979,-0.293843246422629));
#20163=CARTESIAN_POINT('',(-15.973679434039,7.,-0.293843246422629));
#20164=CARTESIAN_POINT('',(-15.973679434039,7.,-0.293843246422629));
#20165=CARTESIAN_POINT('',(-15.973679434039,7.,0.206156753577371));
#20166=CARTESIAN_POINT('',(-15.973679434039,7.675,-0.293843246422629));
#20167=CARTESIAN_POINT('',(-15.973679434039,7.675,5.69679900344364));
#20168=CARTESIAN_POINT('',(-15.973679434039,7.5,5.69679900344364));
#20169=CARTESIAN_POINT('',(-15.973679434039,7.5,-0.293843246422629));
#20170=CARTESIAN_POINT('',(-15.973679434039,7.00064224986627,5.69679900344364));
#20171=CARTESIAN_POINT('',(-15.973679434039,7.00064224986627,5.69679900344364));
#20172=CARTESIAN_POINT('',(-15.973679434039,7.00064224886627,6.19615675357737));
#20173=CARTESIAN_POINT('',(-15.973679434039,7.00064224886627,6.37115675357737));
#20174=CARTESIAN_POINT('',(15.5980972194785,1.82777108314928E-15,6.34875));
#20175=CARTESIAN_POINT('',(15.5980972194785,-7.85,6.34875));
#20176=CARTESIAN_POINT('',(15.7989900319178,-7.85,6.36073500772743));
#20177=CARTESIAN_POINT('',(15.5980972194785,-7.85,6.55));
#20178=CARTESIAN_POINT('',(15.7989900319178,1.82777108314928E-15,6.36073500772743));
#20179=CARTESIAN_POINT('',(15.5980972194785,7.85,6.55));
#20180=CARTESIAN_POINT('',(-15.973679434039,7.00064224886627,6.37115675357737));
#20181=CARTESIAN_POINT('',(-15.973679434039,-7.85,6.37115675357737));
#20182=CARTESIAN_POINT('',(-15.7989900319178,-7.85,6.36073500772743));
#20183=CARTESIAN_POINT('',(-15.89875,-7.85,6.2130094174803));
#20184=CARTESIAN_POINT('',(-15.7989900319178,7.00064224886627,6.36073500772743));
#20185=CARTESIAN_POINT('',(-15.973679434039,7.00064224886627,6.19615675357737));
#20186=CARTESIAN_POINT('',(-15.973679434039,-7.83553100121426,6.19615675357737));
#20187=CARTESIAN_POINT('',(-15.973679434039,-7.83553100121426,6.19615675357737));
#20188=CARTESIAN_POINT('',(-15.9489795274069,-7.84543966436908,6.19615675357737));
#20189=CARTESIAN_POINT('',(-15.9228075970298,-7.85000000000078,6.20161104571893));
#20190=CARTESIAN_POINT('',(-15.8987499999999,-7.85000000000077,6.2130094174795));
#20191=CARTESIAN_POINT('',(-15.5980972194785,7.00064224886627,6.34875));
#20192=CARTESIAN_POINT('',(-15.5980972194785,-7.85,6.34875));
#20193=CARTESIAN_POINT('',(-15.5980972194785,-7.85,6.55));
#20194=CARTESIAN_POINT('',(-15.5980972194785,7.85,6.55));
#20195=CARTESIAN_POINT('',(-8.2,7.85,6.55));
#20196=CARTESIAN_POINT('',(-8.2,-7.85,6.55));
#20197=CARTESIAN_POINT('',(-0.321342215498599,-7.75,3.22066165413533));
#20198=CARTESIAN_POINT('',(0.,-7.85,3.22066165413533));
#20199=CARTESIAN_POINT('',(-1.425,-7.85,3.22066165413533));
#20200=CARTESIAN_POINT('',(-0.321342215498599,-7.85,3.22066165413533));
#20201=CARTESIAN_POINT('',(-0.321342215498599,-7.75,3.22066165413533));
#20202=CARTESIAN_POINT('',(-1.425,-7.75,3.22066165413533));
#20203=CARTESIAN_POINT('',(-0.321342215498599,-7.75,5.72066165413534));
#20204=CARTESIAN_POINT('',(-0.321342215498599,-7.85,0.));
#20205=CARTESIAN_POINT('',(-0.321342215498599,-7.85,5.72066165413534));
#20206=CARTESIAN_POINT('',(-0.321342215498599,-7.75,5.72066165413534));
#20207=CARTESIAN_POINT('',(-5.3213422154986,-7.75,5.72066165413534));
#20208=CARTESIAN_POINT('',(9.92376606954888E-16,-7.85,5.72066165413534));
#20209=CARTESIAN_POINT('',(-5.3213422154986,-7.85,5.72066165413534));
#20210=CARTESIAN_POINT('',(-5.3213422154986,-7.75,5.72066165413534));
#20211=CARTESIAN_POINT('',(-5.3213422154986,-7.75,4.7));
#20212=CARTESIAN_POINT('',(-5.3213422154986,-7.85,0.));
#20213=CARTESIAN_POINT('',(-5.3213422154986,-7.85,5.94638228778996));
#20214=CARTESIAN_POINT('',(-5.3213422154986,-7.75,5.94638228778996));
#20215=CARTESIAN_POINT('',(-5.3213422154986,-7.75,5.94638228778996));
#20216=CARTESIAN_POINT('',(0.,-7.85,5.94638228778996));
#20217=CARTESIAN_POINT('',(-10.4786577845014,-7.85,5.94638228778996));
#20218=CARTESIAN_POINT('',(-10.4786577845014,-7.75,5.94638228778996));
#20219=CARTESIAN_POINT('',(-10.4786577845014,-7.75,5.94638228778996));
#20220=CARTESIAN_POINT('',(-10.4786577845014,-7.75,5.72066165413534));
#20221=CARTESIAN_POINT('',(-10.4786577845014,-7.85,5.72066165413534));
#20222=CARTESIAN_POINT('',(-10.4786577845014,-7.85,0.));
#20223=CARTESIAN_POINT('',(-10.4786577845014,-7.75,5.72066165413534));
#20224=CARTESIAN_POINT('',(-9.92376606954888E-16,-7.85,5.72066165413534));
#20225=CARTESIAN_POINT('',(-15.4786577845014,-7.85,5.72066165413534));
#20226=CARTESIAN_POINT('',(-15.4786577845014,-7.75,5.72066165413534));
#20227=CARTESIAN_POINT('',(-15.4786577845014,-7.75,5.72066165413534));
#20228=CARTESIAN_POINT('',(-15.4786577845014,-7.85,0.));
#20229=CARTESIAN_POINT('',(-15.4786577845014,-7.85,3.22066165413533));
#20230=CARTESIAN_POINT('',(-15.4786577845014,-7.75,3.22066165413533));
#20231=CARTESIAN_POINT('',(-15.4786577845014,-7.75,3.22066165413533));
#20232=CARTESIAN_POINT('',(0.,-7.85,3.22066165413533));
#20233=CARTESIAN_POINT('',(-14.375,-7.85,3.22066165413533));
#20234=CARTESIAN_POINT('',(-14.375,-7.75,3.22066165413533));
#20235=CARTESIAN_POINT('',(-13.825,6.15,0.226579478871576));
#20236=CARTESIAN_POINT('',(-14.375,2.15,0.226579478871576));
#20237=CARTESIAN_POINT('',(-14.375,-7.85,0.226579478871576));
#20238=CARTESIAN_POINT('',(0.,-7.85,0.226579478871576));
#20239=CARTESIAN_POINT('',(-14.322067596483,-7.85,0.226579478871576));
#20240=CARTESIAN_POINT('',(-14.322067596483,-7.15,0.226579478871576));
#20241=CARTESIAN_POINT('',(-14.322067596483,-7.15,0.126579478871576));
#20242=CARTESIAN_POINT('',(-14.322067596483,-7.85,0.));
#20243=CARTESIAN_POINT('',(-14.322067596483,-7.85,-1.77342052112842));
#20244=CARTESIAN_POINT('',(-14.322067596483,-7.15,-1.77342052112842));
#20245=CARTESIAN_POINT('',(-13.272067596483,6.15,-1.77342052112842));
#20246=CARTESIAN_POINT('',(-13.272067596483,-7.85,-1.77342052112842));
#20247=CARTESIAN_POINT('',(-14.375,-7.85,-1.77342052112842));
#20248=CARTESIAN_POINT('',(-14.375,2.15,-1.77342052112842));
#20249=CARTESIAN_POINT('',(-14.375,2.15,0.626579478871576));
#20250=CARTESIAN_POINT('',(-14.375,-7.85,0.));
#20251=CARTESIAN_POINT('',(-14.375,-7.85,-2.17342052112842));
#20252=CARTESIAN_POINT('',(-14.375,-7.85,-4.8));
#20253=CARTESIAN_POINT('',(-14.375,-7.75,-4.8));
#20254=CARTESIAN_POINT('',(-1.975,-7.75,-4.8));
#20255=CARTESIAN_POINT('',(0.,-7.85,-4.8));
#20256=CARTESIAN_POINT('',(-1.425,-7.85,-4.8));
#20257=CARTESIAN_POINT('',(-1.425,-7.75,-4.8));
#20258=CARTESIAN_POINT('',(-1.425,2.15,-2.17342052112842));
#20259=CARTESIAN_POINT('',(-1.425,-7.85,0.));
#20260=CARTESIAN_POINT('',(-1.425,-7.85,-1.77342052112842));
#20261=CARTESIAN_POINT('',(-1.425,2.15,-1.77342052112842));
#20262=CARTESIAN_POINT('',(-1.425,2.15,0.226579478871577));
#20263=CARTESIAN_POINT('',(-1.425,-7.85,0.226579478871577));
#20264=CARTESIAN_POINT('',(-1.425,-7.85,0.));
#20265=CARTESIAN_POINT('',(-2.52793240351699,6.15,-1.77342052112842));
#20266=CARTESIAN_POINT('',(-6.95472491576897E-16,-7.85,-1.77342052112843));
#20267=CARTESIAN_POINT('',(-1.47793240351699,-7.85,-1.77342052112842));
#20268=CARTESIAN_POINT('',(-1.47793240351699,-7.15,-1.77342052112842));
#20269=CARTESIAN_POINT('',(-1.47793240351699,-7.15,0.126579478871576));
#20270=CARTESIAN_POINT('',(-1.47793240351699,-7.85,0.));
#20271=CARTESIAN_POINT('',(-1.47793240351699,-7.85,0.226579478871576));
#20272=CARTESIAN_POINT('',(-1.47793240351699,-7.15,0.226579478871576));
#20273=CARTESIAN_POINT('',(-1.975,6.15,0.226579478871576));
#20274=CARTESIAN_POINT('',(0.,-7.85,0.226579478871576));
#20275=CARTESIAN_POINT('',(15.4786577845014,-7.75,3.22066165413533));
#20276=CARTESIAN_POINT('',(15.79,-7.85,3.22066165413533));
#20277=CARTESIAN_POINT('',(14.375,-7.85,3.22066165413533));
#20278=CARTESIAN_POINT('',(15.4786577845014,-7.85,3.22066165413533));
#20279=CARTESIAN_POINT('',(15.4786577845014,-7.75,3.22066165413533));
#20280=CARTESIAN_POINT('',(14.375,-7.75,3.22066165413533));
#20281=CARTESIAN_POINT('',(15.4786577845014,-7.75,5.72066165413534));
#20282=CARTESIAN_POINT('',(15.4786577845014,-7.85,0.));
#20283=CARTESIAN_POINT('',(15.4786577845014,-7.85,5.72066165413534));
#20284=CARTESIAN_POINT('',(15.4786577845014,-7.75,5.72066165413534));
#20285=CARTESIAN_POINT('',(10.4786577845014,-7.75,5.72066165413534));
#20286=CARTESIAN_POINT('',(15.79,-7.85,5.72066165413534));
#20287=CARTESIAN_POINT('',(10.4786577845014,-7.85,5.72066165413534));
#20288=CARTESIAN_POINT('',(10.4786577845014,-7.75,5.72066165413534));
#20289=CARTESIAN_POINT('',(10.4786577845014,-7.75,4.7));
#20290=CARTESIAN_POINT('',(10.4786577845014,-7.85,0.));
#20291=CARTESIAN_POINT('',(10.4786577845014,-7.85,5.94638228778996));
#20292=CARTESIAN_POINT('',(10.4786577845014,-7.75,5.94638228778996));
#20293=CARTESIAN_POINT('',(10.4786577845014,-7.75,5.94638228778996));
#20294=CARTESIAN_POINT('',(15.79,-7.85,5.94638228778996));
#20295=CARTESIAN_POINT('',(5.3213422154986,-7.85,5.94638228778996));
#20296=CARTESIAN_POINT('',(5.3213422154986,-7.75,5.94638228778996));
#20297=CARTESIAN_POINT('',(5.3213422154986,-7.75,5.94638228778996));
#20298=CARTESIAN_POINT('',(5.3213422154986,-7.75,5.72066165413534));
#20299=CARTESIAN_POINT('',(5.3213422154986,-7.85,5.72066165413534));
#20300=CARTESIAN_POINT('',(5.3213422154986,-7.85,0.));
#20301=CARTESIAN_POINT('',(5.3213422154986,-7.75,5.72066165413534));
#20302=CARTESIAN_POINT('',(0.00999999999999903,-7.85,5.72066165413534));
#20303=CARTESIAN_POINT('',(0.321342215498599,-7.85,5.72066165413534));
#20304=CARTESIAN_POINT('',(0.321342215498599,-7.75,5.72066165413534));
#20305=CARTESIAN_POINT('',(0.321342215498599,-7.75,5.72066165413534));
#20306=CARTESIAN_POINT('',(0.321342215498599,-7.85,0.));
#20307=CARTESIAN_POINT('',(0.321342215498599,-7.85,3.22066165413533));
#20308=CARTESIAN_POINT('',(0.321342215498599,-7.75,3.22066165413533));
#20309=CARTESIAN_POINT('',(0.321342215498599,-7.75,3.22066165413533));
#20310=CARTESIAN_POINT('',(0.,-7.85,3.22066165413533));
#20311=CARTESIAN_POINT('',(1.425,-7.85,3.22066165413533));
#20312=CARTESIAN_POINT('',(1.425,-7.75,3.22066165413533));
#20313=CARTESIAN_POINT('',(1.975,6.15,0.226579478871576));
#20314=CARTESIAN_POINT('',(1.425,2.15,0.226579478871576));
#20315=CARTESIAN_POINT('',(1.425,-7.85,0.226579478871576));
#20316=CARTESIAN_POINT('',(0.,-7.85,0.226579478871576));
#20317=CARTESIAN_POINT('',(1.47793240351699,-7.85,0.226579478871576));
#20318=CARTESIAN_POINT('',(1.47793240351699,-7.15,0.226579478871576));
#20319=CARTESIAN_POINT('',(1.47793240351699,-7.15,0.126579478871576));
#20320=CARTESIAN_POINT('',(1.47793240351699,-7.85,0.));
#20321=CARTESIAN_POINT('',(1.47793240351699,-7.85,-1.77342052112842));
#20322=CARTESIAN_POINT('',(1.47793240351699,-7.15,-1.77342052112842));
#20323=CARTESIAN_POINT('',(2.52793240351699,6.15,-1.77342052112842));
#20324=CARTESIAN_POINT('',(6.95472491576897E-16,-7.85,-1.77342052112843));
#20325=CARTESIAN_POINT('',(1.425,-7.85,-1.77342052112842));
#20326=CARTESIAN_POINT('',(1.425,2.15,-1.77342052112842));
#20327=CARTESIAN_POINT('',(1.425,2.15,0.626579478871576));
#20328=CARTESIAN_POINT('',(1.425,-7.85,0.));
#20329=CARTESIAN_POINT('',(1.425,-7.85,0.));
#20330=CARTESIAN_POINT('',(1.425,-7.85,-4.8));
#20331=CARTESIAN_POINT('',(1.425,-7.75,-4.8));
#20332=CARTESIAN_POINT('',(13.825,-7.75,-4.8));
#20333=CARTESIAN_POINT('',(0.,-7.85,-4.8));
#20334=CARTESIAN_POINT('',(14.375,-7.85,-4.8));
#20335=CARTESIAN_POINT('',(14.375,-7.75,-4.8));
#20336=CARTESIAN_POINT('',(14.375,2.15,-2.17342052112842));
#20337=CARTESIAN_POINT('',(14.375,-7.85,0.));
#20338=CARTESIAN_POINT('',(14.375,-7.85,-1.77342052112842));
#20339=CARTESIAN_POINT('',(14.375,2.15,-1.77342052112842));
#20340=CARTESIAN_POINT('',(14.375,2.15,0.226579478871577));
#20341=CARTESIAN_POINT('',(14.375,-7.85,0.226579478871577));
#20342=CARTESIAN_POINT('',(14.375,-7.85,0.));
#20343=CARTESIAN_POINT('',(13.272067596483,6.15,-1.77342052112842));
#20344=CARTESIAN_POINT('',(-6.95472491576894E-16,-7.85,-1.77342052112842));
#20345=CARTESIAN_POINT('',(14.322067596483,-7.85,-1.77342052112842));
#20346=CARTESIAN_POINT('',(14.322067596483,-7.15,-1.77342052112842));
#20347=CARTESIAN_POINT('',(14.322067596483,-7.15,0.126579478871576));
#20348=CARTESIAN_POINT('',(14.322067596483,-7.85,0.));
#20349=CARTESIAN_POINT('',(14.322067596483,-7.85,0.226579478871576));
#20350=CARTESIAN_POINT('',(14.322067596483,-7.15,0.226579478871576));
#20351=CARTESIAN_POINT('',(13.825,6.15,0.226579478871576));
#20352=CARTESIAN_POINT('',(0.,-7.85,0.226579478871576));
#20353=CARTESIAN_POINT('',(15.973679434039,7.00064224986627,5.69679900344364));
#20354=CARTESIAN_POINT('',(15.973679434039,7.675,5.69679900344364));
#20355=CARTESIAN_POINT('',(15.973679434039,7.5,5.69679900344364));
#20356=CARTESIAN_POINT('',(15.973679434039,7.00064224851582,6.37115675357737));
#20357=CARTESIAN_POINT('',(15.973679434039,7.00064224886627,6.19615675357737));
#20358=CARTESIAN_POINT('',(15.973679434039,7.00064224986627,5.69679900344364));
#20359=CARTESIAN_POINT('',(15.973679434039,7.675,2.95115675357737));
#20360=CARTESIAN_POINT('',(15.973679434039,7.675,0.20615675357737));
#20361=CARTESIAN_POINT('',(15.973679434039,7.5,0.20615675357737));
#20362=CARTESIAN_POINT('',(15.973679434039,7.5,-0.29384324642263));
#20363=CARTESIAN_POINT('',(15.973679434039,7.,0.20615675357737));
#20364=CARTESIAN_POINT('',(15.798679434039,7.,0.20615675357737));
#20365=CARTESIAN_POINT('',(15.798679434039,7.45345892868043,-0.29384324642263));
#20366=CARTESIAN_POINT('',(15.973679434039,7.,0.20615675357737));
#20367=CARTESIAN_POINT('',(15.973679434039,7.,-0.29384324642263));
#20368=CARTESIAN_POINT('',(15.798679434039,7.45345892868043,-0.29384324642263));
#20369=CARTESIAN_POINT('',(15.798679434039,7.28735896302278,-0.29384324642263));
#20370=CARTESIAN_POINT('',(15.8902543990439,7.14101807563979,-0.29384324642263));
#20371=CARTESIAN_POINT('',(15.973679434039,7.,-0.29384324642263));
#20372=CARTESIAN_POINT('',(15.798679434039,1.82777108314928E-15,2.95115675357737));
#20373=CARTESIAN_POINT('',(15.798679434039,7.5,-0.29384324642263));
#20374=CARTESIAN_POINT('',(15.798679434039,7.64875,-0.29384324642263));
#20375=CARTESIAN_POINT('',(15.798679434039,7.64875,2.95115675357737));
#20376=CARTESIAN_POINT('',(15.597429434039,7.64875,-8.67361737988404E-16));
#20377=CARTESIAN_POINT('',(15.597429434039,7.64875,-0.29384324642263));
#20378=CARTESIAN_POINT('',(15.7544518176925,7.77462904325881,-0.29384324642263));
#20379=CARTESIAN_POINT('',(15.7544518176925,7.77462904325881,-0.792325816976447));
#20380=CARTESIAN_POINT('',(15.7544518176925,3.78335691966467,-6.18955697933427));
#20381=CARTESIAN_POINT('',(15.7544518176925,4.10154839450885,-0.997319707864327));
#20382=CARTESIAN_POINT('',(15.7544518176925,4.32966226683732,-0.997319707864327));
#20383=CARTESIAN_POINT('',(15.7544518176925,3.72986189244506,-0.997319707864327));
#20384=CARTESIAN_POINT('',(15.7544518176925,4.64821089471093,-1.14232581697645));
#20385=CARTESIAN_POINT('',(15.7544518176925,3.72986189244506,-0.293843246422631));
#20386=CARTESIAN_POINT('',(15.7544518176925,3.72986189244506,-0.293843246422631));
#20387=CARTESIAN_POINT('',(15.7544518176925,3.72986189244506,-0.543843246422631));
#20388=CARTESIAN_POINT('',(15.7544518176925,3.47986189244506,-0.543843246422631));
#20389=CARTESIAN_POINT('',(15.7544518176925,3.47986189244506,-0.747319707864327));
#20390=CARTESIAN_POINT('',(15.7544518176925,3.47986189244506,-0.747319707864327));
#20391=CARTESIAN_POINT('',(15.7544518176925,3.72986189244506,-0.747319707864327));
#20392=CARTESIAN_POINT('',(16.,4.64821089471093,-1.14232581697645));
#20393=CARTESIAN_POINT('',(15.9044518176925,4.32966226683732,-0.997319707864327));
#20394=CARTESIAN_POINT('',(15.9044518176925,4.32966226683732,-0.997319707864327));
#20395=CARTESIAN_POINT('',(15.9044518176925,4.64821089471093,-1.14232581697645));
#20396=CARTESIAN_POINT('',(15.9044518176925,4.64821089471093,-1.14232581697645));
#20397=CARTESIAN_POINT('',(15.9044518176925,4.10154839450885,-5.88606195211466));
#20398=CARTESIAN_POINT('',(15.9044518176925,4.31135887675911,-5.88606195211466));
#20399=CARTESIAN_POINT('',(15.9044518176925,4.10154839450885,-5.88606195211466));
#20400=CARTESIAN_POINT('',(15.9044518176925,4.64821089471093,-5.79103186213372));
#20401=CARTESIAN_POINT('',(15.9044518176925,4.10154839450885,-0.997319707864327));
#20402=CARTESIAN_POINT('',(15.9044518176925,4.10154839450885,-0.997319707864327));
#20403=CARTESIAN_POINT('',(15.9044518176925,4.10154839450885,-5.88606195211466));
#20404=CARTESIAN_POINT('',(15.973679434039,1.82777108314928E-15,6.37115675357737));
#20405=CARTESIAN_POINT('',(15.973679434039,-7.85,6.37115675357737));
#20406=CARTESIAN_POINT('',(15.89875,-7.85,6.2130094174803));
#20407=CARTESIAN_POINT('',(15.89875,-7.85,6.2130094174803));
#20408=CARTESIAN_POINT('',(15.9228006072512,-7.85,6.20161435744263));
#20409=CARTESIAN_POINT('',(15.9489723864459,-7.84544252905135,6.19615675357677));
#20410=CARTESIAN_POINT('',(15.9736794340389,-7.83553100121459,6.19615675357677));
#20411=CARTESIAN_POINT('',(15.973679434039,-7.83553100121426,6.19615675357737));
#20412=CARTESIAN_POINT('',(15.973679434039,7.00064224886627,6.19615675357737));
#20413=CARTESIAN_POINT('',(14.25,-2.45,-10.15));
#20414=CARTESIAN_POINT('',(14.25,-2.45,-10.15));
#20415=CARTESIAN_POINT('',(15.3,-2.45,-10.15));
#20416=CARTESIAN_POINT('',(-14.25,-2.45,-10.15));
#20417=CARTESIAN_POINT('',(-14.25,-2.45,-10.15));
#20418=CARTESIAN_POINT('',(-15.3,-2.45,-10.15));
#20419=CARTESIAN_POINT('',(7.9,0.,-9.15));
#20420=CARTESIAN_POINT('',(0.790000000000001,6.43,-9.15));
#20421=CARTESIAN_POINT('',(0.790000000000001,6.43,-9.15));
#20422=CARTESIAN_POINT('',(0.790000000000001,6.93,-9.15));
#20423=CARTESIAN_POINT('',(0.790000000000001,6.93,-9.15));
#20424=CARTESIAN_POINT('',(1.29,6.93,-9.15));
#20425=CARTESIAN_POINT('',(1.29,6.93,-9.15));
#20426=CARTESIAN_POINT('',(1.29,6.43,-9.15));
#20427=CARTESIAN_POINT('',(1.29,6.43,-9.15));
#20428=CARTESIAN_POINT('',(-7.465,0.,-9.52));
#20429=CARTESIAN_POINT('',(-7.465,1.695,-9.52));
#20430=CARTESIAN_POINT('',(-7.615,1.695,-9.37));
#20431=CARTESIAN_POINT('',(-7.465,1.695,-9.52));
#20432=CARTESIAN_POINT('',(-7.615,1.695,-9.37));
#20433=CARTESIAN_POINT('',(-7.615,2.045,-9.37));
#20434=CARTESIAN_POINT('',(-7.465,2.045,-9.52));
#20435=CARTESIAN_POINT('',(-7.465,2.045,-9.52));
#20436=CARTESIAN_POINT('',(-7.465,2.045,-9.52));
#20437=CARTESIAN_POINT('',(-7.315,0.,-9.52));
#20438=CARTESIAN_POINT('',(-7.315,2.045,-9.52));
#20439=CARTESIAN_POINT('',(-7.165,2.045,-9.37));
#20440=CARTESIAN_POINT('',(-7.315,2.045,-9.52));
#20441=CARTESIAN_POINT('',(-7.165,2.045,-9.37));
#20442=CARTESIAN_POINT('',(-7.165,1.695,-9.37));
#20443=CARTESIAN_POINT('',(-7.315,1.695,-9.52));
#20444=CARTESIAN_POINT('',(-7.315,1.695,-9.52));
#20445=CARTESIAN_POINT('',(-7.315,1.695,-9.52));
#20446=CARTESIAN_POINT('',(-7.9,0.,-9.52));
#20447=CARTESIAN_POINT('',(-7.615,2.045,-9.52));
#20448=CARTESIAN_POINT('',(-7.165,1.695,-9.52));
#20449=CARTESIAN_POINT('',(-6.445,0.,-9.52));
#20450=CARTESIAN_POINT('',(-6.445,-0.0849999999999988,-9.52));
#20451=CARTESIAN_POINT('',(-6.595,-0.0849999999999987,-9.37));
#20452=CARTESIAN_POINT('',(-6.445,-0.0849999999999988,-9.52));
#20453=CARTESIAN_POINT('',(-6.595,-0.0849999999999987,-9.37));
#20454=CARTESIAN_POINT('',(-6.595,0.265000000000001,-9.37));
#20455=CARTESIAN_POINT('',(-6.445,0.265000000000001,-9.52));
#20456=CARTESIAN_POINT('',(-6.445,0.265000000000001,-9.52));
#20457=CARTESIAN_POINT('',(-6.445,0.265000000000001,-9.52));
#20458=CARTESIAN_POINT('',(-6.295,0.,-9.52));
#20459=CARTESIAN_POINT('',(-6.295,0.265000000000001,-9.52));
#20460=CARTESIAN_POINT('',(-6.145,0.265000000000001,-9.37));
#20461=CARTESIAN_POINT('',(-6.295,0.265000000000001,-9.52));
#20462=CARTESIAN_POINT('',(-6.145,0.265000000000001,-9.37));
#20463=CARTESIAN_POINT('',(-6.145,-0.0849999999999989,-9.37));
#20464=CARTESIAN_POINT('',(-6.295,-0.0849999999999989,-9.52));
#20465=CARTESIAN_POINT('',(-6.295,-0.0849999999999989,-9.52));
#20466=CARTESIAN_POINT('',(-6.295,-0.0849999999999989,-9.52));
#20467=CARTESIAN_POINT('',(-7.9,0.,-9.52));
#20468=CARTESIAN_POINT('',(-6.595,0.265000000000001,-9.52));
#20469=CARTESIAN_POINT('',(-6.145,-0.0849999999999989,-9.52));
#20470=CARTESIAN_POINT('',(-8.485,0.,-9.52));
#20471=CARTESIAN_POINT('',(-8.485,-0.0849999999999988,-9.52));
#20472=CARTESIAN_POINT('',(-8.635,-0.0849999999999987,-9.37));
#20473=CARTESIAN_POINT('',(-8.485,-0.0849999999999988,-9.52));
#20474=CARTESIAN_POINT('',(-8.635,-0.0849999999999987,-9.37));
#20475=CARTESIAN_POINT('',(-8.635,0.265000000000001,-9.37));
#20476=CARTESIAN_POINT('',(-8.485,0.265000000000001,-9.52));
#20477=CARTESIAN_POINT('',(-8.485,0.265000000000001,-9.52));
#20478=CARTESIAN_POINT('',(-8.485,0.265000000000001,-9.52));
#20479=CARTESIAN_POINT('',(-8.335,0.,-9.52));
#20480=CARTESIAN_POINT('',(-8.335,0.265000000000001,-9.52));
#20481=CARTESIAN_POINT('',(-8.185,0.265000000000001,-9.37));
#20482=CARTESIAN_POINT('',(-8.335,0.265000000000001,-9.52));
#20483=CARTESIAN_POINT('',(-8.185,0.265000000000001,-9.37));
#20484=CARTESIAN_POINT('',(-8.185,-0.0849999999999989,-9.37));
#20485=CARTESIAN_POINT('',(-8.335,-0.0849999999999989,-9.52));
#20486=CARTESIAN_POINT('',(-8.335,-0.0849999999999989,-9.52));
#20487=CARTESIAN_POINT('',(-8.335,-0.0849999999999989,-9.52));
#20488=CARTESIAN_POINT('',(-7.9,0.,-9.52));
#20489=CARTESIAN_POINT('',(-8.635,0.265000000000001,-9.52));
#20490=CARTESIAN_POINT('',(-8.185,-0.0849999999999989,-9.52));
#20491=CARTESIAN_POINT('',(-11.545,0.,-9.52));
#20492=CARTESIAN_POINT('',(-11.545,1.695,-9.52));
#20493=CARTESIAN_POINT('',(-11.695,1.695,-9.37));
#20494=CARTESIAN_POINT('',(-11.545,1.695,-9.52));
#20495=CARTESIAN_POINT('',(-11.695,1.695,-9.37));
#20496=CARTESIAN_POINT('',(-11.695,2.045,-9.37));
#20497=CARTESIAN_POINT('',(-11.545,2.045,-9.52));
#20498=CARTESIAN_POINT('',(-11.545,2.045,-9.52));
#20499=CARTESIAN_POINT('',(-11.545,2.045,-9.52));
#20500=CARTESIAN_POINT('',(-11.395,0.,-9.52));
#20501=CARTESIAN_POINT('',(-11.395,2.045,-9.52));
#20502=CARTESIAN_POINT('',(-11.245,2.045,-9.37));
#20503=CARTESIAN_POINT('',(-11.395,2.045,-9.52));
#20504=CARTESIAN_POINT('',(-11.245,2.045,-9.37));
#20505=CARTESIAN_POINT('',(-11.245,1.695,-9.37));
#20506=CARTESIAN_POINT('',(-11.395,1.695,-9.52));
#20507=CARTESIAN_POINT('',(-11.395,1.695,-9.52));
#20508=CARTESIAN_POINT('',(-11.395,1.695,-9.52));
#20509=CARTESIAN_POINT('',(-7.9,0.,-9.52));
#20510=CARTESIAN_POINT('',(-11.695,2.045,-9.52));
#20511=CARTESIAN_POINT('',(-11.245,1.695,-9.52));
#20512=CARTESIAN_POINT('',(-7.9,0.,-9.15));
#20513=CARTESIAN_POINT('',(-15.01,6.43,-9.15));
#20514=CARTESIAN_POINT('',(-15.01,6.43,-9.15));
#20515=CARTESIAN_POINT('',(-15.01,6.93,-9.15));
#20516=CARTESIAN_POINT('',(-15.01,6.93,-9.15));
#20517=CARTESIAN_POINT('',(-14.51,6.93,-9.15));
#20518=CARTESIAN_POINT('',(-14.51,6.93,-9.15));
#20519=CARTESIAN_POINT('',(-14.51,6.43,-9.15));
#20520=CARTESIAN_POINT('',(-14.51,6.43,-9.15));
#20521=CARTESIAN_POINT('',(16.,4.64821089471093,-5.79103186213372));
#20522=CARTESIAN_POINT('',(15.9044518176925,4.31135887675911,-5.88606195211466));
#20523=CARTESIAN_POINT('',(15.7544518176925,4.31135887675911,-5.88606195211466));
#20524=CARTESIAN_POINT('',(15.7544518176925,4.64821089471093,-5.79103186213372));
#20525=CARTESIAN_POINT('',(15.7544518176925,4.64821089471093,-6.14103186213372));
#20526=CARTESIAN_POINT('',(16.,4.64821089471093,-6.14103186213372));
#20527=CARTESIAN_POINT('',(8.1,4.64821089471093,-6.14103186213372));
#20528=CARTESIAN_POINT('',(15.7544518176925,4.64821089471093,-6.14103186213372));
#20529=CARTESIAN_POINT('',(15.7544518176925,7.39537188988308,-6.14103186213372));
#20530=CARTESIAN_POINT('',(-9.61049415839357,7.39537188988308,-6.14103186213372));
#20531=CARTESIAN_POINT('',(-15.7544518176925,7.39537188988308,-6.14103186213372));
#20532=CARTESIAN_POINT('',(-15.7544518176925,4.64821089471093,-6.14103186213372));
#20533=CARTESIAN_POINT('',(-15.7544518176925,4.64821089471093,-6.14103186213372));
#20534=CARTESIAN_POINT('',(-16.,4.64821089471093,-6.14103186213372));
#20535=CARTESIAN_POINT('',(-16.,4.64821089471093,-5.79103186213372));
#20536=CARTESIAN_POINT('',(-15.9044518176925,4.31135887675911,-5.88606195211466));
#20537=CARTESIAN_POINT('',(-15.7544518176925,4.31135887675911,-5.88606195211466));
#20538=CARTESIAN_POINT('',(-15.7544518176925,4.64821089471093,-5.79103186213372));
#20539=CARTESIAN_POINT('',(-8.2,0.609999999999998,-9.5525));
#20540=CARTESIAN_POINT('',(-16.1,0.609999999999998,-9.5525));
#20541=CARTESIAN_POINT('',(-16.1,1.00749999999999,-9.95));
#20542=CARTESIAN_POINT('',(-16.1,0.609999999999998,-9.5525));
#20543=CARTESIAN_POINT('',(-8.2,1.0075,-9.95));
#20544=CARTESIAN_POINT('',(-15.9,1.0075,-9.95));
#20545=CARTESIAN_POINT('',(-15.9,0.733749999999997,-9.67625));
#20546=CARTESIAN_POINT('',(-15.9,0.609999999999998,-9.5525));
#20547=CARTESIAN_POINT('',(-8.,0.609999999999998,-9.5525));
#20548=CARTESIAN_POINT('',(0.,0.,-9.95));
#20549=CARTESIAN_POINT('',(-16.1,1.61,-9.95));
#20550=CARTESIAN_POINT('',(-16.1,1.2125,-9.95));
#20551=CARTESIAN_POINT('',(-8.,1.2125,-9.95));
#20552=CARTESIAN_POINT('',(-15.9,1.2125,-9.95));
#20553=CARTESIAN_POINT('',(-15.9,0.609999999999998,-9.95));
#20554=CARTESIAN_POINT('',(-8.,1.61,-9.5525));
#20555=CARTESIAN_POINT('',(-15.9,0.986249999999998,-10.17625));
#20556=CARTESIAN_POINT('',(-15.9,1.61,-9.5525));
#20557=CARTESIAN_POINT('',(-16.1,1.61,-9.5525));
#20558=CARTESIAN_POINT('',(-16.1,1.61,-9.5525));
#20559=CARTESIAN_POINT('',(-8.2,1.61,-9.5525));
#20560=CARTESIAN_POINT('',(-16.,3.78335691966467,-6.18955697933427));
#20561=CARTESIAN_POINT('',(-16.1,3.78335691966467,-6.18955697933427));
#20562=CARTESIAN_POINT('',(-16.1,3.47986189244506,-6.18955697933427));
#20563=CARTESIAN_POINT('',(-16.1,3.78335691966467,-5.88606195211466));
#20564=CARTESIAN_POINT('',(-16.,3.78335692066467,-5.88606195211466));
#20565=CARTESIAN_POINT('',(-15.7544518176925,3.78335691966467,-5.88606195211466));
#20566=CARTESIAN_POINT('',(-15.7544518176925,3.78335691966467,-6.18955697933427));
#20567=CARTESIAN_POINT('',(-15.7544518176925,3.47986189244506,-6.18955697933427));
#20568=CARTESIAN_POINT('',(-16.,3.47986189244506,-6.18955697933427));
#20569=CARTESIAN_POINT('',(-16.,3.78335692066467,-5.88606195211466));
#20570=CARTESIAN_POINT('',(-16.1,7.85,-5.88606195211466));
#20571=CARTESIAN_POINT('',(-16.1,4.10154839450885,-5.88606195211466));
#20572=CARTESIAN_POINT('',(-16.,4.10154839450885,-5.88606195211466));
#20573=CARTESIAN_POINT('',(-15.7544518176925,3.78335691966467,-5.88606195211466));
#20574=CARTESIAN_POINT('',(-16.,4.10154839450885,-0.997319707864326));
#20575=CARTESIAN_POINT('',(-16.1,4.10154839450885,-0.997319707864326));
#20576=CARTESIAN_POINT('',(-16.1,4.10154839450885,-0.997319707864326));
#20577=CARTESIAN_POINT('',(-16.,4.10154839450885,-0.997319707864326));
#20578=CARTESIAN_POINT('',(-16.,4.10154839450885,-0.997319707864326));
#20579=CARTESIAN_POINT('',(-16.1,7.85,-0.997319707864326));
#20580=CARTESIAN_POINT('',(-16.1,3.72986189244506,-0.997319707864326));
#20581=CARTESIAN_POINT('',(-16.,3.72986189244506,-0.997319707864326));
#20582=CARTESIAN_POINT('',(-16.,3.72986189244506,-0.747319707864326));
#20583=CARTESIAN_POINT('',(-16.1,3.72986189244506,-0.747319707864326));
#20584=CARTESIAN_POINT('',(-16.1,3.47986189244506,-0.747319707864326));
#20585=CARTESIAN_POINT('',(-16.,3.47986189244506,-0.747319707864326));
#20586=CARTESIAN_POINT('',(-16.,3.47986189244506,-0.747319707864326));
#20587=CARTESIAN_POINT('',(-16.1,3.47986189244506,-6.55));
#20588=CARTESIAN_POINT('',(-16.1,3.47986189244506,-0.54384324642263));
#20589=CARTESIAN_POINT('',(-16.,3.47986189244506,-0.54384324642263));
#20590=CARTESIAN_POINT('',(-16.,3.72986189244506,-0.54384324642263));
#20591=CARTESIAN_POINT('',(-16.1,3.72986189244506,-0.54384324642263));
#20592=CARTESIAN_POINT('',(-16.1,3.72986189244506,-0.29384324642263));
#20593=CARTESIAN_POINT('',(-16.,3.72986189244506,-0.29384324642263));
#20594=CARTESIAN_POINT('',(-16.,3.72986189244506,-0.29384324642263));
#20595=CARTESIAN_POINT('',(-16.1,7.85,-0.293843246422629));
#20596=CARTESIAN_POINT('',(-16.1,7.,-0.293843246422629));
#20597=CARTESIAN_POINT('',(-16.1,7.,-0.293843246422629));
#20598=CARTESIAN_POINT('',(-16.,7.,0.206156753577371));
#20599=CARTESIAN_POINT('',(-15.798679434039,7.5,0.206156753577371));
#20600=CARTESIAN_POINT('',(-16.1,7.5,0.206156753577371));
#20601=CARTESIAN_POINT('',(-16.1,7.,0.206156753577371));
#20602=CARTESIAN_POINT('',(-15.798679434039,7.5,-0.293843246422629));
#20603=CARTESIAN_POINT('',(-15.798679434039,7.5,5.69679900344364));
#20604=CARTESIAN_POINT('',(-16.1,7.5,5.69679900344364));
#20605=CARTESIAN_POINT('',(-16.1,7.5,-6.55));
#20606=CARTESIAN_POINT('',(-15.798679434039,7.00064224986627,5.69679900344364));
#20607=CARTESIAN_POINT('',(-15.798679434039,7.00064224886627,6.19615675357737));
#20608=CARTESIAN_POINT('',(-16.1,7.00064224886627,6.19615675357737));
#20609=CARTESIAN_POINT('',(-16.1,7.00064224986627,5.69679900344364));
#20610=CARTESIAN_POINT('',(-15.798679434039,7.00064224886627,6.19615675357737));
#20611=CARTESIAN_POINT('',(-16.1,7.00064224886627,6.19615675357737));
#20612=CARTESIAN_POINT('',(-16.1,-7.64875,6.19615675357737));
#20613=CARTESIAN_POINT('',(-15.89875,-7.64875,6.19615675357737));
#20614=CARTESIAN_POINT('',(-15.89875,-7.64875,-6.55));
#20615=CARTESIAN_POINT('',(-15.89875,-7.64875,-6.34875));
#20616=CARTESIAN_POINT('',(-15.89875,-7.85,-6.34875));
#20617=CARTESIAN_POINT('',(-15.89875,-7.85,0.));
#20618=CARTESIAN_POINT('',(-16.1,-7.64875,-6.55));
#20619=CARTESIAN_POINT('',(0.,-7.85,0.));
#20620=CARTESIAN_POINT('',(0.,-7.85,-6.34875));
#20621=CARTESIAN_POINT('',(15.89875,-7.85,-6.34875));
#20622=CARTESIAN_POINT('',(15.89875,-7.85,-8.67361737988404E-16));
#20623=CARTESIAN_POINT('',(15.798679434039,7.00064224986627,5.69679900344364));
#20624=CARTESIAN_POINT('',(15.798679434039,7.5,5.69679900344364));
#20625=CARTESIAN_POINT('',(16.1,7.5,5.69679900344364));
#20626=CARTESIAN_POINT('',(15.798679434039,7.00064224886627,6.19615675357737));
#20627=CARTESIAN_POINT('',(16.1,7.00064224886627,6.19615675357737));
#20628=CARTESIAN_POINT('',(16.1,7.00064224986627,5.69679900344364));
#20629=CARTESIAN_POINT('',(15.798679434039,7.5,-0.29384324642263));
#20630=CARTESIAN_POINT('',(15.798679434039,7.5,0.20615675357737));
#20631=CARTESIAN_POINT('',(16.1,7.5,0.20615675357737));
#20632=CARTESIAN_POINT('',(16.1,7.5,-0.29384324642263));
#20633=CARTESIAN_POINT('',(16.,7.,0.20615675357737));
#20634=CARTESIAN_POINT('',(16.1,7.,-0.29384324642263));
#20635=CARTESIAN_POINT('',(16.1,7.,-0.29384324642263));
#20636=CARTESIAN_POINT('',(16.1,7.,0.20615675357737));
#20637=CARTESIAN_POINT('',(16.,3.72986189244506,-0.293843246422631));
#20638=CARTESIAN_POINT('',(16.1,3.72986189244506,-0.293843246422631));
#20639=CARTESIAN_POINT('',(16.1,3.72986189244506,-0.293843246422631));
#20640=CARTESIAN_POINT('',(16.,3.72986189244506,-0.293843246422631));
#20641=CARTESIAN_POINT('',(16.,3.72986189244506,-0.543843246422631));
#20642=CARTESIAN_POINT('',(16.1,3.72986189244506,-0.543843246422631));
#20643=CARTESIAN_POINT('',(16.1,3.47986189244506,-0.543843246422631));
#20644=CARTESIAN_POINT('',(16.,3.47986189244506,-0.543843246422631));
#20645=CARTESIAN_POINT('',(16.,3.47986189244506,-0.747319707864326));
#20646=CARTESIAN_POINT('',(16.1,3.47986189244506,-0.747319707864326));
#20647=CARTESIAN_POINT('',(16.1,3.47986189244506,-0.747319707864326));
#20648=CARTESIAN_POINT('',(16.,3.47986189244506,-0.747319707864326));
#20649=CARTESIAN_POINT('',(16.,3.72986189244506,-0.747319707864326));
#20650=CARTESIAN_POINT('',(16.1,3.72986189244506,-0.747319707864326));
#20651=CARTESIAN_POINT('',(16.1,3.72986189244506,-0.997319707864327));
#20652=CARTESIAN_POINT('',(16.,3.72986189244506,-0.997319707864327));
#20653=CARTESIAN_POINT('',(16.,4.10154839450885,-0.997319707864327));
#20654=CARTESIAN_POINT('',(16.1,4.10154839450885,-0.997319707864327));
#20655=CARTESIAN_POINT('',(16.1,4.10154839450885,-0.997319707864327));
#20656=CARTESIAN_POINT('',(16.,4.10154839450885,-0.997319707864327));
#20657=CARTESIAN_POINT('',(16.,4.10154839450885,-0.997319707864327));
#20658=CARTESIAN_POINT('',(16.,4.10154839450885,-5.88606195211466));
#20659=CARTESIAN_POINT('',(16.1,4.10154839450885,-5.88606195211466));
#20660=CARTESIAN_POINT('',(16.1,4.10154839450885,-0.997319707864327));
#20661=CARTESIAN_POINT('',(16.,3.78335692066467,-5.88606195211466));
#20662=CARTESIAN_POINT('',(16.1,3.78335692066467,-5.88606195211466));
#20663=CARTESIAN_POINT('',(16.1,3.78335692066467,-5.88606195211466));
#20664=CARTESIAN_POINT('',(16.,3.78335692066467,-5.88606195211466));
#20665=CARTESIAN_POINT('',(15.7544518176925,3.78335691966467,-5.88606195211466));
#20666=CARTESIAN_POINT('',(15.7544518176925,3.78335691966467,-5.88606195211466));
#20667=CARTESIAN_POINT('',(16.,3.78335691966467,-6.18955697933427));
#20668=CARTESIAN_POINT('',(16.1,3.78335691966467,-6.18955697933427));
#20669=CARTESIAN_POINT('',(16.1,3.47986189244506,-6.18955697933427));
#20670=CARTESIAN_POINT('',(16.,3.47986189244506,-6.18955697933427));
#20671=CARTESIAN_POINT('',(15.7544518176925,3.47986189244506,-6.18955697933427));
#20672=CARTESIAN_POINT('',(15.7544518176925,3.78335691966467,-6.18955697933427));
#20673=CARTESIAN_POINT('',(7.9,1.2125,-9.95));
#20674=CARTESIAN_POINT('',(15.9,1.2125,-9.95));
#20675=CARTESIAN_POINT('',(15.9,1.61,-9.5525));
#20676=CARTESIAN_POINT('',(15.9,1.2125,-9.95));
#20677=CARTESIAN_POINT('',(7.9,1.61,-9.5525));
#20678=CARTESIAN_POINT('',(16.1,1.61,-9.5525));
#20679=CARTESIAN_POINT('',(16.1,1.2125,-9.95));
#20680=CARTESIAN_POINT('',(16.1,1.2125,-9.95));
#20681=CARTESIAN_POINT('',(7.9,1.2125,-9.95));
#20682=CARTESIAN_POINT('',(7.9,9.3047607172478E-17,-9.95));
#20683=CARTESIAN_POINT('',(16.1,1.61,-9.95));
#20684=CARTESIAN_POINT('',(16.1,1.0075,-9.95));
#20685=CARTESIAN_POINT('',(7.9,1.0075,-9.95));
#20686=CARTESIAN_POINT('',(15.9,1.0075,-9.95));
#20687=CARTESIAN_POINT('',(15.9,0.610000000000001,-9.95));
#20688=CARTESIAN_POINT('',(7.9,1.0075,-9.95));
#20689=CARTESIAN_POINT('',(16.1,1.0075,-9.95));
#20690=CARTESIAN_POINT('',(16.1,0.610000000000001,-9.5525));
#20691=CARTESIAN_POINT('',(7.9,0.610000000000001,-9.5525));
#20692=CARTESIAN_POINT('',(15.9,0.610000000000001,-9.5525));
#20693=CARTESIAN_POINT('',(15.9,1.0075,-9.95));
#20694=CARTESIAN_POINT('',(15.89875,-7.64875,6.55));
#20695=CARTESIAN_POINT('',(15.89875,-7.64875,-6.34875));
#20696=CARTESIAN_POINT('',(16.1,-7.64875,6.55));
#20697=CARTESIAN_POINT('',(16.1,-7.64875,6.19615675357737));
#20698=CARTESIAN_POINT('',(15.89875,-7.64875,6.19615675357737));
#20699=CARTESIAN_POINT('',(15.798679434039,7.00064224886627,6.19615675357737));
#20700=CARTESIAN_POINT('',(16.1,7.00064224886627,6.19615675357737));
#20701=CARTESIAN_POINT('',(14.25,-2.45,-7.35));
#20702=CARTESIAN_POINT('',(14.25,-2.45,-7.35));
#20703=CARTESIAN_POINT('',(14.5,-3.97970585407784,-7.35));
#20704=CARTESIAN_POINT('',(14.,-3.97970585407784,-7.35));
#20705=CARTESIAN_POINT('',(14.5,-4.5,-7.35));
#20706=CARTESIAN_POINT('',(14.5,-4.53,-7.35));
#20707=CARTESIAN_POINT('',(14.,-4.53,-7.35));
#20708=CARTESIAN_POINT('',(14.,-4.53,-7.35));
#20709=CARTESIAN_POINT('',(14.,-3.97970585407784,-7.35));
#20710=CARTESIAN_POINT('',(14.25,-2.45,-7.35));
#20711=CARTESIAN_POINT('',(14.5,5.76,-7.35));
#20712=CARTESIAN_POINT('',(14.5,5.76,-7.35));
#20713=CARTESIAN_POINT('',(14.,5.76,-7.35));
#20714=CARTESIAN_POINT('',(14.5,-0.920294145922164,-7.35));
#20715=CARTESIAN_POINT('',(14.5,-0.920294145922164,-7.35));
#20716=CARTESIAN_POINT('',(14.25,-2.45,-7.35));
#20717=CARTESIAN_POINT('',(14.,-0.920294145922163,-7.35));
#20718=CARTESIAN_POINT('',(14.,4.5,-7.35));
#20719=CARTESIAN_POINT('',(14.25,-2.45,-9.65));
#20720=CARTESIAN_POINT('',(14.25,-2.45,-9.65));
#20721=CARTESIAN_POINT('',(15.65,-1.78479326521746,-9.65000000000001));
#20722=CARTESIAN_POINT('',(12.85,-1.7847932652175,-9.65));
#20723=CARTESIAN_POINT('',(15.65,-1.78479326521747,-9.64999999999999));
#20724=CARTESIAN_POINT('',(15.65,-1.99583404725909,-9.74057145130829));
#20725=CARTESIAN_POINT('',(15.65,-2.45106774957751,-9.85973762947669));
#20726=CARTESIAN_POINT('',(15.65,-2.90560899689248,-9.73995214634814));
#20727=CARTESIAN_POINT('',(15.65,-3.1152067347825,-9.65));
#20728=CARTESIAN_POINT('',(15.65,-3.1152067347825,-9.65));
#20729=CARTESIAN_POINT('',(14.25,-2.45,-9.65));
#20730=CARTESIAN_POINT('',(12.85,-3.11520673478254,-9.65000000000001));
#20731=CARTESIAN_POINT('',(12.85,-3.11520673478253,-9.64999999999999));
#20732=CARTESIAN_POINT('',(12.85,-2.90416595274091,-9.74057145130828));
#20733=CARTESIAN_POINT('',(12.85,-2.4489322504225,-9.85973762947669));
#20734=CARTESIAN_POINT('',(12.85,-1.99439100310752,-9.73995214634814));
#20735=CARTESIAN_POINT('',(12.85,-1.7847932652175,-9.65));
#20736=CARTESIAN_POINT('',(-14.25,-2.45,-7.35));
#20737=CARTESIAN_POINT('',(-14.5,-0.920294145922164,-7.35));
#20738=CARTESIAN_POINT('',(-14.5,5.76,-7.35));
#20739=CARTESIAN_POINT('',(-14.5,-0.920294145922164,-7.35));
#20740=CARTESIAN_POINT('',(-14.5,5.76,-7.35));
#20741=CARTESIAN_POINT('',(-14.,5.76,-7.35));
#20742=CARTESIAN_POINT('',(-14.,4.5,-7.35));
#20743=CARTESIAN_POINT('',(-14.,-0.920294145922164,-7.35));
#20744=CARTESIAN_POINT('',(-14.25,-2.45,-7.35));
#20745=CARTESIAN_POINT('',(-14.25,-2.45,-7.35));
#20746=CARTESIAN_POINT('',(-14.,-3.97970585407784,-7.35));
#20747=CARTESIAN_POINT('',(-14.,-4.53,-7.35));
#20748=CARTESIAN_POINT('',(-14.,-3.97970585407784,-7.35));
#20749=CARTESIAN_POINT('',(-14.,-4.53,-7.35));
#20750=CARTESIAN_POINT('',(-14.5,-4.53,-7.35));
#20751=CARTESIAN_POINT('',(-14.5,-4.5,-7.35));
#20752=CARTESIAN_POINT('',(-14.5,-3.97970585407784,-7.35));
#20753=CARTESIAN_POINT('',(-14.25,-2.45,-7.35));
#20754=CARTESIAN_POINT('',(-14.25,-2.45,-10.15));
#20755=CARTESIAN_POINT('',(-15.65,-1.78479326521749,-9.65));
#20756=CARTESIAN_POINT('',(-15.65,-1.99583404725911,-9.74057145130829));
#20757=CARTESIAN_POINT('',(-15.65,-2.45106774957752,-9.85973762947669));
#20758=CARTESIAN_POINT('',(-15.65,-2.90560899689249,-9.73995214634814));
#20759=CARTESIAN_POINT('',(-15.65,-3.1152067347825,-9.65));
#20760=CARTESIAN_POINT('',(-15.65,-1.78479326521749,-9.65));
#20761=CARTESIAN_POINT('',(-15.65,-3.1152067347825,-9.65));
#20762=CARTESIAN_POINT('',(-14.25,-2.45,-9.65));
#20763=CARTESIAN_POINT('',(-12.85,-1.7847932652175,-9.65));
#20764=CARTESIAN_POINT('',(-12.85,-3.1152067347825,-9.65));
#20765=CARTESIAN_POINT('',(-12.85,-2.90416595274089,-9.74057145130829));
#20766=CARTESIAN_POINT('',(-12.85,-2.44893225042248,-9.85973762947669));
#20767=CARTESIAN_POINT('',(-12.85,-1.99439100310751,-9.73995214634814));
#20768=CARTESIAN_POINT('',(-12.85,-1.7847932652175,-9.65));
#20769=CARTESIAN_POINT('',(-12.85,-3.1152067347825,-9.65));
#20770=CARTESIAN_POINT('',(-14.25,-2.45,-9.65));
#20771=CARTESIAN_POINT('',(-7.9,0.,-9.15));
#20772=CARTESIAN_POINT('',(-3.58,6.43,-9.15));
#20773=CARTESIAN_POINT('',(-3.58,6.43,-9.15));
#20774=CARTESIAN_POINT('',(-3.08,6.43,-9.15));
#20775=CARTESIAN_POINT('',(-3.58,6.93,-9.15));
#20776=CARTESIAN_POINT('',(-3.58,6.93,-9.15));
#20777=CARTESIAN_POINT('',(-3.08,6.93,-9.15));
#20778=CARTESIAN_POINT('',(-3.08,6.93,-9.15));
#20779=CARTESIAN_POINT('',(-3.08,6.43,-9.15));
#20780=CARTESIAN_POINT('',(-7.9,0.,-9.15));
#20781=CARTESIAN_POINT('',(-1.29,6.93,-9.15));
#20782=CARTESIAN_POINT('',(-1.29,6.93,-9.15));
#20783=CARTESIAN_POINT('',(-1.29,6.43,-9.15));
#20784=CARTESIAN_POINT('',(-0.789999999999999,6.93,-9.15));
#20785=CARTESIAN_POINT('',(-0.789999999999999,6.93,-9.15));
#20786=CARTESIAN_POINT('',(-0.789999999999999,6.43,-9.15));
#20787=CARTESIAN_POINT('',(-0.789999999999999,6.43,-9.15));
#20788=CARTESIAN_POINT('',(-1.29,6.43,-9.15));
#20789=CARTESIAN_POINT('',(-7.9,0.,-9.15));
#20790=CARTESIAN_POINT('',(-12.22,6.43,-9.15));
#20791=CARTESIAN_POINT('',(-12.22,6.43,-9.15));
#20792=CARTESIAN_POINT('',(-12.72,6.43,-9.15));
#20793=CARTESIAN_POINT('',(-12.72,6.68,-9.15));
#20794=CARTESIAN_POINT('',(-12.72,6.93,-9.15));
#20795=CARTESIAN_POINT('',(-12.72,6.93,-9.15));
#20796=CARTESIAN_POINT('',(-12.22,6.93,-9.15));
#20797=CARTESIAN_POINT('',(-12.22,6.93,-9.15));
#20798=CARTESIAN_POINT('',(-10.525,0.,-9.52));
#20799=CARTESIAN_POINT('',(-10.525,-0.0849999999999988,-9.52));
#20800=CARTESIAN_POINT('',(-10.675,-0.0849999999999987,-9.37));
#20801=CARTESIAN_POINT('',(-10.525,-0.0849999999999988,-9.52));
#20802=CARTESIAN_POINT('',(-10.675,-0.0849999999999987,-9.37));
#20803=CARTESIAN_POINT('',(-10.675,0.265000000000001,-9.37));
#20804=CARTESIAN_POINT('',(-10.525,0.265000000000001,-9.52));
#20805=CARTESIAN_POINT('',(-10.525,0.265000000000001,-9.52));
#20806=CARTESIAN_POINT('',(-10.525,0.265000000000001,-9.52));
#20807=CARTESIAN_POINT('',(-10.375,0.,-9.52));
#20808=CARTESIAN_POINT('',(-10.375,0.265000000000001,-9.52));
#20809=CARTESIAN_POINT('',(-10.225,0.265000000000001,-9.37));
#20810=CARTESIAN_POINT('',(-10.375,0.265000000000001,-9.52));
#20811=CARTESIAN_POINT('',(-10.225,0.265000000000001,-9.37));
#20812=CARTESIAN_POINT('',(-10.225,-0.0849999999999989,-9.37));
#20813=CARTESIAN_POINT('',(-10.375,-0.0849999999999989,-9.52));
#20814=CARTESIAN_POINT('',(-10.375,-0.0849999999999989,-9.52));
#20815=CARTESIAN_POINT('',(-10.375,-0.0849999999999989,-9.52));
#20816=CARTESIAN_POINT('',(-7.9,0.,-9.52));
#20817=CARTESIAN_POINT('',(-10.675,0.265000000000001,-9.52));
#20818=CARTESIAN_POINT('',(-10.225,-0.0849999999999989,-9.52));
#20819=CARTESIAN_POINT('',(-4.405,0.,-9.52));
#20820=CARTESIAN_POINT('',(-4.405,-0.0849999999999988,-9.52));
#20821=CARTESIAN_POINT('',(-4.555,-0.0849999999999987,-9.37));
#20822=CARTESIAN_POINT('',(-4.405,-0.0849999999999988,-9.52));
#20823=CARTESIAN_POINT('',(-4.555,-0.0849999999999987,-9.37));
#20824=CARTESIAN_POINT('',(-4.555,0.265000000000001,-9.37));
#20825=CARTESIAN_POINT('',(-4.405,0.265000000000001,-9.52));
#20826=CARTESIAN_POINT('',(-4.405,0.265000000000001,-9.52));
#20827=CARTESIAN_POINT('',(-4.405,0.265000000000001,-9.52));
#20828=CARTESIAN_POINT('',(-4.255,0.,-9.52));
#20829=CARTESIAN_POINT('',(-4.255,0.265000000000001,-9.52));
#20830=CARTESIAN_POINT('',(-4.105,0.265000000000001,-9.37));
#20831=CARTESIAN_POINT('',(-4.255,0.265000000000001,-9.52));
#20832=CARTESIAN_POINT('',(-4.105,0.265000000000001,-9.37));
#20833=CARTESIAN_POINT('',(-4.105,-0.0849999999999989,-9.37));
#20834=CARTESIAN_POINT('',(-4.255,-0.0849999999999989,-9.52));
#20835=CARTESIAN_POINT('',(-4.255,-0.0849999999999989,-9.52));
#20836=CARTESIAN_POINT('',(-4.255,-0.0849999999999989,-9.52));
#20837=CARTESIAN_POINT('',(-7.9,0.,-9.52));
#20838=CARTESIAN_POINT('',(-4.555,0.265000000000001,-9.52));
#20839=CARTESIAN_POINT('',(-4.105,-0.0849999999999989,-9.52));
#20840=CARTESIAN_POINT('',(-9.505,0.,-9.52));
#20841=CARTESIAN_POINT('',(-9.505,1.695,-9.52));
#20842=CARTESIAN_POINT('',(-9.655,1.695,-9.37));
#20843=CARTESIAN_POINT('',(-9.505,1.695,-9.52));
#20844=CARTESIAN_POINT('',(-9.655,1.695,-9.37));
#20845=CARTESIAN_POINT('',(-9.655,2.045,-9.37));
#20846=CARTESIAN_POINT('',(-9.505,2.045,-9.52));
#20847=CARTESIAN_POINT('',(-9.505,2.045,-9.52));
#20848=CARTESIAN_POINT('',(-9.505,2.045,-9.52));
#20849=CARTESIAN_POINT('',(-9.355,0.,-9.52));
#20850=CARTESIAN_POINT('',(-9.355,2.045,-9.52));
#20851=CARTESIAN_POINT('',(-9.205,2.045,-9.37));
#20852=CARTESIAN_POINT('',(-9.355,2.045,-9.52));
#20853=CARTESIAN_POINT('',(-9.205,2.045,-9.37));
#20854=CARTESIAN_POINT('',(-9.205,1.695,-9.37));
#20855=CARTESIAN_POINT('',(-9.355,1.695,-9.52));
#20856=CARTESIAN_POINT('',(-9.355,1.695,-9.52));
#20857=CARTESIAN_POINT('',(-9.355,1.695,-9.52));
#20858=CARTESIAN_POINT('',(-7.9,0.,-9.52));
#20859=CARTESIAN_POINT('',(-9.655,2.045,-9.52));
#20860=CARTESIAN_POINT('',(-9.205,1.695,-9.52));
#20861=CARTESIAN_POINT('',(-5.425,0.,-9.52));
#20862=CARTESIAN_POINT('',(-5.425,1.695,-9.52));
#20863=CARTESIAN_POINT('',(-5.575,1.695,-9.37));
#20864=CARTESIAN_POINT('',(-5.425,1.695,-9.52));
#20865=CARTESIAN_POINT('',(-5.575,1.695,-9.37));
#20866=CARTESIAN_POINT('',(-5.575,2.045,-9.37));
#20867=CARTESIAN_POINT('',(-5.425,2.045,-9.52));
#20868=CARTESIAN_POINT('',(-5.425,2.045,-9.52));
#20869=CARTESIAN_POINT('',(-5.425,2.045,-9.52));
#20870=CARTESIAN_POINT('',(-5.275,0.,-9.52));
#20871=CARTESIAN_POINT('',(-5.275,2.045,-9.52));
#20872=CARTESIAN_POINT('',(-5.125,2.045,-9.37));
#20873=CARTESIAN_POINT('',(-5.275,2.045,-9.52));
#20874=CARTESIAN_POINT('',(-5.125,2.045,-9.37));
#20875=CARTESIAN_POINT('',(-5.125,1.695,-9.37));
#20876=CARTESIAN_POINT('',(-5.275,1.695,-9.52));
#20877=CARTESIAN_POINT('',(-5.275,1.695,-9.52));
#20878=CARTESIAN_POINT('',(-5.275,1.695,-9.52));
#20879=CARTESIAN_POINT('',(-7.9,0.,-9.52));
#20880=CARTESIAN_POINT('',(-5.575,2.045,-9.52));
#20881=CARTESIAN_POINT('',(-5.125,1.695,-9.52));
#20882=CARTESIAN_POINT('',(7.9,0.,-9.15));
#20883=CARTESIAN_POINT('',(12.22,6.43,-9.15));
#20884=CARTESIAN_POINT('',(12.22,6.43,-9.15));
#20885=CARTESIAN_POINT('',(12.72,6.43,-9.15));
#20886=CARTESIAN_POINT('',(12.22,6.93,-9.15));
#20887=CARTESIAN_POINT('',(12.22,6.93,-9.15));
#20888=CARTESIAN_POINT('',(12.72,6.93,-9.15));
#20889=CARTESIAN_POINT('',(12.72,6.93,-9.15));
#20890=CARTESIAN_POINT('',(12.72,6.43,-9.15));
#20891=CARTESIAN_POINT('',(1.29,6.43,-9.15));
#20892=CARTESIAN_POINT('',(0.790000000000001,6.43,-9.15));
#20893=CARTESIAN_POINT('',(1.29,6.43,-9.15));
#20894=CARTESIAN_POINT('',(0.790000000000001,6.43,-9.15));
#20895=CARTESIAN_POINT('',(0.790000000000001,6.93,-9.15));
#20896=CARTESIAN_POINT('',(0.790000000000001,6.93,-9.15));
#20897=CARTESIAN_POINT('',(1.29,6.93,-9.15));
#20898=CARTESIAN_POINT('',(1.29,6.68,-9.15));
#20899=CARTESIAN_POINT('',(-7.615,1.695,-9.52));
#20900=CARTESIAN_POINT('',(-7.615,2.045,-9.52));
#20901=CARTESIAN_POINT('',(-7.615,1.695,-9.52));
#20902=CARTESIAN_POINT('',(-7.615,2.045,-9.52));
#20903=CARTESIAN_POINT('',(-7.165,2.045,-9.52));
#20904=CARTESIAN_POINT('',(-7.165,2.045,-9.52));
#20905=CARTESIAN_POINT('',(-7.165,1.695,-9.52));
#20906=CARTESIAN_POINT('',(-7.165,1.695,-9.52));
#20907=CARTESIAN_POINT('',(-6.595,-0.0849999999999987,-9.52));
#20908=CARTESIAN_POINT('',(-6.595,0.265000000000001,-9.52));
#20909=CARTESIAN_POINT('',(-6.595,-0.0849999999999987,-9.52));
#20910=CARTESIAN_POINT('',(-6.595,0.265000000000001,-9.52));
#20911=CARTESIAN_POINT('',(-6.145,0.265000000000001,-9.52));
#20912=CARTESIAN_POINT('',(-6.145,0.265000000000001,-9.52));
#20913=CARTESIAN_POINT('',(-6.145,-0.0849999999999989,-9.52));
#20914=CARTESIAN_POINT('',(-6.145,-0.0849999999999989,-9.52));
#20915=CARTESIAN_POINT('',(-8.635,0.0900000000000011,-9.52));
#20916=CARTESIAN_POINT('',(-8.635,0.265000000000001,-9.52));
#20917=CARTESIAN_POINT('',(-8.635,-0.0849999999999987,-9.52));
#20918=CARTESIAN_POINT('',(-8.635,0.265000000000001,-9.52));
#20919=CARTESIAN_POINT('',(-8.185,0.265000000000001,-9.52));
#20920=CARTESIAN_POINT('',(-8.185,0.0900000000000011,-9.52));
#20921=CARTESIAN_POINT('',(-8.185,-0.0849999999999989,-9.52));
#20922=CARTESIAN_POINT('',(-8.185,-0.0849999999999989,-9.52));
#20923=CARTESIAN_POINT('',(-11.695,1.695,-9.52));
#20924=CARTESIAN_POINT('',(-11.695,2.045,-9.52));
#20925=CARTESIAN_POINT('',(-11.695,1.695,-9.52));
#20926=CARTESIAN_POINT('',(-11.695,2.045,-9.52));
#20927=CARTESIAN_POINT('',(-11.245,2.045,-9.52));
#20928=CARTESIAN_POINT('',(-11.245,1.87,-9.52));
#20929=CARTESIAN_POINT('',(-11.245,1.695,-9.52));
#20930=CARTESIAN_POINT('',(-11.245,1.695,-9.52));
#20931=CARTESIAN_POINT('',(-15.01,6.43,-9.15));
#20932=CARTESIAN_POINT('',(-15.01,6.93,-9.15));
#20933=CARTESIAN_POINT('',(-15.01,6.43,-9.15));
#20934=CARTESIAN_POINT('',(-15.01,6.93,-9.15));
#20935=CARTESIAN_POINT('',(-14.51,6.93,-9.15));
#20936=CARTESIAN_POINT('',(-14.51,6.68,-9.15));
#20937=CARTESIAN_POINT('',(-14.51,6.43,-9.15));
#20938=CARTESIAN_POINT('',(-14.51,6.43,-9.15));
#20939=CARTESIAN_POINT('',(16.1,0.610000000000001,-9.8));
#20940=CARTESIAN_POINT('',(15.9,0.610000000000001,-9.8));
#20941=CARTESIAN_POINT('',(16.1,0.610000000000001,-9.8));
#20942=CARTESIAN_POINT('',(15.9,1.11,-9.8));
#20943=CARTESIAN_POINT('',(15.9,1.61,-9.8));
#20944=CARTESIAN_POINT('',(15.9,1.61,-9.8));
#20945=CARTESIAN_POINT('',(16.1,1.61,-9.8));
#20946=CARTESIAN_POINT('',(16.,3.47986189244506,-6.55));
#20947=CARTESIAN_POINT('',(16.1,3.47986189244506,-6.55));
#20948=CARTESIAN_POINT('',(15.7544518176925,3.47986189244506,-6.55));
#20949=CARTESIAN_POINT('',(15.7544518176925,3.78335691966467,-6.18955697933427));
#20950=CARTESIAN_POINT('',(15.7544518176925,7.39537188988308,-6.14103186213372));
#20951=CARTESIAN_POINT('',(-9.61049415839357,7.39537188988308,-6.14103186213372));
#20952=CARTESIAN_POINT('',(-15.7544518176925,7.39537188988308,-6.14103186213372));
#20953=CARTESIAN_POINT('',(-15.7544518176925,3.78335691966467,-6.18955697933427));
#20954=CARTESIAN_POINT('',(-15.7544518176925,3.47986189244506,-6.55));
#20955=CARTESIAN_POINT('',(-16.,3.47986189244506,-6.55));
#20956=CARTESIAN_POINT('',(-16.1,3.47986189244506,-6.55));
#20957=CARTESIAN_POINT('',(-8.,1.61,-9.8));
#20958=CARTESIAN_POINT('',(-15.9,1.61,-9.8));
#20959=CARTESIAN_POINT('',(-16.1,1.61,-9.8));
#20960=CARTESIAN_POINT('',(-15.9,0.609999999999998,-9.8));
#20961=CARTESIAN_POINT('',(-15.9,0.609999999999998,-9.8));
#20962=CARTESIAN_POINT('',(-8.2,0.609999999999998,-9.8));
#20963=CARTESIAN_POINT('',(-16.1,0.609999999999998,-9.8));
#20964=CARTESIAN_POINT('',(-16.1,7.85,-6.55));
#20965=CARTESIAN_POINT('',(8.2,-7.64875,-6.34875));
#20966=CARTESIAN_POINT('',(16.1,7.85,6.55));
#20967=CARTESIAN_POINT('',(14.,4.5,-7.35));
#20968=CARTESIAN_POINT('',(14.,5.76,-7.35));
#20969=CARTESIAN_POINT('',(14.,-0.920294145922163,-7.35));
#20970=CARTESIAN_POINT('',(14.5,5.76,-7.35));
#20971=CARTESIAN_POINT('',(14.5,5.76,-7.35));
#20972=CARTESIAN_POINT('',(14.5,-0.920294145922164,-7.35));
#20973=CARTESIAN_POINT('',(14.5,-0.920294145922164,-7.35));
#20974=CARTESIAN_POINT('',(15.65,-0.597691749303664,-6.55));
#20975=CARTESIAN_POINT('',(15.65,-3.1152067347825,-10.15));
#20976=CARTESIAN_POINT('',(15.65,-1.78479326521749,-10.15));
#20977=CARTESIAN_POINT('',(14.5,-4.5,-7.35));
#20978=CARTESIAN_POINT('',(14.5,-4.53,-7.35));
#20979=CARTESIAN_POINT('',(14.5,-3.97970585407784,-7.35));
#20980=CARTESIAN_POINT('',(14.,-4.53,-7.35));
#20981=CARTESIAN_POINT('',(14.,-4.53,-7.35));
#20982=CARTESIAN_POINT('',(14.,-3.97970585407784,-7.35));
#20983=CARTESIAN_POINT('',(14.,-3.97970585407784,-7.35));
#20984=CARTESIAN_POINT('',(14.25,-2.45,-10.15));
#20985=CARTESIAN_POINT('',(12.85,-3.1152067347825,-10.15));
#20986=CARTESIAN_POINT('',(12.85,-4.30230825069633,-6.55));
#20987=CARTESIAN_POINT('',(12.85,-1.78479326521749,-10.15));
#20988=CARTESIAN_POINT('',(14.25,-2.45,-10.15));
#20989=CARTESIAN_POINT('',(-14.,-3.97970585407784,-7.35));
#20990=CARTESIAN_POINT('',(-14.,-4.53,-7.35));
#20991=CARTESIAN_POINT('',(-14.,-3.97970585407784,-7.35));
#20992=CARTESIAN_POINT('',(-14.,-4.53,-7.35));
#20993=CARTESIAN_POINT('',(-14.5,-4.53,-7.35));
#20994=CARTESIAN_POINT('',(-14.5,-4.5,-7.35));
#20995=CARTESIAN_POINT('',(-14.5,-3.97970585407784,-7.35));
#20996=CARTESIAN_POINT('',(-15.65,-0.597691749303664,-6.55));
#20997=CARTESIAN_POINT('',(-15.65,-3.1152067347825,-10.15));
#20998=CARTESIAN_POINT('',(-15.65,-1.78479326521749,-10.15));
#20999=CARTESIAN_POINT('',(-14.5,-0.920294145922164,-7.35));
#21000=CARTESIAN_POINT('',(-14.5,5.76,-7.35));
#21001=CARTESIAN_POINT('',(-14.5,-0.920294145922164,-7.35));
#21002=CARTESIAN_POINT('',(-14.5,5.76,-7.35));
#21003=CARTESIAN_POINT('',(-14.,5.76,-7.35));
#21004=CARTESIAN_POINT('',(-14.,4.5,-7.35));
#21005=CARTESIAN_POINT('',(-14.,-0.920294145922163,-7.35));
#21006=CARTESIAN_POINT('',(-14.25,-2.45,-10.15));
#21007=CARTESIAN_POINT('',(-12.85,-1.78479326521749,-10.15));
#21008=CARTESIAN_POINT('',(-12.85,-4.30230825069633,-6.55));
#21009=CARTESIAN_POINT('',(-12.85,-3.11520673478251,-10.15));
#21010=CARTESIAN_POINT('',(-14.25,-2.45,-10.15));
#21011=CARTESIAN_POINT('',(-3.58,6.93,-9.15));
#21012=CARTESIAN_POINT('',(-3.58,6.93,-9.15));
#21013=CARTESIAN_POINT('',(-3.58,6.43,-9.15));
#21014=CARTESIAN_POINT('',(-3.08,6.93,-9.15));
#21015=CARTESIAN_POINT('',(-3.08,6.93,-9.15));
#21016=CARTESIAN_POINT('',(-3.08,6.43,-9.15));
#21017=CARTESIAN_POINT('',(-3.08,6.43,-9.15));
#21018=CARTESIAN_POINT('',(-3.58,6.43,-9.15));
#21019=CARTESIAN_POINT('',(-0.789999999999999,6.93,-9.15));
#21020=CARTESIAN_POINT('',(-0.789999999999999,6.93,-9.15));
#21021=CARTESIAN_POINT('',(-1.29,6.93,-9.15));
#21022=CARTESIAN_POINT('',(-0.789999999999999,6.43,-9.15));
#21023=CARTESIAN_POINT('',(-0.789999999999999,6.43,-9.15));
#21024=CARTESIAN_POINT('',(-1.29,6.43,-9.15));
#21025=CARTESIAN_POINT('',(-1.29,6.43,-9.15));
#21026=CARTESIAN_POINT('',(-1.29,6.93,-9.15));
#21027=CARTESIAN_POINT('',(-12.22,6.43,-9.15));
#21028=CARTESIAN_POINT('',(-12.72,6.43,-9.15));
#21029=CARTESIAN_POINT('',(-12.22,6.43,-9.15));
#21030=CARTESIAN_POINT('',(-12.72,6.68,-9.15));
#21031=CARTESIAN_POINT('',(-12.72,6.93,-9.15));
#21032=CARTESIAN_POINT('',(-12.72,6.93,-9.15));
#21033=CARTESIAN_POINT('',(-12.22,6.93,-9.15));
#21034=CARTESIAN_POINT('',(-12.22,6.68,-9.15));
#21035=CARTESIAN_POINT('',(-10.675,-0.0849999999999987,-9.52));
#21036=CARTESIAN_POINT('',(-10.675,0.265000000000001,-9.52));
#21037=CARTESIAN_POINT('',(-10.675,-0.0849999999999987,-9.52));
#21038=CARTESIAN_POINT('',(-10.675,0.265000000000001,-9.52));
#21039=CARTESIAN_POINT('',(-10.225,0.265000000000001,-9.52));
#21040=CARTESIAN_POINT('',(-10.225,0.0900000000000013,-9.52));
#21041=CARTESIAN_POINT('',(-10.225,-0.0849999999999989,-9.52));
#21042=CARTESIAN_POINT('',(-10.225,-0.0849999999999989,-9.52));
#21043=CARTESIAN_POINT('',(-4.555,-0.0849999999999987,-9.52));
#21044=CARTESIAN_POINT('',(-4.555,0.265000000000001,-9.52));
#21045=CARTESIAN_POINT('',(-4.555,-0.0849999999999987,-9.52));
#21046=CARTESIAN_POINT('',(-4.555,0.265000000000001,-9.52));
#21047=CARTESIAN_POINT('',(-4.105,0.265000000000001,-9.52));
#21048=CARTESIAN_POINT('',(-4.105,0.265000000000001,-9.52));
#21049=CARTESIAN_POINT('',(-4.105,-0.0849999999999989,-9.52));
#21050=CARTESIAN_POINT('',(-4.105,-0.0849999999999989,-9.52));
#21051=CARTESIAN_POINT('',(-9.655,1.87,-9.52));
#21052=CARTESIAN_POINT('',(-9.655,2.045,-9.52));
#21053=CARTESIAN_POINT('',(-9.655,1.695,-9.52));
#21054=CARTESIAN_POINT('',(-9.655,2.045,-9.52));
#21055=CARTESIAN_POINT('',(-9.205,2.045,-9.52));
#21056=CARTESIAN_POINT('',(-9.205,1.87,-9.52));
#21057=CARTESIAN_POINT('',(-9.205,1.695,-9.52));
#21058=CARTESIAN_POINT('',(-9.205,1.695,-9.52));
#21059=CARTESIAN_POINT('',(-5.575,1.695,-9.52));
#21060=CARTESIAN_POINT('',(-5.575,2.045,-9.52));
#21061=CARTESIAN_POINT('',(-5.575,1.695,-9.52));
#21062=CARTESIAN_POINT('',(-5.575,2.045,-9.52));
#21063=CARTESIAN_POINT('',(-5.125,2.045,-9.52));
#21064=CARTESIAN_POINT('',(-5.125,2.045,-9.52));
#21065=CARTESIAN_POINT('',(-5.125,1.695,-9.52));
#21066=CARTESIAN_POINT('',(-5.125,1.695,-9.52));
#21067=CARTESIAN_POINT('',(12.22,6.43,-9.15));
#21068=CARTESIAN_POINT('',(12.22,6.43,-9.15));
#21069=CARTESIAN_POINT('',(12.72,6.43,-9.15));
#21070=CARTESIAN_POINT('',(12.22,6.93,-9.15));
#21071=CARTESIAN_POINT('',(12.22,6.93,-9.15));
#21072=CARTESIAN_POINT('',(12.72,6.93,-9.15));
#21073=CARTESIAN_POINT('',(12.72,6.93,-9.15));
#21074=CARTESIAN_POINT('',(12.72,6.43,-9.15));
#21075=CARTESIAN_POINT('',(15.01,6.43,-9.15));
#21076=CARTESIAN_POINT('',(15.01,6.43,-9.15));
#21077=CARTESIAN_POINT('',(15.01,6.43,-9.15));
#21078=CARTESIAN_POINT('',(15.01,6.43,-9.15));
#21079=CARTESIAN_POINT('',(15.01,6.93,-9.15));
#21080=CARTESIAN_POINT('',(15.01,6.93,-9.15));
#21081=CARTESIAN_POINT('',(14.51,6.43,-9.15));
#21082=CARTESIAN_POINT('',(14.51,6.43,-9.15));
#21083=CARTESIAN_POINT('',(14.51,6.43,-9.15));
#21084=CARTESIAN_POINT('',(14.51,6.43,-9.15));
#21085=CARTESIAN_POINT('',(7.9,0.,-9.15));
#21086=CARTESIAN_POINT('',(14.51,6.93,-9.15));
#21087=CARTESIAN_POINT('',(14.51,6.93,-9.15));
#21088=CARTESIAN_POINT('',(15.01,6.93,-9.15));
#21089=CARTESIAN_POINT('',(15.01,6.93,-9.15));
#21090=CARTESIAN_POINT('',(14.51,6.93,-9.15));
#21091=CARTESIAN_POINT('',(14.51,6.93,-9.15));
#21092=MECHANICAL_DESIGN_GEOMETRIC_PRESENTATION_REPRESENTATION('',(#10005,
#10006,#10007,#10008,#10009,#10010,#10011,#10012,#10013,#10014,#10015,#10016,
#10017,#10018,#10019,#10020,#10021,#10022,#10023,#10024,#10025,#10026,#10027,
#10028,#10029,#10030,#10031,#10032,#10033,#10034,#10035,#10036,#10037,#10038,
#10039,#10040,#10041,#10042,#10043,#10044,#10045,#10046,#10047,#10048,#10049,
#10050,#10051,#10052,#10053,#10054,#10055,#10056,#10057,#10058,#10059,#10060,
#10061,#10062,#10063,#10064,#10065,#10066,#10067,#10068,#10069,#10070,#10071,
#10072,#10073,#10074,#10075,#10076,#10077,#10078,#10079,#10080,#10081,#10082,
#10083,#10084,#10085,#10086,#10087,#10088,#10089,#10090,#10091,#10092,#10093,
#10094,#10095,#10096,#10097,#10098,#10099,#10100,#10101,#10102,#10103,#10104,
#10105,#10106,#10107,#10108,#10109,#10110,#10111,#10112,#10113,#10114,#10115,
#10116,#10117,#10118,#10119,#10120,#10121,#10122,#10123,#10124,#10125,#10126,
#10127,#10128,#10129,#10130,#10131,#10132,#10133,#10134,#10135,#10136,#10137,
#10138,#10139,#10140,#10141,#10142,#10143,#10144,#10145,#10146,#10147,#10148,
#10149,#10150,#10151,#10152,#10153,#10154,#10155,#10156,#10157,#10158,#10159,
#10160,#10161,#10162,#10163,#10164,#10165,#10166,#10167,#10168,#10169,#10170,
#10171,#10172,#10173,#10174,#10175,#10176,#10177,#10178,#10179,#10180,#10181,
#10182,#10183,#10184,#10185,#10186,#10187,#10188,#10189,#10190,#10191,#10192,
#10193,#10194,#10195,#10196,#10197,#10198,#10199,#10200,#10201,#10202,#10203,
#10204,#10205,#10206,#10207,#10208,#10209,#10210,#10211,#10212,#10213,#10214,
#10215,#10216,#10217,#10218,#10219,#10220,#10221,#10222,#10223,#10224,#10225,
#10226,#10227,#10228,#10229,#10230,#10231,#10232,#10233,#10234,#10235,#10236,
#10237,#10238,#10239,#10240,#10241,#10242,#10243,#10244,#10245,#10246,#10247,
#10248,#10249,#10250,#10251,#10252,#10253,#10254,#10255,#10256,#10257,#10258,
#10259,#10260,#10261,#10262,#10263,#10264,#10265,#10266,#10267,#10268,#10269,
#10270,#10271,#10272,#10273,#10274,#10275,#10276,#10277,#10278,#10279,#10280,
#10281,#10282,#10283,#10284,#10285,#10286,#10287,#10288,#10289,#10290,#10291,
#10292,#10293,#10294,#10295,#10296,#10297,#10298,#10299,#10300,#10301,#10302,
#10303,#10304,#10305,#10306,#10307,#10308,#10309,#10310,#10311,#10312,#10313,
#10314,#10315,#10316,#10317,#10318,#10319,#10320,#10321,#10322,#10323,#10324,
#10325,#10326,#10327,#10328,#10329,#10330,#10331,#10332,#10333,#10334,#10335,
#10336,#10337,#10338,#10339,#10340,#10341,#10342,#10343,#10344,#10345,#10346,
#10347,#10348,#10349,#10350,#10351,#10352,#10353,#10354,#10355,#10356,#10357,
#10358,#10359,#10360,#10361,#10362,#10363,#10364,#10365,#10366,#10367,#10368,
#10369,#10370,#10371,#10372,#10373,#10374,#10375,#10376,#10377,#10378,#10379,
#10380,#10381,#10382,#10383,#10384,#10385,#10386,#10387,#10388,#10389,#10390,
#10391,#10392,#10393,#10394,#10395,#10396,#10397,#10398,#10399,#10400,#10401,
#10402,#10403,#10404,#10405,#10406,#10407,#10408,#10409,#10410,#10411,#10412,
#10413,#10414,#10415,#10416,#10417,#10418,#10419,#10420,#10421,#10422,#10423,
#10424,#10425,#10426,#10427,#10428,#10429,#10430,#10431,#10432,#10433,#10434,
#10435,#10436,#10437,#10438,#10439,#10440,#10441,#10442,#10443,#10444,#10445,
#10446,#10447,#10448,#10449,#10450,#10451,#10452,#10453,#10454,#10455,#10456,
#10457,#10458,#10459,#10460,#10461,#10462,#10463,#10464,#10465,#10466,#10467,
#10468,#10469,#10470,#10471,#10472,#10473,#10474,#10475,#10476,#10477,#10478,
#10479,#10480,#10481,#10482,#10483,#10484,#10485,#10486,#10487,#10488,#10489,
#10490,#10491,#10492,#10493,#10494,#10495,#10496,#10497,#10498,#10499,#10500,
#10501,#10502,#10503,#10504,#10505,#10506,#10507,#10508,#10509,#10510,#10511,
#10512,#10513,#10514,#10515,#10516,#10517,#10518,#10519,#10520,#10521,#10522,
#10523,#10524,#10525,#10526,#10527,#10528,#10529,#10530,#10531,#10532,#10533,
#10534,#10535,#10536,#10537,#10538,#10539,#10540,#10541,#10542,#10543,#10544,
#10545,#10546,#10547,#10548,#10549,#10550,#10551,#10552,#10553,#10554,#10555,
#10556,#10557,#10558),#21093);
#21093=(
GEOMETRIC_REPRESENTATION_CONTEXT(3)
GLOBAL_UNCERTAINTY_ASSIGNED_CONTEXT((#21094))
GLOBAL_UNIT_ASSIGNED_CONTEXT((#21097,#21096,#21095))
REPRESENTATION_CONTEXT('E5J88-44AHS4-LT','TOP_LEVEL_ASSEMBLY_PART')
);
#21094=UNCERTAINTY_MEASURE_WITH_UNIT(LENGTH_MEASURE(0.005),#21097,
'DISTANCE_ACCURACY_VALUE','Maximum Tolerance applied to model');
#21095=(
NAMED_UNIT(*)
SI_UNIT($,.STERADIAN.)
SOLID_ANGLE_UNIT()
);
#21096=(
NAMED_UNIT(*)
PLANE_ANGLE_UNIT()
SI_UNIT($,.RADIAN.)
);
#21097=(
LENGTH_UNIT()
NAMED_UNIT(*)
SI_UNIT(.MILLI.,.METRE.)
);
#21098=PRODUCT_DEFINITION_SHAPE('','',#21099);
#21099=PRODUCT_DEFINITION('','',#21101,#21100);
#21100=PRODUCT_DEFINITION_CONTEXT('',#21107,'design');
#21101=PRODUCT_DEFINITION_FORMATION_WITH_SPECIFIED_SOURCE('','',#21103,
 .NOT_KNOWN.);
#21102=PRODUCT_RELATED_PRODUCT_CATEGORY('','',(#21103));
#21103=PRODUCT('E5J88-44AHS4-LT','E5J88-44AHS4-LT','E5J88-44AHS4-LT',(#21105));
#21104=PRODUCT_CATEGORY('','');
#21105=PRODUCT_CONTEXT('',#21107,'mechanical');
#21106=APPLICATION_PROTOCOL_DEFINITION('international standard',
'automotive_design',2010,#21107);
#21107=APPLICATION_CONTEXT(
'core data for automotive mechanical design processes');
ENDSEC;
END-ISO-10303-21;
