ISO-10303-21;
HEADER;
FILE_DESCRIPTION(('Open CASCADE Model'),'2;1');
FILE_NAME('Open CASCADE Shape Model','2026-07-04T01:10:27',('Author'),(
    'Open CASCADE'),'Open CASCADE STEP processor 7.9','build123d',
  'Unknown');
FILE_SCHEMA(('AUTOMOTIVE_DESIGN { 1 0 10303 214 1 1 1 1 }'));
ENDSEC;
DATA;
#1 = APPLICATION_PROTOCOL_DEFINITION('international standard',
  'automotive_design',2000,#2);
#2 = APPLICATION_CONTEXT(
  'core data for automotive mechanical design processes');
#3 = SHAPE_DEFINITION_REPRESENTATION(#4,#10);
#4 = PRODUCT_DEFINITION_SHAPE('','',#5);
#5 = PRODUCT_DEFINITION('design','',#6,#9);
#6 = PRODUCT_DEFINITION_FORMATION('','',#7);
#7 = PRODUCT('ASSEMBLY','ASSEMBLY','',(#8));
#8 = PRODUCT_CONTEXT('',#2,'mechanical');
#9 = PRODUCT_DEFINITION_CONTEXT('part definition',#2,'design');
#10 = SHAPE_REPRESENTATION('',(#11,#15,#19,#23,#27,#31,#35,#39,#43,#47,
    #51,#55,#59,#63,#67,#71),#75);
#11 = AXIS2_PLACEMENT_3D('',#12,#13,#14);
#12 = CARTESIAN_POINT('',(0.,0.,0.));
#13 = DIRECTION('',(0.,0.,1.));
#14 = DIRECTION('',(1.,0.,-0.));
#15 = AXIS2_PLACEMENT_3D('',#16,#17,#18);
#16 = CARTESIAN_POINT('',(0.,0.,0.));
#17 = DIRECTION('',(0.,0.,1.));
#18 = DIRECTION('',(1.,0.,-0.));
#19 = AXIS2_PLACEMENT_3D('',#20,#21,#22);
#20 = CARTESIAN_POINT('',(3.45,-2.5,9.3));
#21 = DIRECTION('',(0.,0.,1.));
#22 = DIRECTION('',(1.,0.,-0.));
#23 = AXIS2_PLACEMENT_3D('',#24,#25,#26);
#24 = CARTESIAN_POINT('',(3.45,-2.5,9.8));
#25 = DIRECTION('',(0.,0.,1.));
#26 = DIRECTION('',(1.,0.,-0.));
#27 = AXIS2_PLACEMENT_3D('',#28,#29,#30);
#28 = CARTESIAN_POINT('',(3.45,-2.5,10.3));
#29 = DIRECTION('',(0.,0.,1.));
#30 = DIRECTION('',(1.,0.,-0.));
#31 = AXIS2_PLACEMENT_3D('',#32,#33,#34);
#32 = CARTESIAN_POINT('',(3.45,-2.5,10.8));
#33 = DIRECTION('',(0.,0.,1.));
#34 = DIRECTION('',(1.,0.,-0.));
#35 = AXIS2_PLACEMENT_3D('',#36,#37,#38);
#36 = CARTESIAN_POINT('',(0.,0.,0.));
#37 = DIRECTION('',(0.,0.,1.));
#38 = DIRECTION('',(1.,0.,-0.));
#39 = AXIS2_PLACEMENT_3D('',#40,#41,#42);
#40 = CARTESIAN_POINT('',(3.45,-2.5,7.7));
#41 = DIRECTION('',(0.,0.,1.));
#42 = DIRECTION('',(1.,0.,-0.));
#43 = AXIS2_PLACEMENT_3D('',#44,#45,#46);
#44 = CARTESIAN_POINT('',(3.45,-2.5,8.2));
#45 = DIRECTION('',(0.,0.,1.));
#46 = DIRECTION('',(1.,0.,-0.));
#47 = AXIS2_PLACEMENT_3D('',#48,#49,#50);
#48 = CARTESIAN_POINT('',(3.45,-2.5,8.7));
#49 = DIRECTION('',(0.,0.,1.));
#50 = DIRECTION('',(1.,0.,-0.));
#51 = AXIS2_PLACEMENT_3D('',#52,#53,#54);
#52 = CARTESIAN_POINT('',(3.45,-2.5,9.2));
#53 = DIRECTION('',(0.,0.,1.));
#54 = DIRECTION('',(1.,0.,-0.));
#55 = AXIS2_PLACEMENT_3D('',#56,#57,#58);
#56 = CARTESIAN_POINT('',(3.45,-2.5,9.7));
#57 = DIRECTION('',(0.,0.,1.));
#58 = DIRECTION('',(1.,0.,-0.));
#59 = AXIS2_PLACEMENT_3D('',#60,#61,#62);
#60 = CARTESIAN_POINT('',(3.45,-2.5,10.2));
#61 = DIRECTION('',(0.,0.,1.));
#62 = DIRECTION('',(1.,0.,-0.));
#63 = AXIS2_PLACEMENT_3D('',#64,#65,#66);
#64 = CARTESIAN_POINT('',(3.45,-2.5,10.7));
#65 = DIRECTION('',(0.,0.,1.));
#66 = DIRECTION('',(1.,0.,-0.));
#67 = AXIS2_PLACEMENT_3D('',#68,#69,#70);
#68 = CARTESIAN_POINT('',(3.45,-2.5,11.2));
#69 = DIRECTION('',(0.,0.,1.));
#70 = DIRECTION('',(1.,0.,-0.));
#71 = AXIS2_PLACEMENT_3D('',#72,#73,#74);
#72 = CARTESIAN_POINT('',(3.45,-2.5,11.7));
#73 = DIRECTION('',(0.,0.,1.));
#74 = DIRECTION('',(1.,0.,-0.));
#75 = ( GEOMETRIC_REPRESENTATION_CONTEXT(3) 
GLOBAL_UNCERTAINTY_ASSIGNED_CONTEXT((#79)) GLOBAL_UNIT_ASSIGNED_CONTEXT(
(#76,#77,#78)) REPRESENTATION_CONTEXT('Context #1',
  '3D Context with UNIT and UNCERTAINTY') );
#76 = ( LENGTH_UNIT() NAMED_UNIT(*) SI_UNIT(.MILLI.,.METRE.) );
#77 = ( NAMED_UNIT(*) PLANE_ANGLE_UNIT() SI_UNIT($,.RADIAN.) );
#78 = ( NAMED_UNIT(*) SI_UNIT($,.STERADIAN.) SOLID_ANGLE_UNIT() );
#79 = UNCERTAINTY_MEASURE_WITH_UNIT(LENGTH_MEASURE(1.E-07),#76,
  'distance_accuracy_value','confusion accuracy');
#80 = PRODUCT_RELATED_PRODUCT_CATEGORY('part',$,(#7));
#81 = SHAPE_DEFINITION_REPRESENTATION(#82,#88);
#82 = PRODUCT_DEFINITION_SHAPE('','',#83);
#83 = PRODUCT_DEFINITION('design','',#84,#87);
#84 = PRODUCT_DEFINITION_FORMATION('','',#85);
#85 = PRODUCT('ASSEMBLY','ASSEMBLY','',(#86));
#86 = PRODUCT_CONTEXT('',#2,'mechanical');
#87 = PRODUCT_DEFINITION_CONTEXT('part definition',#2,'design');
#88 = SHAPE_REPRESENTATION('',(#11,#89),#93);
#89 = AXIS2_PLACEMENT_3D('',#90,#91,#92);
#90 = CARTESIAN_POINT('',(0.,0.,0.));
#91 = DIRECTION('',(0.,0.,1.));
#92 = DIRECTION('',(1.,0.,-0.));
#93 = ( GEOMETRIC_REPRESENTATION_CONTEXT(3) 
GLOBAL_UNCERTAINTY_ASSIGNED_CONTEXT((#97)) GLOBAL_UNIT_ASSIGNED_CONTEXT(
(#94,#95,#96)) REPRESENTATION_CONTEXT('Context #1',
  '3D Context with UNIT and UNCERTAINTY') );
#94 = ( LENGTH_UNIT() NAMED_UNIT(*) SI_UNIT(.MILLI.,.METRE.) );
#95 = ( NAMED_UNIT(*) PLANE_ANGLE_UNIT() SI_UNIT($,.RADIAN.) );
#96 = ( NAMED_UNIT(*) SI_UNIT($,.STERADIAN.) SOLID_ANGLE_UNIT() );
#97 = UNCERTAINTY_MEASURE_WITH_UNIT(LENGTH_MEASURE(1.E-07),#94,
  'distance_accuracy_value','confusion accuracy');
#98 = CONTEXT_DEPENDENT_SHAPE_REPRESENTATION(#99,#101);
#99 = ( REPRESENTATION_RELATIONSHIP('','',#88,#10) 
REPRESENTATION_RELATIONSHIP_WITH_TRANSFORMATION(#100) 
SHAPE_REPRESENTATION_RELATIONSHIP() );
#100 = ITEM_DEFINED_TRANSFORMATION('','',#11,#15);
#101 = PRODUCT_DEFINITION_SHAPE('Placement','Placement of an item',#102
  );
#102 = NEXT_ASSEMBLY_USAGE_OCCURRENCE('3','=>[0:1:1:2]','',#5,#83,$);
#103 = PRODUCT_RELATED_PRODUCT_CATEGORY('part',$,(#85));
#104 = SHAPE_DEFINITION_REPRESENTATION(#105,#111);
#105 = PRODUCT_DEFINITION_SHAPE('','',#106);
#106 = PRODUCT_DEFINITION('design','',#107,#110);
#107 = PRODUCT_DEFINITION_FORMATION('','',#108);
#108 = PRODUCT('ASSEMBLY','ASSEMBLY','',(#109));
#109 = PRODUCT_CONTEXT('',#2,'mechanical');
#110 = PRODUCT_DEFINITION_CONTEXT('part definition',#2,'design');
#111 = SHAPE_REPRESENTATION('',(#11,#112),#116);
#112 = AXIS2_PLACEMENT_3D('',#113,#114,#115);
#113 = CARTESIAN_POINT('',(0.,0.,0.));
#114 = DIRECTION('',(0.,0.,1.));
#115 = DIRECTION('',(1.,0.,-0.));
#116 = ( GEOMETRIC_REPRESENTATION_CONTEXT(3) 
GLOBAL_UNCERTAINTY_ASSIGNED_CONTEXT((#120)) GLOBAL_UNIT_ASSIGNED_CONTEXT
((#117,#118,#119)) REPRESENTATION_CONTEXT('Context #1',
  '3D Context with UNIT and UNCERTAINTY') );
#117 = ( LENGTH_UNIT() NAMED_UNIT(*) SI_UNIT(.MILLI.,.METRE.) );
#118 = ( NAMED_UNIT(*) PLANE_ANGLE_UNIT() SI_UNIT($,.RADIAN.) );
#119 = ( NAMED_UNIT(*) SI_UNIT($,.STERADIAN.) SOLID_ANGLE_UNIT() );
#120 = UNCERTAINTY_MEASURE_WITH_UNIT(LENGTH_MEASURE(1.E-07),#117,
  'distance_accuracy_value','confusion accuracy');
#121 = CONTEXT_DEPENDENT_SHAPE_REPRESENTATION(#122,#124);
#122 = ( REPRESENTATION_RELATIONSHIP('','',#111,#88) 
REPRESENTATION_RELATIONSHIP_WITH_TRANSFORMATION(#123) 
SHAPE_REPRESENTATION_RELATIONSHIP() );
#123 = ITEM_DEFINED_TRANSFORMATION('','',#11,#89);
#124 = PRODUCT_DEFINITION_SHAPE('Placement','Placement of an item',#125
  );
#125 = NEXT_ASSEMBLY_USAGE_OCCURRENCE('2','=>[0:1:1:3]','',#83,#106,$);
#126 = PRODUCT_RELATED_PRODUCT_CATEGORY('part',$,(#108));
#127 = SHAPE_DEFINITION_REPRESENTATION(#128,#134);
#128 = PRODUCT_DEFINITION_SHAPE('','',#129);
#129 = PRODUCT_DEFINITION('design','',#130,#133);
#130 = PRODUCT_DEFINITION_FORMATION('','',#131);
#131 = PRODUCT('SOLID','SOLID','',(#132));
#132 = PRODUCT_CONTEXT('',#2,'mechanical');
#133 = PRODUCT_DEFINITION_CONTEXT('part definition',#2,'design');
#134 = ADVANCED_BREP_SHAPE_REPRESENTATION('',(#11,#135),#8935);
#135 = MANIFOLD_SOLID_BREP('',#136);
#136 = CLOSED_SHELL('',(#137,#613,#701,#782,#861,#935,#1011,#1065,#1119,
    #1179,#1237,#1318,#1399,#1473,#1549,#1603,#1657,#1689,#1743,#1801,
    #1908,#1938,#2214,#2499,#2524,#2600,#2676,#2731,#2786,#2816,#2870,
    #2900,#2954,#3035,#3060,#3090,#3166,#3242,#3318,#3373,#3428,#3460,
    #3486,#3512,#3590,#3644,#3677,#3751,#3805,#3831,#3884,#3939,#3993,
    #4072,#4127,#4201,#4280,#4287,#4358,#4407,#4455,#4504,#4537,#4585,
    #4652,#4719,#4772,#4821,#4852,#4902,#4935,#4983,#5016,#5083,#5114,
    #5181,#5248,#5317,#5366,#5419,#5446,#5834,#5889,#5895,#5934,#5961,
    #6019,#6044,#6071,#6101,#6177,#6560,#6585,#6610,#6686,#6692,#6698,
    #6704,#6710,#6716,#6742,#6768,#6817,#6866,#6926,#6984,#7065,#7146,
    #7220,#7296,#7350,#7404,#7436,#7490,#7544,#7570,#7620,#7646,#7701,
    #7727,#7803,#7852,#7921,#7974,#8023,#8099,#8147,#8218,#8246,#8273,
    #8303,#8330,#8360,#8387,#8439,#8464,#8494,#8541,#8588,#8635,#8662,
    #8689,#8696,#8731,#8781,#8806,#8831,#8856,#8881,#8888,#8895,#8902,
    #8909));
#137 = ADVANCED_FACE('',(#138),#152,.F.);
#138 = FACE_BOUND('',#139,.F.);
#139 = EDGE_LOOP('',(#140,#175,#203,#231,#264,#292,#320,#348,#381,#409,
    #442,#470,#498,#526,#559,#587));
#140 = ORIENTED_EDGE('',*,*,#141,.F.);
#141 = EDGE_CURVE('',#142,#144,#146,.T.);
#142 = VERTEX_POINT('',#143);
#143 = CARTESIAN_POINT('',(-0.5,-6.37,10.75));
#144 = VERTEX_POINT('',#145);
#145 = CARTESIAN_POINT('',(-0.5,1.37,10.75));
#146 = SURFACE_CURVE('',#147,(#151,#163),.PCURVE_S1.);
#147 = LINE('',#148,#149);
#148 = CARTESIAN_POINT('',(-0.5,-6.45,10.75));
#149 = VECTOR('',#150,1.);
#150 = DIRECTION('',(-0.,1.,0.));
#151 = PCURVE('',#152,#157);
#152 = PLANE('',#153);
#153 = AXIS2_PLACEMENT_3D('',#154,#155,#156);
#154 = CARTESIAN_POINT('',(-0.5,-6.45,10.2));
#155 = DIRECTION('',(1.,0.,-0.));
#156 = DIRECTION('',(0.,0.,1.));
#157 = DEFINITIONAL_REPRESENTATION('',(#158),#162);
#158 = LINE('',#159,#160);
#159 = CARTESIAN_POINT('',(0.55,0.));
#160 = VECTOR('',#161,1.);
#161 = DIRECTION('',(0.,-1.));
#162 = ( GEOMETRIC_REPRESENTATION_CONTEXT(2) 
PARAMETRIC_REPRESENTATION_CONTEXT() REPRESENTATION_CONTEXT('2D SPACE',''
  ) );
#163 = PCURVE('',#164,#169);
#164 = CYLINDRICAL_SURFACE('',#165,0.45);
#165 = AXIS2_PLACEMENT_3D('',#166,#167,#168);
#166 = CARTESIAN_POINT('',(-5.E-02,-6.45,10.75));
#167 = DIRECTION('',(-0.,1.,0.));
#168 = DIRECTION('',(-1.,-0.,0.));
#169 = DEFINITIONAL_REPRESENTATION('',(#170),#174);
#170 = LINE('',#171,#172);
#171 = CARTESIAN_POINT('',(0.,0.));
#172 = VECTOR('',#173,1.);
#173 = DIRECTION('',(0.,1.));
#174 = ( GEOMETRIC_REPRESENTATION_CONTEXT(2) 
PARAMETRIC_REPRESENTATION_CONTEXT() REPRESENTATION_CONTEXT('2D SPACE',''
  ) );
#175 = ORIENTED_EDGE('',*,*,#176,.F.);
#176 = EDGE_CURVE('',#177,#142,#179,.T.);
#177 = VERTEX_POINT('',#178);
#178 = CARTESIAN_POINT('',(-0.5,-6.37,5.08));
#179 = SURFACE_CURVE('',#180,(#184,#191),.PCURVE_S1.);
#180 = LINE('',#181,#182);
#181 = CARTESIAN_POINT('',(-0.5,-6.37,5.));
#182 = VECTOR('',#183,1.);
#183 = DIRECTION('',(0.,0.,1.));
#184 = PCURVE('',#152,#185);
#185 = DEFINITIONAL_REPRESENTATION('',(#186),#190);
#186 = LINE('',#187,#188);
#187 = CARTESIAN_POINT('',(-5.2,-8.E-02));
#188 = VECTOR('',#189,1.);
#189 = DIRECTION('',(1.,0.));
#190 = ( GEOMETRIC_REPRESENTATION_CONTEXT(2) 
PARAMETRIC_REPRESENTATION_CONTEXT() REPRESENTATION_CONTEXT('2D SPACE',''
  ) );
#191 = PCURVE('',#192,#197);
#192 = CYLINDRICAL_SURFACE('',#193,8.E-02);
#193 = AXIS2_PLACEMENT_3D('',#194,#195,#196);
#194 = CARTESIAN_POINT('',(-0.42,-6.37,5.));
#195 = DIRECTION('',(0.,0.,1.));
#196 = DIRECTION('',(-1.,-0.,0.));
#197 = DEFINITIONAL_REPRESENTATION('',(#198),#202);
#198 = LINE('',#199,#200);
#199 = CARTESIAN_POINT('',(0.,0.));
#200 = VECTOR('',#201,1.);
#201 = DIRECTION('',(0.,1.));
#202 = ( GEOMETRIC_REPRESENTATION_CONTEXT(2) 
PARAMETRIC_REPRESENTATION_CONTEXT() REPRESENTATION_CONTEXT('2D SPACE',''
  ) );
#203 = ORIENTED_EDGE('',*,*,#204,.T.);
#204 = EDGE_CURVE('',#177,#205,#207,.T.);
#205 = VERTEX_POINT('',#206);
#206 = CARTESIAN_POINT('',(-0.5,-5.83,5.08));
#207 = SURFACE_CURVE('',#208,(#212,#219),.PCURVE_S1.);
#208 = LINE('',#209,#210);
#209 = CARTESIAN_POINT('',(-0.5,-6.45,5.08));
#210 = VECTOR('',#211,1.);
#211 = DIRECTION('',(-0.,1.,0.));
#212 = PCURVE('',#152,#213);
#213 = DEFINITIONAL_REPRESENTATION('',(#214),#218);
#214 = LINE('',#215,#216);
#215 = CARTESIAN_POINT('',(-5.12,0.));
#216 = VECTOR('',#217,1.);
#217 = DIRECTION('',(0.,-1.));
#218 = ( GEOMETRIC_REPRESENTATION_CONTEXT(2) 
PARAMETRIC_REPRESENTATION_CONTEXT() REPRESENTATION_CONTEXT('2D SPACE',''
  ) );
#219 = PCURVE('',#220,#225);
#220 = CYLINDRICAL_SURFACE('',#221,8.E-02);
#221 = AXIS2_PLACEMENT_3D('',#222,#223,#224);
#222 = CARTESIAN_POINT('',(-0.42,-6.45,5.08));
#223 = DIRECTION('',(-0.,1.,0.));
#224 = DIRECTION('',(-1.,-0.,0.));
#225 = DEFINITIONAL_REPRESENTATION('',(#226),#230);
#226 = LINE('',#227,#228);
#227 = CARTESIAN_POINT('',(-0.,0.));
#228 = VECTOR('',#229,1.);
#229 = DIRECTION('',(-0.,1.));
#230 = ( GEOMETRIC_REPRESENTATION_CONTEXT(2) 
PARAMETRIC_REPRESENTATION_CONTEXT() REPRESENTATION_CONTEXT('2D SPACE',''
  ) );
#231 = ORIENTED_EDGE('',*,*,#232,.T.);
#232 = EDGE_CURVE('',#205,#233,#235,.T.);
#233 = VERTEX_POINT('',#234);
#234 = CARTESIAN_POINT('',(-0.5,-5.67,4.92));
#235 = SURFACE_CURVE('',#236,(#241,#252),.PCURVE_S1.);
#236 = CIRCLE('',#237,0.16);
#237 = AXIS2_PLACEMENT_3D('',#238,#239,#240);
#238 = CARTESIAN_POINT('',(-0.5,-5.83,4.92));
#239 = DIRECTION('',(-1.,-0.,0.));
#240 = DIRECTION('',(0.,0.,1.));
#241 = PCURVE('',#152,#242);
#242 = DEFINITIONAL_REPRESENTATION('',(#243),#251);
#243 = ( BOUNDED_CURVE() B_SPLINE_CURVE(2,(#244,#245,#246,#247,#248,#249
,#250),.UNSPECIFIED.,.T.,.F.) B_SPLINE_CURVE_WITH_KNOTS((1,2,2,2,2,1),(
    -2.094395102393,0.,2.094395102393,4.188790204786,6.28318530718,
8.377580409573),.UNSPECIFIED.) CURVE() GEOMETRIC_REPRESENTATION_ITEM() 
RATIONAL_B_SPLINE_CURVE((1.,0.5,1.,0.5,1.,0.5,1.)) REPRESENTATION_ITEM(
  '') );
#244 = CARTESIAN_POINT('',(-5.12,-0.62));
#245 = CARTESIAN_POINT('',(-5.12,-0.897128129211));
#246 = CARTESIAN_POINT('',(-5.36,-0.758564064606));
#247 = CARTESIAN_POINT('',(-5.6,-0.62));
#248 = CARTESIAN_POINT('',(-5.36,-0.481435935394));
#249 = CARTESIAN_POINT('',(-5.12,-0.342871870789));
#250 = CARTESIAN_POINT('',(-5.12,-0.62));
#251 = ( GEOMETRIC_REPRESENTATION_CONTEXT(2) 
PARAMETRIC_REPRESENTATION_CONTEXT() REPRESENTATION_CONTEXT('2D SPACE',''
  ) );
#252 = PCURVE('',#253,#258);
#253 = TOROIDAL_SURFACE('',#254,0.16,8.E-02);
#254 = AXIS2_PLACEMENT_3D('',#255,#256,#257);
#255 = CARTESIAN_POINT('',(-0.42,-5.83,4.92));
#256 = DIRECTION('',(-1.,-0.,0.));
#257 = DIRECTION('',(0.,0.,1.));
#258 = DEFINITIONAL_REPRESENTATION('',(#259),#263);
#259 = LINE('',#260,#261);
#260 = CARTESIAN_POINT('',(0.,1.570796326795));
#261 = VECTOR('',#262,1.);
#262 = DIRECTION('',(1.,0.));
#263 = ( GEOMETRIC_REPRESENTATION_CONTEXT(2) 
PARAMETRIC_REPRESENTATION_CONTEXT() REPRESENTATION_CONTEXT('2D SPACE',''
  ) );
#264 = ORIENTED_EDGE('',*,*,#265,.F.);
#265 = EDGE_CURVE('',#266,#233,#268,.T.);
#266 = VERTEX_POINT('',#267);
#267 = CARTESIAN_POINT('',(-0.5,-5.67,8.E-02));
#268 = SURFACE_CURVE('',#269,(#273,#280),.PCURVE_S1.);
#269 = LINE('',#270,#271);
#270 = CARTESIAN_POINT('',(-0.5,-5.67,0.));
#271 = VECTOR('',#272,1.);
#272 = DIRECTION('',(0.,0.,1.));
#273 = PCURVE('',#152,#274);
#274 = DEFINITIONAL_REPRESENTATION('',(#275),#279);
#275 = LINE('',#276,#277);
#276 = CARTESIAN_POINT('',(-10.2,-0.78));
#277 = VECTOR('',#278,1.);
#278 = DIRECTION('',(1.,0.));
#279 = ( GEOMETRIC_REPRESENTATION_CONTEXT(2) 
PARAMETRIC_REPRESENTATION_CONTEXT() REPRESENTATION_CONTEXT('2D SPACE',''
  ) );
#280 = PCURVE('',#281,#286);
#281 = CYLINDRICAL_SURFACE('',#282,8.E-02);
#282 = AXIS2_PLACEMENT_3D('',#283,#284,#285);
#283 = CARTESIAN_POINT('',(-0.42,-5.67,0.));
#284 = DIRECTION('',(0.,0.,1.));
#285 = DIRECTION('',(-1.,-0.,0.));
#286 = DEFINITIONAL_REPRESENTATION('',(#287),#291);
#287 = LINE('',#288,#289);
#288 = CARTESIAN_POINT('',(0.,0.));
#289 = VECTOR('',#290,1.);
#290 = DIRECTION('',(0.,1.));
#291 = ( GEOMETRIC_REPRESENTATION_CONTEXT(2) 
PARAMETRIC_REPRESENTATION_CONTEXT() REPRESENTATION_CONTEXT('2D SPACE',''
  ) );
#292 = ORIENTED_EDGE('',*,*,#293,.T.);
#293 = EDGE_CURVE('',#266,#294,#296,.T.);
#294 = VERTEX_POINT('',#295);
#295 = CARTESIAN_POINT('',(-0.5,-4.33,8.E-02));
#296 = SURFACE_CURVE('',#297,(#301,#308),.PCURVE_S1.);
#297 = LINE('',#298,#299);
#298 = CARTESIAN_POINT('',(-0.5,-5.75,8.E-02));
#299 = VECTOR('',#300,1.);
#300 = DIRECTION('',(-0.,1.,0.));
#301 = PCURVE('',#152,#302);
#302 = DEFINITIONAL_REPRESENTATION('',(#303),#307);
#303 = LINE('',#304,#305);
#304 = CARTESIAN_POINT('',(-10.12,-0.7));
#305 = VECTOR('',#306,1.);
#306 = DIRECTION('',(0.,-1.));
#307 = ( GEOMETRIC_REPRESENTATION_CONTEXT(2) 
PARAMETRIC_REPRESENTATION_CONTEXT() REPRESENTATION_CONTEXT('2D SPACE',''
  ) );
#308 = PCURVE('',#309,#314);
#309 = CYLINDRICAL_SURFACE('',#310,8.E-02);
#310 = AXIS2_PLACEMENT_3D('',#311,#312,#313);
#311 = CARTESIAN_POINT('',(-0.42,-5.75,8.E-02));
#312 = DIRECTION('',(-0.,1.,0.));
#313 = DIRECTION('',(-1.,-0.,0.));
#314 = DEFINITIONAL_REPRESENTATION('',(#315),#319);
#315 = LINE('',#316,#317);
#316 = CARTESIAN_POINT('',(-0.,0.));
#317 = VECTOR('',#318,1.);
#318 = DIRECTION('',(-0.,1.));
#319 = ( GEOMETRIC_REPRESENTATION_CONTEXT(2) 
PARAMETRIC_REPRESENTATION_CONTEXT() REPRESENTATION_CONTEXT('2D SPACE',''
  ) );
#320 = ORIENTED_EDGE('',*,*,#321,.T.);
#321 = EDGE_CURVE('',#294,#322,#324,.T.);
#322 = VERTEX_POINT('',#323);
#323 = CARTESIAN_POINT('',(-0.5,-4.33,4.92));
#324 = SURFACE_CURVE('',#325,(#329,#336),.PCURVE_S1.);
#325 = LINE('',#326,#327);
#326 = CARTESIAN_POINT('',(-0.5,-4.33,0.));
#327 = VECTOR('',#328,1.);
#328 = DIRECTION('',(0.,0.,1.));
#329 = PCURVE('',#152,#330);
#330 = DEFINITIONAL_REPRESENTATION('',(#331),#335);
#331 = LINE('',#332,#333);
#332 = CARTESIAN_POINT('',(-10.2,-2.12));
#333 = VECTOR('',#334,1.);
#334 = DIRECTION('',(1.,0.));
#335 = ( GEOMETRIC_REPRESENTATION_CONTEXT(2) 
PARAMETRIC_REPRESENTATION_CONTEXT() REPRESENTATION_CONTEXT('2D SPACE',''
  ) );
#336 = PCURVE('',#337,#342);
#337 = CYLINDRICAL_SURFACE('',#338,8.E-02);
#338 = AXIS2_PLACEMENT_3D('',#339,#340,#341);
#339 = CARTESIAN_POINT('',(-0.42,-4.33,0.));
#340 = DIRECTION('',(0.,0.,1.));
#341 = DIRECTION('',(-1.,-0.,0.));
#342 = DEFINITIONAL_REPRESENTATION('',(#343),#347);
#343 = LINE('',#344,#345);
#344 = CARTESIAN_POINT('',(-0.,0.));
#345 = VECTOR('',#346,1.);
#346 = DIRECTION('',(-0.,1.));
#347 = ( GEOMETRIC_REPRESENTATION_CONTEXT(2) 
PARAMETRIC_REPRESENTATION_CONTEXT() REPRESENTATION_CONTEXT('2D SPACE',''
  ) );
#348 = ORIENTED_EDGE('',*,*,#349,.T.);
#349 = EDGE_CURVE('',#322,#350,#352,.T.);
#350 = VERTEX_POINT('',#351);
#351 = CARTESIAN_POINT('',(-0.5,-4.17,5.08));
#352 = SURFACE_CURVE('',#353,(#358,#369),.PCURVE_S1.);
#353 = CIRCLE('',#354,0.16);
#354 = AXIS2_PLACEMENT_3D('',#355,#356,#357);
#355 = CARTESIAN_POINT('',(-0.5,-4.17,4.92));
#356 = DIRECTION('',(-1.,0.,0.));
#357 = DIRECTION('',(0.,-1.,0.));
#358 = PCURVE('',#152,#359);
#359 = DEFINITIONAL_REPRESENTATION('',(#360),#368);
#360 = ( BOUNDED_CURVE() B_SPLINE_CURVE(2,(#361,#362,#363,#364,#365,#366
,#367),.UNSPECIFIED.,.T.,.F.) B_SPLINE_CURVE_WITH_KNOTS((1,2,2,2,2,1),(
    -2.094395102393,0.,2.094395102393,4.188790204786,6.28318530718,
8.377580409573),.UNSPECIFIED.) CURVE() GEOMETRIC_REPRESENTATION_ITEM() 
RATIONAL_B_SPLINE_CURVE((1.,0.5,1.,0.5,1.,0.5,1.)) REPRESENTATION_ITEM(
  '') );
#361 = CARTESIAN_POINT('',(-5.28,-2.12));
#362 = CARTESIAN_POINT('',(-5.002871870789,-2.12));
#363 = CARTESIAN_POINT('',(-5.141435935394,-2.36));
#364 = CARTESIAN_POINT('',(-5.28,-2.6));
#365 = CARTESIAN_POINT('',(-5.418564064606,-2.36));
#366 = CARTESIAN_POINT('',(-5.557128129211,-2.12));
#367 = CARTESIAN_POINT('',(-5.28,-2.12));
#368 = ( GEOMETRIC_REPRESENTATION_CONTEXT(2) 
PARAMETRIC_REPRESENTATION_CONTEXT() REPRESENTATION_CONTEXT('2D SPACE',''
  ) );
#369 = PCURVE('',#370,#375);
#370 = TOROIDAL_SURFACE('',#371,0.16,8.E-02);
#371 = AXIS2_PLACEMENT_3D('',#372,#373,#374);
#372 = CARTESIAN_POINT('',(-0.42,-4.17,4.92));
#373 = DIRECTION('',(-1.,-0.,0.));
#374 = DIRECTION('',(0.,-1.,0.));
#375 = DEFINITIONAL_REPRESENTATION('',(#376),#380);
#376 = LINE('',#377,#378);
#377 = CARTESIAN_POINT('',(0.,1.570796326795));
#378 = VECTOR('',#379,1.);
#379 = DIRECTION('',(1.,0.));
#380 = ( GEOMETRIC_REPRESENTATION_CONTEXT(2) 
PARAMETRIC_REPRESENTATION_CONTEXT() REPRESENTATION_CONTEXT('2D SPACE',''
  ) );
#381 = ORIENTED_EDGE('',*,*,#382,.T.);
#382 = EDGE_CURVE('',#350,#383,#385,.T.);
#383 = VERTEX_POINT('',#384);
#384 = CARTESIAN_POINT('',(-0.5,-0.83,5.08));
#385 = SURFACE_CURVE('',#386,(#390,#397),.PCURVE_S1.);
#386 = LINE('',#387,#388);
#387 = CARTESIAN_POINT('',(-0.5,-4.25,5.08));
#388 = VECTOR('',#389,1.);
#389 = DIRECTION('',(-0.,1.,0.));
#390 = PCURVE('',#152,#391);
#391 = DEFINITIONAL_REPRESENTATION('',(#392),#396);
#392 = LINE('',#393,#394);
#393 = CARTESIAN_POINT('',(-5.12,-2.2));
#394 = VECTOR('',#395,1.);
#395 = DIRECTION('',(0.,-1.));
#396 = ( GEOMETRIC_REPRESENTATION_CONTEXT(2) 
PARAMETRIC_REPRESENTATION_CONTEXT() REPRESENTATION_CONTEXT('2D SPACE',''
  ) );
#397 = PCURVE('',#398,#403);
#398 = CYLINDRICAL_SURFACE('',#399,8.E-02);
#399 = AXIS2_PLACEMENT_3D('',#400,#401,#402);
#400 = CARTESIAN_POINT('',(-0.42,-4.25,5.08));
#401 = DIRECTION('',(-0.,1.,0.));
#402 = DIRECTION('',(-1.,-0.,0.));
#403 = DEFINITIONAL_REPRESENTATION('',(#404),#408);
#404 = LINE('',#405,#406);
#405 = CARTESIAN_POINT('',(-0.,0.));
#406 = VECTOR('',#407,1.);
#407 = DIRECTION('',(-0.,1.));
#408 = ( GEOMETRIC_REPRESENTATION_CONTEXT(2) 
PARAMETRIC_REPRESENTATION_CONTEXT() REPRESENTATION_CONTEXT('2D SPACE',''
  ) );
#409 = ORIENTED_EDGE('',*,*,#410,.T.);
#410 = EDGE_CURVE('',#383,#411,#413,.T.);
#411 = VERTEX_POINT('',#412);
#412 = CARTESIAN_POINT('',(-0.5,-0.67,4.92));
#413 = SURFACE_CURVE('',#414,(#419,#430),.PCURVE_S1.);
#414 = CIRCLE('',#415,0.16);
#415 = AXIS2_PLACEMENT_3D('',#416,#417,#418);
#416 = CARTESIAN_POINT('',(-0.5,-0.83,4.92));
#417 = DIRECTION('',(-1.,0.,0.));
#418 = DIRECTION('',(0.,1.387778780781E-15,1.));
#419 = PCURVE('',#152,#420);
#420 = DEFINITIONAL_REPRESENTATION('',(#421),#429);
#421 = ( BOUNDED_CURVE() B_SPLINE_CURVE(2,(#422,#423,#424,#425,#426,#427
,#428),.UNSPECIFIED.,.T.,.F.) B_SPLINE_CURVE_WITH_KNOTS((1,2,2,2,2,1),(
    -2.094395102393,0.,2.094395102393,4.188790204786,6.28318530718,
8.377580409573),.UNSPECIFIED.) CURVE() GEOMETRIC_REPRESENTATION_ITEM() 
RATIONAL_B_SPLINE_CURVE((1.,0.5,1.,0.5,1.,0.5,1.)) REPRESENTATION_ITEM(
  '') );
#422 = CARTESIAN_POINT('',(-5.12,-5.62));
#423 = CARTESIAN_POINT('',(-5.12,-5.897128129211));
#424 = CARTESIAN_POINT('',(-5.36,-5.758564064606));
#425 = CARTESIAN_POINT('',(-5.6,-5.62));
#426 = CARTESIAN_POINT('',(-5.36,-5.481435935394));
#427 = CARTESIAN_POINT('',(-5.12,-5.342871870789));
#428 = CARTESIAN_POINT('',(-5.12,-5.62));
#429 = ( GEOMETRIC_REPRESENTATION_CONTEXT(2) 
PARAMETRIC_REPRESENTATION_CONTEXT() REPRESENTATION_CONTEXT('2D SPACE',''
  ) );
#430 = PCURVE('',#431,#436);
#431 = TOROIDAL_SURFACE('',#432,0.16,8.E-02);
#432 = AXIS2_PLACEMENT_3D('',#433,#434,#435);
#433 = CARTESIAN_POINT('',(-0.42,-0.83,4.92));
#434 = DIRECTION('',(-1.,-0.,0.));
#435 = DIRECTION('',(0.,1.387778780781E-15,1.));
#436 = DEFINITIONAL_REPRESENTATION('',(#437),#441);
#437 = LINE('',#438,#439);
#438 = CARTESIAN_POINT('',(0.,1.570796326795));
#439 = VECTOR('',#440,1.);
#440 = DIRECTION('',(1.,0.));
#441 = ( GEOMETRIC_REPRESENTATION_CONTEXT(2) 
PARAMETRIC_REPRESENTATION_CONTEXT() REPRESENTATION_CONTEXT('2D SPACE',''
  ) );
#442 = ORIENTED_EDGE('',*,*,#443,.F.);
#443 = EDGE_CURVE('',#444,#411,#446,.T.);
#444 = VERTEX_POINT('',#445);
#445 = CARTESIAN_POINT('',(-0.5,-0.67,8.E-02));
#446 = SURFACE_CURVE('',#447,(#451,#458),.PCURVE_S1.);
#447 = LINE('',#448,#449);
#448 = CARTESIAN_POINT('',(-0.5,-0.67,0.));
#449 = VECTOR('',#450,1.);
#450 = DIRECTION('',(0.,0.,1.));
#451 = PCURVE('',#152,#452);
#452 = DEFINITIONAL_REPRESENTATION('',(#453),#457);
#453 = LINE('',#454,#455);
#454 = CARTESIAN_POINT('',(-10.2,-5.78));
#455 = VECTOR('',#456,1.);
#456 = DIRECTION('',(1.,0.));
#457 = ( GEOMETRIC_REPRESENTATION_CONTEXT(2) 
PARAMETRIC_REPRESENTATION_CONTEXT() REPRESENTATION_CONTEXT('2D SPACE',''
  ) );
#458 = PCURVE('',#459,#464);
#459 = CYLINDRICAL_SURFACE('',#460,8.E-02);
#460 = AXIS2_PLACEMENT_3D('',#461,#462,#463);
#461 = CARTESIAN_POINT('',(-0.42,-0.67,0.));
#462 = DIRECTION('',(0.,0.,1.));
#463 = DIRECTION('',(-1.,-0.,0.));
#464 = DEFINITIONAL_REPRESENTATION('',(#465),#469);
#465 = LINE('',#466,#467);
#466 = CARTESIAN_POINT('',(0.,0.));
#467 = VECTOR('',#468,1.);
#468 = DIRECTION('',(0.,1.));
#469 = ( GEOMETRIC_REPRESENTATION_CONTEXT(2) 
PARAMETRIC_REPRESENTATION_CONTEXT() REPRESENTATION_CONTEXT('2D SPACE',''
  ) );
#470 = ORIENTED_EDGE('',*,*,#471,.T.);
#471 = EDGE_CURVE('',#444,#472,#474,.T.);
#472 = VERTEX_POINT('',#473);
#473 = CARTESIAN_POINT('',(-0.5,0.67,8.E-02));
#474 = SURFACE_CURVE('',#475,(#479,#486),.PCURVE_S1.);
#475 = LINE('',#476,#477);
#476 = CARTESIAN_POINT('',(-0.5,-0.75,8.E-02));
#477 = VECTOR('',#478,1.);
#478 = DIRECTION('',(-0.,1.,0.));
#479 = PCURVE('',#152,#480);
#480 = DEFINITIONAL_REPRESENTATION('',(#481),#485);
#481 = LINE('',#482,#483);
#482 = CARTESIAN_POINT('',(-10.12,-5.7));
#483 = VECTOR('',#484,1.);
#484 = DIRECTION('',(0.,-1.));
#485 = ( GEOMETRIC_REPRESENTATION_CONTEXT(2) 
PARAMETRIC_REPRESENTATION_CONTEXT() REPRESENTATION_CONTEXT('2D SPACE',''
  ) );
#486 = PCURVE('',#487,#492);
#487 = CYLINDRICAL_SURFACE('',#488,8.E-02);
#488 = AXIS2_PLACEMENT_3D('',#489,#490,#491);
#489 = CARTESIAN_POINT('',(-0.42,-0.75,8.E-02));
#490 = DIRECTION('',(-0.,1.,0.));
#491 = DIRECTION('',(-1.,-0.,0.));
#492 = DEFINITIONAL_REPRESENTATION('',(#493),#497);
#493 = LINE('',#494,#495);
#494 = CARTESIAN_POINT('',(-0.,0.));
#495 = VECTOR('',#496,1.);
#496 = DIRECTION('',(-0.,1.));
#497 = ( GEOMETRIC_REPRESENTATION_CONTEXT(2) 
PARAMETRIC_REPRESENTATION_CONTEXT() REPRESENTATION_CONTEXT('2D SPACE',''
  ) );
#498 = ORIENTED_EDGE('',*,*,#499,.T.);
#499 = EDGE_CURVE('',#472,#500,#502,.T.);
#500 = VERTEX_POINT('',#501);
#501 = CARTESIAN_POINT('',(-0.5,0.67,4.92));
#502 = SURFACE_CURVE('',#503,(#507,#514),.PCURVE_S1.);
#503 = LINE('',#504,#505);
#504 = CARTESIAN_POINT('',(-0.5,0.67,0.));
#505 = VECTOR('',#506,1.);
#506 = DIRECTION('',(0.,0.,1.));
#507 = PCURVE('',#152,#508);
#508 = DEFINITIONAL_REPRESENTATION('',(#509),#513);
#509 = LINE('',#510,#511);
#510 = CARTESIAN_POINT('',(-10.2,-7.12));
#511 = VECTOR('',#512,1.);
#512 = DIRECTION('',(1.,0.));
#513 = ( GEOMETRIC_REPRESENTATION_CONTEXT(2) 
PARAMETRIC_REPRESENTATION_CONTEXT() REPRESENTATION_CONTEXT('2D SPACE',''
  ) );
#514 = PCURVE('',#515,#520);
#515 = CYLINDRICAL_SURFACE('',#516,8.E-02);
#516 = AXIS2_PLACEMENT_3D('',#517,#518,#519);
#517 = CARTESIAN_POINT('',(-0.42,0.67,0.));
#518 = DIRECTION('',(0.,0.,1.));
#519 = DIRECTION('',(-1.,-0.,0.));
#520 = DEFINITIONAL_REPRESENTATION('',(#521),#525);
#521 = LINE('',#522,#523);
#522 = CARTESIAN_POINT('',(-0.,0.));
#523 = VECTOR('',#524,1.);
#524 = DIRECTION('',(-0.,1.));
#525 = ( GEOMETRIC_REPRESENTATION_CONTEXT(2) 
PARAMETRIC_REPRESENTATION_CONTEXT() REPRESENTATION_CONTEXT('2D SPACE',''
  ) );
#526 = ORIENTED_EDGE('',*,*,#527,.T.);
#527 = EDGE_CURVE('',#500,#528,#530,.T.);
#528 = VERTEX_POINT('',#529);
#529 = CARTESIAN_POINT('',(-0.5,0.83,5.08));
#530 = SURFACE_CURVE('',#531,(#536,#547),.PCURVE_S1.);
#531 = CIRCLE('',#532,0.16);
#532 = AXIS2_PLACEMENT_3D('',#533,#534,#535);
#533 = CARTESIAN_POINT('',(-0.5,0.83,4.92));
#534 = DIRECTION('',(-1.,0.,0.));
#535 = DIRECTION('',(0.,-1.,0.));
#536 = PCURVE('',#152,#537);
#537 = DEFINITIONAL_REPRESENTATION('',(#538),#546);
#538 = ( BOUNDED_CURVE() B_SPLINE_CURVE(2,(#539,#540,#541,#542,#543,#544
,#545),.UNSPECIFIED.,.T.,.F.) B_SPLINE_CURVE_WITH_KNOTS((1,2,2,2,2,1),(
    -2.094395102393,0.,2.094395102393,4.188790204786,6.28318530718,
8.377580409573),.UNSPECIFIED.) CURVE() GEOMETRIC_REPRESENTATION_ITEM() 
RATIONAL_B_SPLINE_CURVE((1.,0.5,1.,0.5,1.,0.5,1.)) REPRESENTATION_ITEM(
  '') );
#539 = CARTESIAN_POINT('',(-5.28,-7.12));
#540 = CARTESIAN_POINT('',(-5.002871870789,-7.12));
#541 = CARTESIAN_POINT('',(-5.141435935394,-7.36));
#542 = CARTESIAN_POINT('',(-5.28,-7.6));
#543 = CARTESIAN_POINT('',(-5.418564064606,-7.36));
#544 = CARTESIAN_POINT('',(-5.557128129211,-7.12));
#545 = CARTESIAN_POINT('',(-5.28,-7.12));
#546 = ( GEOMETRIC_REPRESENTATION_CONTEXT(2) 
PARAMETRIC_REPRESENTATION_CONTEXT() REPRESENTATION_CONTEXT('2D SPACE',''
  ) );
#547 = PCURVE('',#548,#553);
#548 = TOROIDAL_SURFACE('',#549,0.16,8.E-02);
#549 = AXIS2_PLACEMENT_3D('',#550,#551,#552);
#550 = CARTESIAN_POINT('',(-0.42,0.83,4.92));
#551 = DIRECTION('',(-1.,-0.,0.));
#552 = DIRECTION('',(0.,-1.,0.));
#553 = DEFINITIONAL_REPRESENTATION('',(#554),#558);
#554 = LINE('',#555,#556);
#555 = CARTESIAN_POINT('',(0.,1.570796326795));
#556 = VECTOR('',#557,1.);
#557 = DIRECTION('',(1.,0.));
#558 = ( GEOMETRIC_REPRESENTATION_CONTEXT(2) 
PARAMETRIC_REPRESENTATION_CONTEXT() REPRESENTATION_CONTEXT('2D SPACE',''
  ) );
#559 = ORIENTED_EDGE('',*,*,#560,.T.);
#560 = EDGE_CURVE('',#528,#561,#563,.T.);
#561 = VERTEX_POINT('',#562);
#562 = CARTESIAN_POINT('',(-0.5,1.37,5.08));
#563 = SURFACE_CURVE('',#564,(#568,#575),.PCURVE_S1.);
#564 = LINE('',#565,#566);
#565 = CARTESIAN_POINT('',(-0.5,0.75,5.08));
#566 = VECTOR('',#567,1.);
#567 = DIRECTION('',(-0.,1.,0.));
#568 = PCURVE('',#152,#569);
#569 = DEFINITIONAL_REPRESENTATION('',(#570),#574);
#570 = LINE('',#571,#572);
#571 = CARTESIAN_POINT('',(-5.12,-7.2));
#572 = VECTOR('',#573,1.);
#573 = DIRECTION('',(0.,-1.));
#574 = ( GEOMETRIC_REPRESENTATION_CONTEXT(2) 
PARAMETRIC_REPRESENTATION_CONTEXT() REPRESENTATION_CONTEXT('2D SPACE',''
  ) );
#575 = PCURVE('',#576,#581);
#576 = CYLINDRICAL_SURFACE('',#577,8.E-02);
#577 = AXIS2_PLACEMENT_3D('',#578,#579,#580);
#578 = CARTESIAN_POINT('',(-0.42,0.75,5.08));
#579 = DIRECTION('',(-0.,1.,0.));
#580 = DIRECTION('',(-1.,-0.,0.));
#581 = DEFINITIONAL_REPRESENTATION('',(#582),#586);
#582 = LINE('',#583,#584);
#583 = CARTESIAN_POINT('',(-0.,0.));
#584 = VECTOR('',#585,1.);
#585 = DIRECTION('',(-0.,1.));
#586 = ( GEOMETRIC_REPRESENTATION_CONTEXT(2) 
PARAMETRIC_REPRESENTATION_CONTEXT() REPRESENTATION_CONTEXT('2D SPACE',''
  ) );
#587 = ORIENTED_EDGE('',*,*,#588,.F.);
#588 = EDGE_CURVE('',#144,#561,#589,.T.);
#589 = SURFACE_CURVE('',#590,(#594,#601),.PCURVE_S1.);
#590 = LINE('',#591,#592);
#591 = CARTESIAN_POINT('',(-0.5,1.37,10.75));
#592 = VECTOR('',#593,1.);
#593 = DIRECTION('',(0.,0.,-1.));
#594 = PCURVE('',#152,#595);
#595 = DEFINITIONAL_REPRESENTATION('',(#596),#600);
#596 = LINE('',#597,#598);
#597 = CARTESIAN_POINT('',(0.55,-7.82));
#598 = VECTOR('',#599,1.);
#599 = DIRECTION('',(-1.,0.));
#600 = ( GEOMETRIC_REPRESENTATION_CONTEXT(2) 
PARAMETRIC_REPRESENTATION_CONTEXT() REPRESENTATION_CONTEXT('2D SPACE',''
  ) );
#601 = PCURVE('',#602,#607);
#602 = CYLINDRICAL_SURFACE('',#603,8.E-02);
#603 = AXIS2_PLACEMENT_3D('',#604,#605,#606);
#604 = CARTESIAN_POINT('',(-0.42,1.37,10.75));
#605 = DIRECTION('',(0.,0.,-1.));
#606 = DIRECTION('',(-1.,-0.,-0.));
#607 = DEFINITIONAL_REPRESENTATION('',(#608),#612);
#608 = LINE('',#609,#610);
#609 = CARTESIAN_POINT('',(0.,0.));
#610 = VECTOR('',#611,1.);
#611 = DIRECTION('',(0.,1.));
#612 = ( GEOMETRIC_REPRESENTATION_CONTEXT(2) 
PARAMETRIC_REPRESENTATION_CONTEXT() REPRESENTATION_CONTEXT('2D SPACE',''
  ) );
#613 = ADVANCED_FACE('',(#614),#164,.T.);
#614 = FACE_BOUND('',#615,.T.);
#615 = EDGE_LOOP('',(#616,#617,#646,#674));
#616 = ORIENTED_EDGE('',*,*,#141,.F.);
#617 = ORIENTED_EDGE('',*,*,#618,.T.);
#618 = EDGE_CURVE('',#142,#619,#621,.T.);
#619 = VERTEX_POINT('',#620);
#620 = CARTESIAN_POINT('',(-5.E-02,-6.37,11.2));
#621 = SURFACE_CURVE('',#622,(#627,#634),.PCURVE_S1.);
#622 = CIRCLE('',#623,0.45);
#623 = AXIS2_PLACEMENT_3D('',#624,#625,#626);
#624 = CARTESIAN_POINT('',(-5.E-02,-6.37,10.75));
#625 = DIRECTION('',(-0.,1.,0.));
#626 = DIRECTION('',(-1.,-0.,0.));
#627 = PCURVE('',#164,#628);
#628 = DEFINITIONAL_REPRESENTATION('',(#629),#633);
#629 = LINE('',#630,#631);
#630 = CARTESIAN_POINT('',(0.,8.E-02));
#631 = VECTOR('',#632,1.);
#632 = DIRECTION('',(1.,0.));
#633 = ( GEOMETRIC_REPRESENTATION_CONTEXT(2) 
PARAMETRIC_REPRESENTATION_CONTEXT() REPRESENTATION_CONTEXT('2D SPACE',''
  ) );
#634 = PCURVE('',#635,#640);
#635 = TOROIDAL_SURFACE('',#636,0.37,8.E-02);
#636 = AXIS2_PLACEMENT_3D('',#637,#638,#639);
#637 = CARTESIAN_POINT('',(-5.E-02,-6.37,10.75));
#638 = DIRECTION('',(0.,-1.,-0.));
#639 = DIRECTION('',(-1.,-0.,0.));
#640 = DEFINITIONAL_REPRESENTATION('',(#641),#645);
#641 = LINE('',#642,#643);
#642 = CARTESIAN_POINT('',(-0.,0.));
#643 = VECTOR('',#644,1.);
#644 = DIRECTION('',(-1.,0.));
#645 = ( GEOMETRIC_REPRESENTATION_CONTEXT(2) 
PARAMETRIC_REPRESENTATION_CONTEXT() REPRESENTATION_CONTEXT('2D SPACE',''
  ) );
#646 = ORIENTED_EDGE('',*,*,#647,.T.);
#647 = EDGE_CURVE('',#619,#648,#650,.T.);
#648 = VERTEX_POINT('',#649);
#649 = CARTESIAN_POINT('',(-5.E-02,1.37,11.2));
#650 = SURFACE_CURVE('',#651,(#655,#662),.PCURVE_S1.);
#651 = LINE('',#652,#653);
#652 = CARTESIAN_POINT('',(-5.E-02,-6.45,11.2));
#653 = VECTOR('',#654,1.);
#654 = DIRECTION('',(-0.,1.,0.));
#655 = PCURVE('',#164,#656);
#656 = DEFINITIONAL_REPRESENTATION('',(#657),#661);
#657 = LINE('',#658,#659);
#658 = CARTESIAN_POINT('',(1.570796326795,0.));
#659 = VECTOR('',#660,1.);
#660 = DIRECTION('',(0.,1.));
#661 = ( GEOMETRIC_REPRESENTATION_CONTEXT(2) 
PARAMETRIC_REPRESENTATION_CONTEXT() REPRESENTATION_CONTEXT('2D SPACE',''
  ) );
#662 = PCURVE('',#663,#668);
#663 = PLANE('',#664);
#664 = AXIS2_PLACEMENT_3D('',#665,#666,#667);
#665 = CARTESIAN_POINT('',(-0.5,-6.45,11.2));
#666 = DIRECTION('',(0.,0.,1.));
#667 = DIRECTION('',(1.,0.,-0.));
#668 = DEFINITIONAL_REPRESENTATION('',(#669),#673);
#669 = LINE('',#670,#671);
#670 = CARTESIAN_POINT('',(0.45,0.));
#671 = VECTOR('',#672,1.);
#672 = DIRECTION('',(0.,1.));
#673 = ( GEOMETRIC_REPRESENTATION_CONTEXT(2) 
PARAMETRIC_REPRESENTATION_CONTEXT() REPRESENTATION_CONTEXT('2D SPACE',''
  ) );
#674 = ORIENTED_EDGE('',*,*,#675,.T.);
#675 = EDGE_CURVE('',#648,#144,#676,.T.);
#676 = SURFACE_CURVE('',#677,(#682,#689),.PCURVE_S1.);
#677 = CIRCLE('',#678,0.45);
#678 = AXIS2_PLACEMENT_3D('',#679,#680,#681);
#679 = CARTESIAN_POINT('',(-5.E-02,1.37,10.75));
#680 = DIRECTION('',(0.,-1.,-0.));
#681 = DIRECTION('',(-2.467162276945E-16,-0.,1.));
#682 = PCURVE('',#164,#683);
#683 = DEFINITIONAL_REPRESENTATION('',(#684),#688);
#684 = LINE('',#685,#686);
#685 = CARTESIAN_POINT('',(1.570796326795,7.82));
#686 = VECTOR('',#687,1.);
#687 = DIRECTION('',(-1.,-0.));
#688 = ( GEOMETRIC_REPRESENTATION_CONTEXT(2) 
PARAMETRIC_REPRESENTATION_CONTEXT() REPRESENTATION_CONTEXT('2D SPACE',''
  ) );
#689 = PCURVE('',#690,#695);
#690 = TOROIDAL_SURFACE('',#691,0.37,8.E-02);
#691 = AXIS2_PLACEMENT_3D('',#692,#693,#694);
#692 = CARTESIAN_POINT('',(-5.E-02,1.37,10.75));
#693 = DIRECTION('',(-0.,1.,0.));
#694 = DIRECTION('',(-2.467162276945E-16,-0.,1.));
#695 = DEFINITIONAL_REPRESENTATION('',(#696),#700);
#696 = LINE('',#697,#698);
#697 = CARTESIAN_POINT('',(-0.,0.));
#698 = VECTOR('',#699,1.);
#699 = DIRECTION('',(-1.,0.));
#700 = ( GEOMETRIC_REPRESENTATION_CONTEXT(2) 
PARAMETRIC_REPRESENTATION_CONTEXT() REPRESENTATION_CONTEXT('2D SPACE',''
  ) );
#701 = ADVANCED_FACE('',(#702),#192,.T.);
#702 = FACE_BOUND('',#703,.T.);
#703 = EDGE_LOOP('',(#704,#705,#734,#762));
#704 = ORIENTED_EDGE('',*,*,#176,.F.);
#705 = ORIENTED_EDGE('',*,*,#706,.T.);
#706 = EDGE_CURVE('',#177,#707,#709,.T.);
#707 = VERTEX_POINT('',#708);
#708 = CARTESIAN_POINT('',(-0.42,-6.45,5.08));
#709 = SURFACE_CURVE('',#710,(#715,#722),.PCURVE_S1.);
#710 = CIRCLE('',#711,8.E-02);
#711 = AXIS2_PLACEMENT_3D('',#712,#713,#714);
#712 = CARTESIAN_POINT('',(-0.42,-6.37,5.08));
#713 = DIRECTION('',(0.,0.,1.));
#714 = DIRECTION('',(-1.,0.,0.));
#715 = PCURVE('',#192,#716);
#716 = DEFINITIONAL_REPRESENTATION('',(#717),#721);
#717 = LINE('',#718,#719);
#718 = CARTESIAN_POINT('',(0.,8.E-02));
#719 = VECTOR('',#720,1.);
#720 = DIRECTION('',(1.,0.));
#721 = ( GEOMETRIC_REPRESENTATION_CONTEXT(2) 
PARAMETRIC_REPRESENTATION_CONTEXT() REPRESENTATION_CONTEXT('2D SPACE',''
  ) );
#722 = PCURVE('',#723,#728);
#723 = SPHERICAL_SURFACE('',#724,8.E-02);
#724 = AXIS2_PLACEMENT_3D('',#725,#726,#727);
#725 = CARTESIAN_POINT('',(-0.42,-6.37,5.08));
#726 = DIRECTION('',(0.,0.,1.));
#727 = DIRECTION('',(-1.,0.,0.));
#728 = DEFINITIONAL_REPRESENTATION('',(#729),#733);
#729 = LINE('',#730,#731);
#730 = CARTESIAN_POINT('',(0.,0.));
#731 = VECTOR('',#732,1.);
#732 = DIRECTION('',(1.,0.));
#733 = ( GEOMETRIC_REPRESENTATION_CONTEXT(2) 
PARAMETRIC_REPRESENTATION_CONTEXT() REPRESENTATION_CONTEXT('2D SPACE',''
  ) );
#734 = ORIENTED_EDGE('',*,*,#735,.T.);
#735 = EDGE_CURVE('',#707,#736,#738,.T.);
#736 = VERTEX_POINT('',#737);
#737 = CARTESIAN_POINT('',(-0.42,-6.45,10.75));
#738 = SURFACE_CURVE('',#739,(#743,#750),.PCURVE_S1.);
#739 = LINE('',#740,#741);
#740 = CARTESIAN_POINT('',(-0.42,-6.45,5.));
#741 = VECTOR('',#742,1.);
#742 = DIRECTION('',(0.,0.,1.));
#743 = PCURVE('',#192,#744);
#744 = DEFINITIONAL_REPRESENTATION('',(#745),#749);
#745 = LINE('',#746,#747);
#746 = CARTESIAN_POINT('',(1.570796326795,0.));
#747 = VECTOR('',#748,1.);
#748 = DIRECTION('',(0.,1.));
#749 = ( GEOMETRIC_REPRESENTATION_CONTEXT(2) 
PARAMETRIC_REPRESENTATION_CONTEXT() REPRESENTATION_CONTEXT('2D SPACE',''
  ) );
#750 = PCURVE('',#751,#756);
#751 = PLANE('',#752);
#752 = AXIS2_PLACEMENT_3D('',#753,#754,#755);
#753 = CARTESIAN_POINT('',(-0.5,-6.45,10.2));
#754 = DIRECTION('',(-0.,1.,0.));
#755 = DIRECTION('',(0.,0.,1.));
#756 = DEFINITIONAL_REPRESENTATION('',(#757),#761);
#757 = LINE('',#758,#759);
#758 = CARTESIAN_POINT('',(-5.2,8.E-02));
#759 = VECTOR('',#760,1.);
#760 = DIRECTION('',(1.,0.));
#761 = ( GEOMETRIC_REPRESENTATION_CONTEXT(2) 
PARAMETRIC_REPRESENTATION_CONTEXT() REPRESENTATION_CONTEXT('2D SPACE',''
  ) );
#762 = ORIENTED_EDGE('',*,*,#763,.F.);
#763 = EDGE_CURVE('',#142,#736,#764,.T.);
#764 = SURFACE_CURVE('',#765,(#770,#776),.PCURVE_S1.);
#765 = CIRCLE('',#766,8.E-02);
#766 = AXIS2_PLACEMENT_3D('',#767,#768,#769);
#767 = CARTESIAN_POINT('',(-0.42,-6.37,10.75));
#768 = DIRECTION('',(0.,0.,1.));
#769 = DIRECTION('',(-1.,-0.,0.));
#770 = PCURVE('',#192,#771);
#771 = DEFINITIONAL_REPRESENTATION('',(#772),#775);
#772 = B_SPLINE_CURVE_WITH_KNOTS('',1,(#773,#774),.UNSPECIFIED.,.F.,.F.,
  (2,2),(0.,1.570796326795),.PIECEWISE_BEZIER_KNOTS.);
#773 = CARTESIAN_POINT('',(0.,5.75));
#774 = CARTESIAN_POINT('',(1.570796326795,5.75));
#775 = ( GEOMETRIC_REPRESENTATION_CONTEXT(2) 
PARAMETRIC_REPRESENTATION_CONTEXT() REPRESENTATION_CONTEXT('2D SPACE',''
  ) );
#776 = PCURVE('',#635,#777);
#777 = DEFINITIONAL_REPRESENTATION('',(#778),#781);
#778 = B_SPLINE_CURVE_WITH_KNOTS('',1,(#779,#780),.UNSPECIFIED.,.F.,.F.,
  (2,2),(0.,1.570796326795),.PIECEWISE_BEZIER_KNOTS.);
#779 = CARTESIAN_POINT('',(0.,0.));
#780 = CARTESIAN_POINT('',(0.,1.570796326795));
#781 = ( GEOMETRIC_REPRESENTATION_CONTEXT(2) 
PARAMETRIC_REPRESENTATION_CONTEXT() REPRESENTATION_CONTEXT('2D SPACE',''
  ) );
#782 = ADVANCED_FACE('',(#783),#602,.T.);
#783 = FACE_BOUND('',#784,.T.);
#784 = EDGE_LOOP('',(#785,#807,#835,#860));
#785 = ORIENTED_EDGE('',*,*,#786,.T.);
#786 = EDGE_CURVE('',#144,#787,#789,.T.);
#787 = VERTEX_POINT('',#788);
#788 = CARTESIAN_POINT('',(-0.42,1.45,10.75));
#789 = SURFACE_CURVE('',#790,(#795,#801),.PCURVE_S1.);
#790 = CIRCLE('',#791,8.E-02);
#791 = AXIS2_PLACEMENT_3D('',#792,#793,#794);
#792 = CARTESIAN_POINT('',(-0.42,1.37,10.75));
#793 = DIRECTION('',(-3.656071718792E-17,0.,-1.));
#794 = DIRECTION('',(-1.,-0.,3.656071718792E-17));
#795 = PCURVE('',#602,#796);
#796 = DEFINITIONAL_REPRESENTATION('',(#797),#800);
#797 = B_SPLINE_CURVE_WITH_KNOTS('',1,(#798,#799),.UNSPECIFIED.,.F.,.F.,
  (2,2),(0.,1.570796326795),.PIECEWISE_BEZIER_KNOTS.);
#798 = CARTESIAN_POINT('',(0.,0.));
#799 = CARTESIAN_POINT('',(1.570796326795,0.));
#800 = ( GEOMETRIC_REPRESENTATION_CONTEXT(2) 
PARAMETRIC_REPRESENTATION_CONTEXT() REPRESENTATION_CONTEXT('2D SPACE',''
  ) );
#801 = PCURVE('',#690,#802);
#802 = DEFINITIONAL_REPRESENTATION('',(#803),#806);
#803 = B_SPLINE_CURVE_WITH_KNOTS('',1,(#804,#805),.UNSPECIFIED.,.F.,.F.,
  (2,2),(0.,1.570796326795),.PIECEWISE_BEZIER_KNOTS.);
#804 = CARTESIAN_POINT('',(-1.570796326795,0.));
#805 = CARTESIAN_POINT('',(-1.570796326795,1.570796326795));
#806 = ( GEOMETRIC_REPRESENTATION_CONTEXT(2) 
PARAMETRIC_REPRESENTATION_CONTEXT() REPRESENTATION_CONTEXT('2D SPACE',''
  ) );
#807 = ORIENTED_EDGE('',*,*,#808,.T.);
#808 = EDGE_CURVE('',#787,#809,#811,.T.);
#809 = VERTEX_POINT('',#810);
#810 = CARTESIAN_POINT('',(-0.42,1.45,5.08));
#811 = SURFACE_CURVE('',#812,(#816,#823),.PCURVE_S1.);
#812 = LINE('',#813,#814);
#813 = CARTESIAN_POINT('',(-0.42,1.45,10.75));
#814 = VECTOR('',#815,1.);
#815 = DIRECTION('',(0.,0.,-1.));
#816 = PCURVE('',#602,#817);
#817 = DEFINITIONAL_REPRESENTATION('',(#818),#822);
#818 = LINE('',#819,#820);
#819 = CARTESIAN_POINT('',(1.570796326795,0.));
#820 = VECTOR('',#821,1.);
#821 = DIRECTION('',(0.,1.));
#822 = ( GEOMETRIC_REPRESENTATION_CONTEXT(2) 
PARAMETRIC_REPRESENTATION_CONTEXT() REPRESENTATION_CONTEXT('2D SPACE',''
  ) );
#823 = PCURVE('',#824,#829);
#824 = PLANE('',#825);
#825 = AXIS2_PLACEMENT_3D('',#826,#827,#828);
#826 = CARTESIAN_POINT('',(-0.5,1.45,10.2));
#827 = DIRECTION('',(-0.,1.,0.));
#828 = DIRECTION('',(0.,0.,1.));
#829 = DEFINITIONAL_REPRESENTATION('',(#830),#834);
#830 = LINE('',#831,#832);
#831 = CARTESIAN_POINT('',(0.55,8.E-02));
#832 = VECTOR('',#833,1.);
#833 = DIRECTION('',(-1.,0.));
#834 = ( GEOMETRIC_REPRESENTATION_CONTEXT(2) 
PARAMETRIC_REPRESENTATION_CONTEXT() REPRESENTATION_CONTEXT('2D SPACE',''
  ) );
#835 = ORIENTED_EDGE('',*,*,#836,.T.);
#836 = EDGE_CURVE('',#809,#561,#837,.T.);
#837 = SURFACE_CURVE('',#838,(#843,#849),.PCURVE_S1.);
#838 = CIRCLE('',#839,8.E-02);
#839 = AXIS2_PLACEMENT_3D('',#840,#841,#842);
#840 = CARTESIAN_POINT('',(-0.42,1.37,5.08));
#841 = DIRECTION('',(0.,0.,1.));
#842 = DIRECTION('',(-1.,0.,0.));
#843 = PCURVE('',#602,#844);
#844 = DEFINITIONAL_REPRESENTATION('',(#845),#848);
#845 = B_SPLINE_CURVE_WITH_KNOTS('',1,(#846,#847),.UNSPECIFIED.,.F.,.F.,
  (2,2),(4.712388980385,6.28318530718),.PIECEWISE_BEZIER_KNOTS.);
#846 = CARTESIAN_POINT('',(1.570796326795,5.67));
#847 = CARTESIAN_POINT('',(0.,5.67));
#848 = ( GEOMETRIC_REPRESENTATION_CONTEXT(2) 
PARAMETRIC_REPRESENTATION_CONTEXT() REPRESENTATION_CONTEXT('2D SPACE',''
  ) );
#849 = PCURVE('',#850,#855);
#850 = SPHERICAL_SURFACE('',#851,8.E-02);
#851 = AXIS2_PLACEMENT_3D('',#852,#853,#854);
#852 = CARTESIAN_POINT('',(-0.42,1.37,5.08));
#853 = DIRECTION('',(0.,-1.,-0.));
#854 = DIRECTION('',(-1.,-0.,0.));
#855 = DEFINITIONAL_REPRESENTATION('',(#856),#859);
#856 = B_SPLINE_CURVE_WITH_KNOTS('',1,(#857,#858),.UNSPECIFIED.,.F.,.F.,
  (2,2),(4.712388980385,6.28318530718),.PIECEWISE_BEZIER_KNOTS.);
#857 = CARTESIAN_POINT('',(0.,-1.570796326795));
#858 = CARTESIAN_POINT('',(0.,0.));
#859 = ( GEOMETRIC_REPRESENTATION_CONTEXT(2) 
PARAMETRIC_REPRESENTATION_CONTEXT() REPRESENTATION_CONTEXT('2D SPACE',''
  ) );
#860 = ORIENTED_EDGE('',*,*,#588,.F.);
#861 = ADVANCED_FACE('',(#862),#220,.T.);
#862 = FACE_BOUND('',#863,.F.);
#863 = EDGE_LOOP('',(#864,#886,#914,#934));
#864 = ORIENTED_EDGE('',*,*,#865,.F.);
#865 = EDGE_CURVE('',#866,#177,#868,.T.);
#866 = VERTEX_POINT('',#867);
#867 = CARTESIAN_POINT('',(-0.42,-6.37,5.));
#868 = SURFACE_CURVE('',#869,(#874,#880),.PCURVE_S1.);
#869 = CIRCLE('',#870,8.E-02);
#870 = AXIS2_PLACEMENT_3D('',#871,#872,#873);
#871 = CARTESIAN_POINT('',(-0.42,-6.37,5.08));
#872 = DIRECTION('',(0.,1.,-0.));
#873 = DIRECTION('',(-1.,0.,0.));
#874 = PCURVE('',#220,#875);
#875 = DEFINITIONAL_REPRESENTATION('',(#876),#879);
#876 = B_SPLINE_CURVE_WITH_KNOTS('',1,(#877,#878),.UNSPECIFIED.,.F.,.F.,
  (2,2),(4.712388980385,6.28318530718),.PIECEWISE_BEZIER_KNOTS.);
#877 = CARTESIAN_POINT('',(-1.570796326795,8.E-02));
#878 = CARTESIAN_POINT('',(0.,8.E-02));
#879 = ( GEOMETRIC_REPRESENTATION_CONTEXT(2) 
PARAMETRIC_REPRESENTATION_CONTEXT() REPRESENTATION_CONTEXT('2D SPACE',''
  ) );
#880 = PCURVE('',#723,#881);
#881 = DEFINITIONAL_REPRESENTATION('',(#882),#885);
#882 = B_SPLINE_CURVE_WITH_KNOTS('',1,(#883,#884),.UNSPECIFIED.,.F.,.F.,
  (2,2),(4.712388980385,6.28318530718),.PIECEWISE_BEZIER_KNOTS.);
#883 = CARTESIAN_POINT('',(0.,-1.570796326795));
#884 = CARTESIAN_POINT('',(0.,0.));
#885 = ( GEOMETRIC_REPRESENTATION_CONTEXT(2) 
PARAMETRIC_REPRESENTATION_CONTEXT() REPRESENTATION_CONTEXT('2D SPACE',''
  ) );
#886 = ORIENTED_EDGE('',*,*,#887,.T.);
#887 = EDGE_CURVE('',#866,#888,#890,.T.);
#888 = VERTEX_POINT('',#889);
#889 = CARTESIAN_POINT('',(-0.42,-5.83,5.));
#890 = SURFACE_CURVE('',#891,(#895,#902),.PCURVE_S1.);
#891 = LINE('',#892,#893);
#892 = CARTESIAN_POINT('',(-0.42,-6.45,5.));
#893 = VECTOR('',#894,1.);
#894 = DIRECTION('',(-0.,1.,0.));
#895 = PCURVE('',#220,#896);
#896 = DEFINITIONAL_REPRESENTATION('',(#897),#901);
#897 = LINE('',#898,#899);
#898 = CARTESIAN_POINT('',(-1.570796326795,0.));
#899 = VECTOR('',#900,1.);
#900 = DIRECTION('',(-0.,1.));
#901 = ( GEOMETRIC_REPRESENTATION_CONTEXT(2) 
PARAMETRIC_REPRESENTATION_CONTEXT() REPRESENTATION_CONTEXT('2D SPACE',''
  ) );
#902 = PCURVE('',#903,#908);
#903 = PLANE('',#904);
#904 = AXIS2_PLACEMENT_3D('',#905,#906,#907);
#905 = CARTESIAN_POINT('',(-0.5,-6.45,5.));
#906 = DIRECTION('',(0.,0.,1.));
#907 = DIRECTION('',(1.,0.,-0.));
#908 = DEFINITIONAL_REPRESENTATION('',(#909),#913);
#909 = LINE('',#910,#911);
#910 = CARTESIAN_POINT('',(8.E-02,0.));
#911 = VECTOR('',#912,1.);
#912 = DIRECTION('',(0.,1.));
#913 = ( GEOMETRIC_REPRESENTATION_CONTEXT(2) 
PARAMETRIC_REPRESENTATION_CONTEXT() REPRESENTATION_CONTEXT('2D SPACE',''
  ) );
#914 = ORIENTED_EDGE('',*,*,#915,.F.);
#915 = EDGE_CURVE('',#205,#888,#916,.T.);
#916 = SURFACE_CURVE('',#917,(#922,#928),.PCURVE_S1.);
#917 = CIRCLE('',#918,8.E-02);
#918 = AXIS2_PLACEMENT_3D('',#919,#920,#921);
#919 = CARTESIAN_POINT('',(-0.42,-5.83,5.08));
#920 = DIRECTION('',(0.,-1.,0.));
#921 = DIRECTION('',(0.,0.,1.));
#922 = PCURVE('',#220,#923);
#923 = DEFINITIONAL_REPRESENTATION('',(#924),#927);
#924 = B_SPLINE_CURVE_WITH_KNOTS('',1,(#925,#926),.UNSPECIFIED.,.F.,.F.,
  (2,2),(1.570796326795,3.14159265359),.PIECEWISE_BEZIER_KNOTS.);
#925 = CARTESIAN_POINT('',(0.,0.62));
#926 = CARTESIAN_POINT('',(-1.570796326795,0.62));
#927 = ( GEOMETRIC_REPRESENTATION_CONTEXT(2) 
PARAMETRIC_REPRESENTATION_CONTEXT() REPRESENTATION_CONTEXT('2D SPACE',''
  ) );
#928 = PCURVE('',#253,#929);
#929 = DEFINITIONAL_REPRESENTATION('',(#930),#933);
#930 = B_SPLINE_CURVE_WITH_KNOTS('',1,(#931,#932),.UNSPECIFIED.,.F.,.F.,
  (2,2),(1.570796326795,3.14159265359),.PIECEWISE_BEZIER_KNOTS.);
#931 = CARTESIAN_POINT('',(0.,1.570796326795));
#932 = CARTESIAN_POINT('',(0.,3.14159265359));
#933 = ( GEOMETRIC_REPRESENTATION_CONTEXT(2) 
PARAMETRIC_REPRESENTATION_CONTEXT() REPRESENTATION_CONTEXT('2D SPACE',''
  ) );
#934 = ORIENTED_EDGE('',*,*,#204,.F.);
#935 = ADVANCED_FACE('',(#936),#576,.T.);
#936 = FACE_BOUND('',#937,.F.);
#937 = EDGE_LOOP('',(#938,#960,#988,#1010));
#938 = ORIENTED_EDGE('',*,*,#939,.T.);
#939 = EDGE_CURVE('',#528,#940,#942,.T.);
#940 = VERTEX_POINT('',#941);
#941 = CARTESIAN_POINT('',(-0.42,0.83,5.));
#942 = SURFACE_CURVE('',#943,(#948,#954),.PCURVE_S1.);
#943 = CIRCLE('',#944,8.E-02);
#944 = AXIS2_PLACEMENT_3D('',#945,#946,#947);
#945 = CARTESIAN_POINT('',(-0.42,0.83,5.08));
#946 = DIRECTION('',(0.,-1.,-6.123233995737E-17));
#947 = DIRECTION('',(0.,-6.123233995737E-17,1.));
#948 = PCURVE('',#576,#949);
#949 = DEFINITIONAL_REPRESENTATION('',(#950),#953);
#950 = B_SPLINE_CURVE_WITH_KNOTS('',1,(#951,#952),.UNSPECIFIED.,.F.,.F.,
  (2,2),(1.570796326795,3.14159265359),.PIECEWISE_BEZIER_KNOTS.);
#951 = CARTESIAN_POINT('',(0.,8.E-02));
#952 = CARTESIAN_POINT('',(-1.570796326795,8.E-02));
#953 = ( GEOMETRIC_REPRESENTATION_CONTEXT(2) 
PARAMETRIC_REPRESENTATION_CONTEXT() REPRESENTATION_CONTEXT('2D SPACE',''
  ) );
#954 = PCURVE('',#548,#955);
#955 = DEFINITIONAL_REPRESENTATION('',(#956),#959);
#956 = B_SPLINE_CURVE_WITH_KNOTS('',1,(#957,#958),.UNSPECIFIED.,.F.,.F.,
  (2,2),(1.570796326795,3.14159265359),.PIECEWISE_BEZIER_KNOTS.);
#957 = CARTESIAN_POINT('',(1.570796326795,1.570796326795));
#958 = CARTESIAN_POINT('',(1.570796326795,3.14159265359));
#959 = ( GEOMETRIC_REPRESENTATION_CONTEXT(2) 
PARAMETRIC_REPRESENTATION_CONTEXT() REPRESENTATION_CONTEXT('2D SPACE',''
  ) );
#960 = ORIENTED_EDGE('',*,*,#961,.T.);
#961 = EDGE_CURVE('',#940,#962,#964,.T.);
#962 = VERTEX_POINT('',#963);
#963 = CARTESIAN_POINT('',(-0.42,1.37,5.));
#964 = SURFACE_CURVE('',#965,(#969,#976),.PCURVE_S1.);
#965 = LINE('',#966,#967);
#966 = CARTESIAN_POINT('',(-0.42,0.75,5.));
#967 = VECTOR('',#968,1.);
#968 = DIRECTION('',(-0.,1.,0.));
#969 = PCURVE('',#576,#970);
#970 = DEFINITIONAL_REPRESENTATION('',(#971),#975);
#971 = LINE('',#972,#973);
#972 = CARTESIAN_POINT('',(-1.570796326795,0.));
#973 = VECTOR('',#974,1.);
#974 = DIRECTION('',(-0.,1.));
#975 = ( GEOMETRIC_REPRESENTATION_CONTEXT(2) 
PARAMETRIC_REPRESENTATION_CONTEXT() REPRESENTATION_CONTEXT('2D SPACE',''
  ) );
#976 = PCURVE('',#977,#982);
#977 = PLANE('',#978);
#978 = AXIS2_PLACEMENT_3D('',#979,#980,#981);
#979 = CARTESIAN_POINT('',(-0.5,-6.45,5.));
#980 = DIRECTION('',(0.,0.,1.));
#981 = DIRECTION('',(1.,0.,-0.));
#982 = DEFINITIONAL_REPRESENTATION('',(#983),#987);
#983 = LINE('',#984,#985);
#984 = CARTESIAN_POINT('',(8.E-02,7.2));
#985 = VECTOR('',#986,1.);
#986 = DIRECTION('',(0.,1.));
#987 = ( GEOMETRIC_REPRESENTATION_CONTEXT(2) 
PARAMETRIC_REPRESENTATION_CONTEXT() REPRESENTATION_CONTEXT('2D SPACE',''
  ) );
#988 = ORIENTED_EDGE('',*,*,#989,.F.);
#989 = EDGE_CURVE('',#561,#962,#990,.T.);
#990 = SURFACE_CURVE('',#991,(#996,#1003),.PCURVE_S1.);
#991 = CIRCLE('',#992,8.E-02);
#992 = AXIS2_PLACEMENT_3D('',#993,#994,#995);
#993 = CARTESIAN_POINT('',(-0.42,1.37,5.08));
#994 = DIRECTION('',(0.,-1.,-0.));
#995 = DIRECTION('',(-1.,-0.,0.));
#996 = PCURVE('',#576,#997);
#997 = DEFINITIONAL_REPRESENTATION('',(#998),#1002);
#998 = LINE('',#999,#1000);
#999 = CARTESIAN_POINT('',(-0.,0.62));
#1000 = VECTOR('',#1001,1.);
#1001 = DIRECTION('',(-1.,0.));
#1002 = ( GEOMETRIC_REPRESENTATION_CONTEXT(2) 
PARAMETRIC_REPRESENTATION_CONTEXT() REPRESENTATION_CONTEXT('2D SPACE',''
  ) );
#1003 = PCURVE('',#850,#1004);
#1004 = DEFINITIONAL_REPRESENTATION('',(#1005),#1009);
#1005 = LINE('',#1006,#1007);
#1006 = CARTESIAN_POINT('',(0.,0.));
#1007 = VECTOR('',#1008,1.);
#1008 = DIRECTION('',(1.,0.));
#1009 = ( GEOMETRIC_REPRESENTATION_CONTEXT(2) 
PARAMETRIC_REPRESENTATION_CONTEXT() REPRESENTATION_CONTEXT('2D SPACE',''
  ) );
#1010 = ORIENTED_EDGE('',*,*,#560,.F.);
#1011 = ADVANCED_FACE('',(#1012),#253,.T.);
#1012 = FACE_BOUND('',#1013,.T.);
#1013 = EDGE_LOOP('',(#1014,#1015,#1016,#1038));
#1014 = ORIENTED_EDGE('',*,*,#915,.F.);
#1015 = ORIENTED_EDGE('',*,*,#232,.T.);
#1016 = ORIENTED_EDGE('',*,*,#1017,.T.);
#1017 = EDGE_CURVE('',#233,#1018,#1020,.T.);
#1018 = VERTEX_POINT('',#1019);
#1019 = CARTESIAN_POINT('',(-0.42,-5.75,4.92));
#1020 = SURFACE_CURVE('',#1021,(#1026,#1032),.PCURVE_S1.);
#1021 = CIRCLE('',#1022,8.E-02);
#1022 = AXIS2_PLACEMENT_3D('',#1023,#1024,#1025);
#1023 = CARTESIAN_POINT('',(-0.42,-5.67,4.92));
#1024 = DIRECTION('',(0.,-6.123233995737E-17,1.));
#1025 = DIRECTION('',(0.,1.,6.123233995737E-17));
#1026 = PCURVE('',#253,#1027);
#1027 = DEFINITIONAL_REPRESENTATION('',(#1028),#1031);
#1028 = B_SPLINE_CURVE_WITH_KNOTS('',1,(#1029,#1030),.UNSPECIFIED.,.F.,
  .F.,(2,2),(1.570796326795,3.14159265359),.PIECEWISE_BEZIER_KNOTS.);
#1029 = CARTESIAN_POINT('',(1.570796326795,1.570796326795));
#1030 = CARTESIAN_POINT('',(1.570796326795,3.14159265359));
#1031 = ( GEOMETRIC_REPRESENTATION_CONTEXT(2) 
PARAMETRIC_REPRESENTATION_CONTEXT() REPRESENTATION_CONTEXT('2D SPACE',''
  ) );
#1032 = PCURVE('',#281,#1033);
#1033 = DEFINITIONAL_REPRESENTATION('',(#1034),#1037);
#1034 = B_SPLINE_CURVE_WITH_KNOTS('',1,(#1035,#1036),.UNSPECIFIED.,.F.,
  .F.,(2,2),(1.570796326795,3.14159265359),.PIECEWISE_BEZIER_KNOTS.);
#1035 = CARTESIAN_POINT('',(0.,4.92));
#1036 = CARTESIAN_POINT('',(1.570796326795,4.92));
#1037 = ( GEOMETRIC_REPRESENTATION_CONTEXT(2) 
PARAMETRIC_REPRESENTATION_CONTEXT() REPRESENTATION_CONTEXT('2D SPACE',''
  ) );
#1038 = ORIENTED_EDGE('',*,*,#1039,.F.);
#1039 = EDGE_CURVE('',#888,#1018,#1040,.T.);
#1040 = SURFACE_CURVE('',#1041,(#1046,#1053),.PCURVE_S1.);
#1041 = CIRCLE('',#1042,8.E-02);
#1042 = AXIS2_PLACEMENT_3D('',#1043,#1044,#1045);
#1043 = CARTESIAN_POINT('',(-0.42,-5.83,4.92));
#1044 = DIRECTION('',(-1.,-0.,0.));
#1045 = DIRECTION('',(0.,0.,1.));
#1046 = PCURVE('',#253,#1047);
#1047 = DEFINITIONAL_REPRESENTATION('',(#1048),#1052);
#1048 = LINE('',#1049,#1050);
#1049 = CARTESIAN_POINT('',(0.,3.14159265359));
#1050 = VECTOR('',#1051,1.);
#1051 = DIRECTION('',(1.,0.));
#1052 = ( GEOMETRIC_REPRESENTATION_CONTEXT(2) 
PARAMETRIC_REPRESENTATION_CONTEXT() REPRESENTATION_CONTEXT('2D SPACE',''
  ) );
#1053 = PCURVE('',#1054,#1059);
#1054 = CYLINDRICAL_SURFACE('',#1055,8.E-02);
#1055 = AXIS2_PLACEMENT_3D('',#1056,#1057,#1058);
#1056 = CARTESIAN_POINT('',(0.5,-5.83,4.92));
#1057 = DIRECTION('',(-1.,-0.,0.));
#1058 = DIRECTION('',(0.,0.,1.));
#1059 = DEFINITIONAL_REPRESENTATION('',(#1060),#1064);
#1060 = LINE('',#1061,#1062);
#1061 = CARTESIAN_POINT('',(0.,0.92));
#1062 = VECTOR('',#1063,1.);
#1063 = DIRECTION('',(1.,0.));
#1064 = ( GEOMETRIC_REPRESENTATION_CONTEXT(2) 
PARAMETRIC_REPRESENTATION_CONTEXT() REPRESENTATION_CONTEXT('2D SPACE',''
  ) );
#1065 = ADVANCED_FACE('',(#1066),#548,.T.);
#1066 = FACE_BOUND('',#1067,.T.);
#1067 = EDGE_LOOP('',(#1068,#1090,#1091,#1092));
#1068 = ORIENTED_EDGE('',*,*,#1069,.F.);
#1069 = EDGE_CURVE('',#500,#1070,#1072,.T.);
#1070 = VERTEX_POINT('',#1071);
#1071 = CARTESIAN_POINT('',(-0.42,0.75,4.92));
#1072 = SURFACE_CURVE('',#1073,(#1078,#1084),.PCURVE_S1.);
#1073 = CIRCLE('',#1074,8.E-02);
#1074 = AXIS2_PLACEMENT_3D('',#1075,#1076,#1077);
#1075 = CARTESIAN_POINT('',(-0.42,0.67,4.92));
#1076 = DIRECTION('',(0.,-0.,-1.));
#1077 = DIRECTION('',(0.,-1.,0.));
#1078 = PCURVE('',#548,#1079);
#1079 = DEFINITIONAL_REPRESENTATION('',(#1080),#1083);
#1080 = B_SPLINE_CURVE_WITH_KNOTS('',1,(#1081,#1082),.UNSPECIFIED.,.F.,
  .F.,(2,2),(1.570796326795,3.14159265359),.PIECEWISE_BEZIER_KNOTS.);
#1081 = CARTESIAN_POINT('',(0.,1.570796326795));
#1082 = CARTESIAN_POINT('',(0.,3.14159265359));
#1083 = ( GEOMETRIC_REPRESENTATION_CONTEXT(2) 
PARAMETRIC_REPRESENTATION_CONTEXT() REPRESENTATION_CONTEXT('2D SPACE',''
  ) );
#1084 = PCURVE('',#515,#1085);
#1085 = DEFINITIONAL_REPRESENTATION('',(#1086),#1089);
#1086 = B_SPLINE_CURVE_WITH_KNOTS('',1,(#1087,#1088),.UNSPECIFIED.,.F.,
  .F.,(2,2),(1.570796326795,3.14159265359),.PIECEWISE_BEZIER_KNOTS.);
#1087 = CARTESIAN_POINT('',(0.,4.92));
#1088 = CARTESIAN_POINT('',(-1.570796326795,4.92));
#1089 = ( GEOMETRIC_REPRESENTATION_CONTEXT(2) 
PARAMETRIC_REPRESENTATION_CONTEXT() REPRESENTATION_CONTEXT('2D SPACE',''
  ) );
#1090 = ORIENTED_EDGE('',*,*,#527,.T.);
#1091 = ORIENTED_EDGE('',*,*,#939,.T.);
#1092 = ORIENTED_EDGE('',*,*,#1093,.F.);
#1093 = EDGE_CURVE('',#1070,#940,#1094,.T.);
#1094 = SURFACE_CURVE('',#1095,(#1100,#1107),.PCURVE_S1.);
#1095 = CIRCLE('',#1096,8.E-02);
#1096 = AXIS2_PLACEMENT_3D('',#1097,#1098,#1099);
#1097 = CARTESIAN_POINT('',(-0.42,0.83,4.92));
#1098 = DIRECTION('',(-1.,0.,0.));
#1099 = DIRECTION('',(0.,-1.,0.));
#1100 = PCURVE('',#548,#1101);
#1101 = DEFINITIONAL_REPRESENTATION('',(#1102),#1106);
#1102 = LINE('',#1103,#1104);
#1103 = CARTESIAN_POINT('',(0.,3.14159265359));
#1104 = VECTOR('',#1105,1.);
#1105 = DIRECTION('',(1.,0.));
#1106 = ( GEOMETRIC_REPRESENTATION_CONTEXT(2) 
PARAMETRIC_REPRESENTATION_CONTEXT() REPRESENTATION_CONTEXT('2D SPACE',''
  ) );
#1107 = PCURVE('',#1108,#1113);
#1108 = CYLINDRICAL_SURFACE('',#1109,8.E-02);
#1109 = AXIS2_PLACEMENT_3D('',#1110,#1111,#1112);
#1110 = CARTESIAN_POINT('',(0.5,0.83,4.92));
#1111 = DIRECTION('',(-1.,-0.,0.));
#1112 = DIRECTION('',(0.,-1.,-0.));
#1113 = DEFINITIONAL_REPRESENTATION('',(#1114),#1118);
#1114 = LINE('',#1115,#1116);
#1115 = CARTESIAN_POINT('',(0.,0.92));
#1116 = VECTOR('',#1117,1.);
#1117 = DIRECTION('',(1.,0.));
#1118 = ( GEOMETRIC_REPRESENTATION_CONTEXT(2) 
PARAMETRIC_REPRESENTATION_CONTEXT() REPRESENTATION_CONTEXT('2D SPACE',''
  ) );
#1119 = ADVANCED_FACE('',(#1120),#281,.T.);
#1120 = FACE_BOUND('',#1121,.T.);
#1121 = EDGE_LOOP('',(#1122,#1123,#1152,#1178));
#1122 = ORIENTED_EDGE('',*,*,#265,.F.);
#1123 = ORIENTED_EDGE('',*,*,#1124,.T.);
#1124 = EDGE_CURVE('',#266,#1125,#1127,.T.);
#1125 = VERTEX_POINT('',#1126);
#1126 = CARTESIAN_POINT('',(-0.42,-5.75,8.E-02));
#1127 = SURFACE_CURVE('',#1128,(#1133,#1140),.PCURVE_S1.);
#1128 = CIRCLE('',#1129,8.E-02);
#1129 = AXIS2_PLACEMENT_3D('',#1130,#1131,#1132);
#1130 = CARTESIAN_POINT('',(-0.42,-5.67,8.E-02));
#1131 = DIRECTION('',(0.,0.,1.));
#1132 = DIRECTION('',(-1.,0.,0.));
#1133 = PCURVE('',#281,#1134);
#1134 = DEFINITIONAL_REPRESENTATION('',(#1135),#1139);
#1135 = LINE('',#1136,#1137);
#1136 = CARTESIAN_POINT('',(0.,8.E-02));
#1137 = VECTOR('',#1138,1.);
#1138 = DIRECTION('',(1.,0.));
#1139 = ( GEOMETRIC_REPRESENTATION_CONTEXT(2) 
PARAMETRIC_REPRESENTATION_CONTEXT() REPRESENTATION_CONTEXT('2D SPACE',''
  ) );
#1140 = PCURVE('',#1141,#1146);
#1141 = SPHERICAL_SURFACE('',#1142,8.E-02);
#1142 = AXIS2_PLACEMENT_3D('',#1143,#1144,#1145);
#1143 = CARTESIAN_POINT('',(-0.42,-5.67,8.E-02));
#1144 = DIRECTION('',(0.,0.,1.));
#1145 = DIRECTION('',(-1.,0.,0.));
#1146 = DEFINITIONAL_REPRESENTATION('',(#1147),#1151);
#1147 = LINE('',#1148,#1149);
#1148 = CARTESIAN_POINT('',(0.,0.));
#1149 = VECTOR('',#1150,1.);
#1150 = DIRECTION('',(1.,0.));
#1151 = ( GEOMETRIC_REPRESENTATION_CONTEXT(2) 
PARAMETRIC_REPRESENTATION_CONTEXT() REPRESENTATION_CONTEXT('2D SPACE',''
  ) );
#1152 = ORIENTED_EDGE('',*,*,#1153,.T.);
#1153 = EDGE_CURVE('',#1125,#1018,#1154,.T.);
#1154 = SURFACE_CURVE('',#1155,(#1159,#1166),.PCURVE_S1.);
#1155 = LINE('',#1156,#1157);
#1156 = CARTESIAN_POINT('',(-0.42,-5.75,0.));
#1157 = VECTOR('',#1158,1.);
#1158 = DIRECTION('',(0.,0.,1.));
#1159 = PCURVE('',#281,#1160);
#1160 = DEFINITIONAL_REPRESENTATION('',(#1161),#1165);
#1161 = LINE('',#1162,#1163);
#1162 = CARTESIAN_POINT('',(1.570796326795,0.));
#1163 = VECTOR('',#1164,1.);
#1164 = DIRECTION('',(0.,1.));
#1165 = ( GEOMETRIC_REPRESENTATION_CONTEXT(2) 
PARAMETRIC_REPRESENTATION_CONTEXT() REPRESENTATION_CONTEXT('2D SPACE',''
  ) );
#1166 = PCURVE('',#1167,#1172);
#1167 = PLANE('',#1168);
#1168 = AXIS2_PLACEMENT_3D('',#1169,#1170,#1171);
#1169 = CARTESIAN_POINT('',(-0.5,-5.75,0.));
#1170 = DIRECTION('',(-0.,1.,0.));
#1171 = DIRECTION('',(0.,0.,1.));
#1172 = DEFINITIONAL_REPRESENTATION('',(#1173),#1177);
#1173 = LINE('',#1174,#1175);
#1174 = CARTESIAN_POINT('',(0.,8.E-02));
#1175 = VECTOR('',#1176,1.);
#1176 = DIRECTION('',(1.,0.));
#1177 = ( GEOMETRIC_REPRESENTATION_CONTEXT(2) 
PARAMETRIC_REPRESENTATION_CONTEXT() REPRESENTATION_CONTEXT('2D SPACE',''
  ) );
#1178 = ORIENTED_EDGE('',*,*,#1017,.F.);
#1179 = ADVANCED_FACE('',(#1180),#515,.T.);
#1180 = FACE_BOUND('',#1181,.F.);
#1181 = EDGE_LOOP('',(#1182,#1209,#1235,#1236));
#1182 = ORIENTED_EDGE('',*,*,#1183,.F.);
#1183 = EDGE_CURVE('',#1184,#472,#1186,.T.);
#1184 = VERTEX_POINT('',#1185);
#1185 = CARTESIAN_POINT('',(-0.42,0.75,8.E-02));
#1186 = SURFACE_CURVE('',#1187,(#1192,#1198),.PCURVE_S1.);
#1187 = CIRCLE('',#1188,8.E-02);
#1188 = AXIS2_PLACEMENT_3D('',#1189,#1190,#1191);
#1189 = CARTESIAN_POINT('',(-0.42,0.67,8.E-02));
#1190 = DIRECTION('',(0.,0.,1.));
#1191 = DIRECTION('',(-1.,0.,0.));
#1192 = PCURVE('',#515,#1193);
#1193 = DEFINITIONAL_REPRESENTATION('',(#1194),#1197);
#1194 = B_SPLINE_CURVE_WITH_KNOTS('',1,(#1195,#1196),.UNSPECIFIED.,.F.,
  .F.,(2,2),(4.712388980385,6.28318530718),.PIECEWISE_BEZIER_KNOTS.);
#1195 = CARTESIAN_POINT('',(-1.570796326795,8.E-02));
#1196 = CARTESIAN_POINT('',(0.,8.E-02));
#1197 = ( GEOMETRIC_REPRESENTATION_CONTEXT(2) 
PARAMETRIC_REPRESENTATION_CONTEXT() REPRESENTATION_CONTEXT('2D SPACE',''
  ) );
#1198 = PCURVE('',#1199,#1204);
#1199 = SPHERICAL_SURFACE('',#1200,8.E-02);
#1200 = AXIS2_PLACEMENT_3D('',#1201,#1202,#1203);
#1201 = CARTESIAN_POINT('',(-0.42,0.67,8.E-02));
#1202 = DIRECTION('',(0.,-1.,-0.));
#1203 = DIRECTION('',(-1.,-0.,0.));
#1204 = DEFINITIONAL_REPRESENTATION('',(#1205),#1208);
#1205 = B_SPLINE_CURVE_WITH_KNOTS('',1,(#1206,#1207),.UNSPECIFIED.,.F.,
  .F.,(2,2),(4.712388980385,6.28318530718),.PIECEWISE_BEZIER_KNOTS.);
#1206 = CARTESIAN_POINT('',(0.,-1.570796326795));
#1207 = CARTESIAN_POINT('',(0.,0.));
#1208 = ( GEOMETRIC_REPRESENTATION_CONTEXT(2) 
PARAMETRIC_REPRESENTATION_CONTEXT() REPRESENTATION_CONTEXT('2D SPACE',''
  ) );
#1209 = ORIENTED_EDGE('',*,*,#1210,.T.);
#1210 = EDGE_CURVE('',#1184,#1070,#1211,.T.);
#1211 = SURFACE_CURVE('',#1212,(#1216,#1223),.PCURVE_S1.);
#1212 = LINE('',#1213,#1214);
#1213 = CARTESIAN_POINT('',(-0.42,0.75,0.));
#1214 = VECTOR('',#1215,1.);
#1215 = DIRECTION('',(0.,0.,1.));
#1216 = PCURVE('',#515,#1217);
#1217 = DEFINITIONAL_REPRESENTATION('',(#1218),#1222);
#1218 = LINE('',#1219,#1220);
#1219 = CARTESIAN_POINT('',(-1.570796326795,0.));
#1220 = VECTOR('',#1221,1.);
#1221 = DIRECTION('',(-0.,1.));
#1222 = ( GEOMETRIC_REPRESENTATION_CONTEXT(2) 
PARAMETRIC_REPRESENTATION_CONTEXT() REPRESENTATION_CONTEXT('2D SPACE',''
  ) );
#1223 = PCURVE('',#1224,#1229);
#1224 = PLANE('',#1225);
#1225 = AXIS2_PLACEMENT_3D('',#1226,#1227,#1228);
#1226 = CARTESIAN_POINT('',(-0.5,0.75,0.));
#1227 = DIRECTION('',(-0.,1.,0.));
#1228 = DIRECTION('',(0.,0.,1.));
#1229 = DEFINITIONAL_REPRESENTATION('',(#1230),#1234);
#1230 = LINE('',#1231,#1232);
#1231 = CARTESIAN_POINT('',(0.,8.E-02));
#1232 = VECTOR('',#1233,1.);
#1233 = DIRECTION('',(1.,0.));
#1234 = ( GEOMETRIC_REPRESENTATION_CONTEXT(2) 
PARAMETRIC_REPRESENTATION_CONTEXT() REPRESENTATION_CONTEXT('2D SPACE',''
  ) );
#1235 = ORIENTED_EDGE('',*,*,#1069,.F.);
#1236 = ORIENTED_EDGE('',*,*,#499,.F.);
#1237 = ADVANCED_FACE('',(#1238),#309,.T.);
#1238 = FACE_BOUND('',#1239,.F.);
#1239 = EDGE_LOOP('',(#1240,#1262,#1290,#1317));
#1240 = ORIENTED_EDGE('',*,*,#1241,.F.);
#1241 = EDGE_CURVE('',#1242,#266,#1244,.T.);
#1242 = VERTEX_POINT('',#1243);
#1243 = CARTESIAN_POINT('',(-0.42,-5.67,0.));
#1244 = SURFACE_CURVE('',#1245,(#1250,#1256),.PCURVE_S1.);
#1245 = CIRCLE('',#1246,8.E-02);
#1246 = AXIS2_PLACEMENT_3D('',#1247,#1248,#1249);
#1247 = CARTESIAN_POINT('',(-0.42,-5.67,8.E-02));
#1248 = DIRECTION('',(0.,1.,-0.));
#1249 = DIRECTION('',(-1.,0.,0.));
#1250 = PCURVE('',#309,#1251);
#1251 = DEFINITIONAL_REPRESENTATION('',(#1252),#1255);
#1252 = B_SPLINE_CURVE_WITH_KNOTS('',1,(#1253,#1254),.UNSPECIFIED.,.F.,
  .F.,(2,2),(4.712388980385,6.28318530718),.PIECEWISE_BEZIER_KNOTS.);
#1253 = CARTESIAN_POINT('',(-1.570796326795,8.E-02));
#1254 = CARTESIAN_POINT('',(0.,8.E-02));
#1255 = ( GEOMETRIC_REPRESENTATION_CONTEXT(2) 
PARAMETRIC_REPRESENTATION_CONTEXT() REPRESENTATION_CONTEXT('2D SPACE',''
  ) );
#1256 = PCURVE('',#1141,#1257);
#1257 = DEFINITIONAL_REPRESENTATION('',(#1258),#1261);
#1258 = B_SPLINE_CURVE_WITH_KNOTS('',1,(#1259,#1260),.UNSPECIFIED.,.F.,
  .F.,(2,2),(4.712388980385,6.28318530718),.PIECEWISE_BEZIER_KNOTS.);
#1259 = CARTESIAN_POINT('',(0.,-1.570796326795));
#1260 = CARTESIAN_POINT('',(0.,0.));
#1261 = ( GEOMETRIC_REPRESENTATION_CONTEXT(2) 
PARAMETRIC_REPRESENTATION_CONTEXT() REPRESENTATION_CONTEXT('2D SPACE',''
  ) );
#1262 = ORIENTED_EDGE('',*,*,#1263,.T.);
#1263 = EDGE_CURVE('',#1242,#1264,#1266,.T.);
#1264 = VERTEX_POINT('',#1265);
#1265 = CARTESIAN_POINT('',(-0.42,-4.33,-1.387778780781E-17));
#1266 = SURFACE_CURVE('',#1267,(#1271,#1278),.PCURVE_S1.);
#1267 = LINE('',#1268,#1269);
#1268 = CARTESIAN_POINT('',(-0.42,-5.75,-1.387778780781E-17));
#1269 = VECTOR('',#1270,1.);
#1270 = DIRECTION('',(-0.,1.,0.));
#1271 = PCURVE('',#309,#1272);
#1272 = DEFINITIONAL_REPRESENTATION('',(#1273),#1277);
#1273 = LINE('',#1274,#1275);
#1274 = CARTESIAN_POINT('',(-1.570796326795,0.));
#1275 = VECTOR('',#1276,1.);
#1276 = DIRECTION('',(-0.,1.));
#1277 = ( GEOMETRIC_REPRESENTATION_CONTEXT(2) 
PARAMETRIC_REPRESENTATION_CONTEXT() REPRESENTATION_CONTEXT('2D SPACE',''
  ) );
#1278 = PCURVE('',#1279,#1284);
#1279 = PLANE('',#1280);
#1280 = AXIS2_PLACEMENT_3D('',#1281,#1282,#1283);
#1281 = CARTESIAN_POINT('',(-0.5,-5.75,0.));
#1282 = DIRECTION('',(0.,0.,1.));
#1283 = DIRECTION('',(1.,0.,-0.));
#1284 = DEFINITIONAL_REPRESENTATION('',(#1285),#1289);
#1285 = LINE('',#1286,#1287);
#1286 = CARTESIAN_POINT('',(8.E-02,0.));
#1287 = VECTOR('',#1288,1.);
#1288 = DIRECTION('',(0.,1.));
#1289 = ( GEOMETRIC_REPRESENTATION_CONTEXT(2) 
PARAMETRIC_REPRESENTATION_CONTEXT() REPRESENTATION_CONTEXT('2D SPACE',''
  ) );
#1290 = ORIENTED_EDGE('',*,*,#1291,.F.);
#1291 = EDGE_CURVE('',#294,#1264,#1292,.T.);
#1292 = SURFACE_CURVE('',#1293,(#1298,#1305),.PCURVE_S1.);
#1293 = CIRCLE('',#1294,8.E-02);
#1294 = AXIS2_PLACEMENT_3D('',#1295,#1296,#1297);
#1295 = CARTESIAN_POINT('',(-0.42,-4.33,8.E-02));
#1296 = DIRECTION('',(0.,-1.,-0.));
#1297 = DIRECTION('',(-1.,-0.,0.));
#1298 = PCURVE('',#309,#1299);
#1299 = DEFINITIONAL_REPRESENTATION('',(#1300),#1304);
#1300 = LINE('',#1301,#1302);
#1301 = CARTESIAN_POINT('',(-0.,1.42));
#1302 = VECTOR('',#1303,1.);
#1303 = DIRECTION('',(-1.,0.));
#1304 = ( GEOMETRIC_REPRESENTATION_CONTEXT(2) 
PARAMETRIC_REPRESENTATION_CONTEXT() REPRESENTATION_CONTEXT('2D SPACE',''
  ) );
#1305 = PCURVE('',#1306,#1311);
#1306 = SPHERICAL_SURFACE('',#1307,8.E-02);
#1307 = AXIS2_PLACEMENT_3D('',#1308,#1309,#1310);
#1308 = CARTESIAN_POINT('',(-0.42,-4.33,8.E-02));
#1309 = DIRECTION('',(0.,-1.,-0.));
#1310 = DIRECTION('',(-1.,-0.,0.));
#1311 = DEFINITIONAL_REPRESENTATION('',(#1312),#1316);
#1312 = LINE('',#1313,#1314);
#1313 = CARTESIAN_POINT('',(0.,0.));
#1314 = VECTOR('',#1315,1.);
#1315 = DIRECTION('',(1.,0.));
#1316 = ( GEOMETRIC_REPRESENTATION_CONTEXT(2) 
PARAMETRIC_REPRESENTATION_CONTEXT() REPRESENTATION_CONTEXT('2D SPACE',''
  ) );
#1317 = ORIENTED_EDGE('',*,*,#293,.F.);
#1318 = ADVANCED_FACE('',(#1319),#487,.T.);
#1319 = FACE_BOUND('',#1320,.F.);
#1320 = EDGE_LOOP('',(#1321,#1348,#1376,#1398));
#1321 = ORIENTED_EDGE('',*,*,#1322,.F.);
#1322 = EDGE_CURVE('',#1323,#444,#1325,.T.);
#1323 = VERTEX_POINT('',#1324);
#1324 = CARTESIAN_POINT('',(-0.42,-0.67,0.));
#1325 = SURFACE_CURVE('',#1326,(#1331,#1337),.PCURVE_S1.);
#1326 = CIRCLE('',#1327,8.E-02);
#1327 = AXIS2_PLACEMENT_3D('',#1328,#1329,#1330);
#1328 = CARTESIAN_POINT('',(-0.42,-0.67,8.E-02));
#1329 = DIRECTION('',(0.,1.,-0.));
#1330 = DIRECTION('',(-1.,0.,0.));
#1331 = PCURVE('',#487,#1332);
#1332 = DEFINITIONAL_REPRESENTATION('',(#1333),#1336);
#1333 = B_SPLINE_CURVE_WITH_KNOTS('',1,(#1334,#1335),.UNSPECIFIED.,.F.,
  .F.,(2,2),(4.712388980385,6.28318530718),.PIECEWISE_BEZIER_KNOTS.);
#1334 = CARTESIAN_POINT('',(-1.570796326795,8.E-02));
#1335 = CARTESIAN_POINT('',(0.,8.E-02));
#1336 = ( GEOMETRIC_REPRESENTATION_CONTEXT(2) 
PARAMETRIC_REPRESENTATION_CONTEXT() REPRESENTATION_CONTEXT('2D SPACE',''
  ) );
#1337 = PCURVE('',#1338,#1343);
#1338 = SPHERICAL_SURFACE('',#1339,8.E-02);
#1339 = AXIS2_PLACEMENT_3D('',#1340,#1341,#1342);
#1340 = CARTESIAN_POINT('',(-0.42,-0.67,8.E-02));
#1341 = DIRECTION('',(0.,0.,1.));
#1342 = DIRECTION('',(-1.,0.,0.));
#1343 = DEFINITIONAL_REPRESENTATION('',(#1344),#1347);
#1344 = B_SPLINE_CURVE_WITH_KNOTS('',1,(#1345,#1346),.UNSPECIFIED.,.F.,
  .F.,(2,2),(4.712388980385,6.28318530718),.PIECEWISE_BEZIER_KNOTS.);
#1345 = CARTESIAN_POINT('',(0.,-1.570796326795));
#1346 = CARTESIAN_POINT('',(0.,0.));
#1347 = ( GEOMETRIC_REPRESENTATION_CONTEXT(2) 
PARAMETRIC_REPRESENTATION_CONTEXT() REPRESENTATION_CONTEXT('2D SPACE',''
  ) );
#1348 = ORIENTED_EDGE('',*,*,#1349,.T.);
#1349 = EDGE_CURVE('',#1323,#1350,#1352,.T.);
#1350 = VERTEX_POINT('',#1351);
#1351 = CARTESIAN_POINT('',(-0.42,0.67,-1.387778780781E-17));
#1352 = SURFACE_CURVE('',#1353,(#1357,#1364),.PCURVE_S1.);
#1353 = LINE('',#1354,#1355);
#1354 = CARTESIAN_POINT('',(-0.42,-0.75,-1.387778780781E-17));
#1355 = VECTOR('',#1356,1.);
#1356 = DIRECTION('',(-0.,1.,0.));
#1357 = PCURVE('',#487,#1358);
#1358 = DEFINITIONAL_REPRESENTATION('',(#1359),#1363);
#1359 = LINE('',#1360,#1361);
#1360 = CARTESIAN_POINT('',(-1.570796326795,0.));
#1361 = VECTOR('',#1362,1.);
#1362 = DIRECTION('',(-0.,1.));
#1363 = ( GEOMETRIC_REPRESENTATION_CONTEXT(2) 
PARAMETRIC_REPRESENTATION_CONTEXT() REPRESENTATION_CONTEXT('2D SPACE',''
  ) );
#1364 = PCURVE('',#1365,#1370);
#1365 = PLANE('',#1366);
#1366 = AXIS2_PLACEMENT_3D('',#1367,#1368,#1369);
#1367 = CARTESIAN_POINT('',(-0.5,-0.75,0.));
#1368 = DIRECTION('',(0.,0.,1.));
#1369 = DIRECTION('',(1.,0.,-0.));
#1370 = DEFINITIONAL_REPRESENTATION('',(#1371),#1375);
#1371 = LINE('',#1372,#1373);
#1372 = CARTESIAN_POINT('',(8.E-02,0.));
#1373 = VECTOR('',#1374,1.);
#1374 = DIRECTION('',(0.,1.));
#1375 = ( GEOMETRIC_REPRESENTATION_CONTEXT(2) 
PARAMETRIC_REPRESENTATION_CONTEXT() REPRESENTATION_CONTEXT('2D SPACE',''
  ) );
#1376 = ORIENTED_EDGE('',*,*,#1377,.F.);
#1377 = EDGE_CURVE('',#472,#1350,#1378,.T.);
#1378 = SURFACE_CURVE('',#1379,(#1384,#1391),.PCURVE_S1.);
#1379 = CIRCLE('',#1380,8.E-02);
#1380 = AXIS2_PLACEMENT_3D('',#1381,#1382,#1383);
#1381 = CARTESIAN_POINT('',(-0.42,0.67,8.E-02));
#1382 = DIRECTION('',(0.,-1.,-0.));
#1383 = DIRECTION('',(-1.,-0.,0.));
#1384 = PCURVE('',#487,#1385);
#1385 = DEFINITIONAL_REPRESENTATION('',(#1386),#1390);
#1386 = LINE('',#1387,#1388);
#1387 = CARTESIAN_POINT('',(-0.,1.42));
#1388 = VECTOR('',#1389,1.);
#1389 = DIRECTION('',(-1.,0.));
#1390 = ( GEOMETRIC_REPRESENTATION_CONTEXT(2) 
PARAMETRIC_REPRESENTATION_CONTEXT() REPRESENTATION_CONTEXT('2D SPACE',''
  ) );
#1391 = PCURVE('',#1199,#1392);
#1392 = DEFINITIONAL_REPRESENTATION('',(#1393),#1397);
#1393 = LINE('',#1394,#1395);
#1394 = CARTESIAN_POINT('',(0.,0.));
#1395 = VECTOR('',#1396,1.);
#1396 = DIRECTION('',(1.,0.));
#1397 = ( GEOMETRIC_REPRESENTATION_CONTEXT(2) 
PARAMETRIC_REPRESENTATION_CONTEXT() REPRESENTATION_CONTEXT('2D SPACE',''
  ) );
#1398 = ORIENTED_EDGE('',*,*,#471,.F.);
#1399 = ADVANCED_FACE('',(#1400),#337,.T.);
#1400 = FACE_BOUND('',#1401,.F.);
#1401 = EDGE_LOOP('',(#1402,#1424,#1452,#1472));
#1402 = ORIENTED_EDGE('',*,*,#1403,.F.);
#1403 = EDGE_CURVE('',#1404,#294,#1406,.T.);
#1404 = VERTEX_POINT('',#1405);
#1405 = CARTESIAN_POINT('',(-0.42,-4.25,8.E-02));
#1406 = SURFACE_CURVE('',#1407,(#1412,#1418),.PCURVE_S1.);
#1407 = CIRCLE('',#1408,8.E-02);
#1408 = AXIS2_PLACEMENT_3D('',#1409,#1410,#1411);
#1409 = CARTESIAN_POINT('',(-0.42,-4.33,8.E-02));
#1410 = DIRECTION('',(0.,0.,1.));
#1411 = DIRECTION('',(-1.,0.,0.));
#1412 = PCURVE('',#337,#1413);
#1413 = DEFINITIONAL_REPRESENTATION('',(#1414),#1417);
#1414 = B_SPLINE_CURVE_WITH_KNOTS('',1,(#1415,#1416),.UNSPECIFIED.,.F.,
  .F.,(2,2),(4.712388980385,6.28318530718),.PIECEWISE_BEZIER_KNOTS.);
#1415 = CARTESIAN_POINT('',(-1.570796326795,8.E-02));
#1416 = CARTESIAN_POINT('',(0.,8.E-02));
#1417 = ( GEOMETRIC_REPRESENTATION_CONTEXT(2) 
PARAMETRIC_REPRESENTATION_CONTEXT() REPRESENTATION_CONTEXT('2D SPACE',''
  ) );
#1418 = PCURVE('',#1306,#1419);
#1419 = DEFINITIONAL_REPRESENTATION('',(#1420),#1423);
#1420 = B_SPLINE_CURVE_WITH_KNOTS('',1,(#1421,#1422),.UNSPECIFIED.,.F.,
  .F.,(2,2),(4.712388980385,6.28318530718),.PIECEWISE_BEZIER_KNOTS.);
#1421 = CARTESIAN_POINT('',(0.,-1.570796326795));
#1422 = CARTESIAN_POINT('',(0.,0.));
#1423 = ( GEOMETRIC_REPRESENTATION_CONTEXT(2) 
PARAMETRIC_REPRESENTATION_CONTEXT() REPRESENTATION_CONTEXT('2D SPACE',''
  ) );
#1424 = ORIENTED_EDGE('',*,*,#1425,.T.);
#1425 = EDGE_CURVE('',#1404,#1426,#1428,.T.);
#1426 = VERTEX_POINT('',#1427);
#1427 = CARTESIAN_POINT('',(-0.42,-4.25,4.92));
#1428 = SURFACE_CURVE('',#1429,(#1433,#1440),.PCURVE_S1.);
#1429 = LINE('',#1430,#1431);
#1430 = CARTESIAN_POINT('',(-0.42,-4.25,0.));
#1431 = VECTOR('',#1432,1.);
#1432 = DIRECTION('',(0.,0.,1.));
#1433 = PCURVE('',#337,#1434);
#1434 = DEFINITIONAL_REPRESENTATION('',(#1435),#1439);
#1435 = LINE('',#1436,#1437);
#1436 = CARTESIAN_POINT('',(-1.570796326795,0.));
#1437 = VECTOR('',#1438,1.);
#1438 = DIRECTION('',(-0.,1.));
#1439 = ( GEOMETRIC_REPRESENTATION_CONTEXT(2) 
PARAMETRIC_REPRESENTATION_CONTEXT() REPRESENTATION_CONTEXT('2D SPACE',''
  ) );
#1440 = PCURVE('',#1441,#1446);
#1441 = PLANE('',#1442);
#1442 = AXIS2_PLACEMENT_3D('',#1443,#1444,#1445);
#1443 = CARTESIAN_POINT('',(-0.5,-4.25,0.));
#1444 = DIRECTION('',(-0.,1.,0.));
#1445 = DIRECTION('',(0.,0.,1.));
#1446 = DEFINITIONAL_REPRESENTATION('',(#1447),#1451);
#1447 = LINE('',#1448,#1449);
#1448 = CARTESIAN_POINT('',(0.,8.E-02));
#1449 = VECTOR('',#1450,1.);
#1450 = DIRECTION('',(1.,0.));
#1451 = ( GEOMETRIC_REPRESENTATION_CONTEXT(2) 
PARAMETRIC_REPRESENTATION_CONTEXT() REPRESENTATION_CONTEXT('2D SPACE',''
  ) );
#1452 = ORIENTED_EDGE('',*,*,#1453,.F.);
#1453 = EDGE_CURVE('',#322,#1426,#1454,.T.);
#1454 = SURFACE_CURVE('',#1455,(#1460,#1466),.PCURVE_S1.);
#1455 = CIRCLE('',#1456,8.E-02);
#1456 = AXIS2_PLACEMENT_3D('',#1457,#1458,#1459);
#1457 = CARTESIAN_POINT('',(-0.42,-4.33,4.92));
#1458 = DIRECTION('',(0.,-0.,-1.));
#1459 = DIRECTION('',(0.,-1.,0.));
#1460 = PCURVE('',#337,#1461);
#1461 = DEFINITIONAL_REPRESENTATION('',(#1462),#1465);
#1462 = B_SPLINE_CURVE_WITH_KNOTS('',1,(#1463,#1464),.UNSPECIFIED.,.F.,
  .F.,(2,2),(1.570796326795,3.14159265359),.PIECEWISE_BEZIER_KNOTS.);
#1463 = CARTESIAN_POINT('',(0.,4.92));
#1464 = CARTESIAN_POINT('',(-1.570796326795,4.92));
#1465 = ( GEOMETRIC_REPRESENTATION_CONTEXT(2) 
PARAMETRIC_REPRESENTATION_CONTEXT() REPRESENTATION_CONTEXT('2D SPACE',''
  ) );
#1466 = PCURVE('',#370,#1467);
#1467 = DEFINITIONAL_REPRESENTATION('',(#1468),#1471);
#1468 = B_SPLINE_CURVE_WITH_KNOTS('',1,(#1469,#1470),.UNSPECIFIED.,.F.,
  .F.,(2,2),(1.570796326795,3.14159265359),.PIECEWISE_BEZIER_KNOTS.);
#1469 = CARTESIAN_POINT('',(0.,1.570796326795));
#1470 = CARTESIAN_POINT('',(0.,3.14159265359));
#1471 = ( GEOMETRIC_REPRESENTATION_CONTEXT(2) 
PARAMETRIC_REPRESENTATION_CONTEXT() REPRESENTATION_CONTEXT('2D SPACE',''
  ) );
#1472 = ORIENTED_EDGE('',*,*,#321,.F.);
#1473 = ADVANCED_FACE('',(#1474),#459,.T.);
#1474 = FACE_BOUND('',#1475,.T.);
#1475 = EDGE_LOOP('',(#1476,#1477,#1501,#1529));
#1476 = ORIENTED_EDGE('',*,*,#443,.F.);
#1477 = ORIENTED_EDGE('',*,*,#1478,.T.);
#1478 = EDGE_CURVE('',#444,#1479,#1481,.T.);
#1479 = VERTEX_POINT('',#1480);
#1480 = CARTESIAN_POINT('',(-0.42,-0.75,8.E-02));
#1481 = SURFACE_CURVE('',#1482,(#1487,#1494),.PCURVE_S1.);
#1482 = CIRCLE('',#1483,8.E-02);
#1483 = AXIS2_PLACEMENT_3D('',#1484,#1485,#1486);
#1484 = CARTESIAN_POINT('',(-0.42,-0.67,8.E-02));
#1485 = DIRECTION('',(0.,0.,1.));
#1486 = DIRECTION('',(-1.,0.,0.));
#1487 = PCURVE('',#459,#1488);
#1488 = DEFINITIONAL_REPRESENTATION('',(#1489),#1493);
#1489 = LINE('',#1490,#1491);
#1490 = CARTESIAN_POINT('',(0.,8.E-02));
#1491 = VECTOR('',#1492,1.);
#1492 = DIRECTION('',(1.,0.));
#1493 = ( GEOMETRIC_REPRESENTATION_CONTEXT(2) 
PARAMETRIC_REPRESENTATION_CONTEXT() REPRESENTATION_CONTEXT('2D SPACE',''
  ) );
#1494 = PCURVE('',#1338,#1495);
#1495 = DEFINITIONAL_REPRESENTATION('',(#1496),#1500);
#1496 = LINE('',#1497,#1498);
#1497 = CARTESIAN_POINT('',(0.,0.));
#1498 = VECTOR('',#1499,1.);
#1499 = DIRECTION('',(1.,0.));
#1500 = ( GEOMETRIC_REPRESENTATION_CONTEXT(2) 
PARAMETRIC_REPRESENTATION_CONTEXT() REPRESENTATION_CONTEXT('2D SPACE',''
  ) );
#1501 = ORIENTED_EDGE('',*,*,#1502,.T.);
#1502 = EDGE_CURVE('',#1479,#1503,#1505,.T.);
#1503 = VERTEX_POINT('',#1504);
#1504 = CARTESIAN_POINT('',(-0.42,-0.75,4.92));
#1505 = SURFACE_CURVE('',#1506,(#1510,#1517),.PCURVE_S1.);
#1506 = LINE('',#1507,#1508);
#1507 = CARTESIAN_POINT('',(-0.42,-0.75,0.));
#1508 = VECTOR('',#1509,1.);
#1509 = DIRECTION('',(0.,0.,1.));
#1510 = PCURVE('',#459,#1511);
#1511 = DEFINITIONAL_REPRESENTATION('',(#1512),#1516);
#1512 = LINE('',#1513,#1514);
#1513 = CARTESIAN_POINT('',(1.570796326795,0.));
#1514 = VECTOR('',#1515,1.);
#1515 = DIRECTION('',(0.,1.));
#1516 = ( GEOMETRIC_REPRESENTATION_CONTEXT(2) 
PARAMETRIC_REPRESENTATION_CONTEXT() REPRESENTATION_CONTEXT('2D SPACE',''
  ) );
#1517 = PCURVE('',#1518,#1523);
#1518 = PLANE('',#1519);
#1519 = AXIS2_PLACEMENT_3D('',#1520,#1521,#1522);
#1520 = CARTESIAN_POINT('',(-0.5,-0.75,0.));
#1521 = DIRECTION('',(-0.,1.,0.));
#1522 = DIRECTION('',(0.,0.,1.));
#1523 = DEFINITIONAL_REPRESENTATION('',(#1524),#1528);
#1524 = LINE('',#1525,#1526);
#1525 = CARTESIAN_POINT('',(0.,8.E-02));
#1526 = VECTOR('',#1527,1.);
#1527 = DIRECTION('',(1.,0.));
#1528 = ( GEOMETRIC_REPRESENTATION_CONTEXT(2) 
PARAMETRIC_REPRESENTATION_CONTEXT() REPRESENTATION_CONTEXT('2D SPACE',''
  ) );
#1529 = ORIENTED_EDGE('',*,*,#1530,.F.);
#1530 = EDGE_CURVE('',#411,#1503,#1531,.T.);
#1531 = SURFACE_CURVE('',#1532,(#1537,#1543),.PCURVE_S1.);
#1532 = CIRCLE('',#1533,8.E-02);
#1533 = AXIS2_PLACEMENT_3D('',#1534,#1535,#1536);
#1534 = CARTESIAN_POINT('',(-0.42,-0.67,4.92));
#1535 = DIRECTION('',(0.,2.880858675299E-15,1.));
#1536 = DIRECTION('',(-0.,1.,-2.880858675299E-15));
#1537 = PCURVE('',#459,#1538);
#1538 = DEFINITIONAL_REPRESENTATION('',(#1539),#1542);
#1539 = B_SPLINE_CURVE_WITH_KNOTS('',1,(#1540,#1541),.UNSPECIFIED.,.F.,
  .F.,(2,2),(1.570796326795,3.14159265359),.PIECEWISE_BEZIER_KNOTS.);
#1540 = CARTESIAN_POINT('',(0.,4.92));
#1541 = CARTESIAN_POINT('',(1.570796326795,4.92));
#1542 = ( GEOMETRIC_REPRESENTATION_CONTEXT(2) 
PARAMETRIC_REPRESENTATION_CONTEXT() REPRESENTATION_CONTEXT('2D SPACE',''
  ) );
#1543 = PCURVE('',#431,#1544);
#1544 = DEFINITIONAL_REPRESENTATION('',(#1545),#1548);
#1545 = B_SPLINE_CURVE_WITH_KNOTS('',1,(#1546,#1547),.UNSPECIFIED.,.F.,
  .F.,(2,2),(1.570796326795,3.14159265359),.PIECEWISE_BEZIER_KNOTS.);
#1546 = CARTESIAN_POINT('',(1.570796326795,1.570796326795));
#1547 = CARTESIAN_POINT('',(1.570796326795,3.14159265359));
#1548 = ( GEOMETRIC_REPRESENTATION_CONTEXT(2) 
PARAMETRIC_REPRESENTATION_CONTEXT() REPRESENTATION_CONTEXT('2D SPACE',''
  ) );
#1549 = ADVANCED_FACE('',(#1550),#370,.T.);
#1550 = FACE_BOUND('',#1551,.T.);
#1551 = EDGE_LOOP('',(#1552,#1553,#1554,#1576));
#1552 = ORIENTED_EDGE('',*,*,#1453,.F.);
#1553 = ORIENTED_EDGE('',*,*,#349,.T.);
#1554 = ORIENTED_EDGE('',*,*,#1555,.T.);
#1555 = EDGE_CURVE('',#350,#1556,#1558,.T.);
#1556 = VERTEX_POINT('',#1557);
#1557 = CARTESIAN_POINT('',(-0.42,-4.17,5.));
#1558 = SURFACE_CURVE('',#1559,(#1564,#1570),.PCURVE_S1.);
#1559 = CIRCLE('',#1560,8.E-02);
#1560 = AXIS2_PLACEMENT_3D('',#1561,#1562,#1563);
#1561 = CARTESIAN_POINT('',(-0.42,-4.17,5.08));
#1562 = DIRECTION('',(0.,-1.,-6.123233995737E-17));
#1563 = DIRECTION('',(0.,-6.123233995737E-17,1.));
#1564 = PCURVE('',#370,#1565);
#1565 = DEFINITIONAL_REPRESENTATION('',(#1566),#1569);
#1566 = B_SPLINE_CURVE_WITH_KNOTS('',1,(#1567,#1568),.UNSPECIFIED.,.F.,
  .F.,(2,2),(1.570796326795,3.14159265359),.PIECEWISE_BEZIER_KNOTS.);
#1567 = CARTESIAN_POINT('',(1.570796326795,1.570796326795));
#1568 = CARTESIAN_POINT('',(1.570796326795,3.14159265359));
#1569 = ( GEOMETRIC_REPRESENTATION_CONTEXT(2) 
PARAMETRIC_REPRESENTATION_CONTEXT() REPRESENTATION_CONTEXT('2D SPACE',''
  ) );
#1570 = PCURVE('',#398,#1571);
#1571 = DEFINITIONAL_REPRESENTATION('',(#1572),#1575);
#1572 = B_SPLINE_CURVE_WITH_KNOTS('',1,(#1573,#1574),.UNSPECIFIED.,.F.,
  .F.,(2,2),(1.570796326795,3.14159265359),.PIECEWISE_BEZIER_KNOTS.);
#1573 = CARTESIAN_POINT('',(0.,8.E-02));
#1574 = CARTESIAN_POINT('',(-1.570796326795,8.E-02));
#1575 = ( GEOMETRIC_REPRESENTATION_CONTEXT(2) 
PARAMETRIC_REPRESENTATION_CONTEXT() REPRESENTATION_CONTEXT('2D SPACE',''
  ) );
#1576 = ORIENTED_EDGE('',*,*,#1577,.F.);
#1577 = EDGE_CURVE('',#1426,#1556,#1578,.T.);
#1578 = SURFACE_CURVE('',#1579,(#1584,#1591),.PCURVE_S1.);
#1579 = CIRCLE('',#1580,8.E-02);
#1580 = AXIS2_PLACEMENT_3D('',#1581,#1582,#1583);
#1581 = CARTESIAN_POINT('',(-0.42,-4.17,4.92));
#1582 = DIRECTION('',(-1.,0.,0.));
#1583 = DIRECTION('',(0.,-1.,0.));
#1584 = PCURVE('',#370,#1585);
#1585 = DEFINITIONAL_REPRESENTATION('',(#1586),#1590);
#1586 = LINE('',#1587,#1588);
#1587 = CARTESIAN_POINT('',(0.,3.14159265359));
#1588 = VECTOR('',#1589,1.);
#1589 = DIRECTION('',(1.,0.));
#1590 = ( GEOMETRIC_REPRESENTATION_CONTEXT(2) 
PARAMETRIC_REPRESENTATION_CONTEXT() REPRESENTATION_CONTEXT('2D SPACE',''
  ) );
#1591 = PCURVE('',#1592,#1597);
#1592 = CYLINDRICAL_SURFACE('',#1593,8.E-02);
#1593 = AXIS2_PLACEMENT_3D('',#1594,#1595,#1596);
#1594 = CARTESIAN_POINT('',(0.5,-4.17,4.92));
#1595 = DIRECTION('',(-1.,-0.,0.));
#1596 = DIRECTION('',(0.,-1.,-0.));
#1597 = DEFINITIONAL_REPRESENTATION('',(#1598),#1602);
#1598 = LINE('',#1599,#1600);
#1599 = CARTESIAN_POINT('',(0.,0.92));
#1600 = VECTOR('',#1601,1.);
#1601 = DIRECTION('',(1.,0.));
#1602 = ( GEOMETRIC_REPRESENTATION_CONTEXT(2) 
PARAMETRIC_REPRESENTATION_CONTEXT() REPRESENTATION_CONTEXT('2D SPACE',''
  ) );
#1603 = ADVANCED_FACE('',(#1604),#431,.T.);
#1604 = FACE_BOUND('',#1605,.T.);
#1605 = EDGE_LOOP('',(#1606,#1628,#1629,#1630));
#1606 = ORIENTED_EDGE('',*,*,#1607,.F.);
#1607 = EDGE_CURVE('',#383,#1608,#1610,.T.);
#1608 = VERTEX_POINT('',#1609);
#1609 = CARTESIAN_POINT('',(-0.42,-0.83,5.));
#1610 = SURFACE_CURVE('',#1611,(#1616,#1622),.PCURVE_S1.);
#1611 = CIRCLE('',#1612,8.E-02);
#1612 = AXIS2_PLACEMENT_3D('',#1613,#1614,#1615);
#1613 = CARTESIAN_POINT('',(-0.42,-0.83,5.08));
#1614 = DIRECTION('',(0.,-1.,1.387778780781E-15));
#1615 = DIRECTION('',(0.,1.387778780781E-15,1.));
#1616 = PCURVE('',#431,#1617);
#1617 = DEFINITIONAL_REPRESENTATION('',(#1618),#1621);
#1618 = B_SPLINE_CURVE_WITH_KNOTS('',1,(#1619,#1620),.UNSPECIFIED.,.F.,
  .F.,(2,2),(1.570796326795,3.14159265359),.PIECEWISE_BEZIER_KNOTS.);
#1619 = CARTESIAN_POINT('',(0.,1.570796326795));
#1620 = CARTESIAN_POINT('',(0.,3.14159265359));
#1621 = ( GEOMETRIC_REPRESENTATION_CONTEXT(2) 
PARAMETRIC_REPRESENTATION_CONTEXT() REPRESENTATION_CONTEXT('2D SPACE',''
  ) );
#1622 = PCURVE('',#398,#1623);
#1623 = DEFINITIONAL_REPRESENTATION('',(#1624),#1627);
#1624 = B_SPLINE_CURVE_WITH_KNOTS('',1,(#1625,#1626),.UNSPECIFIED.,.F.,
  .F.,(2,2),(1.570796326795,3.14159265359),.PIECEWISE_BEZIER_KNOTS.);
#1625 = CARTESIAN_POINT('',(0.,3.42));
#1626 = CARTESIAN_POINT('',(-1.570796326795,3.42));
#1627 = ( GEOMETRIC_REPRESENTATION_CONTEXT(2) 
PARAMETRIC_REPRESENTATION_CONTEXT() REPRESENTATION_CONTEXT('2D SPACE',''
  ) );
#1628 = ORIENTED_EDGE('',*,*,#410,.T.);
#1629 = ORIENTED_EDGE('',*,*,#1530,.T.);
#1630 = ORIENTED_EDGE('',*,*,#1631,.F.);
#1631 = EDGE_CURVE('',#1608,#1503,#1632,.T.);
#1632 = SURFACE_CURVE('',#1633,(#1638,#1645),.PCURVE_S1.);
#1633 = CIRCLE('',#1634,8.E-02);
#1634 = AXIS2_PLACEMENT_3D('',#1635,#1636,#1637);
#1635 = CARTESIAN_POINT('',(-0.42,-0.83,4.92));
#1636 = DIRECTION('',(-1.,0.,0.));
#1637 = DIRECTION('',(0.,1.387778780781E-15,1.));
#1638 = PCURVE('',#431,#1639);
#1639 = DEFINITIONAL_REPRESENTATION('',(#1640),#1644);
#1640 = LINE('',#1641,#1642);
#1641 = CARTESIAN_POINT('',(0.,3.14159265359));
#1642 = VECTOR('',#1643,1.);
#1643 = DIRECTION('',(1.,0.));
#1644 = ( GEOMETRIC_REPRESENTATION_CONTEXT(2) 
PARAMETRIC_REPRESENTATION_CONTEXT() REPRESENTATION_CONTEXT('2D SPACE',''
  ) );
#1645 = PCURVE('',#1646,#1651);
#1646 = CYLINDRICAL_SURFACE('',#1647,8.E-02);
#1647 = AXIS2_PLACEMENT_3D('',#1648,#1649,#1650);
#1648 = CARTESIAN_POINT('',(0.5,-0.83,4.92));
#1649 = DIRECTION('',(-1.,-0.,0.));
#1650 = DIRECTION('',(0.,0.,1.));
#1651 = DEFINITIONAL_REPRESENTATION('',(#1652),#1656);
#1652 = LINE('',#1653,#1654);
#1653 = CARTESIAN_POINT('',(0.,0.92));
#1654 = VECTOR('',#1655,1.);
#1655 = DIRECTION('',(1.,0.));
#1656 = ( GEOMETRIC_REPRESENTATION_CONTEXT(2) 
PARAMETRIC_REPRESENTATION_CONTEXT() REPRESENTATION_CONTEXT('2D SPACE',''
  ) );
#1657 = ADVANCED_FACE('',(#1658),#398,.T.);
#1658 = FACE_BOUND('',#1659,.F.);
#1659 = EDGE_LOOP('',(#1660,#1661,#1687,#1688));
#1660 = ORIENTED_EDGE('',*,*,#1555,.T.);
#1661 = ORIENTED_EDGE('',*,*,#1662,.T.);
#1662 = EDGE_CURVE('',#1556,#1608,#1663,.T.);
#1663 = SURFACE_CURVE('',#1664,(#1668,#1675),.PCURVE_S1.);
#1664 = LINE('',#1665,#1666);
#1665 = CARTESIAN_POINT('',(-0.42,-4.25,5.));
#1666 = VECTOR('',#1667,1.);
#1667 = DIRECTION('',(-0.,1.,0.));
#1668 = PCURVE('',#398,#1669);
#1669 = DEFINITIONAL_REPRESENTATION('',(#1670),#1674);
#1670 = LINE('',#1671,#1672);
#1671 = CARTESIAN_POINT('',(-1.570796326795,0.));
#1672 = VECTOR('',#1673,1.);
#1673 = DIRECTION('',(-0.,1.));
#1674 = ( GEOMETRIC_REPRESENTATION_CONTEXT(2) 
PARAMETRIC_REPRESENTATION_CONTEXT() REPRESENTATION_CONTEXT('2D SPACE',''
  ) );
#1675 = PCURVE('',#1676,#1681);
#1676 = PLANE('',#1677);
#1677 = AXIS2_PLACEMENT_3D('',#1678,#1679,#1680);
#1678 = CARTESIAN_POINT('',(-0.5,-6.45,5.));
#1679 = DIRECTION('',(0.,0.,1.));
#1680 = DIRECTION('',(1.,0.,-0.));
#1681 = DEFINITIONAL_REPRESENTATION('',(#1682),#1686);
#1682 = LINE('',#1683,#1684);
#1683 = CARTESIAN_POINT('',(8.E-02,2.2));
#1684 = VECTOR('',#1685,1.);
#1685 = DIRECTION('',(0.,1.));
#1686 = ( GEOMETRIC_REPRESENTATION_CONTEXT(2) 
PARAMETRIC_REPRESENTATION_CONTEXT() REPRESENTATION_CONTEXT('2D SPACE',''
  ) );
#1687 = ORIENTED_EDGE('',*,*,#1607,.F.);
#1688 = ORIENTED_EDGE('',*,*,#382,.F.);
#1689 = ADVANCED_FACE('',(#1690),#635,.T.);
#1690 = FACE_BOUND('',#1691,.F.);
#1691 = EDGE_LOOP('',(#1692,#1693,#1694,#1721));
#1692 = ORIENTED_EDGE('',*,*,#763,.F.);
#1693 = ORIENTED_EDGE('',*,*,#618,.T.);
#1694 = ORIENTED_EDGE('',*,*,#1695,.T.);
#1695 = EDGE_CURVE('',#619,#1696,#1698,.T.);
#1696 = VERTEX_POINT('',#1697);
#1697 = CARTESIAN_POINT('',(-5.E-02,-6.45,11.12));
#1698 = SURFACE_CURVE('',#1699,(#1704,#1710),.PCURVE_S1.);
#1699 = CIRCLE('',#1700,8.E-02);
#1700 = AXIS2_PLACEMENT_3D('',#1701,#1702,#1703);
#1701 = CARTESIAN_POINT('',(-5.E-02,-6.37,11.12));
#1702 = DIRECTION('',(1.,0.,6.123233995737E-17));
#1703 = DIRECTION('',(-6.123233995737E-17,-0.,1.));
#1704 = PCURVE('',#635,#1705);
#1705 = DEFINITIONAL_REPRESENTATION('',(#1706),#1709);
#1706 = B_SPLINE_CURVE_WITH_KNOTS('',1,(#1707,#1708),.UNSPECIFIED.,.F.,
  .F.,(2,2),(0.,1.570796326795),.PIECEWISE_BEZIER_KNOTS.);
#1707 = CARTESIAN_POINT('',(-1.570796326795,0.));
#1708 = CARTESIAN_POINT('',(-1.570796326795,1.570796326795));
#1709 = ( GEOMETRIC_REPRESENTATION_CONTEXT(2) 
PARAMETRIC_REPRESENTATION_CONTEXT() REPRESENTATION_CONTEXT('2D SPACE',''
  ) );
#1710 = PCURVE('',#1711,#1716);
#1711 = CYLINDRICAL_SURFACE('',#1712,8.E-02);
#1712 = AXIS2_PLACEMENT_3D('',#1713,#1714,#1715);
#1713 = CARTESIAN_POINT('',(-5.E-02,-6.37,11.12));
#1714 = DIRECTION('',(1.,0.,-0.));
#1715 = DIRECTION('',(0.,0.,1.));
#1716 = DEFINITIONAL_REPRESENTATION('',(#1717),#1720);
#1717 = B_SPLINE_CURVE_WITH_KNOTS('',1,(#1718,#1719),.UNSPECIFIED.,.F.,
  .F.,(2,2),(0.,1.570796326795),.PIECEWISE_BEZIER_KNOTS.);
#1718 = CARTESIAN_POINT('',(0.,0.));
#1719 = CARTESIAN_POINT('',(1.570796326795,0.));
#1720 = ( GEOMETRIC_REPRESENTATION_CONTEXT(2) 
PARAMETRIC_REPRESENTATION_CONTEXT() REPRESENTATION_CONTEXT('2D SPACE',''
  ) );
#1721 = ORIENTED_EDGE('',*,*,#1722,.F.);
#1722 = EDGE_CURVE('',#736,#1696,#1723,.T.);
#1723 = SURFACE_CURVE('',#1724,(#1729,#1736),.PCURVE_S1.);
#1724 = CIRCLE('',#1725,0.37);
#1725 = AXIS2_PLACEMENT_3D('',#1726,#1727,#1728);
#1726 = CARTESIAN_POINT('',(-5.E-02,-6.45,10.75));
#1727 = DIRECTION('',(-0.,1.,0.));
#1728 = DIRECTION('',(-1.,-0.,0.));
#1729 = PCURVE('',#635,#1730);
#1730 = DEFINITIONAL_REPRESENTATION('',(#1731),#1735);
#1731 = LINE('',#1732,#1733);
#1732 = CARTESIAN_POINT('',(-0.,1.570796326795));
#1733 = VECTOR('',#1734,1.);
#1734 = DIRECTION('',(-1.,0.));
#1735 = ( GEOMETRIC_REPRESENTATION_CONTEXT(2) 
PARAMETRIC_REPRESENTATION_CONTEXT() REPRESENTATION_CONTEXT('2D SPACE',''
  ) );
#1736 = PCURVE('',#751,#1737);
#1737 = DEFINITIONAL_REPRESENTATION('',(#1738),#1742);
#1738 = CIRCLE('',#1739,0.37);
#1739 = AXIS2_PLACEMENT_2D('',#1740,#1741);
#1740 = CARTESIAN_POINT('',(0.55,0.45));
#1741 = DIRECTION('',(0.,-1.));
#1742 = ( GEOMETRIC_REPRESENTATION_CONTEXT(2) 
PARAMETRIC_REPRESENTATION_CONTEXT() REPRESENTATION_CONTEXT('2D SPACE',''
  ) );
#1743 = ADVANCED_FACE('',(#1744),#690,.T.);
#1744 = FACE_BOUND('',#1745,.F.);
#1745 = EDGE_LOOP('',(#1746,#1773,#1774,#1775));
#1746 = ORIENTED_EDGE('',*,*,#1747,.F.);
#1747 = EDGE_CURVE('',#648,#1748,#1750,.T.);
#1748 = VERTEX_POINT('',#1749);
#1749 = CARTESIAN_POINT('',(-5.E-02,1.45,11.12));
#1750 = SURFACE_CURVE('',#1751,(#1756,#1762),.PCURVE_S1.);
#1751 = CIRCLE('',#1752,8.E-02);
#1752 = AXIS2_PLACEMENT_3D('',#1753,#1754,#1755);
#1753 = CARTESIAN_POINT('',(-5.E-02,1.37,11.12));
#1754 = DIRECTION('',(-1.,-0.,0.));
#1755 = DIRECTION('',(0.,0.,1.));
#1756 = PCURVE('',#690,#1757);
#1757 = DEFINITIONAL_REPRESENTATION('',(#1758),#1761);
#1758 = B_SPLINE_CURVE_WITH_KNOTS('',1,(#1759,#1760),.UNSPECIFIED.,.F.,
  .F.,(2,2),(0.,1.570796326795),.PIECEWISE_BEZIER_KNOTS.);
#1759 = CARTESIAN_POINT('',(2.22044604925E-16,0.));
#1760 = CARTESIAN_POINT('',(2.22044604925E-16,1.570796326795));
#1761 = ( GEOMETRIC_REPRESENTATION_CONTEXT(2) 
PARAMETRIC_REPRESENTATION_CONTEXT() REPRESENTATION_CONTEXT('2D SPACE',''
  ) );
#1762 = PCURVE('',#1763,#1768);
#1763 = CYLINDRICAL_SURFACE('',#1764,8.E-02);
#1764 = AXIS2_PLACEMENT_3D('',#1765,#1766,#1767);
#1765 = CARTESIAN_POINT('',(6.95,1.37,11.12));
#1766 = DIRECTION('',(-1.,-0.,0.));
#1767 = DIRECTION('',(0.,0.,1.));
#1768 = DEFINITIONAL_REPRESENTATION('',(#1769),#1772);
#1769 = B_SPLINE_CURVE_WITH_KNOTS('',1,(#1770,#1771),.UNSPECIFIED.,.F.,
  .F.,(2,2),(0.,1.570796326795),.PIECEWISE_BEZIER_KNOTS.);
#1770 = CARTESIAN_POINT('',(0.,7.));
#1771 = CARTESIAN_POINT('',(1.570796326795,7.));
#1772 = ( GEOMETRIC_REPRESENTATION_CONTEXT(2) 
PARAMETRIC_REPRESENTATION_CONTEXT() REPRESENTATION_CONTEXT('2D SPACE',''
  ) );
#1773 = ORIENTED_EDGE('',*,*,#675,.T.);
#1774 = ORIENTED_EDGE('',*,*,#786,.T.);
#1775 = ORIENTED_EDGE('',*,*,#1776,.F.);
#1776 = EDGE_CURVE('',#1748,#787,#1777,.T.);
#1777 = SURFACE_CURVE('',#1778,(#1783,#1790),.PCURVE_S1.);
#1778 = CIRCLE('',#1779,0.37);
#1779 = AXIS2_PLACEMENT_3D('',#1780,#1781,#1782);
#1780 = CARTESIAN_POINT('',(-5.E-02,1.45,10.75));
#1781 = DIRECTION('',(0.,-1.,-0.));
#1782 = DIRECTION('',(-2.467162276945E-16,-0.,1.));
#1783 = PCURVE('',#690,#1784);
#1784 = DEFINITIONAL_REPRESENTATION('',(#1785),#1789);
#1785 = LINE('',#1786,#1787);
#1786 = CARTESIAN_POINT('',(-0.,1.570796326795));
#1787 = VECTOR('',#1788,1.);
#1788 = DIRECTION('',(-1.,0.));
#1789 = ( GEOMETRIC_REPRESENTATION_CONTEXT(2) 
PARAMETRIC_REPRESENTATION_CONTEXT() REPRESENTATION_CONTEXT('2D SPACE',''
  ) );
#1790 = PCURVE('',#824,#1791);
#1791 = DEFINITIONAL_REPRESENTATION('',(#1792),#1800);
#1792 = ( BOUNDED_CURVE() B_SPLINE_CURVE(2,(#1793,#1794,#1795,#1796,
#1797,#1798,#1799),.UNSPECIFIED.,.T.,.F.) B_SPLINE_CURVE_WITH_KNOTS((1,2
    ,2,2,2,1),(-2.094395102393,0.,2.094395102393,4.188790204786,
6.28318530718,8.377580409573),.UNSPECIFIED.) CURVE() 
GEOMETRIC_REPRESENTATION_ITEM() RATIONAL_B_SPLINE_CURVE((1.,0.5,1.,0.5,
1.,0.5,1.)) REPRESENTATION_ITEM('') );
#1793 = CARTESIAN_POINT('',(0.92,0.45));
#1794 = CARTESIAN_POINT('',(0.92,-0.1908587988));
#1795 = CARTESIAN_POINT('',(0.365,0.1295706006));
#1796 = CARTESIAN_POINT('',(-0.19,0.45));
#1797 = CARTESIAN_POINT('',(0.365,0.7704293994));
#1798 = CARTESIAN_POINT('',(0.92,1.0908587988));
#1799 = CARTESIAN_POINT('',(0.92,0.45));
#1800 = ( GEOMETRIC_REPRESENTATION_CONTEXT(2) 
PARAMETRIC_REPRESENTATION_CONTEXT() REPRESENTATION_CONTEXT('2D SPACE',''
  ) );
#1801 = ADVANCED_FACE('',(#1802,#1877),#663,.T.);
#1802 = FACE_BOUND('',#1803,.T.);
#1803 = EDGE_LOOP('',(#1804,#1805,#1828,#1856));
#1804 = ORIENTED_EDGE('',*,*,#647,.F.);
#1805 = ORIENTED_EDGE('',*,*,#1806,.T.);
#1806 = EDGE_CURVE('',#619,#1807,#1809,.T.);
#1807 = VERTEX_POINT('',#1808);
#1808 = CARTESIAN_POINT('',(6.95,-6.37,11.2));
#1809 = SURFACE_CURVE('',#1810,(#1814,#1821),.PCURVE_S1.);
#1810 = LINE('',#1811,#1812);
#1811 = CARTESIAN_POINT('',(-5.E-02,-6.37,11.2));
#1812 = VECTOR('',#1813,1.);
#1813 = DIRECTION('',(1.,0.,-0.));
#1814 = PCURVE('',#663,#1815);
#1815 = DEFINITIONAL_REPRESENTATION('',(#1816),#1820);
#1816 = LINE('',#1817,#1818);
#1817 = CARTESIAN_POINT('',(0.45,8.E-02));
#1818 = VECTOR('',#1819,1.);
#1819 = DIRECTION('',(1.,0.));
#1820 = ( GEOMETRIC_REPRESENTATION_CONTEXT(2) 
PARAMETRIC_REPRESENTATION_CONTEXT() REPRESENTATION_CONTEXT('2D SPACE',''
  ) );
#1821 = PCURVE('',#1711,#1822);
#1822 = DEFINITIONAL_REPRESENTATION('',(#1823),#1827);
#1823 = LINE('',#1824,#1825);
#1824 = CARTESIAN_POINT('',(0.,0.));
#1825 = VECTOR('',#1826,1.);
#1826 = DIRECTION('',(0.,1.));
#1827 = ( GEOMETRIC_REPRESENTATION_CONTEXT(2) 
PARAMETRIC_REPRESENTATION_CONTEXT() REPRESENTATION_CONTEXT('2D SPACE',''
  ) );
#1828 = ORIENTED_EDGE('',*,*,#1829,.T.);
#1829 = EDGE_CURVE('',#1807,#1830,#1832,.T.);
#1830 = VERTEX_POINT('',#1831);
#1831 = CARTESIAN_POINT('',(6.95,1.37,11.2));
#1832 = SURFACE_CURVE('',#1833,(#1837,#1844),.PCURVE_S1.);
#1833 = LINE('',#1834,#1835);
#1834 = CARTESIAN_POINT('',(6.95,-6.45,11.2));
#1835 = VECTOR('',#1836,1.);
#1836 = DIRECTION('',(-0.,1.,0.));
#1837 = PCURVE('',#663,#1838);
#1838 = DEFINITIONAL_REPRESENTATION('',(#1839),#1843);
#1839 = LINE('',#1840,#1841);
#1840 = CARTESIAN_POINT('',(7.45,0.));
#1841 = VECTOR('',#1842,1.);
#1842 = DIRECTION('',(0.,1.));
#1843 = ( GEOMETRIC_REPRESENTATION_CONTEXT(2) 
PARAMETRIC_REPRESENTATION_CONTEXT() REPRESENTATION_CONTEXT('2D SPACE',''
  ) );
#1844 = PCURVE('',#1845,#1850);
#1845 = CYLINDRICAL_SURFACE('',#1846,0.45);
#1846 = AXIS2_PLACEMENT_3D('',#1847,#1848,#1849);
#1847 = CARTESIAN_POINT('',(6.95,-6.45,10.75));
#1848 = DIRECTION('',(-0.,1.,0.));
#1849 = DIRECTION('',(0.,0.,1.));
#1850 = DEFINITIONAL_REPRESENTATION('',(#1851),#1855);
#1851 = LINE('',#1852,#1853);
#1852 = CARTESIAN_POINT('',(0.,0.));
#1853 = VECTOR('',#1854,1.);
#1854 = DIRECTION('',(0.,1.));
#1855 = ( GEOMETRIC_REPRESENTATION_CONTEXT(2) 
PARAMETRIC_REPRESENTATION_CONTEXT() REPRESENTATION_CONTEXT('2D SPACE',''
  ) );
#1856 = ORIENTED_EDGE('',*,*,#1857,.T.);
#1857 = EDGE_CURVE('',#1830,#648,#1858,.T.);
#1858 = SURFACE_CURVE('',#1859,(#1863,#1870),.PCURVE_S1.);
#1859 = LINE('',#1860,#1861);
#1860 = CARTESIAN_POINT('',(6.95,1.37,11.2));
#1861 = VECTOR('',#1862,1.);
#1862 = DIRECTION('',(-1.,-0.,0.));
#1863 = PCURVE('',#663,#1864);
#1864 = DEFINITIONAL_REPRESENTATION('',(#1865),#1869);
#1865 = LINE('',#1866,#1867);
#1866 = CARTESIAN_POINT('',(7.45,7.82));
#1867 = VECTOR('',#1868,1.);
#1868 = DIRECTION('',(-1.,0.));
#1869 = ( GEOMETRIC_REPRESENTATION_CONTEXT(2) 
PARAMETRIC_REPRESENTATION_CONTEXT() REPRESENTATION_CONTEXT('2D SPACE',''
  ) );
#1870 = PCURVE('',#1763,#1871);
#1871 = DEFINITIONAL_REPRESENTATION('',(#1872),#1876);
#1872 = LINE('',#1873,#1874);
#1873 = CARTESIAN_POINT('',(0.,0.));
#1874 = VECTOR('',#1875,1.);
#1875 = DIRECTION('',(0.,1.));
#1876 = ( GEOMETRIC_REPRESENTATION_CONTEXT(2) 
PARAMETRIC_REPRESENTATION_CONTEXT() REPRESENTATION_CONTEXT('2D SPACE',''
  ) );
#1877 = FACE_BOUND('',#1878,.T.);
#1878 = EDGE_LOOP('',(#1879));
#1879 = ORIENTED_EDGE('',*,*,#1880,.F.);
#1880 = EDGE_CURVE('',#1881,#1881,#1883,.T.);
#1881 = VERTEX_POINT('',#1882);
#1882 = CARTESIAN_POINT('',(4.78,-2.5,11.2));
#1883 = SURFACE_CURVE('',#1884,(#1889,#1896),.PCURVE_S1.);
#1884 = CIRCLE('',#1885,1.33);
#1885 = AXIS2_PLACEMENT_3D('',#1886,#1887,#1888);
#1886 = CARTESIAN_POINT('',(3.45,-2.5,11.2));
#1887 = DIRECTION('',(0.,0.,1.));
#1888 = DIRECTION('',(1.,0.,-0.));
#1889 = PCURVE('',#663,#1890);
#1890 = DEFINITIONAL_REPRESENTATION('',(#1891),#1895);
#1891 = CIRCLE('',#1892,1.33);
#1892 = AXIS2_PLACEMENT_2D('',#1893,#1894);
#1893 = CARTESIAN_POINT('',(3.95,3.95));
#1894 = DIRECTION('',(1.,0.));
#1895 = ( GEOMETRIC_REPRESENTATION_CONTEXT(2) 
PARAMETRIC_REPRESENTATION_CONTEXT() REPRESENTATION_CONTEXT('2D SPACE',''
  ) );
#1896 = PCURVE('',#1897,#1902);
#1897 = TOROIDAL_SURFACE('',#1898,1.33,8.E-02);
#1898 = AXIS2_PLACEMENT_3D('',#1899,#1900,#1901);
#1899 = CARTESIAN_POINT('',(3.45,-2.5,11.12));
#1900 = DIRECTION('',(0.,0.,1.));
#1901 = DIRECTION('',(1.,0.,-0.));
#1902 = DEFINITIONAL_REPRESENTATION('',(#1903),#1907);
#1903 = LINE('',#1904,#1905);
#1904 = CARTESIAN_POINT('',(0.,1.570796326795));
#1905 = VECTOR('',#1906,1.);
#1906 = DIRECTION('',(1.,0.));
#1907 = ( GEOMETRIC_REPRESENTATION_CONTEXT(2) 
PARAMETRIC_REPRESENTATION_CONTEXT() REPRESENTATION_CONTEXT('2D SPACE',''
  ) );
#1908 = ADVANCED_FACE('',(#1909),#723,.T.);
#1909 = FACE_BOUND('',#1910,.T.);
#1910 = EDGE_LOOP('',(#1911,#1912,#1937));
#1911 = ORIENTED_EDGE('',*,*,#865,.F.);
#1912 = ORIENTED_EDGE('',*,*,#1913,.T.);
#1913 = EDGE_CURVE('',#866,#707,#1914,.T.);
#1914 = SURFACE_CURVE('',#1915,(#1920,#1926),.PCURVE_S1.);
#1915 = CIRCLE('',#1916,8.E-02);
#1916 = AXIS2_PLACEMENT_3D('',#1917,#1918,#1919);
#1917 = CARTESIAN_POINT('',(-0.42,-6.37,5.08));
#1918 = DIRECTION('',(-1.,7.273661547325E-16,0.));
#1919 = DIRECTION('',(-7.273661547325E-16,-1.,0.));
#1920 = PCURVE('',#723,#1921);
#1921 = DEFINITIONAL_REPRESENTATION('',(#1922),#1925);
#1922 = B_SPLINE_CURVE_WITH_KNOTS('',1,(#1923,#1924),.UNSPECIFIED.,.F.,
  .F.,(2,2),(4.712388980385,6.28318530718),.PIECEWISE_BEZIER_KNOTS.);
#1923 = CARTESIAN_POINT('',(1.570796326795,-1.570796326795));
#1924 = CARTESIAN_POINT('',(1.570796326795,0.));
#1925 = ( GEOMETRIC_REPRESENTATION_CONTEXT(2) 
PARAMETRIC_REPRESENTATION_CONTEXT() REPRESENTATION_CONTEXT('2D SPACE',''
  ) );
#1926 = PCURVE('',#1927,#1932);
#1927 = CYLINDRICAL_SURFACE('',#1928,8.E-02);
#1928 = AXIS2_PLACEMENT_3D('',#1929,#1930,#1931);
#1929 = CARTESIAN_POINT('',(-0.5,-6.37,5.08));
#1930 = DIRECTION('',(1.,0.,-0.));
#1931 = DIRECTION('',(0.,-1.,0.));
#1932 = DEFINITIONAL_REPRESENTATION('',(#1933),#1936);
#1933 = B_SPLINE_CURVE_WITH_KNOTS('',1,(#1934,#1935),.UNSPECIFIED.,.F.,
  .F.,(2,2),(4.712388980385,6.28318530718),.PIECEWISE_BEZIER_KNOTS.);
#1934 = CARTESIAN_POINT('',(1.570796326795,8.E-02));
#1935 = CARTESIAN_POINT('',(0.,8.E-02));
#1936 = ( GEOMETRIC_REPRESENTATION_CONTEXT(2) 
PARAMETRIC_REPRESENTATION_CONTEXT() REPRESENTATION_CONTEXT('2D SPACE',''
  ) );
#1937 = ORIENTED_EDGE('',*,*,#706,.F.);
#1938 = ADVANCED_FACE('',(#1939),#751,.F.);
#1939 = FACE_BOUND('',#1940,.F.);
#1940 = EDGE_LOOP('',(#1941,#1942,#1943,#1966,#1995,#2023,#2051,#2079,
    #2108,#2136,#2165,#2193));
#1941 = ORIENTED_EDGE('',*,*,#735,.T.);
#1942 = ORIENTED_EDGE('',*,*,#1722,.T.);
#1943 = ORIENTED_EDGE('',*,*,#1944,.T.);
#1944 = EDGE_CURVE('',#1696,#1945,#1947,.T.);
#1945 = VERTEX_POINT('',#1946);
#1946 = CARTESIAN_POINT('',(6.95,-6.45,11.12));
#1947 = SURFACE_CURVE('',#1948,(#1952,#1959),.PCURVE_S1.);
#1948 = LINE('',#1949,#1950);
#1949 = CARTESIAN_POINT('',(-5.E-02,-6.45,11.12));
#1950 = VECTOR('',#1951,1.);
#1951 = DIRECTION('',(1.,0.,-0.));
#1952 = PCURVE('',#751,#1953);
#1953 = DEFINITIONAL_REPRESENTATION('',(#1954),#1958);
#1954 = LINE('',#1955,#1956);
#1955 = CARTESIAN_POINT('',(0.92,0.45));
#1956 = VECTOR('',#1957,1.);
#1957 = DIRECTION('',(0.,1.));
#1958 = ( GEOMETRIC_REPRESENTATION_CONTEXT(2) 
PARAMETRIC_REPRESENTATION_CONTEXT() REPRESENTATION_CONTEXT('2D SPACE',''
  ) );
#1959 = PCURVE('',#1711,#1960);
#1960 = DEFINITIONAL_REPRESENTATION('',(#1961),#1965);
#1961 = LINE('',#1962,#1963);
#1962 = CARTESIAN_POINT('',(1.570796326795,0.));
#1963 = VECTOR('',#1964,1.);
#1964 = DIRECTION('',(0.,1.));
#1965 = ( GEOMETRIC_REPRESENTATION_CONTEXT(2) 
PARAMETRIC_REPRESENTATION_CONTEXT() REPRESENTATION_CONTEXT('2D SPACE',''
  ) );
#1966 = ORIENTED_EDGE('',*,*,#1967,.T.);
#1967 = EDGE_CURVE('',#1945,#1968,#1970,.T.);
#1968 = VERTEX_POINT('',#1969);
#1969 = CARTESIAN_POINT('',(7.32,-6.45,10.75));
#1970 = SURFACE_CURVE('',#1971,(#1976,#1983),.PCURVE_S1.);
#1971 = CIRCLE('',#1972,0.37);
#1972 = AXIS2_PLACEMENT_3D('',#1973,#1974,#1975);
#1973 = CARTESIAN_POINT('',(6.95,-6.45,10.75));
#1974 = DIRECTION('',(-0.,1.,0.));
#1975 = DIRECTION('',(0.,0.,1.));
#1976 = PCURVE('',#751,#1977);
#1977 = DEFINITIONAL_REPRESENTATION('',(#1978),#1982);
#1978 = CIRCLE('',#1979,0.37);
#1979 = AXIS2_PLACEMENT_2D('',#1980,#1981);
#1980 = CARTESIAN_POINT('',(0.55,7.45));
#1981 = DIRECTION('',(1.,0.));
#1982 = ( GEOMETRIC_REPRESENTATION_CONTEXT(2) 
PARAMETRIC_REPRESENTATION_CONTEXT() REPRESENTATION_CONTEXT('2D SPACE',''
  ) );
#1983 = PCURVE('',#1984,#1989);
#1984 = TOROIDAL_SURFACE('',#1985,0.37,8.E-02);
#1985 = AXIS2_PLACEMENT_3D('',#1986,#1987,#1988);
#1986 = CARTESIAN_POINT('',(6.95,-6.37,10.75));
#1987 = DIRECTION('',(0.,-1.,-0.));
#1988 = DIRECTION('',(0.,0.,1.));
#1989 = DEFINITIONAL_REPRESENTATION('',(#1990),#1994);
#1990 = LINE('',#1991,#1992);
#1991 = CARTESIAN_POINT('',(-0.,1.570796326795));
#1992 = VECTOR('',#1993,1.);
#1993 = DIRECTION('',(-1.,0.));
#1994 = ( GEOMETRIC_REPRESENTATION_CONTEXT(2) 
PARAMETRIC_REPRESENTATION_CONTEXT() REPRESENTATION_CONTEXT('2D SPACE',''
  ) );
#1995 = ORIENTED_EDGE('',*,*,#1996,.T.);
#1996 = EDGE_CURVE('',#1968,#1997,#1999,.T.);
#1997 = VERTEX_POINT('',#1998);
#1998 = CARTESIAN_POINT('',(7.32,-6.45,5.08));
#1999 = SURFACE_CURVE('',#2000,(#2004,#2011),.PCURVE_S1.);
#2000 = LINE('',#2001,#2002);
#2001 = CARTESIAN_POINT('',(7.32,-6.45,10.75));
#2002 = VECTOR('',#2003,1.);
#2003 = DIRECTION('',(-0.,-0.,-1.));
#2004 = PCURVE('',#751,#2005);
#2005 = DEFINITIONAL_REPRESENTATION('',(#2006),#2010);
#2006 = LINE('',#2007,#2008);
#2007 = CARTESIAN_POINT('',(0.55,7.82));
#2008 = VECTOR('',#2009,1.);
#2009 = DIRECTION('',(-1.,0.));
#2010 = ( GEOMETRIC_REPRESENTATION_CONTEXT(2) 
PARAMETRIC_REPRESENTATION_CONTEXT() REPRESENTATION_CONTEXT('2D SPACE',''
  ) );
#2011 = PCURVE('',#2012,#2017);
#2012 = CYLINDRICAL_SURFACE('',#2013,8.E-02);
#2013 = AXIS2_PLACEMENT_3D('',#2014,#2015,#2016);
#2014 = CARTESIAN_POINT('',(7.32,-6.37,10.75));
#2015 = DIRECTION('',(-0.,-0.,-1.));
#2016 = DIRECTION('',(1.,0.,-0.));
#2017 = DEFINITIONAL_REPRESENTATION('',(#2018),#2022);
#2018 = LINE('',#2019,#2020);
#2019 = CARTESIAN_POINT('',(1.570796326795,0.));
#2020 = VECTOR('',#2021,1.);
#2021 = DIRECTION('',(0.,1.));
#2022 = ( GEOMETRIC_REPRESENTATION_CONTEXT(2) 
PARAMETRIC_REPRESENTATION_CONTEXT() REPRESENTATION_CONTEXT('2D SPACE',''
  ) );
#2023 = ORIENTED_EDGE('',*,*,#2024,.F.);
#2024 = EDGE_CURVE('',#2025,#1997,#2027,.T.);
#2025 = VERTEX_POINT('',#2026);
#2026 = CARTESIAN_POINT('',(6.48,-6.45,5.08));
#2027 = SURFACE_CURVE('',#2028,(#2032,#2039),.PCURVE_S1.);
#2028 = LINE('',#2029,#2030);
#2029 = CARTESIAN_POINT('',(6.4,-6.45,5.08));
#2030 = VECTOR('',#2031,1.);
#2031 = DIRECTION('',(1.,0.,-0.));
#2032 = PCURVE('',#751,#2033);
#2033 = DEFINITIONAL_REPRESENTATION('',(#2034),#2038);
#2034 = LINE('',#2035,#2036);
#2035 = CARTESIAN_POINT('',(-5.12,6.9));
#2036 = VECTOR('',#2037,1.);
#2037 = DIRECTION('',(0.,1.));
#2038 = ( GEOMETRIC_REPRESENTATION_CONTEXT(2) 
PARAMETRIC_REPRESENTATION_CONTEXT() REPRESENTATION_CONTEXT('2D SPACE',''
  ) );
#2039 = PCURVE('',#2040,#2045);
#2040 = CYLINDRICAL_SURFACE('',#2041,8.E-02);
#2041 = AXIS2_PLACEMENT_3D('',#2042,#2043,#2044);
#2042 = CARTESIAN_POINT('',(6.4,-6.37,5.08));
#2043 = DIRECTION('',(1.,0.,-0.));
#2044 = DIRECTION('',(0.,-1.,0.));
#2045 = DEFINITIONAL_REPRESENTATION('',(#2046),#2050);
#2046 = LINE('',#2047,#2048);
#2047 = CARTESIAN_POINT('',(0.,0.));
#2048 = VECTOR('',#2049,1.);
#2049 = DIRECTION('',(0.,1.));
#2050 = ( GEOMETRIC_REPRESENTATION_CONTEXT(2) 
PARAMETRIC_REPRESENTATION_CONTEXT() REPRESENTATION_CONTEXT('2D SPACE',''
  ) );
#2051 = ORIENTED_EDGE('',*,*,#2052,.T.);
#2052 = EDGE_CURVE('',#2025,#2053,#2055,.T.);
#2053 = VERTEX_POINT('',#2054);
#2054 = CARTESIAN_POINT('',(6.48,-6.45,10.12));
#2055 = SURFACE_CURVE('',#2056,(#2060,#2067),.PCURVE_S1.);
#2056 = LINE('',#2057,#2058);
#2057 = CARTESIAN_POINT('',(6.48,-6.45,5.));
#2058 = VECTOR('',#2059,1.);
#2059 = DIRECTION('',(0.,0.,1.));
#2060 = PCURVE('',#751,#2061);
#2061 = DEFINITIONAL_REPRESENTATION('',(#2062),#2066);
#2062 = LINE('',#2063,#2064);
#2063 = CARTESIAN_POINT('',(-5.2,6.98));
#2064 = VECTOR('',#2065,1.);
#2065 = DIRECTION('',(1.,0.));
#2066 = ( GEOMETRIC_REPRESENTATION_CONTEXT(2) 
PARAMETRIC_REPRESENTATION_CONTEXT() REPRESENTATION_CONTEXT('2D SPACE',''
  ) );
#2067 = PCURVE('',#2068,#2073);
#2068 = CYLINDRICAL_SURFACE('',#2069,8.E-02);
#2069 = AXIS2_PLACEMENT_3D('',#2070,#2071,#2072);
#2070 = CARTESIAN_POINT('',(6.48,-6.37,5.));
#2071 = DIRECTION('',(0.,0.,1.));
#2072 = DIRECTION('',(0.,-1.,0.));
#2073 = DEFINITIONAL_REPRESENTATION('',(#2074),#2078);
#2074 = LINE('',#2075,#2076);
#2075 = CARTESIAN_POINT('',(-0.,0.));
#2076 = VECTOR('',#2077,1.);
#2077 = DIRECTION('',(-0.,1.));
#2078 = ( GEOMETRIC_REPRESENTATION_CONTEXT(2) 
PARAMETRIC_REPRESENTATION_CONTEXT() REPRESENTATION_CONTEXT('2D SPACE',''
  ) );
#2079 = ORIENTED_EDGE('',*,*,#2080,.F.);
#2080 = EDGE_CURVE('',#2081,#2053,#2083,.T.);
#2081 = VERTEX_POINT('',#2082);
#2082 = CARTESIAN_POINT('',(6.32,-6.45,10.28));
#2083 = SURFACE_CURVE('',#2084,(#2089,#2096),.PCURVE_S1.);
#2084 = CIRCLE('',#2085,0.16);
#2085 = AXIS2_PLACEMENT_3D('',#2086,#2087,#2088);
#2086 = CARTESIAN_POINT('',(6.32,-6.45,10.12));
#2087 = DIRECTION('',(-0.,1.,0.));
#2088 = DIRECTION('',(0.,0.,1.));
#2089 = PCURVE('',#751,#2090);
#2090 = DEFINITIONAL_REPRESENTATION('',(#2091),#2095);
#2091 = CIRCLE('',#2092,0.16);
#2092 = AXIS2_PLACEMENT_2D('',#2093,#2094);
#2093 = CARTESIAN_POINT('',(-8.E-02,6.82));
#2094 = DIRECTION('',(1.,0.));
#2095 = ( GEOMETRIC_REPRESENTATION_CONTEXT(2) 
PARAMETRIC_REPRESENTATION_CONTEXT() REPRESENTATION_CONTEXT('2D SPACE',''
  ) );
#2096 = PCURVE('',#2097,#2102);
#2097 = TOROIDAL_SURFACE('',#2098,0.16,8.E-02);
#2098 = AXIS2_PLACEMENT_3D('',#2099,#2100,#2101);
#2099 = CARTESIAN_POINT('',(6.32,-6.37,10.12));
#2100 = DIRECTION('',(0.,-1.,-0.));
#2101 = DIRECTION('',(0.,0.,1.));
#2102 = DEFINITIONAL_REPRESENTATION('',(#2103),#2107);
#2103 = LINE('',#2104,#2105);
#2104 = CARTESIAN_POINT('',(-0.,1.570796326795));
#2105 = VECTOR('',#2106,1.);
#2106 = DIRECTION('',(-1.,0.));
#2107 = ( GEOMETRIC_REPRESENTATION_CONTEXT(2) 
PARAMETRIC_REPRESENTATION_CONTEXT() REPRESENTATION_CONTEXT('2D SPACE',''
  ) );
#2108 = ORIENTED_EDGE('',*,*,#2109,.F.);
#2109 = EDGE_CURVE('',#2110,#2081,#2112,.T.);
#2110 = VERTEX_POINT('',#2111);
#2111 = CARTESIAN_POINT('',(0.58,-6.45,10.28));
#2112 = SURFACE_CURVE('',#2113,(#2117,#2124),.PCURVE_S1.);
#2113 = LINE('',#2114,#2115);
#2114 = CARTESIAN_POINT('',(0.5,-6.45,10.28));
#2115 = VECTOR('',#2116,1.);
#2116 = DIRECTION('',(1.,0.,-0.));
#2117 = PCURVE('',#751,#2118);
#2118 = DEFINITIONAL_REPRESENTATION('',(#2119),#2123);
#2119 = LINE('',#2120,#2121);
#2120 = CARTESIAN_POINT('',(8.E-02,1.));
#2121 = VECTOR('',#2122,1.);
#2122 = DIRECTION('',(0.,1.));
#2123 = ( GEOMETRIC_REPRESENTATION_CONTEXT(2) 
PARAMETRIC_REPRESENTATION_CONTEXT() REPRESENTATION_CONTEXT('2D SPACE',''
  ) );
#2124 = PCURVE('',#2125,#2130);
#2125 = CYLINDRICAL_SURFACE('',#2126,8.E-02);
#2126 = AXIS2_PLACEMENT_3D('',#2127,#2128,#2129);
#2127 = CARTESIAN_POINT('',(0.5,-6.37,10.28));
#2128 = DIRECTION('',(1.,0.,-0.));
#2129 = DIRECTION('',(0.,-1.,0.));
#2130 = DEFINITIONAL_REPRESENTATION('',(#2131),#2135);
#2131 = LINE('',#2132,#2133);
#2132 = CARTESIAN_POINT('',(0.,0.));
#2133 = VECTOR('',#2134,1.);
#2134 = DIRECTION('',(0.,1.));
#2135 = ( GEOMETRIC_REPRESENTATION_CONTEXT(2) 
PARAMETRIC_REPRESENTATION_CONTEXT() REPRESENTATION_CONTEXT('2D SPACE',''
  ) );
#2136 = ORIENTED_EDGE('',*,*,#2137,.F.);
#2137 = EDGE_CURVE('',#2138,#2110,#2140,.T.);
#2138 = VERTEX_POINT('',#2139);
#2139 = CARTESIAN_POINT('',(0.42,-6.45,10.12));
#2140 = SURFACE_CURVE('',#2141,(#2146,#2153),.PCURVE_S1.);
#2141 = CIRCLE('',#2142,0.16);
#2142 = AXIS2_PLACEMENT_3D('',#2143,#2144,#2145);
#2143 = CARTESIAN_POINT('',(0.58,-6.45,10.12));
#2144 = DIRECTION('',(0.,1.,0.));
#2145 = DIRECTION('',(-1.,0.,-0.));
#2146 = PCURVE('',#751,#2147);
#2147 = DEFINITIONAL_REPRESENTATION('',(#2148),#2152);
#2148 = CIRCLE('',#2149,0.16);
#2149 = AXIS2_PLACEMENT_2D('',#2150,#2151);
#2150 = CARTESIAN_POINT('',(-8.E-02,1.08));
#2151 = DIRECTION('',(0.,-1.));
#2152 = ( GEOMETRIC_REPRESENTATION_CONTEXT(2) 
PARAMETRIC_REPRESENTATION_CONTEXT() REPRESENTATION_CONTEXT('2D SPACE',''
  ) );
#2153 = PCURVE('',#2154,#2159);
#2154 = TOROIDAL_SURFACE('',#2155,0.16,8.E-02);
#2155 = AXIS2_PLACEMENT_3D('',#2156,#2157,#2158);
#2156 = CARTESIAN_POINT('',(0.58,-6.37,10.12));
#2157 = DIRECTION('',(0.,-1.,-0.));
#2158 = DIRECTION('',(-1.,0.,-0.));
#2159 = DEFINITIONAL_REPRESENTATION('',(#2160),#2164);
#2160 = LINE('',#2161,#2162);
#2161 = CARTESIAN_POINT('',(-0.,1.570796326795));
#2162 = VECTOR('',#2163,1.);
#2163 = DIRECTION('',(-1.,0.));
#2164 = ( GEOMETRIC_REPRESENTATION_CONTEXT(2) 
PARAMETRIC_REPRESENTATION_CONTEXT() REPRESENTATION_CONTEXT('2D SPACE',''
  ) );
#2165 = ORIENTED_EDGE('',*,*,#2166,.F.);
#2166 = EDGE_CURVE('',#2167,#2138,#2169,.T.);
#2167 = VERTEX_POINT('',#2168);
#2168 = CARTESIAN_POINT('',(0.42,-6.45,5.08));
#2169 = SURFACE_CURVE('',#2170,(#2174,#2181),.PCURVE_S1.);
#2170 = LINE('',#2171,#2172);
#2171 = CARTESIAN_POINT('',(0.42,-6.45,5.));
#2172 = VECTOR('',#2173,1.);
#2173 = DIRECTION('',(0.,0.,1.));
#2174 = PCURVE('',#751,#2175);
#2175 = DEFINITIONAL_REPRESENTATION('',(#2176),#2180);
#2176 = LINE('',#2177,#2178);
#2177 = CARTESIAN_POINT('',(-5.2,0.92));
#2178 = VECTOR('',#2179,1.);
#2179 = DIRECTION('',(1.,0.));
#2180 = ( GEOMETRIC_REPRESENTATION_CONTEXT(2) 
PARAMETRIC_REPRESENTATION_CONTEXT() REPRESENTATION_CONTEXT('2D SPACE',''
  ) );
#2181 = PCURVE('',#2182,#2187);
#2182 = CYLINDRICAL_SURFACE('',#2183,8.E-02);
#2183 = AXIS2_PLACEMENT_3D('',#2184,#2185,#2186);
#2184 = CARTESIAN_POINT('',(0.42,-6.37,5.));
#2185 = DIRECTION('',(0.,0.,1.));
#2186 = DIRECTION('',(0.,-1.,0.));
#2187 = DEFINITIONAL_REPRESENTATION('',(#2188),#2192);
#2188 = LINE('',#2189,#2190);
#2189 = CARTESIAN_POINT('',(0.,0.));
#2190 = VECTOR('',#2191,1.);
#2191 = DIRECTION('',(0.,1.));
#2192 = ( GEOMETRIC_REPRESENTATION_CONTEXT(2) 
PARAMETRIC_REPRESENTATION_CONTEXT() REPRESENTATION_CONTEXT('2D SPACE',''
  ) );
#2193 = ORIENTED_EDGE('',*,*,#2194,.F.);
#2194 = EDGE_CURVE('',#707,#2167,#2195,.T.);
#2195 = SURFACE_CURVE('',#2196,(#2200,#2207),.PCURVE_S1.);
#2196 = LINE('',#2197,#2198);
#2197 = CARTESIAN_POINT('',(-0.5,-6.45,5.08));
#2198 = VECTOR('',#2199,1.);
#2199 = DIRECTION('',(1.,0.,-0.));
#2200 = PCURVE('',#751,#2201);
#2201 = DEFINITIONAL_REPRESENTATION('',(#2202),#2206);
#2202 = LINE('',#2203,#2204);
#2203 = CARTESIAN_POINT('',(-5.12,0.));
#2204 = VECTOR('',#2205,1.);
#2205 = DIRECTION('',(0.,1.));
#2206 = ( GEOMETRIC_REPRESENTATION_CONTEXT(2) 
PARAMETRIC_REPRESENTATION_CONTEXT() REPRESENTATION_CONTEXT('2D SPACE',''
  ) );
#2207 = PCURVE('',#1927,#2208);
#2208 = DEFINITIONAL_REPRESENTATION('',(#2209),#2213);
#2209 = LINE('',#2210,#2211);
#2210 = CARTESIAN_POINT('',(0.,0.));
#2211 = VECTOR('',#2212,1.);
#2212 = DIRECTION('',(0.,1.));
#2213 = ( GEOMETRIC_REPRESENTATION_CONTEXT(2) 
PARAMETRIC_REPRESENTATION_CONTEXT() REPRESENTATION_CONTEXT('2D SPACE',''
  ) );
#2214 = ADVANCED_FACE('',(#2215),#824,.T.);
#2215 = FACE_BOUND('',#2216,.T.);
#2216 = EDGE_LOOP('',(#2217,#2247,#2275,#2303,#2332,#2360,#2389,#2417,
    #2443,#2444,#2445,#2468));
#2217 = ORIENTED_EDGE('',*,*,#2218,.F.);
#2218 = EDGE_CURVE('',#2219,#2221,#2223,.T.);
#2219 = VERTEX_POINT('',#2220);
#2220 = CARTESIAN_POINT('',(7.32,1.45,5.08));
#2221 = VERTEX_POINT('',#2222);
#2222 = CARTESIAN_POINT('',(7.32,1.45,10.75));
#2223 = SURFACE_CURVE('',#2224,(#2228,#2235),.PCURVE_S1.);
#2224 = LINE('',#2225,#2226);
#2225 = CARTESIAN_POINT('',(7.32,1.45,5.));
#2226 = VECTOR('',#2227,1.);
#2227 = DIRECTION('',(-0.,-0.,1.));
#2228 = PCURVE('',#824,#2229);
#2229 = DEFINITIONAL_REPRESENTATION('',(#2230),#2234);
#2230 = LINE('',#2231,#2232);
#2231 = CARTESIAN_POINT('',(-5.2,7.82));
#2232 = VECTOR('',#2233,1.);
#2233 = DIRECTION('',(1.,-0.));
#2234 = ( GEOMETRIC_REPRESENTATION_CONTEXT(2) 
PARAMETRIC_REPRESENTATION_CONTEXT() REPRESENTATION_CONTEXT('2D SPACE',''
  ) );
#2235 = PCURVE('',#2236,#2241);
#2236 = CYLINDRICAL_SURFACE('',#2237,8.E-02);
#2237 = AXIS2_PLACEMENT_3D('',#2238,#2239,#2240);
#2238 = CARTESIAN_POINT('',(7.32,1.37,5.));
#2239 = DIRECTION('',(-0.,-0.,1.));
#2240 = DIRECTION('',(1.,0.,0.));
#2241 = DEFINITIONAL_REPRESENTATION('',(#2242),#2246);
#2242 = LINE('',#2243,#2244);
#2243 = CARTESIAN_POINT('',(1.570796326795,0.));
#2244 = VECTOR('',#2245,1.);
#2245 = DIRECTION('',(0.,1.));
#2246 = ( GEOMETRIC_REPRESENTATION_CONTEXT(2) 
PARAMETRIC_REPRESENTATION_CONTEXT() REPRESENTATION_CONTEXT('2D SPACE',''
  ) );
#2247 = ORIENTED_EDGE('',*,*,#2248,.F.);
#2248 = EDGE_CURVE('',#2249,#2219,#2251,.T.);
#2249 = VERTEX_POINT('',#2250);
#2250 = CARTESIAN_POINT('',(6.48,1.45,5.08));
#2251 = SURFACE_CURVE('',#2252,(#2256,#2263),.PCURVE_S1.);
#2252 = LINE('',#2253,#2254);
#2253 = CARTESIAN_POINT('',(6.4,1.45,5.08));
#2254 = VECTOR('',#2255,1.);
#2255 = DIRECTION('',(1.,0.,-0.));
#2256 = PCURVE('',#824,#2257);
#2257 = DEFINITIONAL_REPRESENTATION('',(#2258),#2262);
#2258 = LINE('',#2259,#2260);
#2259 = CARTESIAN_POINT('',(-5.12,6.9));
#2260 = VECTOR('',#2261,1.);
#2261 = DIRECTION('',(0.,1.));
#2262 = ( GEOMETRIC_REPRESENTATION_CONTEXT(2) 
PARAMETRIC_REPRESENTATION_CONTEXT() REPRESENTATION_CONTEXT('2D SPACE',''
  ) );
#2263 = PCURVE('',#2264,#2269);
#2264 = CYLINDRICAL_SURFACE('',#2265,8.E-02);
#2265 = AXIS2_PLACEMENT_3D('',#2266,#2267,#2268);
#2266 = CARTESIAN_POINT('',(6.4,1.37,5.08));
#2267 = DIRECTION('',(1.,0.,-0.));
#2268 = DIRECTION('',(0.,1.,0.));
#2269 = DEFINITIONAL_REPRESENTATION('',(#2270),#2274);
#2270 = LINE('',#2271,#2272);
#2271 = CARTESIAN_POINT('',(-0.,0.));
#2272 = VECTOR('',#2273,1.);
#2273 = DIRECTION('',(-0.,1.));
#2274 = ( GEOMETRIC_REPRESENTATION_CONTEXT(2) 
PARAMETRIC_REPRESENTATION_CONTEXT() REPRESENTATION_CONTEXT('2D SPACE',''
  ) );
#2275 = ORIENTED_EDGE('',*,*,#2276,.T.);
#2276 = EDGE_CURVE('',#2249,#2277,#2279,.T.);
#2277 = VERTEX_POINT('',#2278);
#2278 = CARTESIAN_POINT('',(6.48,1.45,10.12));
#2279 = SURFACE_CURVE('',#2280,(#2284,#2291),.PCURVE_S1.);
#2280 = LINE('',#2281,#2282);
#2281 = CARTESIAN_POINT('',(6.48,1.45,5.));
#2282 = VECTOR('',#2283,1.);
#2283 = DIRECTION('',(0.,0.,1.));
#2284 = PCURVE('',#824,#2285);
#2285 = DEFINITIONAL_REPRESENTATION('',(#2286),#2290);
#2286 = LINE('',#2287,#2288);
#2287 = CARTESIAN_POINT('',(-5.2,6.98));
#2288 = VECTOR('',#2289,1.);
#2289 = DIRECTION('',(1.,0.));
#2290 = ( GEOMETRIC_REPRESENTATION_CONTEXT(2) 
PARAMETRIC_REPRESENTATION_CONTEXT() REPRESENTATION_CONTEXT('2D SPACE',''
  ) );
#2291 = PCURVE('',#2292,#2297);
#2292 = CYLINDRICAL_SURFACE('',#2293,8.E-02);
#2293 = AXIS2_PLACEMENT_3D('',#2294,#2295,#2296);
#2294 = CARTESIAN_POINT('',(6.48,1.37,5.));
#2295 = DIRECTION('',(0.,0.,1.));
#2296 = DIRECTION('',(-0.,1.,0.));
#2297 = DEFINITIONAL_REPRESENTATION('',(#2298),#2302);
#2298 = LINE('',#2299,#2300);
#2299 = CARTESIAN_POINT('',(0.,0.));
#2300 = VECTOR('',#2301,1.);
#2301 = DIRECTION('',(0.,1.));
#2302 = ( GEOMETRIC_REPRESENTATION_CONTEXT(2) 
PARAMETRIC_REPRESENTATION_CONTEXT() REPRESENTATION_CONTEXT('2D SPACE',''
  ) );
#2303 = ORIENTED_EDGE('',*,*,#2304,.F.);
#2304 = EDGE_CURVE('',#2305,#2277,#2307,.T.);
#2305 = VERTEX_POINT('',#2306);
#2306 = CARTESIAN_POINT('',(6.32,1.45,10.28));
#2307 = SURFACE_CURVE('',#2308,(#2313,#2320),.PCURVE_S1.);
#2308 = CIRCLE('',#2309,0.16);
#2309 = AXIS2_PLACEMENT_3D('',#2310,#2311,#2312);
#2310 = CARTESIAN_POINT('',(6.32,1.45,10.12));
#2311 = DIRECTION('',(-0.,1.,0.));
#2312 = DIRECTION('',(0.,0.,1.));
#2313 = PCURVE('',#824,#2314);
#2314 = DEFINITIONAL_REPRESENTATION('',(#2315),#2319);
#2315 = CIRCLE('',#2316,0.16);
#2316 = AXIS2_PLACEMENT_2D('',#2317,#2318);
#2317 = CARTESIAN_POINT('',(-8.E-02,6.82));
#2318 = DIRECTION('',(1.,0.));
#2319 = ( GEOMETRIC_REPRESENTATION_CONTEXT(2) 
PARAMETRIC_REPRESENTATION_CONTEXT() REPRESENTATION_CONTEXT('2D SPACE',''
  ) );
#2320 = PCURVE('',#2321,#2326);
#2321 = TOROIDAL_SURFACE('',#2322,0.16,8.E-02);
#2322 = AXIS2_PLACEMENT_3D('',#2323,#2324,#2325);
#2323 = CARTESIAN_POINT('',(6.32,1.37,10.12));
#2324 = DIRECTION('',(-0.,1.,0.));
#2325 = DIRECTION('',(0.,0.,1.));
#2326 = DEFINITIONAL_REPRESENTATION('',(#2327),#2331);
#2327 = LINE('',#2328,#2329);
#2328 = CARTESIAN_POINT('',(0.,1.570796326795));
#2329 = VECTOR('',#2330,1.);
#2330 = DIRECTION('',(1.,0.));
#2331 = ( GEOMETRIC_REPRESENTATION_CONTEXT(2) 
PARAMETRIC_REPRESENTATION_CONTEXT() REPRESENTATION_CONTEXT('2D SPACE',''
  ) );
#2332 = ORIENTED_EDGE('',*,*,#2333,.F.);
#2333 = EDGE_CURVE('',#2334,#2305,#2336,.T.);
#2334 = VERTEX_POINT('',#2335);
#2335 = CARTESIAN_POINT('',(0.58,1.45,10.28));
#2336 = SURFACE_CURVE('',#2337,(#2341,#2348),.PCURVE_S1.);
#2337 = LINE('',#2338,#2339);
#2338 = CARTESIAN_POINT('',(0.5,1.45,10.28));
#2339 = VECTOR('',#2340,1.);
#2340 = DIRECTION('',(1.,0.,-0.));
#2341 = PCURVE('',#824,#2342);
#2342 = DEFINITIONAL_REPRESENTATION('',(#2343),#2347);
#2343 = LINE('',#2344,#2345);
#2344 = CARTESIAN_POINT('',(8.E-02,1.));
#2345 = VECTOR('',#2346,1.);
#2346 = DIRECTION('',(0.,1.));
#2347 = ( GEOMETRIC_REPRESENTATION_CONTEXT(2) 
PARAMETRIC_REPRESENTATION_CONTEXT() REPRESENTATION_CONTEXT('2D SPACE',''
  ) );
#2348 = PCURVE('',#2349,#2354);
#2349 = CYLINDRICAL_SURFACE('',#2350,8.E-02);
#2350 = AXIS2_PLACEMENT_3D('',#2351,#2352,#2353);
#2351 = CARTESIAN_POINT('',(0.5,1.37,10.28));
#2352 = DIRECTION('',(1.,0.,-0.));
#2353 = DIRECTION('',(0.,1.,0.));
#2354 = DEFINITIONAL_REPRESENTATION('',(#2355),#2359);
#2355 = LINE('',#2356,#2357);
#2356 = CARTESIAN_POINT('',(-0.,0.));
#2357 = VECTOR('',#2358,1.);
#2358 = DIRECTION('',(-0.,1.));
#2359 = ( GEOMETRIC_REPRESENTATION_CONTEXT(2) 
PARAMETRIC_REPRESENTATION_CONTEXT() REPRESENTATION_CONTEXT('2D SPACE',''
  ) );
#2360 = ORIENTED_EDGE('',*,*,#2361,.F.);
#2361 = EDGE_CURVE('',#2362,#2334,#2364,.T.);
#2362 = VERTEX_POINT('',#2363);
#2363 = CARTESIAN_POINT('',(0.42,1.45,10.12));
#2364 = SURFACE_CURVE('',#2365,(#2370,#2377),.PCURVE_S1.);
#2365 = CIRCLE('',#2366,0.16);
#2366 = AXIS2_PLACEMENT_3D('',#2367,#2368,#2369);
#2367 = CARTESIAN_POINT('',(0.58,1.45,10.12));
#2368 = DIRECTION('',(-0.,1.,0.));
#2369 = DIRECTION('',(-1.,-0.,0.));
#2370 = PCURVE('',#824,#2371);
#2371 = DEFINITIONAL_REPRESENTATION('',(#2372),#2376);
#2372 = CIRCLE('',#2373,0.16);
#2373 = AXIS2_PLACEMENT_2D('',#2374,#2375);
#2374 = CARTESIAN_POINT('',(-8.E-02,1.08));
#2375 = DIRECTION('',(0.,-1.));
#2376 = ( GEOMETRIC_REPRESENTATION_CONTEXT(2) 
PARAMETRIC_REPRESENTATION_CONTEXT() REPRESENTATION_CONTEXT('2D SPACE',''
  ) );
#2377 = PCURVE('',#2378,#2383);
#2378 = TOROIDAL_SURFACE('',#2379,0.16,8.E-02);
#2379 = AXIS2_PLACEMENT_3D('',#2380,#2381,#2382);
#2380 = CARTESIAN_POINT('',(0.58,1.37,10.12));
#2381 = DIRECTION('',(-0.,1.,0.));
#2382 = DIRECTION('',(-1.,-0.,0.));
#2383 = DEFINITIONAL_REPRESENTATION('',(#2384),#2388);
#2384 = LINE('',#2385,#2386);
#2385 = CARTESIAN_POINT('',(0.,1.570796326795));
#2386 = VECTOR('',#2387,1.);
#2387 = DIRECTION('',(1.,0.));
#2388 = ( GEOMETRIC_REPRESENTATION_CONTEXT(2) 
PARAMETRIC_REPRESENTATION_CONTEXT() REPRESENTATION_CONTEXT('2D SPACE',''
  ) );
#2389 = ORIENTED_EDGE('',*,*,#2390,.F.);
#2390 = EDGE_CURVE('',#2391,#2362,#2393,.T.);
#2391 = VERTEX_POINT('',#2392);
#2392 = CARTESIAN_POINT('',(0.42,1.45,5.08));
#2393 = SURFACE_CURVE('',#2394,(#2398,#2405),.PCURVE_S1.);
#2394 = LINE('',#2395,#2396);
#2395 = CARTESIAN_POINT('',(0.42,1.45,5.));
#2396 = VECTOR('',#2397,1.);
#2397 = DIRECTION('',(0.,0.,1.));
#2398 = PCURVE('',#824,#2399);
#2399 = DEFINITIONAL_REPRESENTATION('',(#2400),#2404);
#2400 = LINE('',#2401,#2402);
#2401 = CARTESIAN_POINT('',(-5.2,0.92));
#2402 = VECTOR('',#2403,1.);
#2403 = DIRECTION('',(1.,0.));
#2404 = ( GEOMETRIC_REPRESENTATION_CONTEXT(2) 
PARAMETRIC_REPRESENTATION_CONTEXT() REPRESENTATION_CONTEXT('2D SPACE',''
  ) );
#2405 = PCURVE('',#2406,#2411);
#2406 = CYLINDRICAL_SURFACE('',#2407,8.E-02);
#2407 = AXIS2_PLACEMENT_3D('',#2408,#2409,#2410);
#2408 = CARTESIAN_POINT('',(0.42,1.37,5.));
#2409 = DIRECTION('',(0.,0.,1.));
#2410 = DIRECTION('',(-0.,1.,0.));
#2411 = DEFINITIONAL_REPRESENTATION('',(#2412),#2416);
#2412 = LINE('',#2413,#2414);
#2413 = CARTESIAN_POINT('',(-0.,0.));
#2414 = VECTOR('',#2415,1.);
#2415 = DIRECTION('',(-0.,1.));
#2416 = ( GEOMETRIC_REPRESENTATION_CONTEXT(2) 
PARAMETRIC_REPRESENTATION_CONTEXT() REPRESENTATION_CONTEXT('2D SPACE',''
  ) );
#2417 = ORIENTED_EDGE('',*,*,#2418,.F.);
#2418 = EDGE_CURVE('',#809,#2391,#2419,.T.);
#2419 = SURFACE_CURVE('',#2420,(#2424,#2431),.PCURVE_S1.);
#2420 = LINE('',#2421,#2422);
#2421 = CARTESIAN_POINT('',(-0.5,1.45,5.08));
#2422 = VECTOR('',#2423,1.);
#2423 = DIRECTION('',(1.,0.,-0.));
#2424 = PCURVE('',#824,#2425);
#2425 = DEFINITIONAL_REPRESENTATION('',(#2426),#2430);
#2426 = LINE('',#2427,#2428);
#2427 = CARTESIAN_POINT('',(-5.12,0.));
#2428 = VECTOR('',#2429,1.);
#2429 = DIRECTION('',(0.,1.));
#2430 = ( GEOMETRIC_REPRESENTATION_CONTEXT(2) 
PARAMETRIC_REPRESENTATION_CONTEXT() REPRESENTATION_CONTEXT('2D SPACE',''
  ) );
#2431 = PCURVE('',#2432,#2437);
#2432 = CYLINDRICAL_SURFACE('',#2433,8.E-02);
#2433 = AXIS2_PLACEMENT_3D('',#2434,#2435,#2436);
#2434 = CARTESIAN_POINT('',(-0.5,1.37,5.08));
#2435 = DIRECTION('',(1.,0.,-0.));
#2436 = DIRECTION('',(0.,-0.,-1.));
#2437 = DEFINITIONAL_REPRESENTATION('',(#2438),#2442);
#2438 = LINE('',#2439,#2440);
#2439 = CARTESIAN_POINT('',(1.570796326795,0.));
#2440 = VECTOR('',#2441,1.);
#2441 = DIRECTION('',(0.,1.));
#2442 = ( GEOMETRIC_REPRESENTATION_CONTEXT(2) 
PARAMETRIC_REPRESENTATION_CONTEXT() REPRESENTATION_CONTEXT('2D SPACE',''
  ) );
#2443 = ORIENTED_EDGE('',*,*,#808,.F.);
#2444 = ORIENTED_EDGE('',*,*,#1776,.F.);
#2445 = ORIENTED_EDGE('',*,*,#2446,.F.);
#2446 = EDGE_CURVE('',#2447,#1748,#2449,.T.);
#2447 = VERTEX_POINT('',#2448);
#2448 = CARTESIAN_POINT('',(6.95,1.45,11.12));
#2449 = SURFACE_CURVE('',#2450,(#2454,#2461),.PCURVE_S1.);
#2450 = LINE('',#2451,#2452);
#2451 = CARTESIAN_POINT('',(6.95,1.45,11.12));
#2452 = VECTOR('',#2453,1.);
#2453 = DIRECTION('',(-1.,-0.,0.));
#2454 = PCURVE('',#824,#2455);
#2455 = DEFINITIONAL_REPRESENTATION('',(#2456),#2460);
#2456 = LINE('',#2457,#2458);
#2457 = CARTESIAN_POINT('',(0.92,7.45));
#2458 = VECTOR('',#2459,1.);
#2459 = DIRECTION('',(0.,-1.));
#2460 = ( GEOMETRIC_REPRESENTATION_CONTEXT(2) 
PARAMETRIC_REPRESENTATION_CONTEXT() REPRESENTATION_CONTEXT('2D SPACE',''
  ) );
#2461 = PCURVE('',#1763,#2462);
#2462 = DEFINITIONAL_REPRESENTATION('',(#2463),#2467);
#2463 = LINE('',#2464,#2465);
#2464 = CARTESIAN_POINT('',(1.570796326795,0.));
#2465 = VECTOR('',#2466,1.);
#2466 = DIRECTION('',(0.,1.));
#2467 = ( GEOMETRIC_REPRESENTATION_CONTEXT(2) 
PARAMETRIC_REPRESENTATION_CONTEXT() REPRESENTATION_CONTEXT('2D SPACE',''
  ) );
#2468 = ORIENTED_EDGE('',*,*,#2469,.F.);
#2469 = EDGE_CURVE('',#2221,#2447,#2470,.T.);
#2470 = SURFACE_CURVE('',#2471,(#2476,#2487),.PCURVE_S1.);
#2471 = CIRCLE('',#2472,0.37);
#2472 = AXIS2_PLACEMENT_3D('',#2473,#2474,#2475);
#2473 = CARTESIAN_POINT('',(6.95,1.45,10.75));
#2474 = DIRECTION('',(0.,-1.,-0.));
#2475 = DIRECTION('',(1.,0.,0.));
#2476 = PCURVE('',#824,#2477);
#2477 = DEFINITIONAL_REPRESENTATION('',(#2478),#2486);
#2478 = ( BOUNDED_CURVE() B_SPLINE_CURVE(2,(#2479,#2480,#2481,#2482,
#2483,#2484,#2485),.UNSPECIFIED.,.T.,.F.) B_SPLINE_CURVE_WITH_KNOTS((1,2
    ,2,2,2,1),(-2.094395102393,0.,2.094395102393,4.188790204786,
6.28318530718,8.377580409573),.UNSPECIFIED.) CURVE() 
GEOMETRIC_REPRESENTATION_ITEM() RATIONAL_B_SPLINE_CURVE((1.,0.5,1.,0.5,
1.,0.5,1.)) REPRESENTATION_ITEM('') );
#2479 = CARTESIAN_POINT('',(0.55,7.82));
#2480 = CARTESIAN_POINT('',(1.1908587988,7.82));
#2481 = CARTESIAN_POINT('',(0.8704293994,7.265));
#2482 = CARTESIAN_POINT('',(0.55,6.71));
#2483 = CARTESIAN_POINT('',(0.2295706006,7.265));
#2484 = CARTESIAN_POINT('',(-9.085879880048E-02,7.82));
#2485 = CARTESIAN_POINT('',(0.55,7.82));
#2486 = ( GEOMETRIC_REPRESENTATION_CONTEXT(2) 
PARAMETRIC_REPRESENTATION_CONTEXT() REPRESENTATION_CONTEXT('2D SPACE',''
  ) );
#2487 = PCURVE('',#2488,#2493);
#2488 = TOROIDAL_SURFACE('',#2489,0.37,8.E-02);
#2489 = AXIS2_PLACEMENT_3D('',#2490,#2491,#2492);
#2490 = CARTESIAN_POINT('',(6.95,1.37,10.75));
#2491 = DIRECTION('',(-0.,1.,0.));
#2492 = DIRECTION('',(1.,0.,0.));
#2493 = DEFINITIONAL_REPRESENTATION('',(#2494),#2498);
#2494 = LINE('',#2495,#2496);
#2495 = CARTESIAN_POINT('',(-0.,1.570796326795));
#2496 = VECTOR('',#2497,1.);
#2497 = DIRECTION('',(-1.,0.));
#2498 = ( GEOMETRIC_REPRESENTATION_CONTEXT(2) 
PARAMETRIC_REPRESENTATION_CONTEXT() REPRESENTATION_CONTEXT('2D SPACE',''
  ) );
#2499 = ADVANCED_FACE('',(#2500),#850,.T.);
#2500 = FACE_BOUND('',#2501,.T.);
#2501 = EDGE_LOOP('',(#2502,#2503,#2523));
#2502 = ORIENTED_EDGE('',*,*,#836,.F.);
#2503 = ORIENTED_EDGE('',*,*,#2504,.T.);
#2504 = EDGE_CURVE('',#809,#962,#2505,.T.);
#2505 = SURFACE_CURVE('',#2506,(#2511,#2517),.PCURVE_S1.);
#2506 = CIRCLE('',#2507,8.E-02);
#2507 = AXIS2_PLACEMENT_3D('',#2508,#2509,#2510);
#2508 = CARTESIAN_POINT('',(-0.42,1.37,5.08));
#2509 = DIRECTION('',(-1.,-0.,7.273661547325E-16));
#2510 = DIRECTION('',(-7.273661547325E-16,0.,-1.));
#2511 = PCURVE('',#850,#2512);
#2512 = DEFINITIONAL_REPRESENTATION('',(#2513),#2516);
#2513 = B_SPLINE_CURVE_WITH_KNOTS('',1,(#2514,#2515),.UNSPECIFIED.,.F.,
  .F.,(2,2),(4.712388980385,6.28318530718),.PIECEWISE_BEZIER_KNOTS.);
#2514 = CARTESIAN_POINT('',(1.570796326795,-1.570796326795));
#2515 = CARTESIAN_POINT('',(1.570796326795,0.));
#2516 = ( GEOMETRIC_REPRESENTATION_CONTEXT(2) 
PARAMETRIC_REPRESENTATION_CONTEXT() REPRESENTATION_CONTEXT('2D SPACE',''
  ) );
#2517 = PCURVE('',#2432,#2518);
#2518 = DEFINITIONAL_REPRESENTATION('',(#2519),#2522);
#2519 = B_SPLINE_CURVE_WITH_KNOTS('',1,(#2520,#2521),.UNSPECIFIED.,.F.,
  .F.,(2,2),(4.712388980385,6.28318530718),.PIECEWISE_BEZIER_KNOTS.);
#2520 = CARTESIAN_POINT('',(1.570796326795,8.E-02));
#2521 = CARTESIAN_POINT('',(0.,8.E-02));
#2522 = ( GEOMETRIC_REPRESENTATION_CONTEXT(2) 
PARAMETRIC_REPRESENTATION_CONTEXT() REPRESENTATION_CONTEXT('2D SPACE',''
  ) );
#2523 = ORIENTED_EDGE('',*,*,#989,.F.);
#2524 = ADVANCED_FACE('',(#2525),#903,.F.);
#2525 = FACE_BOUND('',#2526,.F.);
#2526 = EDGE_LOOP('',(#2527,#2528,#2551,#2579));
#2527 = ORIENTED_EDGE('',*,*,#887,.F.);
#2528 = ORIENTED_EDGE('',*,*,#2529,.T.);
#2529 = EDGE_CURVE('',#866,#2530,#2532,.T.);
#2530 = VERTEX_POINT('',#2531);
#2531 = CARTESIAN_POINT('',(0.42,-6.37,5.));
#2532 = SURFACE_CURVE('',#2533,(#2537,#2544),.PCURVE_S1.);
#2533 = LINE('',#2534,#2535);
#2534 = CARTESIAN_POINT('',(-0.5,-6.37,5.));
#2535 = VECTOR('',#2536,1.);
#2536 = DIRECTION('',(1.,0.,-0.));
#2537 = PCURVE('',#903,#2538);
#2538 = DEFINITIONAL_REPRESENTATION('',(#2539),#2543);
#2539 = LINE('',#2540,#2541);
#2540 = CARTESIAN_POINT('',(0.,8.E-02));
#2541 = VECTOR('',#2542,1.);
#2542 = DIRECTION('',(1.,0.));
#2543 = ( GEOMETRIC_REPRESENTATION_CONTEXT(2) 
PARAMETRIC_REPRESENTATION_CONTEXT() REPRESENTATION_CONTEXT('2D SPACE',''
  ) );
#2544 = PCURVE('',#1927,#2545);
#2545 = DEFINITIONAL_REPRESENTATION('',(#2546),#2550);
#2546 = LINE('',#2547,#2548);
#2547 = CARTESIAN_POINT('',(1.570796326795,0.));
#2548 = VECTOR('',#2549,1.);
#2549 = DIRECTION('',(0.,1.));
#2550 = ( GEOMETRIC_REPRESENTATION_CONTEXT(2) 
PARAMETRIC_REPRESENTATION_CONTEXT() REPRESENTATION_CONTEXT('2D SPACE',''
  ) );
#2551 = ORIENTED_EDGE('',*,*,#2552,.T.);
#2552 = EDGE_CURVE('',#2530,#2553,#2555,.T.);
#2553 = VERTEX_POINT('',#2554);
#2554 = CARTESIAN_POINT('',(0.42,-5.83,5.));
#2555 = SURFACE_CURVE('',#2556,(#2560,#2567),.PCURVE_S1.);
#2556 = LINE('',#2557,#2558);
#2557 = CARTESIAN_POINT('',(0.42,-6.45,5.));
#2558 = VECTOR('',#2559,1.);
#2559 = DIRECTION('',(-0.,1.,0.));
#2560 = PCURVE('',#903,#2561);
#2561 = DEFINITIONAL_REPRESENTATION('',(#2562),#2566);
#2562 = LINE('',#2563,#2564);
#2563 = CARTESIAN_POINT('',(0.92,0.));
#2564 = VECTOR('',#2565,1.);
#2565 = DIRECTION('',(0.,1.));
#2566 = ( GEOMETRIC_REPRESENTATION_CONTEXT(2) 
PARAMETRIC_REPRESENTATION_CONTEXT() REPRESENTATION_CONTEXT('2D SPACE',''
  ) );
#2567 = PCURVE('',#2568,#2573);
#2568 = CYLINDRICAL_SURFACE('',#2569,8.E-02);
#2569 = AXIS2_PLACEMENT_3D('',#2570,#2571,#2572);
#2570 = CARTESIAN_POINT('',(0.42,-6.45,5.08));
#2571 = DIRECTION('',(-0.,1.,0.));
#2572 = DIRECTION('',(-0.,0.,-1.));
#2573 = DEFINITIONAL_REPRESENTATION('',(#2574),#2578);
#2574 = LINE('',#2575,#2576);
#2575 = CARTESIAN_POINT('',(-0.,0.));
#2576 = VECTOR('',#2577,1.);
#2577 = DIRECTION('',(-0.,1.));
#2578 = ( GEOMETRIC_REPRESENTATION_CONTEXT(2) 
PARAMETRIC_REPRESENTATION_CONTEXT() REPRESENTATION_CONTEXT('2D SPACE',''
  ) );
#2579 = ORIENTED_EDGE('',*,*,#2580,.T.);
#2580 = EDGE_CURVE('',#2553,#888,#2581,.T.);
#2581 = SURFACE_CURVE('',#2582,(#2586,#2593),.PCURVE_S1.);
#2582 = LINE('',#2583,#2584);
#2583 = CARTESIAN_POINT('',(0.5,-5.83,5.));
#2584 = VECTOR('',#2585,1.);
#2585 = DIRECTION('',(-1.,-0.,0.));
#2586 = PCURVE('',#903,#2587);
#2587 = DEFINITIONAL_REPRESENTATION('',(#2588),#2592);
#2588 = LINE('',#2589,#2590);
#2589 = CARTESIAN_POINT('',(1.,0.62));
#2590 = VECTOR('',#2591,1.);
#2591 = DIRECTION('',(-1.,0.));
#2592 = ( GEOMETRIC_REPRESENTATION_CONTEXT(2) 
PARAMETRIC_REPRESENTATION_CONTEXT() REPRESENTATION_CONTEXT('2D SPACE',''
  ) );
#2593 = PCURVE('',#1054,#2594);
#2594 = DEFINITIONAL_REPRESENTATION('',(#2595),#2599);
#2595 = LINE('',#2596,#2597);
#2596 = CARTESIAN_POINT('',(0.,0.));
#2597 = VECTOR('',#2598,1.);
#2598 = DIRECTION('',(0.,1.));
#2599 = ( GEOMETRIC_REPRESENTATION_CONTEXT(2) 
PARAMETRIC_REPRESENTATION_CONTEXT() REPRESENTATION_CONTEXT('2D SPACE',''
  ) );
#2600 = ADVANCED_FACE('',(#2601),#977,.F.);
#2601 = FACE_BOUND('',#2602,.F.);
#2602 = EDGE_LOOP('',(#2603,#2604,#2627,#2655));
#2603 = ORIENTED_EDGE('',*,*,#961,.F.);
#2604 = ORIENTED_EDGE('',*,*,#2605,.F.);
#2605 = EDGE_CURVE('',#2606,#940,#2608,.T.);
#2606 = VERTEX_POINT('',#2607);
#2607 = CARTESIAN_POINT('',(0.42,0.83,5.));
#2608 = SURFACE_CURVE('',#2609,(#2613,#2620),.PCURVE_S1.);
#2609 = LINE('',#2610,#2611);
#2610 = CARTESIAN_POINT('',(0.5,0.83,5.));
#2611 = VECTOR('',#2612,1.);
#2612 = DIRECTION('',(-1.,-0.,0.));
#2613 = PCURVE('',#977,#2614);
#2614 = DEFINITIONAL_REPRESENTATION('',(#2615),#2619);
#2615 = LINE('',#2616,#2617);
#2616 = CARTESIAN_POINT('',(1.,7.28));
#2617 = VECTOR('',#2618,1.);
#2618 = DIRECTION('',(-1.,0.));
#2619 = ( GEOMETRIC_REPRESENTATION_CONTEXT(2) 
PARAMETRIC_REPRESENTATION_CONTEXT() REPRESENTATION_CONTEXT('2D SPACE',''
  ) );
#2620 = PCURVE('',#1108,#2621);
#2621 = DEFINITIONAL_REPRESENTATION('',(#2622),#2626);
#2622 = LINE('',#2623,#2624);
#2623 = CARTESIAN_POINT('',(1.570796326795,0.));
#2624 = VECTOR('',#2625,1.);
#2625 = DIRECTION('',(0.,1.));
#2626 = ( GEOMETRIC_REPRESENTATION_CONTEXT(2) 
PARAMETRIC_REPRESENTATION_CONTEXT() REPRESENTATION_CONTEXT('2D SPACE',''
  ) );
#2627 = ORIENTED_EDGE('',*,*,#2628,.T.);
#2628 = EDGE_CURVE('',#2606,#2629,#2631,.T.);
#2629 = VERTEX_POINT('',#2630);
#2630 = CARTESIAN_POINT('',(0.42,1.37,5.));
#2631 = SURFACE_CURVE('',#2632,(#2636,#2643),.PCURVE_S1.);
#2632 = LINE('',#2633,#2634);
#2633 = CARTESIAN_POINT('',(0.42,0.75,5.));
#2634 = VECTOR('',#2635,1.);
#2635 = DIRECTION('',(-0.,1.,0.));
#2636 = PCURVE('',#977,#2637);
#2637 = DEFINITIONAL_REPRESENTATION('',(#2638),#2642);
#2638 = LINE('',#2639,#2640);
#2639 = CARTESIAN_POINT('',(0.92,7.2));
#2640 = VECTOR('',#2641,1.);
#2641 = DIRECTION('',(0.,1.));
#2642 = ( GEOMETRIC_REPRESENTATION_CONTEXT(2) 
PARAMETRIC_REPRESENTATION_CONTEXT() REPRESENTATION_CONTEXT('2D SPACE',''
  ) );
#2643 = PCURVE('',#2644,#2649);
#2644 = CYLINDRICAL_SURFACE('',#2645,8.E-02);
#2645 = AXIS2_PLACEMENT_3D('',#2646,#2647,#2648);
#2646 = CARTESIAN_POINT('',(0.42,0.75,5.08));
#2647 = DIRECTION('',(-0.,1.,0.));
#2648 = DIRECTION('',(-0.,0.,-1.));
#2649 = DEFINITIONAL_REPRESENTATION('',(#2650),#2654);
#2650 = LINE('',#2651,#2652);
#2651 = CARTESIAN_POINT('',(-0.,0.));
#2652 = VECTOR('',#2653,1.);
#2653 = DIRECTION('',(-0.,1.));
#2654 = ( GEOMETRIC_REPRESENTATION_CONTEXT(2) 
PARAMETRIC_REPRESENTATION_CONTEXT() REPRESENTATION_CONTEXT('2D SPACE',''
  ) );
#2655 = ORIENTED_EDGE('',*,*,#2656,.F.);
#2656 = EDGE_CURVE('',#962,#2629,#2657,.T.);
#2657 = SURFACE_CURVE('',#2658,(#2662,#2669),.PCURVE_S1.);
#2658 = LINE('',#2659,#2660);
#2659 = CARTESIAN_POINT('',(-0.5,1.37,5.));
#2660 = VECTOR('',#2661,1.);
#2661 = DIRECTION('',(1.,0.,-0.));
#2662 = PCURVE('',#977,#2663);
#2663 = DEFINITIONAL_REPRESENTATION('',(#2664),#2668);
#2664 = LINE('',#2665,#2666);
#2665 = CARTESIAN_POINT('',(0.,7.82));
#2666 = VECTOR('',#2667,1.);
#2667 = DIRECTION('',(1.,0.));
#2668 = ( GEOMETRIC_REPRESENTATION_CONTEXT(2) 
PARAMETRIC_REPRESENTATION_CONTEXT() REPRESENTATION_CONTEXT('2D SPACE',''
  ) );
#2669 = PCURVE('',#2432,#2670);
#2670 = DEFINITIONAL_REPRESENTATION('',(#2671),#2675);
#2671 = LINE('',#2672,#2673);
#2672 = CARTESIAN_POINT('',(0.,0.));
#2673 = VECTOR('',#2674,1.);
#2674 = DIRECTION('',(0.,1.));
#2675 = ( GEOMETRIC_REPRESENTATION_CONTEXT(2) 
PARAMETRIC_REPRESENTATION_CONTEXT() REPRESENTATION_CONTEXT('2D SPACE',''
  ) );
#2676 = ADVANCED_FACE('',(#2677),#1054,.F.);
#2677 = FACE_BOUND('',#2678,.F.);
#2678 = EDGE_LOOP('',(#2679,#2680,#2709,#2730));
#2679 = ORIENTED_EDGE('',*,*,#2580,.F.);
#2680 = ORIENTED_EDGE('',*,*,#2681,.T.);
#2681 = EDGE_CURVE('',#2553,#2682,#2684,.T.);
#2682 = VERTEX_POINT('',#2683);
#2683 = CARTESIAN_POINT('',(0.42,-5.75,4.92));
#2684 = SURFACE_CURVE('',#2685,(#2690,#2697),.PCURVE_S1.);
#2685 = CIRCLE('',#2686,8.E-02);
#2686 = AXIS2_PLACEMENT_3D('',#2687,#2688,#2689);
#2687 = CARTESIAN_POINT('',(0.42,-5.83,4.92));
#2688 = DIRECTION('',(-1.,-0.,0.));
#2689 = DIRECTION('',(0.,0.,1.));
#2690 = PCURVE('',#1054,#2691);
#2691 = DEFINITIONAL_REPRESENTATION('',(#2692),#2696);
#2692 = LINE('',#2693,#2694);
#2693 = CARTESIAN_POINT('',(0.,8.E-02));
#2694 = VECTOR('',#2695,1.);
#2695 = DIRECTION('',(1.,0.));
#2696 = ( GEOMETRIC_REPRESENTATION_CONTEXT(2) 
PARAMETRIC_REPRESENTATION_CONTEXT() REPRESENTATION_CONTEXT('2D SPACE',''
  ) );
#2697 = PCURVE('',#2698,#2703);
#2698 = TOROIDAL_SURFACE('',#2699,0.16,8.E-02);
#2699 = AXIS2_PLACEMENT_3D('',#2700,#2701,#2702);
#2700 = CARTESIAN_POINT('',(0.42,-5.83,4.92));
#2701 = DIRECTION('',(1.,0.,-0.));
#2702 = DIRECTION('',(0.,0.,1.));
#2703 = DEFINITIONAL_REPRESENTATION('',(#2704),#2708);
#2704 = LINE('',#2705,#2706);
#2705 = CARTESIAN_POINT('',(-0.,3.14159265359));
#2706 = VECTOR('',#2707,1.);
#2707 = DIRECTION('',(-1.,0.));
#2708 = ( GEOMETRIC_REPRESENTATION_CONTEXT(2) 
PARAMETRIC_REPRESENTATION_CONTEXT() REPRESENTATION_CONTEXT('2D SPACE',''
  ) );
#2709 = ORIENTED_EDGE('',*,*,#2710,.T.);
#2710 = EDGE_CURVE('',#2682,#1018,#2711,.T.);
#2711 = SURFACE_CURVE('',#2712,(#2716,#2723),.PCURVE_S1.);
#2712 = LINE('',#2713,#2714);
#2713 = CARTESIAN_POINT('',(0.5,-5.75,4.92));
#2714 = VECTOR('',#2715,1.);
#2715 = DIRECTION('',(-1.,-0.,0.));
#2716 = PCURVE('',#1054,#2717);
#2717 = DEFINITIONAL_REPRESENTATION('',(#2718),#2722);
#2718 = LINE('',#2719,#2720);
#2719 = CARTESIAN_POINT('',(1.570796326795,0.));
#2720 = VECTOR('',#2721,1.);
#2721 = DIRECTION('',(0.,1.));
#2722 = ( GEOMETRIC_REPRESENTATION_CONTEXT(2) 
PARAMETRIC_REPRESENTATION_CONTEXT() REPRESENTATION_CONTEXT('2D SPACE',''
  ) );
#2723 = PCURVE('',#1167,#2724);
#2724 = DEFINITIONAL_REPRESENTATION('',(#2725),#2729);
#2725 = LINE('',#2726,#2727);
#2726 = CARTESIAN_POINT('',(4.92,1.));
#2727 = VECTOR('',#2728,1.);
#2728 = DIRECTION('',(0.,-1.));
#2729 = ( GEOMETRIC_REPRESENTATION_CONTEXT(2) 
PARAMETRIC_REPRESENTATION_CONTEXT() REPRESENTATION_CONTEXT('2D SPACE',''
  ) );
#2730 = ORIENTED_EDGE('',*,*,#1039,.F.);
#2731 = ADVANCED_FACE('',(#2732),#1108,.F.);
#2732 = FACE_BOUND('',#2733,.F.);
#2733 = EDGE_LOOP('',(#2734,#2757,#2784,#2785));
#2734 = ORIENTED_EDGE('',*,*,#2735,.F.);
#2735 = EDGE_CURVE('',#2736,#1070,#2738,.T.);
#2736 = VERTEX_POINT('',#2737);
#2737 = CARTESIAN_POINT('',(0.42,0.75,4.92));
#2738 = SURFACE_CURVE('',#2739,(#2743,#2750),.PCURVE_S1.);
#2739 = LINE('',#2740,#2741);
#2740 = CARTESIAN_POINT('',(0.5,0.75,4.92));
#2741 = VECTOR('',#2742,1.);
#2742 = DIRECTION('',(-1.,-0.,0.));
#2743 = PCURVE('',#1108,#2744);
#2744 = DEFINITIONAL_REPRESENTATION('',(#2745),#2749);
#2745 = LINE('',#2746,#2747);
#2746 = CARTESIAN_POINT('',(0.,0.));
#2747 = VECTOR('',#2748,1.);
#2748 = DIRECTION('',(0.,1.));
#2749 = ( GEOMETRIC_REPRESENTATION_CONTEXT(2) 
PARAMETRIC_REPRESENTATION_CONTEXT() REPRESENTATION_CONTEXT('2D SPACE',''
  ) );
#2750 = PCURVE('',#1224,#2751);
#2751 = DEFINITIONAL_REPRESENTATION('',(#2752),#2756);
#2752 = LINE('',#2753,#2754);
#2753 = CARTESIAN_POINT('',(4.92,1.));
#2754 = VECTOR('',#2755,1.);
#2755 = DIRECTION('',(0.,-1.));
#2756 = ( GEOMETRIC_REPRESENTATION_CONTEXT(2) 
PARAMETRIC_REPRESENTATION_CONTEXT() REPRESENTATION_CONTEXT('2D SPACE',''
  ) );
#2757 = ORIENTED_EDGE('',*,*,#2758,.F.);
#2758 = EDGE_CURVE('',#2606,#2736,#2759,.T.);
#2759 = SURFACE_CURVE('',#2760,(#2765,#2772),.PCURVE_S1.);
#2760 = CIRCLE('',#2761,8.E-02);
#2761 = AXIS2_PLACEMENT_3D('',#2762,#2763,#2764);
#2762 = CARTESIAN_POINT('',(0.42,0.83,4.92));
#2763 = DIRECTION('',(1.,0.,0.));
#2764 = DIRECTION('',(0.,-1.387778780781E-15,1.));
#2765 = PCURVE('',#1108,#2766);
#2766 = DEFINITIONAL_REPRESENTATION('',(#2767),#2771);
#2767 = LINE('',#2768,#2769);
#2768 = CARTESIAN_POINT('',(1.570796326795,8.E-02));
#2769 = VECTOR('',#2770,1.);
#2770 = DIRECTION('',(-1.,-0.));
#2771 = ( GEOMETRIC_REPRESENTATION_CONTEXT(2) 
PARAMETRIC_REPRESENTATION_CONTEXT() REPRESENTATION_CONTEXT('2D SPACE',''
  ) );
#2772 = PCURVE('',#2773,#2778);
#2773 = TOROIDAL_SURFACE('',#2774,0.16,8.E-02);
#2774 = AXIS2_PLACEMENT_3D('',#2775,#2776,#2777);
#2775 = CARTESIAN_POINT('',(0.42,0.83,4.92));
#2776 = DIRECTION('',(1.,0.,-0.));
#2777 = DIRECTION('',(0.,-1.387778780781E-15,1.));
#2778 = DEFINITIONAL_REPRESENTATION('',(#2779),#2783);
#2779 = LINE('',#2780,#2781);
#2780 = CARTESIAN_POINT('',(0.,3.14159265359));
#2781 = VECTOR('',#2782,1.);
#2782 = DIRECTION('',(1.,0.));
#2783 = ( GEOMETRIC_REPRESENTATION_CONTEXT(2) 
PARAMETRIC_REPRESENTATION_CONTEXT() REPRESENTATION_CONTEXT('2D SPACE',''
  ) );
#2784 = ORIENTED_EDGE('',*,*,#2605,.T.);
#2785 = ORIENTED_EDGE('',*,*,#1093,.F.);
#2786 = ADVANCED_FACE('',(#2787),#1141,.T.);
#2787 = FACE_BOUND('',#2788,.T.);
#2788 = EDGE_LOOP('',(#2789,#2790,#2815));
#2789 = ORIENTED_EDGE('',*,*,#1241,.F.);
#2790 = ORIENTED_EDGE('',*,*,#2791,.T.);
#2791 = EDGE_CURVE('',#1242,#1125,#2792,.T.);
#2792 = SURFACE_CURVE('',#2793,(#2798,#2804),.PCURVE_S1.);
#2793 = CIRCLE('',#2794,8.E-02);
#2794 = AXIS2_PLACEMENT_3D('',#2795,#2796,#2797);
#2795 = CARTESIAN_POINT('',(-0.42,-5.67,8.E-02));
#2796 = DIRECTION('',(-1.,7.273661547325E-16,0.));
#2797 = DIRECTION('',(-7.273661547325E-16,-1.,0.));
#2798 = PCURVE('',#1141,#2799);
#2799 = DEFINITIONAL_REPRESENTATION('',(#2800),#2803);
#2800 = B_SPLINE_CURVE_WITH_KNOTS('',1,(#2801,#2802),.UNSPECIFIED.,.F.,
  .F.,(2,2),(4.712388980385,6.28318530718),.PIECEWISE_BEZIER_KNOTS.);
#2801 = CARTESIAN_POINT('',(1.570796326795,-1.570796326795));
#2802 = CARTESIAN_POINT('',(1.570796326795,0.));
#2803 = ( GEOMETRIC_REPRESENTATION_CONTEXT(2) 
PARAMETRIC_REPRESENTATION_CONTEXT() REPRESENTATION_CONTEXT('2D SPACE',''
  ) );
#2804 = PCURVE('',#2805,#2810);
#2805 = CYLINDRICAL_SURFACE('',#2806,8.E-02);
#2806 = AXIS2_PLACEMENT_3D('',#2807,#2808,#2809);
#2807 = CARTESIAN_POINT('',(-0.5,-5.67,8.E-02));
#2808 = DIRECTION('',(1.,0.,-0.));
#2809 = DIRECTION('',(0.,-1.,0.));
#2810 = DEFINITIONAL_REPRESENTATION('',(#2811),#2814);
#2811 = B_SPLINE_CURVE_WITH_KNOTS('',1,(#2812,#2813),.UNSPECIFIED.,.F.,
  .F.,(2,2),(4.712388980385,6.28318530718),.PIECEWISE_BEZIER_KNOTS.);
#2812 = CARTESIAN_POINT('',(1.570796326795,8.E-02));
#2813 = CARTESIAN_POINT('',(0.,8.E-02));
#2814 = ( GEOMETRIC_REPRESENTATION_CONTEXT(2) 
PARAMETRIC_REPRESENTATION_CONTEXT() REPRESENTATION_CONTEXT('2D SPACE',''
  ) );
#2815 = ORIENTED_EDGE('',*,*,#1124,.F.);
#2816 = ADVANCED_FACE('',(#2817),#1167,.F.);
#2817 = FACE_BOUND('',#2818,.F.);
#2818 = EDGE_LOOP('',(#2819,#2820,#2821,#2849));
#2819 = ORIENTED_EDGE('',*,*,#1153,.T.);
#2820 = ORIENTED_EDGE('',*,*,#2710,.F.);
#2821 = ORIENTED_EDGE('',*,*,#2822,.F.);
#2822 = EDGE_CURVE('',#2823,#2682,#2825,.T.);
#2823 = VERTEX_POINT('',#2824);
#2824 = CARTESIAN_POINT('',(0.42,-5.75,8.E-02));
#2825 = SURFACE_CURVE('',#2826,(#2830,#2837),.PCURVE_S1.);
#2826 = LINE('',#2827,#2828);
#2827 = CARTESIAN_POINT('',(0.42,-5.75,0.));
#2828 = VECTOR('',#2829,1.);
#2829 = DIRECTION('',(0.,0.,1.));
#2830 = PCURVE('',#1167,#2831);
#2831 = DEFINITIONAL_REPRESENTATION('',(#2832),#2836);
#2832 = LINE('',#2833,#2834);
#2833 = CARTESIAN_POINT('',(0.,0.92));
#2834 = VECTOR('',#2835,1.);
#2835 = DIRECTION('',(1.,0.));
#2836 = ( GEOMETRIC_REPRESENTATION_CONTEXT(2) 
PARAMETRIC_REPRESENTATION_CONTEXT() REPRESENTATION_CONTEXT('2D SPACE',''
  ) );
#2837 = PCURVE('',#2838,#2843);
#2838 = CYLINDRICAL_SURFACE('',#2839,8.E-02);
#2839 = AXIS2_PLACEMENT_3D('',#2840,#2841,#2842);
#2840 = CARTESIAN_POINT('',(0.42,-5.67,0.));
#2841 = DIRECTION('',(0.,0.,1.));
#2842 = DIRECTION('',(0.,-1.,0.));
#2843 = DEFINITIONAL_REPRESENTATION('',(#2844),#2848);
#2844 = LINE('',#2845,#2846);
#2845 = CARTESIAN_POINT('',(0.,0.));
#2846 = VECTOR('',#2847,1.);
#2847 = DIRECTION('',(0.,1.));
#2848 = ( GEOMETRIC_REPRESENTATION_CONTEXT(2) 
PARAMETRIC_REPRESENTATION_CONTEXT() REPRESENTATION_CONTEXT('2D SPACE',''
  ) );
#2849 = ORIENTED_EDGE('',*,*,#2850,.F.);
#2850 = EDGE_CURVE('',#1125,#2823,#2851,.T.);
#2851 = SURFACE_CURVE('',#2852,(#2856,#2863),.PCURVE_S1.);
#2852 = LINE('',#2853,#2854);
#2853 = CARTESIAN_POINT('',(-0.5,-5.75,8.E-02));
#2854 = VECTOR('',#2855,1.);
#2855 = DIRECTION('',(1.,0.,-0.));
#2856 = PCURVE('',#1167,#2857);
#2857 = DEFINITIONAL_REPRESENTATION('',(#2858),#2862);
#2858 = LINE('',#2859,#2860);
#2859 = CARTESIAN_POINT('',(8.E-02,0.));
#2860 = VECTOR('',#2861,1.);
#2861 = DIRECTION('',(0.,1.));
#2862 = ( GEOMETRIC_REPRESENTATION_CONTEXT(2) 
PARAMETRIC_REPRESENTATION_CONTEXT() REPRESENTATION_CONTEXT('2D SPACE',''
  ) );
#2863 = PCURVE('',#2805,#2864);
#2864 = DEFINITIONAL_REPRESENTATION('',(#2865),#2869);
#2865 = LINE('',#2866,#2867);
#2866 = CARTESIAN_POINT('',(0.,0.));
#2867 = VECTOR('',#2868,1.);
#2868 = DIRECTION('',(0.,1.));
#2869 = ( GEOMETRIC_REPRESENTATION_CONTEXT(2) 
PARAMETRIC_REPRESENTATION_CONTEXT() REPRESENTATION_CONTEXT('2D SPACE',''
  ) );
#2870 = ADVANCED_FACE('',(#2871),#1199,.T.);
#2871 = FACE_BOUND('',#2872,.T.);
#2872 = EDGE_LOOP('',(#2873,#2874,#2899));
#2873 = ORIENTED_EDGE('',*,*,#1183,.F.);
#2874 = ORIENTED_EDGE('',*,*,#2875,.T.);
#2875 = EDGE_CURVE('',#1184,#1350,#2876,.T.);
#2876 = SURFACE_CURVE('',#2877,(#2882,#2888),.PCURVE_S1.);
#2877 = CIRCLE('',#2878,8.E-02);
#2878 = AXIS2_PLACEMENT_3D('',#2879,#2880,#2881);
#2879 = CARTESIAN_POINT('',(-0.42,0.67,8.E-02));
#2880 = DIRECTION('',(-1.,-0.,1.837589179358E-15));
#2881 = DIRECTION('',(-1.837589179358E-15,0.,-1.));
#2882 = PCURVE('',#1199,#2883);
#2883 = DEFINITIONAL_REPRESENTATION('',(#2884),#2887);
#2884 = B_SPLINE_CURVE_WITH_KNOTS('',1,(#2885,#2886),.UNSPECIFIED.,.F.,
  .F.,(2,2),(4.712388980385,6.28318530718),.PIECEWISE_BEZIER_KNOTS.);
#2885 = CARTESIAN_POINT('',(1.570796326795,-1.570796326795));
#2886 = CARTESIAN_POINT('',(1.570796326795,0.));
#2887 = ( GEOMETRIC_REPRESENTATION_CONTEXT(2) 
PARAMETRIC_REPRESENTATION_CONTEXT() REPRESENTATION_CONTEXT('2D SPACE',''
  ) );
#2888 = PCURVE('',#2889,#2894);
#2889 = CYLINDRICAL_SURFACE('',#2890,8.E-02);
#2890 = AXIS2_PLACEMENT_3D('',#2891,#2892,#2893);
#2891 = CARTESIAN_POINT('',(-0.5,0.67,8.E-02));
#2892 = DIRECTION('',(1.,0.,-0.));
#2893 = DIRECTION('',(0.,-0.,-1.));
#2894 = DEFINITIONAL_REPRESENTATION('',(#2895),#2898);
#2895 = B_SPLINE_CURVE_WITH_KNOTS('',1,(#2896,#2897),.UNSPECIFIED.,.F.,
  .F.,(2,2),(4.712388980385,6.28318530718),.PIECEWISE_BEZIER_KNOTS.);
#2896 = CARTESIAN_POINT('',(1.570796326795,8.E-02));
#2897 = CARTESIAN_POINT('',(0.,8.E-02));
#2898 = ( GEOMETRIC_REPRESENTATION_CONTEXT(2) 
PARAMETRIC_REPRESENTATION_CONTEXT() REPRESENTATION_CONTEXT('2D SPACE',''
  ) );
#2899 = ORIENTED_EDGE('',*,*,#1377,.F.);
#2900 = ADVANCED_FACE('',(#2901),#1224,.T.);
#2901 = FACE_BOUND('',#2902,.T.);
#2902 = EDGE_LOOP('',(#2903,#2904,#2905,#2933));
#2903 = ORIENTED_EDGE('',*,*,#1210,.T.);
#2904 = ORIENTED_EDGE('',*,*,#2735,.F.);
#2905 = ORIENTED_EDGE('',*,*,#2906,.F.);
#2906 = EDGE_CURVE('',#2907,#2736,#2909,.T.);
#2907 = VERTEX_POINT('',#2908);
#2908 = CARTESIAN_POINT('',(0.42,0.75,8.E-02));
#2909 = SURFACE_CURVE('',#2910,(#2914,#2921),.PCURVE_S1.);
#2910 = LINE('',#2911,#2912);
#2911 = CARTESIAN_POINT('',(0.42,0.75,0.));
#2912 = VECTOR('',#2913,1.);
#2913 = DIRECTION('',(0.,0.,1.));
#2914 = PCURVE('',#1224,#2915);
#2915 = DEFINITIONAL_REPRESENTATION('',(#2916),#2920);
#2916 = LINE('',#2917,#2918);
#2917 = CARTESIAN_POINT('',(0.,0.92));
#2918 = VECTOR('',#2919,1.);
#2919 = DIRECTION('',(1.,0.));
#2920 = ( GEOMETRIC_REPRESENTATION_CONTEXT(2) 
PARAMETRIC_REPRESENTATION_CONTEXT() REPRESENTATION_CONTEXT('2D SPACE',''
  ) );
#2921 = PCURVE('',#2922,#2927);
#2922 = CYLINDRICAL_SURFACE('',#2923,8.E-02);
#2923 = AXIS2_PLACEMENT_3D('',#2924,#2925,#2926);
#2924 = CARTESIAN_POINT('',(0.42,0.67,0.));
#2925 = DIRECTION('',(0.,0.,1.));
#2926 = DIRECTION('',(-0.,1.,0.));
#2927 = DEFINITIONAL_REPRESENTATION('',(#2928),#2932);
#2928 = LINE('',#2929,#2930);
#2929 = CARTESIAN_POINT('',(-0.,0.));
#2930 = VECTOR('',#2931,1.);
#2931 = DIRECTION('',(-0.,1.));
#2932 = ( GEOMETRIC_REPRESENTATION_CONTEXT(2) 
PARAMETRIC_REPRESENTATION_CONTEXT() REPRESENTATION_CONTEXT('2D SPACE',''
  ) );
#2933 = ORIENTED_EDGE('',*,*,#2934,.F.);
#2934 = EDGE_CURVE('',#1184,#2907,#2935,.T.);
#2935 = SURFACE_CURVE('',#2936,(#2940,#2947),.PCURVE_S1.);
#2936 = LINE('',#2937,#2938);
#2937 = CARTESIAN_POINT('',(-0.5,0.75,8.E-02));
#2938 = VECTOR('',#2939,1.);
#2939 = DIRECTION('',(1.,0.,-0.));
#2940 = PCURVE('',#1224,#2941);
#2941 = DEFINITIONAL_REPRESENTATION('',(#2942),#2946);
#2942 = LINE('',#2943,#2944);
#2943 = CARTESIAN_POINT('',(8.E-02,0.));
#2944 = VECTOR('',#2945,1.);
#2945 = DIRECTION('',(0.,1.));
#2946 = ( GEOMETRIC_REPRESENTATION_CONTEXT(2) 
PARAMETRIC_REPRESENTATION_CONTEXT() REPRESENTATION_CONTEXT('2D SPACE',''
  ) );
#2947 = PCURVE('',#2889,#2948);
#2948 = DEFINITIONAL_REPRESENTATION('',(#2949),#2953);
#2949 = LINE('',#2950,#2951);
#2950 = CARTESIAN_POINT('',(1.570796326795,0.));
#2951 = VECTOR('',#2952,1.);
#2952 = DIRECTION('',(0.,1.));
#2953 = ( GEOMETRIC_REPRESENTATION_CONTEXT(2) 
PARAMETRIC_REPRESENTATION_CONTEXT() REPRESENTATION_CONTEXT('2D SPACE',''
  ) );
#2954 = ADVANCED_FACE('',(#2955),#1279,.F.);
#2955 = FACE_BOUND('',#2956,.F.);
#2956 = EDGE_LOOP('',(#2957,#2958,#2981,#3009));
#2957 = ORIENTED_EDGE('',*,*,#1263,.F.);
#2958 = ORIENTED_EDGE('',*,*,#2959,.T.);
#2959 = EDGE_CURVE('',#1242,#2960,#2962,.T.);
#2960 = VERTEX_POINT('',#2961);
#2961 = CARTESIAN_POINT('',(0.42,-5.67,0.));
#2962 = SURFACE_CURVE('',#2963,(#2967,#2974),.PCURVE_S1.);
#2963 = LINE('',#2964,#2965);
#2964 = CARTESIAN_POINT('',(-0.5,-5.67,-1.387778780781E-17));
#2965 = VECTOR('',#2966,1.);
#2966 = DIRECTION('',(1.,0.,-0.));
#2967 = PCURVE('',#1279,#2968);
#2968 = DEFINITIONAL_REPRESENTATION('',(#2969),#2973);
#2969 = LINE('',#2970,#2971);
#2970 = CARTESIAN_POINT('',(0.,8.E-02));
#2971 = VECTOR('',#2972,1.);
#2972 = DIRECTION('',(1.,0.));
#2973 = ( GEOMETRIC_REPRESENTATION_CONTEXT(2) 
PARAMETRIC_REPRESENTATION_CONTEXT() REPRESENTATION_CONTEXT('2D SPACE',''
  ) );
#2974 = PCURVE('',#2805,#2975);
#2975 = DEFINITIONAL_REPRESENTATION('',(#2976),#2980);
#2976 = LINE('',#2977,#2978);
#2977 = CARTESIAN_POINT('',(1.570796326795,0.));
#2978 = VECTOR('',#2979,1.);
#2979 = DIRECTION('',(0.,1.));
#2980 = ( GEOMETRIC_REPRESENTATION_CONTEXT(2) 
PARAMETRIC_REPRESENTATION_CONTEXT() REPRESENTATION_CONTEXT('2D SPACE',''
  ) );
#2981 = ORIENTED_EDGE('',*,*,#2982,.T.);
#2982 = EDGE_CURVE('',#2960,#2983,#2985,.T.);
#2983 = VERTEX_POINT('',#2984);
#2984 = CARTESIAN_POINT('',(0.42,-4.33,-1.387778780781E-17));
#2985 = SURFACE_CURVE('',#2986,(#2990,#2997),.PCURVE_S1.);
#2986 = LINE('',#2987,#2988);
#2987 = CARTESIAN_POINT('',(0.42,-5.75,-1.387778780781E-17));
#2988 = VECTOR('',#2989,1.);
#2989 = DIRECTION('',(-0.,1.,0.));
#2990 = PCURVE('',#1279,#2991);
#2991 = DEFINITIONAL_REPRESENTATION('',(#2992),#2996);
#2992 = LINE('',#2993,#2994);
#2993 = CARTESIAN_POINT('',(0.92,0.));
#2994 = VECTOR('',#2995,1.);
#2995 = DIRECTION('',(0.,1.));
#2996 = ( GEOMETRIC_REPRESENTATION_CONTEXT(2) 
PARAMETRIC_REPRESENTATION_CONTEXT() REPRESENTATION_CONTEXT('2D SPACE',''
  ) );
#2997 = PCURVE('',#2998,#3003);
#2998 = CYLINDRICAL_SURFACE('',#2999,8.E-02);
#2999 = AXIS2_PLACEMENT_3D('',#3000,#3001,#3002);
#3000 = CARTESIAN_POINT('',(0.42,-5.75,8.E-02));
#3001 = DIRECTION('',(-0.,1.,0.));
#3002 = DIRECTION('',(-0.,0.,-1.));
#3003 = DEFINITIONAL_REPRESENTATION('',(#3004),#3008);
#3004 = LINE('',#3005,#3006);
#3005 = CARTESIAN_POINT('',(-0.,0.));
#3006 = VECTOR('',#3007,1.);
#3007 = DIRECTION('',(-0.,1.));
#3008 = ( GEOMETRIC_REPRESENTATION_CONTEXT(2) 
PARAMETRIC_REPRESENTATION_CONTEXT() REPRESENTATION_CONTEXT('2D SPACE',''
  ) );
#3009 = ORIENTED_EDGE('',*,*,#3010,.F.);
#3010 = EDGE_CURVE('',#1264,#2983,#3011,.T.);
#3011 = SURFACE_CURVE('',#3012,(#3016,#3023),.PCURVE_S1.);
#3012 = LINE('',#3013,#3014);
#3013 = CARTESIAN_POINT('',(-0.5,-4.33,-1.387778780781E-17));
#3014 = VECTOR('',#3015,1.);
#3015 = DIRECTION('',(1.,0.,-0.));
#3016 = PCURVE('',#1279,#3017);
#3017 = DEFINITIONAL_REPRESENTATION('',(#3018),#3022);
#3018 = LINE('',#3019,#3020);
#3019 = CARTESIAN_POINT('',(0.,1.42));
#3020 = VECTOR('',#3021,1.);
#3021 = DIRECTION('',(1.,0.));
#3022 = ( GEOMETRIC_REPRESENTATION_CONTEXT(2) 
PARAMETRIC_REPRESENTATION_CONTEXT() REPRESENTATION_CONTEXT('2D SPACE',''
  ) );
#3023 = PCURVE('',#3024,#3029);
#3024 = CYLINDRICAL_SURFACE('',#3025,8.E-02);
#3025 = AXIS2_PLACEMENT_3D('',#3026,#3027,#3028);
#3026 = CARTESIAN_POINT('',(-0.5,-4.33,8.E-02));
#3027 = DIRECTION('',(1.,0.,-0.));
#3028 = DIRECTION('',(0.,-0.,-1.));
#3029 = DEFINITIONAL_REPRESENTATION('',(#3030),#3034);
#3030 = LINE('',#3031,#3032);
#3031 = CARTESIAN_POINT('',(0.,0.));
#3032 = VECTOR('',#3033,1.);
#3033 = DIRECTION('',(0.,1.));
#3034 = ( GEOMETRIC_REPRESENTATION_CONTEXT(2) 
PARAMETRIC_REPRESENTATION_CONTEXT() REPRESENTATION_CONTEXT('2D SPACE',''
  ) );
#3035 = ADVANCED_FACE('',(#3036),#1306,.T.);
#3036 = FACE_BOUND('',#3037,.T.);
#3037 = EDGE_LOOP('',(#3038,#3039,#3059));
#3038 = ORIENTED_EDGE('',*,*,#1403,.F.);
#3039 = ORIENTED_EDGE('',*,*,#3040,.T.);
#3040 = EDGE_CURVE('',#1404,#1264,#3041,.T.);
#3041 = SURFACE_CURVE('',#3042,(#3047,#3053),.PCURVE_S1.);
#3042 = CIRCLE('',#3043,8.E-02);
#3043 = AXIS2_PLACEMENT_3D('',#3044,#3045,#3046);
#3044 = CARTESIAN_POINT('',(-0.42,-4.33,8.E-02));
#3045 = DIRECTION('',(-1.,-0.,1.837589179358E-15));
#3046 = DIRECTION('',(-1.837589179358E-15,0.,-1.));
#3047 = PCURVE('',#1306,#3048);
#3048 = DEFINITIONAL_REPRESENTATION('',(#3049),#3052);
#3049 = B_SPLINE_CURVE_WITH_KNOTS('',1,(#3050,#3051),.UNSPECIFIED.,.F.,
  .F.,(2,2),(4.712388980385,6.28318530718),.PIECEWISE_BEZIER_KNOTS.);
#3050 = CARTESIAN_POINT('',(1.570796326795,-1.570796326795));
#3051 = CARTESIAN_POINT('',(1.570796326795,0.));
#3052 = ( GEOMETRIC_REPRESENTATION_CONTEXT(2) 
PARAMETRIC_REPRESENTATION_CONTEXT() REPRESENTATION_CONTEXT('2D SPACE',''
  ) );
#3053 = PCURVE('',#3024,#3054);
#3054 = DEFINITIONAL_REPRESENTATION('',(#3055),#3058);
#3055 = B_SPLINE_CURVE_WITH_KNOTS('',1,(#3056,#3057),.UNSPECIFIED.,.F.,
  .F.,(2,2),(4.712388980385,6.28318530718),.PIECEWISE_BEZIER_KNOTS.);
#3056 = CARTESIAN_POINT('',(1.570796326795,8.E-02));
#3057 = CARTESIAN_POINT('',(0.,8.E-02));
#3058 = ( GEOMETRIC_REPRESENTATION_CONTEXT(2) 
PARAMETRIC_REPRESENTATION_CONTEXT() REPRESENTATION_CONTEXT('2D SPACE',''
  ) );
#3059 = ORIENTED_EDGE('',*,*,#1291,.F.);
#3060 = ADVANCED_FACE('',(#3061),#1338,.T.);
#3061 = FACE_BOUND('',#3062,.T.);
#3062 = EDGE_LOOP('',(#3063,#3064,#3089));
#3063 = ORIENTED_EDGE('',*,*,#1322,.F.);
#3064 = ORIENTED_EDGE('',*,*,#3065,.T.);
#3065 = EDGE_CURVE('',#1323,#1479,#3066,.T.);
#3066 = SURFACE_CURVE('',#3067,(#3072,#3078),.PCURVE_S1.);
#3067 = CIRCLE('',#3068,8.E-02);
#3068 = AXIS2_PLACEMENT_3D('',#3069,#3070,#3071);
#3069 = CARTESIAN_POINT('',(-0.42,-0.67,8.E-02));
#3070 = DIRECTION('',(-1.,2.059633784283E-15,0.));
#3071 = DIRECTION('',(-2.059633784283E-15,-1.,0.));
#3072 = PCURVE('',#1338,#3073);
#3073 = DEFINITIONAL_REPRESENTATION('',(#3074),#3077);
#3074 = B_SPLINE_CURVE_WITH_KNOTS('',1,(#3075,#3076),.UNSPECIFIED.,.F.,
  .F.,(2,2),(4.712388980385,6.28318530718),.PIECEWISE_BEZIER_KNOTS.);
#3075 = CARTESIAN_POINT('',(1.570796326795,-1.570796326795));
#3076 = CARTESIAN_POINT('',(1.570796326795,0.));
#3077 = ( GEOMETRIC_REPRESENTATION_CONTEXT(2) 
PARAMETRIC_REPRESENTATION_CONTEXT() REPRESENTATION_CONTEXT('2D SPACE',''
  ) );
#3078 = PCURVE('',#3079,#3084);
#3079 = CYLINDRICAL_SURFACE('',#3080,8.E-02);
#3080 = AXIS2_PLACEMENT_3D('',#3081,#3082,#3083);
#3081 = CARTESIAN_POINT('',(-0.5,-0.67,8.E-02));
#3082 = DIRECTION('',(1.,0.,-0.));
#3083 = DIRECTION('',(0.,-1.,0.));
#3084 = DEFINITIONAL_REPRESENTATION('',(#3085),#3088);
#3085 = B_SPLINE_CURVE_WITH_KNOTS('',1,(#3086,#3087),.UNSPECIFIED.,.F.,
  .F.,(2,2),(4.712388980385,6.28318530718),.PIECEWISE_BEZIER_KNOTS.);
#3086 = CARTESIAN_POINT('',(1.570796326795,8.E-02));
#3087 = CARTESIAN_POINT('',(0.,8.E-02));
#3088 = ( GEOMETRIC_REPRESENTATION_CONTEXT(2) 
PARAMETRIC_REPRESENTATION_CONTEXT() REPRESENTATION_CONTEXT('2D SPACE',''
  ) );
#3089 = ORIENTED_EDGE('',*,*,#1478,.F.);
#3090 = ADVANCED_FACE('',(#3091),#1365,.F.);
#3091 = FACE_BOUND('',#3092,.F.);
#3092 = EDGE_LOOP('',(#3093,#3094,#3117,#3145));
#3093 = ORIENTED_EDGE('',*,*,#1349,.F.);
#3094 = ORIENTED_EDGE('',*,*,#3095,.T.);
#3095 = EDGE_CURVE('',#1323,#3096,#3098,.T.);
#3096 = VERTEX_POINT('',#3097);
#3097 = CARTESIAN_POINT('',(0.42,-0.67,0.));
#3098 = SURFACE_CURVE('',#3099,(#3103,#3110),.PCURVE_S1.);
#3099 = LINE('',#3100,#3101);
#3100 = CARTESIAN_POINT('',(-0.5,-0.67,-1.387778780781E-17));
#3101 = VECTOR('',#3102,1.);
#3102 = DIRECTION('',(1.,0.,-0.));
#3103 = PCURVE('',#1365,#3104);
#3104 = DEFINITIONAL_REPRESENTATION('',(#3105),#3109);
#3105 = LINE('',#3106,#3107);
#3106 = CARTESIAN_POINT('',(0.,8.E-02));
#3107 = VECTOR('',#3108,1.);
#3108 = DIRECTION('',(1.,0.));
#3109 = ( GEOMETRIC_REPRESENTATION_CONTEXT(2) 
PARAMETRIC_REPRESENTATION_CONTEXT() REPRESENTATION_CONTEXT('2D SPACE',''
  ) );
#3110 = PCURVE('',#3079,#3111);
#3111 = DEFINITIONAL_REPRESENTATION('',(#3112),#3116);
#3112 = LINE('',#3113,#3114);
#3113 = CARTESIAN_POINT('',(1.570796326795,0.));
#3114 = VECTOR('',#3115,1.);
#3115 = DIRECTION('',(0.,1.));
#3116 = ( GEOMETRIC_REPRESENTATION_CONTEXT(2) 
PARAMETRIC_REPRESENTATION_CONTEXT() REPRESENTATION_CONTEXT('2D SPACE',''
  ) );
#3117 = ORIENTED_EDGE('',*,*,#3118,.T.);
#3118 = EDGE_CURVE('',#3096,#3119,#3121,.T.);
#3119 = VERTEX_POINT('',#3120);
#3120 = CARTESIAN_POINT('',(0.42,0.67,-1.387778780781E-17));
#3121 = SURFACE_CURVE('',#3122,(#3126,#3133),.PCURVE_S1.);
#3122 = LINE('',#3123,#3124);
#3123 = CARTESIAN_POINT('',(0.42,-0.75,-1.387778780781E-17));
#3124 = VECTOR('',#3125,1.);
#3125 = DIRECTION('',(-0.,1.,0.));
#3126 = PCURVE('',#1365,#3127);
#3127 = DEFINITIONAL_REPRESENTATION('',(#3128),#3132);
#3128 = LINE('',#3129,#3130);
#3129 = CARTESIAN_POINT('',(0.92,0.));
#3130 = VECTOR('',#3131,1.);
#3131 = DIRECTION('',(0.,1.));
#3132 = ( GEOMETRIC_REPRESENTATION_CONTEXT(2) 
PARAMETRIC_REPRESENTATION_CONTEXT() REPRESENTATION_CONTEXT('2D SPACE',''
  ) );
#3133 = PCURVE('',#3134,#3139);
#3134 = CYLINDRICAL_SURFACE('',#3135,8.E-02);
#3135 = AXIS2_PLACEMENT_3D('',#3136,#3137,#3138);
#3136 = CARTESIAN_POINT('',(0.42,-0.75,8.E-02));
#3137 = DIRECTION('',(-0.,1.,0.));
#3138 = DIRECTION('',(-0.,0.,-1.));
#3139 = DEFINITIONAL_REPRESENTATION('',(#3140),#3144);
#3140 = LINE('',#3141,#3142);
#3141 = CARTESIAN_POINT('',(-0.,0.));
#3142 = VECTOR('',#3143,1.);
#3143 = DIRECTION('',(-0.,1.));
#3144 = ( GEOMETRIC_REPRESENTATION_CONTEXT(2) 
PARAMETRIC_REPRESENTATION_CONTEXT() REPRESENTATION_CONTEXT('2D SPACE',''
  ) );
#3145 = ORIENTED_EDGE('',*,*,#3146,.F.);
#3146 = EDGE_CURVE('',#1350,#3119,#3147,.T.);
#3147 = SURFACE_CURVE('',#3148,(#3152,#3159),.PCURVE_S1.);
#3148 = LINE('',#3149,#3150);
#3149 = CARTESIAN_POINT('',(-0.5,0.67,-1.387778780781E-17));
#3150 = VECTOR('',#3151,1.);
#3151 = DIRECTION('',(1.,0.,-0.));
#3152 = PCURVE('',#1365,#3153);
#3153 = DEFINITIONAL_REPRESENTATION('',(#3154),#3158);
#3154 = LINE('',#3155,#3156);
#3155 = CARTESIAN_POINT('',(0.,1.42));
#3156 = VECTOR('',#3157,1.);
#3157 = DIRECTION('',(1.,0.));
#3158 = ( GEOMETRIC_REPRESENTATION_CONTEXT(2) 
PARAMETRIC_REPRESENTATION_CONTEXT() REPRESENTATION_CONTEXT('2D SPACE',''
  ) );
#3159 = PCURVE('',#2889,#3160);
#3160 = DEFINITIONAL_REPRESENTATION('',(#3161),#3165);
#3161 = LINE('',#3162,#3163);
#3162 = CARTESIAN_POINT('',(0.,0.));
#3163 = VECTOR('',#3164,1.);
#3164 = DIRECTION('',(0.,1.));
#3165 = ( GEOMETRIC_REPRESENTATION_CONTEXT(2) 
PARAMETRIC_REPRESENTATION_CONTEXT() REPRESENTATION_CONTEXT('2D SPACE',''
  ) );
#3166 = ADVANCED_FACE('',(#3167),#1441,.T.);
#3167 = FACE_BOUND('',#3168,.T.);
#3168 = EDGE_LOOP('',(#3169,#3170,#3193,#3221));
#3169 = ORIENTED_EDGE('',*,*,#1425,.T.);
#3170 = ORIENTED_EDGE('',*,*,#3171,.F.);
#3171 = EDGE_CURVE('',#3172,#1426,#3174,.T.);
#3172 = VERTEX_POINT('',#3173);
#3173 = CARTESIAN_POINT('',(0.42,-4.25,4.92));
#3174 = SURFACE_CURVE('',#3175,(#3179,#3186),.PCURVE_S1.);
#3175 = LINE('',#3176,#3177);
#3176 = CARTESIAN_POINT('',(0.5,-4.25,4.92));
#3177 = VECTOR('',#3178,1.);
#3178 = DIRECTION('',(-1.,-0.,0.));
#3179 = PCURVE('',#1441,#3180);
#3180 = DEFINITIONAL_REPRESENTATION('',(#3181),#3185);
#3181 = LINE('',#3182,#3183);
#3182 = CARTESIAN_POINT('',(4.92,1.));
#3183 = VECTOR('',#3184,1.);
#3184 = DIRECTION('',(0.,-1.));
#3185 = ( GEOMETRIC_REPRESENTATION_CONTEXT(2) 
PARAMETRIC_REPRESENTATION_CONTEXT() REPRESENTATION_CONTEXT('2D SPACE',''
  ) );
#3186 = PCURVE('',#1592,#3187);
#3187 = DEFINITIONAL_REPRESENTATION('',(#3188),#3192);
#3188 = LINE('',#3189,#3190);
#3189 = CARTESIAN_POINT('',(0.,0.));
#3190 = VECTOR('',#3191,1.);
#3191 = DIRECTION('',(0.,1.));
#3192 = ( GEOMETRIC_REPRESENTATION_CONTEXT(2) 
PARAMETRIC_REPRESENTATION_CONTEXT() REPRESENTATION_CONTEXT('2D SPACE',''
  ) );
#3193 = ORIENTED_EDGE('',*,*,#3194,.F.);
#3194 = EDGE_CURVE('',#3195,#3172,#3197,.T.);
#3195 = VERTEX_POINT('',#3196);
#3196 = CARTESIAN_POINT('',(0.42,-4.25,8.E-02));
#3197 = SURFACE_CURVE('',#3198,(#3202,#3209),.PCURVE_S1.);
#3198 = LINE('',#3199,#3200);
#3199 = CARTESIAN_POINT('',(0.42,-4.25,0.));
#3200 = VECTOR('',#3201,1.);
#3201 = DIRECTION('',(0.,0.,1.));
#3202 = PCURVE('',#1441,#3203);
#3203 = DEFINITIONAL_REPRESENTATION('',(#3204),#3208);
#3204 = LINE('',#3205,#3206);
#3205 = CARTESIAN_POINT('',(0.,0.92));
#3206 = VECTOR('',#3207,1.);
#3207 = DIRECTION('',(1.,0.));
#3208 = ( GEOMETRIC_REPRESENTATION_CONTEXT(2) 
PARAMETRIC_REPRESENTATION_CONTEXT() REPRESENTATION_CONTEXT('2D SPACE',''
  ) );
#3209 = PCURVE('',#3210,#3215);
#3210 = CYLINDRICAL_SURFACE('',#3211,8.E-02);
#3211 = AXIS2_PLACEMENT_3D('',#3212,#3213,#3214);
#3212 = CARTESIAN_POINT('',(0.42,-4.33,0.));
#3213 = DIRECTION('',(0.,0.,1.));
#3214 = DIRECTION('',(-0.,1.,0.));
#3215 = DEFINITIONAL_REPRESENTATION('',(#3216),#3220);
#3216 = LINE('',#3217,#3218);
#3217 = CARTESIAN_POINT('',(-0.,0.));
#3218 = VECTOR('',#3219,1.);
#3219 = DIRECTION('',(-0.,1.));
#3220 = ( GEOMETRIC_REPRESENTATION_CONTEXT(2) 
PARAMETRIC_REPRESENTATION_CONTEXT() REPRESENTATION_CONTEXT('2D SPACE',''
  ) );
#3221 = ORIENTED_EDGE('',*,*,#3222,.F.);
#3222 = EDGE_CURVE('',#1404,#3195,#3223,.T.);
#3223 = SURFACE_CURVE('',#3224,(#3228,#3235),.PCURVE_S1.);
#3224 = LINE('',#3225,#3226);
#3225 = CARTESIAN_POINT('',(-0.5,-4.25,8.E-02));
#3226 = VECTOR('',#3227,1.);
#3227 = DIRECTION('',(1.,0.,-0.));
#3228 = PCURVE('',#1441,#3229);
#3229 = DEFINITIONAL_REPRESENTATION('',(#3230),#3234);
#3230 = LINE('',#3231,#3232);
#3231 = CARTESIAN_POINT('',(8.E-02,0.));
#3232 = VECTOR('',#3233,1.);
#3233 = DIRECTION('',(0.,1.));
#3234 = ( GEOMETRIC_REPRESENTATION_CONTEXT(2) 
PARAMETRIC_REPRESENTATION_CONTEXT() REPRESENTATION_CONTEXT('2D SPACE',''
  ) );
#3235 = PCURVE('',#3024,#3236);
#3236 = DEFINITIONAL_REPRESENTATION('',(#3237),#3241);
#3237 = LINE('',#3238,#3239);
#3238 = CARTESIAN_POINT('',(1.570796326795,0.));
#3239 = VECTOR('',#3240,1.);
#3240 = DIRECTION('',(0.,1.));
#3241 = ( GEOMETRIC_REPRESENTATION_CONTEXT(2) 
PARAMETRIC_REPRESENTATION_CONTEXT() REPRESENTATION_CONTEXT('2D SPACE',''
  ) );
#3242 = ADVANCED_FACE('',(#3243),#1518,.F.);
#3243 = FACE_BOUND('',#3244,.F.);
#3244 = EDGE_LOOP('',(#3245,#3246,#3269,#3297));
#3245 = ORIENTED_EDGE('',*,*,#1502,.T.);
#3246 = ORIENTED_EDGE('',*,*,#3247,.F.);
#3247 = EDGE_CURVE('',#3248,#1503,#3250,.T.);
#3248 = VERTEX_POINT('',#3249);
#3249 = CARTESIAN_POINT('',(0.42,-0.75,4.92));
#3250 = SURFACE_CURVE('',#3251,(#3255,#3262),.PCURVE_S1.);
#3251 = LINE('',#3252,#3253);
#3252 = CARTESIAN_POINT('',(0.5,-0.75,4.92));
#3253 = VECTOR('',#3254,1.);
#3254 = DIRECTION('',(-1.,-0.,0.));
#3255 = PCURVE('',#1518,#3256);
#3256 = DEFINITIONAL_REPRESENTATION('',(#3257),#3261);
#3257 = LINE('',#3258,#3259);
#3258 = CARTESIAN_POINT('',(4.92,1.));
#3259 = VECTOR('',#3260,1.);
#3260 = DIRECTION('',(0.,-1.));
#3261 = ( GEOMETRIC_REPRESENTATION_CONTEXT(2) 
PARAMETRIC_REPRESENTATION_CONTEXT() REPRESENTATION_CONTEXT('2D SPACE',''
  ) );
#3262 = PCURVE('',#1646,#3263);
#3263 = DEFINITIONAL_REPRESENTATION('',(#3264),#3268);
#3264 = LINE('',#3265,#3266);
#3265 = CARTESIAN_POINT('',(1.570796326795,0.));
#3266 = VECTOR('',#3267,1.);
#3267 = DIRECTION('',(0.,1.));
#3268 = ( GEOMETRIC_REPRESENTATION_CONTEXT(2) 
PARAMETRIC_REPRESENTATION_CONTEXT() REPRESENTATION_CONTEXT('2D SPACE',''
  ) );
#3269 = ORIENTED_EDGE('',*,*,#3270,.F.);
#3270 = EDGE_CURVE('',#3271,#3248,#3273,.T.);
#3271 = VERTEX_POINT('',#3272);
#3272 = CARTESIAN_POINT('',(0.42,-0.75,8.E-02));
#3273 = SURFACE_CURVE('',#3274,(#3278,#3285),.PCURVE_S1.);
#3274 = LINE('',#3275,#3276);
#3275 = CARTESIAN_POINT('',(0.42,-0.75,0.));
#3276 = VECTOR('',#3277,1.);
#3277 = DIRECTION('',(0.,0.,1.));
#3278 = PCURVE('',#1518,#3279);
#3279 = DEFINITIONAL_REPRESENTATION('',(#3280),#3284);
#3280 = LINE('',#3281,#3282);
#3281 = CARTESIAN_POINT('',(0.,0.92));
#3282 = VECTOR('',#3283,1.);
#3283 = DIRECTION('',(1.,0.));
#3284 = ( GEOMETRIC_REPRESENTATION_CONTEXT(2) 
PARAMETRIC_REPRESENTATION_CONTEXT() REPRESENTATION_CONTEXT('2D SPACE',''
  ) );
#3285 = PCURVE('',#3286,#3291);
#3286 = CYLINDRICAL_SURFACE('',#3287,8.E-02);
#3287 = AXIS2_PLACEMENT_3D('',#3288,#3289,#3290);
#3288 = CARTESIAN_POINT('',(0.42,-0.67,0.));
#3289 = DIRECTION('',(0.,0.,1.));
#3290 = DIRECTION('',(0.,-1.,0.));
#3291 = DEFINITIONAL_REPRESENTATION('',(#3292),#3296);
#3292 = LINE('',#3293,#3294);
#3293 = CARTESIAN_POINT('',(0.,0.));
#3294 = VECTOR('',#3295,1.);
#3295 = DIRECTION('',(0.,1.));
#3296 = ( GEOMETRIC_REPRESENTATION_CONTEXT(2) 
PARAMETRIC_REPRESENTATION_CONTEXT() REPRESENTATION_CONTEXT('2D SPACE',''
  ) );
#3297 = ORIENTED_EDGE('',*,*,#3298,.F.);
#3298 = EDGE_CURVE('',#1479,#3271,#3299,.T.);
#3299 = SURFACE_CURVE('',#3300,(#3304,#3311),.PCURVE_S1.);
#3300 = LINE('',#3301,#3302);
#3301 = CARTESIAN_POINT('',(-0.5,-0.75,8.E-02));
#3302 = VECTOR('',#3303,1.);
#3303 = DIRECTION('',(1.,0.,-0.));
#3304 = PCURVE('',#1518,#3305);
#3305 = DEFINITIONAL_REPRESENTATION('',(#3306),#3310);
#3306 = LINE('',#3307,#3308);
#3307 = CARTESIAN_POINT('',(8.E-02,0.));
#3308 = VECTOR('',#3309,1.);
#3309 = DIRECTION('',(0.,1.));
#3310 = ( GEOMETRIC_REPRESENTATION_CONTEXT(2) 
PARAMETRIC_REPRESENTATION_CONTEXT() REPRESENTATION_CONTEXT('2D SPACE',''
  ) );
#3311 = PCURVE('',#3079,#3312);
#3312 = DEFINITIONAL_REPRESENTATION('',(#3313),#3317);
#3313 = LINE('',#3314,#3315);
#3314 = CARTESIAN_POINT('',(0.,0.));
#3315 = VECTOR('',#3316,1.);
#3316 = DIRECTION('',(0.,1.));
#3317 = ( GEOMETRIC_REPRESENTATION_CONTEXT(2) 
PARAMETRIC_REPRESENTATION_CONTEXT() REPRESENTATION_CONTEXT('2D SPACE',''
  ) );
#3318 = ADVANCED_FACE('',(#3319),#1592,.F.);
#3319 = FACE_BOUND('',#3320,.F.);
#3320 = EDGE_LOOP('',(#3321,#3322,#3351,#3372));
#3321 = ORIENTED_EDGE('',*,*,#3171,.F.);
#3322 = ORIENTED_EDGE('',*,*,#3323,.F.);
#3323 = EDGE_CURVE('',#3324,#3172,#3326,.T.);
#3324 = VERTEX_POINT('',#3325);
#3325 = CARTESIAN_POINT('',(0.42,-4.17,5.));
#3326 = SURFACE_CURVE('',#3327,(#3332,#3339),.PCURVE_S1.);
#3327 = CIRCLE('',#3328,8.E-02);
#3328 = AXIS2_PLACEMENT_3D('',#3329,#3330,#3331);
#3329 = CARTESIAN_POINT('',(0.42,-4.17,4.92));
#3330 = DIRECTION('',(1.,0.,-0.));
#3331 = DIRECTION('',(0.,0.,1.));
#3332 = PCURVE('',#1592,#3333);
#3333 = DEFINITIONAL_REPRESENTATION('',(#3334),#3338);
#3334 = LINE('',#3335,#3336);
#3335 = CARTESIAN_POINT('',(1.570796326795,8.E-02));
#3336 = VECTOR('',#3337,1.);
#3337 = DIRECTION('',(-1.,-0.));
#3338 = ( GEOMETRIC_REPRESENTATION_CONTEXT(2) 
PARAMETRIC_REPRESENTATION_CONTEXT() REPRESENTATION_CONTEXT('2D SPACE',''
  ) );
#3339 = PCURVE('',#3340,#3345);
#3340 = TOROIDAL_SURFACE('',#3341,0.16,8.E-02);
#3341 = AXIS2_PLACEMENT_3D('',#3342,#3343,#3344);
#3342 = CARTESIAN_POINT('',(0.42,-4.17,4.92));
#3343 = DIRECTION('',(1.,0.,-0.));
#3344 = DIRECTION('',(0.,0.,1.));
#3345 = DEFINITIONAL_REPRESENTATION('',(#3346),#3350);
#3346 = LINE('',#3347,#3348);
#3347 = CARTESIAN_POINT('',(0.,3.14159265359));
#3348 = VECTOR('',#3349,1.);
#3349 = DIRECTION('',(1.,0.));
#3350 = ( GEOMETRIC_REPRESENTATION_CONTEXT(2) 
PARAMETRIC_REPRESENTATION_CONTEXT() REPRESENTATION_CONTEXT('2D SPACE',''
  ) );
#3351 = ORIENTED_EDGE('',*,*,#3352,.T.);
#3352 = EDGE_CURVE('',#3324,#1556,#3353,.T.);
#3353 = SURFACE_CURVE('',#3354,(#3358,#3365),.PCURVE_S1.);
#3354 = LINE('',#3355,#3356);
#3355 = CARTESIAN_POINT('',(0.5,-4.17,5.));
#3356 = VECTOR('',#3357,1.);
#3357 = DIRECTION('',(-1.,-0.,0.));
#3358 = PCURVE('',#1592,#3359);
#3359 = DEFINITIONAL_REPRESENTATION('',(#3360),#3364);
#3360 = LINE('',#3361,#3362);
#3361 = CARTESIAN_POINT('',(1.570796326795,0.));
#3362 = VECTOR('',#3363,1.);
#3363 = DIRECTION('',(0.,1.));
#3364 = ( GEOMETRIC_REPRESENTATION_CONTEXT(2) 
PARAMETRIC_REPRESENTATION_CONTEXT() REPRESENTATION_CONTEXT('2D SPACE',''
  ) );
#3365 = PCURVE('',#1676,#3366);
#3366 = DEFINITIONAL_REPRESENTATION('',(#3367),#3371);
#3367 = LINE('',#3368,#3369);
#3368 = CARTESIAN_POINT('',(1.,2.28));
#3369 = VECTOR('',#3370,1.);
#3370 = DIRECTION('',(-1.,0.));
#3371 = ( GEOMETRIC_REPRESENTATION_CONTEXT(2) 
PARAMETRIC_REPRESENTATION_CONTEXT() REPRESENTATION_CONTEXT('2D SPACE',''
  ) );
#3372 = ORIENTED_EDGE('',*,*,#1577,.F.);
#3373 = ADVANCED_FACE('',(#3374),#1646,.F.);
#3374 = FACE_BOUND('',#3375,.F.);
#3375 = EDGE_LOOP('',(#3376,#3399,#3426,#3427));
#3376 = ORIENTED_EDGE('',*,*,#3377,.F.);
#3377 = EDGE_CURVE('',#3378,#1608,#3380,.T.);
#3378 = VERTEX_POINT('',#3379);
#3379 = CARTESIAN_POINT('',(0.42,-0.83,5.));
#3380 = SURFACE_CURVE('',#3381,(#3385,#3392),.PCURVE_S1.);
#3381 = LINE('',#3382,#3383);
#3382 = CARTESIAN_POINT('',(0.5,-0.83,5.));
#3383 = VECTOR('',#3384,1.);
#3384 = DIRECTION('',(-1.,-0.,0.));
#3385 = PCURVE('',#1646,#3386);
#3386 = DEFINITIONAL_REPRESENTATION('',(#3387),#3391);
#3387 = LINE('',#3388,#3389);
#3388 = CARTESIAN_POINT('',(0.,0.));
#3389 = VECTOR('',#3390,1.);
#3390 = DIRECTION('',(0.,1.));
#3391 = ( GEOMETRIC_REPRESENTATION_CONTEXT(2) 
PARAMETRIC_REPRESENTATION_CONTEXT() REPRESENTATION_CONTEXT('2D SPACE',''
  ) );
#3392 = PCURVE('',#1676,#3393);
#3393 = DEFINITIONAL_REPRESENTATION('',(#3394),#3398);
#3394 = LINE('',#3395,#3396);
#3395 = CARTESIAN_POINT('',(1.,5.62));
#3396 = VECTOR('',#3397,1.);
#3397 = DIRECTION('',(-1.,0.));
#3398 = ( GEOMETRIC_REPRESENTATION_CONTEXT(2) 
PARAMETRIC_REPRESENTATION_CONTEXT() REPRESENTATION_CONTEXT('2D SPACE',''
  ) );
#3399 = ORIENTED_EDGE('',*,*,#3400,.T.);
#3400 = EDGE_CURVE('',#3378,#3248,#3401,.T.);
#3401 = SURFACE_CURVE('',#3402,(#3407,#3414),.PCURVE_S1.);
#3402 = CIRCLE('',#3403,8.E-02);
#3403 = AXIS2_PLACEMENT_3D('',#3404,#3405,#3406);
#3404 = CARTESIAN_POINT('',(0.42,-0.83,4.92));
#3405 = DIRECTION('',(-1.,0.,0.));
#3406 = DIRECTION('',(0.,1.387778780781E-15,1.));
#3407 = PCURVE('',#1646,#3408);
#3408 = DEFINITIONAL_REPRESENTATION('',(#3409),#3413);
#3409 = LINE('',#3410,#3411);
#3410 = CARTESIAN_POINT('',(0.,8.E-02));
#3411 = VECTOR('',#3412,1.);
#3412 = DIRECTION('',(1.,0.));
#3413 = ( GEOMETRIC_REPRESENTATION_CONTEXT(2) 
PARAMETRIC_REPRESENTATION_CONTEXT() REPRESENTATION_CONTEXT('2D SPACE',''
  ) );
#3414 = PCURVE('',#3415,#3420);
#3415 = TOROIDAL_SURFACE('',#3416,0.16,8.E-02);
#3416 = AXIS2_PLACEMENT_3D('',#3417,#3418,#3419);
#3417 = CARTESIAN_POINT('',(0.42,-0.83,4.92));
#3418 = DIRECTION('',(1.,0.,-0.));
#3419 = DIRECTION('',(0.,1.387778780781E-15,1.));
#3420 = DEFINITIONAL_REPRESENTATION('',(#3421),#3425);
#3421 = LINE('',#3422,#3423);
#3422 = CARTESIAN_POINT('',(-0.,3.14159265359));
#3423 = VECTOR('',#3424,1.);
#3424 = DIRECTION('',(-1.,0.));
#3425 = ( GEOMETRIC_REPRESENTATION_CONTEXT(2) 
PARAMETRIC_REPRESENTATION_CONTEXT() REPRESENTATION_CONTEXT('2D SPACE',''
  ) );
#3426 = ORIENTED_EDGE('',*,*,#3247,.T.);
#3427 = ORIENTED_EDGE('',*,*,#1631,.F.);
#3428 = ADVANCED_FACE('',(#3429),#1676,.F.);
#3429 = FACE_BOUND('',#3430,.F.);
#3430 = EDGE_LOOP('',(#3431,#3432,#3433,#3459));
#3431 = ORIENTED_EDGE('',*,*,#1662,.F.);
#3432 = ORIENTED_EDGE('',*,*,#3352,.F.);
#3433 = ORIENTED_EDGE('',*,*,#3434,.T.);
#3434 = EDGE_CURVE('',#3324,#3378,#3435,.T.);
#3435 = SURFACE_CURVE('',#3436,(#3440,#3447),.PCURVE_S1.);
#3436 = LINE('',#3437,#3438);
#3437 = CARTESIAN_POINT('',(0.42,-4.25,5.));
#3438 = VECTOR('',#3439,1.);
#3439 = DIRECTION('',(-0.,1.,0.));
#3440 = PCURVE('',#1676,#3441);
#3441 = DEFINITIONAL_REPRESENTATION('',(#3442),#3446);
#3442 = LINE('',#3443,#3444);
#3443 = CARTESIAN_POINT('',(0.92,2.2));
#3444 = VECTOR('',#3445,1.);
#3445 = DIRECTION('',(0.,1.));
#3446 = ( GEOMETRIC_REPRESENTATION_CONTEXT(2) 
PARAMETRIC_REPRESENTATION_CONTEXT() REPRESENTATION_CONTEXT('2D SPACE',''
  ) );
#3447 = PCURVE('',#3448,#3453);
#3448 = CYLINDRICAL_SURFACE('',#3449,8.E-02);
#3449 = AXIS2_PLACEMENT_3D('',#3450,#3451,#3452);
#3450 = CARTESIAN_POINT('',(0.42,-4.25,5.08));
#3451 = DIRECTION('',(-0.,1.,0.));
#3452 = DIRECTION('',(-0.,0.,-1.));
#3453 = DEFINITIONAL_REPRESENTATION('',(#3454),#3458);
#3454 = LINE('',#3455,#3456);
#3455 = CARTESIAN_POINT('',(-0.,0.));
#3456 = VECTOR('',#3457,1.);
#3457 = DIRECTION('',(-0.,1.));
#3458 = ( GEOMETRIC_REPRESENTATION_CONTEXT(2) 
PARAMETRIC_REPRESENTATION_CONTEXT() REPRESENTATION_CONTEXT('2D SPACE',''
  ) );
#3459 = ORIENTED_EDGE('',*,*,#3377,.T.);
#3460 = ADVANCED_FACE('',(#3461),#1711,.T.);
#3461 = FACE_BOUND('',#3462,.T.);
#3462 = EDGE_LOOP('',(#3463,#3464,#3465,#3485));
#3463 = ORIENTED_EDGE('',*,*,#1695,.T.);
#3464 = ORIENTED_EDGE('',*,*,#1944,.T.);
#3465 = ORIENTED_EDGE('',*,*,#3466,.F.);
#3466 = EDGE_CURVE('',#1807,#1945,#3467,.T.);
#3467 = SURFACE_CURVE('',#3468,(#3473,#3479),.PCURVE_S1.);
#3468 = CIRCLE('',#3469,8.E-02);
#3469 = AXIS2_PLACEMENT_3D('',#3470,#3471,#3472);
#3470 = CARTESIAN_POINT('',(6.95,-6.37,11.12));
#3471 = DIRECTION('',(1.,0.,-0.));
#3472 = DIRECTION('',(0.,0.,1.));
#3473 = PCURVE('',#1711,#3474);
#3474 = DEFINITIONAL_REPRESENTATION('',(#3475),#3478);
#3475 = B_SPLINE_CURVE_WITH_KNOTS('',1,(#3476,#3477),.UNSPECIFIED.,.F.,
  .F.,(2,2),(0.,1.570796326795),.PIECEWISE_BEZIER_KNOTS.);
#3476 = CARTESIAN_POINT('',(0.,7.));
#3477 = CARTESIAN_POINT('',(1.570796326795,7.));
#3478 = ( GEOMETRIC_REPRESENTATION_CONTEXT(2) 
PARAMETRIC_REPRESENTATION_CONTEXT() REPRESENTATION_CONTEXT('2D SPACE',''
  ) );
#3479 = PCURVE('',#1984,#3480);
#3480 = DEFINITIONAL_REPRESENTATION('',(#3481),#3484);
#3481 = B_SPLINE_CURVE_WITH_KNOTS('',1,(#3482,#3483),.UNSPECIFIED.,.F.,
  .F.,(2,2),(0.,1.570796326795),.PIECEWISE_BEZIER_KNOTS.);
#3482 = CARTESIAN_POINT('',(0.,0.));
#3483 = CARTESIAN_POINT('',(0.,1.570796326795));
#3484 = ( GEOMETRIC_REPRESENTATION_CONTEXT(2) 
PARAMETRIC_REPRESENTATION_CONTEXT() REPRESENTATION_CONTEXT('2D SPACE',''
  ) );
#3485 = ORIENTED_EDGE('',*,*,#1806,.F.);
#3486 = ADVANCED_FACE('',(#3487),#1763,.T.);
#3487 = FACE_BOUND('',#3488,.T.);
#3488 = EDGE_LOOP('',(#3489,#3509,#3510,#3511));
#3489 = ORIENTED_EDGE('',*,*,#3490,.T.);
#3490 = EDGE_CURVE('',#1830,#2447,#3491,.T.);
#3491 = SURFACE_CURVE('',#3492,(#3497,#3503),.PCURVE_S1.);
#3492 = CIRCLE('',#3493,8.E-02);
#3493 = AXIS2_PLACEMENT_3D('',#3494,#3495,#3496);
#3494 = CARTESIAN_POINT('',(6.95,1.37,11.12));
#3495 = DIRECTION('',(-1.,-0.,6.123233995737E-17));
#3496 = DIRECTION('',(6.123233995737E-17,0.,1.));
#3497 = PCURVE('',#1763,#3498);
#3498 = DEFINITIONAL_REPRESENTATION('',(#3499),#3502);
#3499 = B_SPLINE_CURVE_WITH_KNOTS('',1,(#3500,#3501),.UNSPECIFIED.,.F.,
  .F.,(2,2),(0.,1.570796326795),.PIECEWISE_BEZIER_KNOTS.);
#3500 = CARTESIAN_POINT('',(0.,0.));
#3501 = CARTESIAN_POINT('',(1.570796326795,0.));
#3502 = ( GEOMETRIC_REPRESENTATION_CONTEXT(2) 
PARAMETRIC_REPRESENTATION_CONTEXT() REPRESENTATION_CONTEXT('2D SPACE',''
  ) );
#3503 = PCURVE('',#2488,#3504);
#3504 = DEFINITIONAL_REPRESENTATION('',(#3505),#3508);
#3505 = B_SPLINE_CURVE_WITH_KNOTS('',1,(#3506,#3507),.UNSPECIFIED.,.F.,
  .F.,(2,2),(0.,1.570796326795),.PIECEWISE_BEZIER_KNOTS.);
#3506 = CARTESIAN_POINT('',(-1.570796326795,0.));
#3507 = CARTESIAN_POINT('',(-1.570796326795,1.570796326795));
#3508 = ( GEOMETRIC_REPRESENTATION_CONTEXT(2) 
PARAMETRIC_REPRESENTATION_CONTEXT() REPRESENTATION_CONTEXT('2D SPACE',''
  ) );
#3509 = ORIENTED_EDGE('',*,*,#2446,.T.);
#3510 = ORIENTED_EDGE('',*,*,#1747,.F.);
#3511 = ORIENTED_EDGE('',*,*,#1857,.F.);
#3512 = ADVANCED_FACE('',(#3513),#1845,.T.);
#3513 = FACE_BOUND('',#3514,.T.);
#3514 = EDGE_LOOP('',(#3515,#3516,#3540,#3568));
#3515 = ORIENTED_EDGE('',*,*,#1829,.F.);
#3516 = ORIENTED_EDGE('',*,*,#3517,.T.);
#3517 = EDGE_CURVE('',#1807,#3518,#3520,.T.);
#3518 = VERTEX_POINT('',#3519);
#3519 = CARTESIAN_POINT('',(7.4,-6.37,10.75));
#3520 = SURFACE_CURVE('',#3521,(#3526,#3533),.PCURVE_S1.);
#3521 = CIRCLE('',#3522,0.45);
#3522 = AXIS2_PLACEMENT_3D('',#3523,#3524,#3525);
#3523 = CARTESIAN_POINT('',(6.95,-6.37,10.75));
#3524 = DIRECTION('',(-0.,1.,0.));
#3525 = DIRECTION('',(0.,0.,1.));
#3526 = PCURVE('',#1845,#3527);
#3527 = DEFINITIONAL_REPRESENTATION('',(#3528),#3532);
#3528 = LINE('',#3529,#3530);
#3529 = CARTESIAN_POINT('',(0.,8.E-02));
#3530 = VECTOR('',#3531,1.);
#3531 = DIRECTION('',(1.,0.));
#3532 = ( GEOMETRIC_REPRESENTATION_CONTEXT(2) 
PARAMETRIC_REPRESENTATION_CONTEXT() REPRESENTATION_CONTEXT('2D SPACE',''
  ) );
#3533 = PCURVE('',#1984,#3534);
#3534 = DEFINITIONAL_REPRESENTATION('',(#3535),#3539);
#3535 = LINE('',#3536,#3537);
#3536 = CARTESIAN_POINT('',(-0.,0.));
#3537 = VECTOR('',#3538,1.);
#3538 = DIRECTION('',(-1.,0.));
#3539 = ( GEOMETRIC_REPRESENTATION_CONTEXT(2) 
PARAMETRIC_REPRESENTATION_CONTEXT() REPRESENTATION_CONTEXT('2D SPACE',''
  ) );
#3540 = ORIENTED_EDGE('',*,*,#3541,.T.);
#3541 = EDGE_CURVE('',#3518,#3542,#3544,.T.);
#3542 = VERTEX_POINT('',#3543);
#3543 = CARTESIAN_POINT('',(7.4,1.37,10.75));
#3544 = SURFACE_CURVE('',#3545,(#3549,#3556),.PCURVE_S1.);
#3545 = LINE('',#3546,#3547);
#3546 = CARTESIAN_POINT('',(7.4,-6.45,10.75));
#3547 = VECTOR('',#3548,1.);
#3548 = DIRECTION('',(-0.,1.,0.));
#3549 = PCURVE('',#1845,#3550);
#3550 = DEFINITIONAL_REPRESENTATION('',(#3551),#3555);
#3551 = LINE('',#3552,#3553);
#3552 = CARTESIAN_POINT('',(1.570796326795,0.));
#3553 = VECTOR('',#3554,1.);
#3554 = DIRECTION('',(0.,1.));
#3555 = ( GEOMETRIC_REPRESENTATION_CONTEXT(2) 
PARAMETRIC_REPRESENTATION_CONTEXT() REPRESENTATION_CONTEXT('2D SPACE',''
  ) );
#3556 = PCURVE('',#3557,#3562);
#3557 = PLANE('',#3558);
#3558 = AXIS2_PLACEMENT_3D('',#3559,#3560,#3561);
#3559 = CARTESIAN_POINT('',(7.4,-6.45,10.2));
#3560 = DIRECTION('',(1.,0.,-0.));
#3561 = DIRECTION('',(0.,0.,1.));
#3562 = DEFINITIONAL_REPRESENTATION('',(#3563),#3567);
#3563 = LINE('',#3564,#3565);
#3564 = CARTESIAN_POINT('',(0.55,0.));
#3565 = VECTOR('',#3566,1.);
#3566 = DIRECTION('',(0.,-1.));
#3567 = ( GEOMETRIC_REPRESENTATION_CONTEXT(2) 
PARAMETRIC_REPRESENTATION_CONTEXT() REPRESENTATION_CONTEXT('2D SPACE',''
  ) );
#3568 = ORIENTED_EDGE('',*,*,#3569,.T.);
#3569 = EDGE_CURVE('',#3542,#1830,#3570,.T.);
#3570 = SURFACE_CURVE('',#3571,(#3576,#3583),.PCURVE_S1.);
#3571 = CIRCLE('',#3572,0.45);
#3572 = AXIS2_PLACEMENT_3D('',#3573,#3574,#3575);
#3573 = CARTESIAN_POINT('',(6.95,1.37,10.75));
#3574 = DIRECTION('',(0.,-1.,-0.));
#3575 = DIRECTION('',(1.,0.,0.));
#3576 = PCURVE('',#1845,#3577);
#3577 = DEFINITIONAL_REPRESENTATION('',(#3578),#3582);
#3578 = LINE('',#3579,#3580);
#3579 = CARTESIAN_POINT('',(1.570796326795,7.82));
#3580 = VECTOR('',#3581,1.);
#3581 = DIRECTION('',(-1.,-0.));
#3582 = ( GEOMETRIC_REPRESENTATION_CONTEXT(2) 
PARAMETRIC_REPRESENTATION_CONTEXT() REPRESENTATION_CONTEXT('2D SPACE',''
  ) );
#3583 = PCURVE('',#2488,#3584);
#3584 = DEFINITIONAL_REPRESENTATION('',(#3585),#3589);
#3585 = LINE('',#3586,#3587);
#3586 = CARTESIAN_POINT('',(-0.,0.));
#3587 = VECTOR('',#3588,1.);
#3588 = DIRECTION('',(-1.,0.));
#3589 = ( GEOMETRIC_REPRESENTATION_CONTEXT(2) 
PARAMETRIC_REPRESENTATION_CONTEXT() REPRESENTATION_CONTEXT('2D SPACE',''
  ) );
#3590 = ADVANCED_FACE('',(#3591),#1897,.T.);
#3591 = FACE_BOUND('',#3592,.T.);
#3592 = EDGE_LOOP('',(#3593,#3615,#3616,#3617));
#3593 = ORIENTED_EDGE('',*,*,#3594,.F.);
#3594 = EDGE_CURVE('',#1881,#3595,#3597,.T.);
#3595 = VERTEX_POINT('',#3596);
#3596 = CARTESIAN_POINT('',(4.7,-2.5,11.12));
#3597 = SEAM_CURVE('',#3598,(#3603,#3609),.PCURVE_S1.);
#3598 = CIRCLE('',#3599,8.E-02);
#3599 = AXIS2_PLACEMENT_3D('',#3600,#3601,#3602);
#3600 = CARTESIAN_POINT('',(4.78,-2.5,11.12));
#3601 = DIRECTION('',(0.,-1.,0.));
#3602 = DIRECTION('',(1.,0.,0.));
#3603 = PCURVE('',#1897,#3604);
#3604 = DEFINITIONAL_REPRESENTATION('',(#3605),#3608);
#3605 = B_SPLINE_CURVE_WITH_KNOTS('',1,(#3606,#3607),.UNSPECIFIED.,.F.,
  .F.,(2,2),(1.570796326795,3.14159265359),.PIECEWISE_BEZIER_KNOTS.);
#3606 = CARTESIAN_POINT('',(0.,1.570796326795));
#3607 = CARTESIAN_POINT('',(0.,3.14159265359));
#3608 = ( GEOMETRIC_REPRESENTATION_CONTEXT(2) 
PARAMETRIC_REPRESENTATION_CONTEXT() REPRESENTATION_CONTEXT('2D SPACE',''
  ) );
#3609 = PCURVE('',#1897,#3610);
#3610 = DEFINITIONAL_REPRESENTATION('',(#3611),#3614);
#3611 = B_SPLINE_CURVE_WITH_KNOTS('',1,(#3612,#3613),.UNSPECIFIED.,.F.,
  .F.,(2,2),(1.570796326795,3.14159265359),.PIECEWISE_BEZIER_KNOTS.);
#3612 = CARTESIAN_POINT('',(6.28318530718,1.570796326795));
#3613 = CARTESIAN_POINT('',(6.28318530718,3.14159265359));
#3614 = ( GEOMETRIC_REPRESENTATION_CONTEXT(2) 
PARAMETRIC_REPRESENTATION_CONTEXT() REPRESENTATION_CONTEXT('2D SPACE',''
  ) );
#3615 = ORIENTED_EDGE('',*,*,#1880,.T.);
#3616 = ORIENTED_EDGE('',*,*,#3594,.T.);
#3617 = ORIENTED_EDGE('',*,*,#3618,.F.);
#3618 = EDGE_CURVE('',#3595,#3595,#3619,.T.);
#3619 = SURFACE_CURVE('',#3620,(#3625,#3632),.PCURVE_S1.);
#3620 = CIRCLE('',#3621,1.25);
#3621 = AXIS2_PLACEMENT_3D('',#3622,#3623,#3624);
#3622 = CARTESIAN_POINT('',(3.45,-2.5,11.12));
#3623 = DIRECTION('',(0.,0.,1.));
#3624 = DIRECTION('',(1.,0.,-0.));
#3625 = PCURVE('',#1897,#3626);
#3626 = DEFINITIONAL_REPRESENTATION('',(#3627),#3631);
#3627 = LINE('',#3628,#3629);
#3628 = CARTESIAN_POINT('',(0.,3.14159265359));
#3629 = VECTOR('',#3630,1.);
#3630 = DIRECTION('',(1.,0.));
#3631 = ( GEOMETRIC_REPRESENTATION_CONTEXT(2) 
PARAMETRIC_REPRESENTATION_CONTEXT() REPRESENTATION_CONTEXT('2D SPACE',''
  ) );
#3632 = PCURVE('',#3633,#3638);
#3633 = CYLINDRICAL_SURFACE('',#3634,1.25);
#3634 = AXIS2_PLACEMENT_3D('',#3635,#3636,#3637);
#3635 = CARTESIAN_POINT('',(3.45,-2.5,-2.1));
#3636 = DIRECTION('',(0.,0.,1.));
#3637 = DIRECTION('',(1.,0.,-0.));
#3638 = DEFINITIONAL_REPRESENTATION('',(#3639),#3643);
#3639 = LINE('',#3640,#3641);
#3640 = CARTESIAN_POINT('',(0.,13.22));
#3641 = VECTOR('',#3642,1.);
#3642 = DIRECTION('',(1.,0.));
#3643 = ( GEOMETRIC_REPRESENTATION_CONTEXT(2) 
PARAMETRIC_REPRESENTATION_CONTEXT() REPRESENTATION_CONTEXT('2D SPACE',''
  ) );
#3644 = ADVANCED_FACE('',(#3645),#1927,.T.);
#3645 = FACE_BOUND('',#3646,.T.);
#3646 = EDGE_LOOP('',(#3647,#3648,#3649,#3676));
#3647 = ORIENTED_EDGE('',*,*,#1913,.F.);
#3648 = ORIENTED_EDGE('',*,*,#2529,.T.);
#3649 = ORIENTED_EDGE('',*,*,#3650,.F.);
#3650 = EDGE_CURVE('',#2167,#2530,#3651,.T.);
#3651 = SURFACE_CURVE('',#3652,(#3657,#3664),.PCURVE_S1.);
#3652 = CIRCLE('',#3653,8.E-02);
#3653 = AXIS2_PLACEMENT_3D('',#3654,#3655,#3656);
#3654 = CARTESIAN_POINT('',(0.42,-6.37,5.08));
#3655 = DIRECTION('',(1.,0.,0.));
#3656 = DIRECTION('',(0.,-1.,0.));
#3657 = PCURVE('',#1927,#3658);
#3658 = DEFINITIONAL_REPRESENTATION('',(#3659),#3663);
#3659 = LINE('',#3660,#3661);
#3660 = CARTESIAN_POINT('',(0.,0.92));
#3661 = VECTOR('',#3662,1.);
#3662 = DIRECTION('',(1.,0.));
#3663 = ( GEOMETRIC_REPRESENTATION_CONTEXT(2) 
PARAMETRIC_REPRESENTATION_CONTEXT() REPRESENTATION_CONTEXT('2D SPACE',''
  ) );
#3664 = PCURVE('',#3665,#3670);
#3665 = SPHERICAL_SURFACE('',#3666,8.E-02);
#3666 = AXIS2_PLACEMENT_3D('',#3667,#3668,#3669);
#3667 = CARTESIAN_POINT('',(0.42,-6.37,5.08));
#3668 = DIRECTION('',(-1.,-0.,0.));
#3669 = DIRECTION('',(0.,-1.,0.));
#3670 = DEFINITIONAL_REPRESENTATION('',(#3671),#3675);
#3671 = LINE('',#3672,#3673);
#3672 = CARTESIAN_POINT('',(-0.,0.));
#3673 = VECTOR('',#3674,1.);
#3674 = DIRECTION('',(-1.,0.));
#3675 = ( GEOMETRIC_REPRESENTATION_CONTEXT(2) 
PARAMETRIC_REPRESENTATION_CONTEXT() REPRESENTATION_CONTEXT('2D SPACE',''
  ) );
#3676 = ORIENTED_EDGE('',*,*,#2194,.F.);
#3677 = ADVANCED_FACE('',(#3678),#2182,.T.);
#3678 = FACE_BOUND('',#3679,.T.);
#3679 = EDGE_LOOP('',(#3680,#3702,#3730,#3750));
#3680 = ORIENTED_EDGE('',*,*,#3681,.F.);
#3681 = EDGE_CURVE('',#3682,#2167,#3684,.T.);
#3682 = VERTEX_POINT('',#3683);
#3683 = CARTESIAN_POINT('',(0.5,-6.37,5.08));
#3684 = SURFACE_CURVE('',#3685,(#3690,#3696),.PCURVE_S1.);
#3685 = CIRCLE('',#3686,8.E-02);
#3686 = AXIS2_PLACEMENT_3D('',#3687,#3688,#3689);
#3687 = CARTESIAN_POINT('',(0.42,-6.37,5.08));
#3688 = DIRECTION('',(0.,-0.,-1.));
#3689 = DIRECTION('',(0.,-1.,0.));
#3690 = PCURVE('',#2182,#3691);
#3691 = DEFINITIONAL_REPRESENTATION('',(#3692),#3695);
#3692 = B_SPLINE_CURVE_WITH_KNOTS('',1,(#3693,#3694),.UNSPECIFIED.,.F.,
  .F.,(2,2),(4.712388980385,6.28318530718),.PIECEWISE_BEZIER_KNOTS.);
#3693 = CARTESIAN_POINT('',(1.570796326795,8.E-02));
#3694 = CARTESIAN_POINT('',(0.,8.E-02));
#3695 = ( GEOMETRIC_REPRESENTATION_CONTEXT(2) 
PARAMETRIC_REPRESENTATION_CONTEXT() REPRESENTATION_CONTEXT('2D SPACE',''
  ) );
#3696 = PCURVE('',#3665,#3697);
#3697 = DEFINITIONAL_REPRESENTATION('',(#3698),#3701);
#3698 = B_SPLINE_CURVE_WITH_KNOTS('',1,(#3699,#3700),.UNSPECIFIED.,.F.,
  .F.,(2,2),(4.712388980385,6.28318530718),.PIECEWISE_BEZIER_KNOTS.);
#3699 = CARTESIAN_POINT('',(0.,-1.570796326795));
#3700 = CARTESIAN_POINT('',(0.,0.));
#3701 = ( GEOMETRIC_REPRESENTATION_CONTEXT(2) 
PARAMETRIC_REPRESENTATION_CONTEXT() REPRESENTATION_CONTEXT('2D SPACE',''
  ) );
#3702 = ORIENTED_EDGE('',*,*,#3703,.T.);
#3703 = EDGE_CURVE('',#3682,#3704,#3706,.T.);
#3704 = VERTEX_POINT('',#3705);
#3705 = CARTESIAN_POINT('',(0.5,-6.37,10.12));
#3706 = SURFACE_CURVE('',#3707,(#3711,#3718),.PCURVE_S1.);
#3707 = LINE('',#3708,#3709);
#3708 = CARTESIAN_POINT('',(0.5,-6.37,5.));
#3709 = VECTOR('',#3710,1.);
#3710 = DIRECTION('',(0.,0.,1.));
#3711 = PCURVE('',#2182,#3712);
#3712 = DEFINITIONAL_REPRESENTATION('',(#3713),#3717);
#3713 = LINE('',#3714,#3715);
#3714 = CARTESIAN_POINT('',(1.570796326795,0.));
#3715 = VECTOR('',#3716,1.);
#3716 = DIRECTION('',(0.,1.));
#3717 = ( GEOMETRIC_REPRESENTATION_CONTEXT(2) 
PARAMETRIC_REPRESENTATION_CONTEXT() REPRESENTATION_CONTEXT('2D SPACE',''
  ) );
#3718 = PCURVE('',#3719,#3724);
#3719 = PLANE('',#3720);
#3720 = AXIS2_PLACEMENT_3D('',#3721,#3722,#3723);
#3721 = CARTESIAN_POINT('',(0.5,-6.45,5.));
#3722 = DIRECTION('',(1.,0.,-0.));
#3723 = DIRECTION('',(0.,0.,1.));
#3724 = DEFINITIONAL_REPRESENTATION('',(#3725),#3729);
#3725 = LINE('',#3726,#3727);
#3726 = CARTESIAN_POINT('',(0.,-8.E-02));
#3727 = VECTOR('',#3728,1.);
#3728 = DIRECTION('',(1.,0.));
#3729 = ( GEOMETRIC_REPRESENTATION_CONTEXT(2) 
PARAMETRIC_REPRESENTATION_CONTEXT() REPRESENTATION_CONTEXT('2D SPACE',''
  ) );
#3730 = ORIENTED_EDGE('',*,*,#3731,.F.);
#3731 = EDGE_CURVE('',#2138,#3704,#3732,.T.);
#3732 = SURFACE_CURVE('',#3733,(#3738,#3744),.PCURVE_S1.);
#3733 = CIRCLE('',#3734,8.E-02);
#3734 = AXIS2_PLACEMENT_3D('',#3735,#3736,#3737);
#3735 = CARTESIAN_POINT('',(0.42,-6.37,10.12));
#3736 = DIRECTION('',(0.,0.,1.));
#3737 = DIRECTION('',(-1.,0.,0.));
#3738 = PCURVE('',#2182,#3739);
#3739 = DEFINITIONAL_REPRESENTATION('',(#3740),#3743);
#3740 = B_SPLINE_CURVE_WITH_KNOTS('',1,(#3741,#3742),.UNSPECIFIED.,.F.,
  .F.,(2,2),(1.570796326795,3.14159265359),.PIECEWISE_BEZIER_KNOTS.);
#3741 = CARTESIAN_POINT('',(0.,5.12));
#3742 = CARTESIAN_POINT('',(1.570796326795,5.12));
#3743 = ( GEOMETRIC_REPRESENTATION_CONTEXT(2) 
PARAMETRIC_REPRESENTATION_CONTEXT() REPRESENTATION_CONTEXT('2D SPACE',''
  ) );
#3744 = PCURVE('',#2154,#3745);
#3745 = DEFINITIONAL_REPRESENTATION('',(#3746),#3749);
#3746 = B_SPLINE_CURVE_WITH_KNOTS('',1,(#3747,#3748),.UNSPECIFIED.,.F.,
  .F.,(2,2),(1.570796326795,3.14159265359),.PIECEWISE_BEZIER_KNOTS.);
#3747 = CARTESIAN_POINT('',(0.,1.570796326795));
#3748 = CARTESIAN_POINT('',(0.,3.14159265359));
#3749 = ( GEOMETRIC_REPRESENTATION_CONTEXT(2) 
PARAMETRIC_REPRESENTATION_CONTEXT() REPRESENTATION_CONTEXT('2D SPACE',''
  ) );
#3750 = ORIENTED_EDGE('',*,*,#2166,.F.);
#3751 = ADVANCED_FACE('',(#3752),#2154,.T.);
#3752 = FACE_BOUND('',#3753,.F.);
#3753 = EDGE_LOOP('',(#3754,#3755,#3756,#3778));
#3754 = ORIENTED_EDGE('',*,*,#3731,.F.);
#3755 = ORIENTED_EDGE('',*,*,#2137,.T.);
#3756 = ORIENTED_EDGE('',*,*,#3757,.T.);
#3757 = EDGE_CURVE('',#2110,#3758,#3760,.T.);
#3758 = VERTEX_POINT('',#3759);
#3759 = CARTESIAN_POINT('',(0.58,-6.37,10.2));
#3760 = SURFACE_CURVE('',#3761,(#3766,#3772),.PCURVE_S1.);
#3761 = CIRCLE('',#3762,8.E-02);
#3762 = AXIS2_PLACEMENT_3D('',#3763,#3764,#3765);
#3763 = CARTESIAN_POINT('',(0.58,-6.37,10.28));
#3764 = DIRECTION('',(1.,0.,6.123233995737E-17));
#3765 = DIRECTION('',(-6.123233995737E-17,0.,1.));
#3766 = PCURVE('',#2154,#3767);
#3767 = DEFINITIONAL_REPRESENTATION('',(#3768),#3771);
#3768 = B_SPLINE_CURVE_WITH_KNOTS('',1,(#3769,#3770),.UNSPECIFIED.,.F.,
  .F.,(2,2),(1.570796326795,3.14159265359),.PIECEWISE_BEZIER_KNOTS.);
#3769 = CARTESIAN_POINT('',(-1.570796326795,1.570796326795));
#3770 = CARTESIAN_POINT('',(-1.570796326795,3.14159265359));
#3771 = ( GEOMETRIC_REPRESENTATION_CONTEXT(2) 
PARAMETRIC_REPRESENTATION_CONTEXT() REPRESENTATION_CONTEXT('2D SPACE',''
  ) );
#3772 = PCURVE('',#2125,#3773);
#3773 = DEFINITIONAL_REPRESENTATION('',(#3774),#3777);
#3774 = B_SPLINE_CURVE_WITH_KNOTS('',1,(#3775,#3776),.UNSPECIFIED.,.F.,
  .F.,(2,2),(1.570796326795,3.14159265359),.PIECEWISE_BEZIER_KNOTS.);
#3775 = CARTESIAN_POINT('',(0.,8.E-02));
#3776 = CARTESIAN_POINT('',(1.570796326795,8.E-02));
#3777 = ( GEOMETRIC_REPRESENTATION_CONTEXT(2) 
PARAMETRIC_REPRESENTATION_CONTEXT() REPRESENTATION_CONTEXT('2D SPACE',''
  ) );
#3778 = ORIENTED_EDGE('',*,*,#3779,.F.);
#3779 = EDGE_CURVE('',#3704,#3758,#3780,.T.);
#3780 = SURFACE_CURVE('',#3781,(#3786,#3793),.PCURVE_S1.);
#3781 = CIRCLE('',#3782,8.E-02);
#3782 = AXIS2_PLACEMENT_3D('',#3783,#3784,#3785);
#3783 = CARTESIAN_POINT('',(0.58,-6.37,10.12));
#3784 = DIRECTION('',(0.,1.,0.));
#3785 = DIRECTION('',(-1.,0.,-0.));
#3786 = PCURVE('',#2154,#3787);
#3787 = DEFINITIONAL_REPRESENTATION('',(#3788),#3792);
#3788 = LINE('',#3789,#3790);
#3789 = CARTESIAN_POINT('',(-0.,3.14159265359));
#3790 = VECTOR('',#3791,1.);
#3791 = DIRECTION('',(-1.,0.));
#3792 = ( GEOMETRIC_REPRESENTATION_CONTEXT(2) 
PARAMETRIC_REPRESENTATION_CONTEXT() REPRESENTATION_CONTEXT('2D SPACE',''
  ) );
#3793 = PCURVE('',#3794,#3799);
#3794 = CYLINDRICAL_SURFACE('',#3795,8.E-02);
#3795 = AXIS2_PLACEMENT_3D('',#3796,#3797,#3798);
#3796 = CARTESIAN_POINT('',(0.58,-6.45,10.12));
#3797 = DIRECTION('',(-0.,1.,0.));
#3798 = DIRECTION('',(-1.,-0.,0.));
#3799 = DEFINITIONAL_REPRESENTATION('',(#3800),#3804);
#3800 = LINE('',#3801,#3802);
#3801 = CARTESIAN_POINT('',(0.,8.E-02));
#3802 = VECTOR('',#3803,1.);
#3803 = DIRECTION('',(1.,0.));
#3804 = ( GEOMETRIC_REPRESENTATION_CONTEXT(2) 
PARAMETRIC_REPRESENTATION_CONTEXT() REPRESENTATION_CONTEXT('2D SPACE',''
  ) );
#3805 = ADVANCED_FACE('',(#3806),#1984,.T.);
#3806 = FACE_BOUND('',#3807,.F.);
#3807 = EDGE_LOOP('',(#3808,#3809,#3810,#3830));
#3808 = ORIENTED_EDGE('',*,*,#3466,.F.);
#3809 = ORIENTED_EDGE('',*,*,#3517,.T.);
#3810 = ORIENTED_EDGE('',*,*,#3811,.T.);
#3811 = EDGE_CURVE('',#3518,#1968,#3812,.T.);
#3812 = SURFACE_CURVE('',#3813,(#3818,#3824),.PCURVE_S1.);
#3813 = CIRCLE('',#3814,8.E-02);
#3814 = AXIS2_PLACEMENT_3D('',#3815,#3816,#3817);
#3815 = CARTESIAN_POINT('',(7.32,-6.37,10.75));
#3816 = DIRECTION('',(6.123233995737E-17,0.,-1.));
#3817 = DIRECTION('',(1.,0.,6.123233995737E-17));
#3818 = PCURVE('',#1984,#3819);
#3819 = DEFINITIONAL_REPRESENTATION('',(#3820),#3823);
#3820 = B_SPLINE_CURVE_WITH_KNOTS('',1,(#3821,#3822),.UNSPECIFIED.,.F.,
  .F.,(2,2),(0.,1.570796326795),.PIECEWISE_BEZIER_KNOTS.);
#3821 = CARTESIAN_POINT('',(-1.570796326795,0.));
#3822 = CARTESIAN_POINT('',(-1.570796326795,1.570796326795));
#3823 = ( GEOMETRIC_REPRESENTATION_CONTEXT(2) 
PARAMETRIC_REPRESENTATION_CONTEXT() REPRESENTATION_CONTEXT('2D SPACE',''
  ) );
#3824 = PCURVE('',#2012,#3825);
#3825 = DEFINITIONAL_REPRESENTATION('',(#3826),#3829);
#3826 = B_SPLINE_CURVE_WITH_KNOTS('',1,(#3827,#3828),.UNSPECIFIED.,.F.,
  .F.,(2,2),(0.,1.570796326795),.PIECEWISE_BEZIER_KNOTS.);
#3827 = CARTESIAN_POINT('',(0.,0.));
#3828 = CARTESIAN_POINT('',(1.570796326795,0.));
#3829 = ( GEOMETRIC_REPRESENTATION_CONTEXT(2) 
PARAMETRIC_REPRESENTATION_CONTEXT() REPRESENTATION_CONTEXT('2D SPACE',''
  ) );
#3830 = ORIENTED_EDGE('',*,*,#1967,.F.);
#3831 = ADVANCED_FACE('',(#3832),#2125,.T.);
#3832 = FACE_BOUND('',#3833,.T.);
#3833 = EDGE_LOOP('',(#3834,#3835,#3863,#3883));
#3834 = ORIENTED_EDGE('',*,*,#3757,.T.);
#3835 = ORIENTED_EDGE('',*,*,#3836,.T.);
#3836 = EDGE_CURVE('',#3758,#3837,#3839,.T.);
#3837 = VERTEX_POINT('',#3838);
#3838 = CARTESIAN_POINT('',(6.32,-6.37,10.2));
#3839 = SURFACE_CURVE('',#3840,(#3844,#3851),.PCURVE_S1.);
#3840 = LINE('',#3841,#3842);
#3841 = CARTESIAN_POINT('',(0.5,-6.37,10.2));
#3842 = VECTOR('',#3843,1.);
#3843 = DIRECTION('',(1.,0.,-0.));
#3844 = PCURVE('',#2125,#3845);
#3845 = DEFINITIONAL_REPRESENTATION('',(#3846),#3850);
#3846 = LINE('',#3847,#3848);
#3847 = CARTESIAN_POINT('',(1.570796326795,0.));
#3848 = VECTOR('',#3849,1.);
#3849 = DIRECTION('',(0.,1.));
#3850 = ( GEOMETRIC_REPRESENTATION_CONTEXT(2) 
PARAMETRIC_REPRESENTATION_CONTEXT() REPRESENTATION_CONTEXT('2D SPACE',''
  ) );
#3851 = PCURVE('',#3852,#3857);
#3852 = PLANE('',#3853);
#3853 = AXIS2_PLACEMENT_3D('',#3854,#3855,#3856);
#3854 = CARTESIAN_POINT('',(-0.5,-6.45,10.2));
#3855 = DIRECTION('',(0.,0.,1.));
#3856 = DIRECTION('',(1.,0.,-0.));
#3857 = DEFINITIONAL_REPRESENTATION('',(#3858),#3862);
#3858 = LINE('',#3859,#3860);
#3859 = CARTESIAN_POINT('',(1.,8.E-02));
#3860 = VECTOR('',#3861,1.);
#3861 = DIRECTION('',(1.,0.));
#3862 = ( GEOMETRIC_REPRESENTATION_CONTEXT(2) 
PARAMETRIC_REPRESENTATION_CONTEXT() REPRESENTATION_CONTEXT('2D SPACE',''
  ) );
#3863 = ORIENTED_EDGE('',*,*,#3864,.F.);
#3864 = EDGE_CURVE('',#2081,#3837,#3865,.T.);
#3865 = SURFACE_CURVE('',#3866,(#3871,#3877),.PCURVE_S1.);
#3866 = CIRCLE('',#3867,8.E-02);
#3867 = AXIS2_PLACEMENT_3D('',#3868,#3869,#3870);
#3868 = CARTESIAN_POINT('',(6.32,-6.37,10.28));
#3869 = DIRECTION('',(1.,0.,-0.));
#3870 = DIRECTION('',(0.,0.,1.));
#3871 = PCURVE('',#2125,#3872);
#3872 = DEFINITIONAL_REPRESENTATION('',(#3873),#3876);
#3873 = B_SPLINE_CURVE_WITH_KNOTS('',1,(#3874,#3875),.UNSPECIFIED.,.F.,
  .F.,(2,2),(1.570796326795,3.14159265359),.PIECEWISE_BEZIER_KNOTS.);
#3874 = CARTESIAN_POINT('',(0.,5.82));
#3875 = CARTESIAN_POINT('',(1.570796326795,5.82));
#3876 = ( GEOMETRIC_REPRESENTATION_CONTEXT(2) 
PARAMETRIC_REPRESENTATION_CONTEXT() REPRESENTATION_CONTEXT('2D SPACE',''
  ) );
#3877 = PCURVE('',#2097,#3878);
#3878 = DEFINITIONAL_REPRESENTATION('',(#3879),#3882);
#3879 = B_SPLINE_CURVE_WITH_KNOTS('',1,(#3880,#3881),.UNSPECIFIED.,.F.,
  .F.,(2,2),(1.570796326795,3.14159265359),.PIECEWISE_BEZIER_KNOTS.);
#3880 = CARTESIAN_POINT('',(0.,1.570796326795));
#3881 = CARTESIAN_POINT('',(0.,3.14159265359));
#3882 = ( GEOMETRIC_REPRESENTATION_CONTEXT(2) 
PARAMETRIC_REPRESENTATION_CONTEXT() REPRESENTATION_CONTEXT('2D SPACE',''
  ) );
#3883 = ORIENTED_EDGE('',*,*,#2109,.F.);
#3884 = ADVANCED_FACE('',(#3885),#2012,.T.);
#3885 = FACE_BOUND('',#3886,.T.);
#3886 = EDGE_LOOP('',(#3887,#3888,#3889,#3918));
#3887 = ORIENTED_EDGE('',*,*,#3811,.T.);
#3888 = ORIENTED_EDGE('',*,*,#1996,.T.);
#3889 = ORIENTED_EDGE('',*,*,#3890,.T.);
#3890 = EDGE_CURVE('',#1997,#3891,#3893,.T.);
#3891 = VERTEX_POINT('',#3892);
#3892 = CARTESIAN_POINT('',(7.4,-6.37,5.08));
#3893 = SURFACE_CURVE('',#3894,(#3899,#3906),.PCURVE_S1.);
#3894 = CIRCLE('',#3895,8.E-02);
#3895 = AXIS2_PLACEMENT_3D('',#3896,#3897,#3898);
#3896 = CARTESIAN_POINT('',(7.32,-6.37,5.08));
#3897 = DIRECTION('',(0.,0.,1.));
#3898 = DIRECTION('',(0.,-1.,0.));
#3899 = PCURVE('',#2012,#3900);
#3900 = DEFINITIONAL_REPRESENTATION('',(#3901),#3905);
#3901 = LINE('',#3902,#3903);
#3902 = CARTESIAN_POINT('',(1.570796326795,5.67));
#3903 = VECTOR('',#3904,1.);
#3904 = DIRECTION('',(-1.,-0.));
#3905 = ( GEOMETRIC_REPRESENTATION_CONTEXT(2) 
PARAMETRIC_REPRESENTATION_CONTEXT() REPRESENTATION_CONTEXT('2D SPACE',''
  ) );
#3906 = PCURVE('',#3907,#3912);
#3907 = SPHERICAL_SURFACE('',#3908,8.E-02);
#3908 = AXIS2_PLACEMENT_3D('',#3909,#3910,#3911);
#3909 = CARTESIAN_POINT('',(7.32,-6.37,5.08));
#3910 = DIRECTION('',(0.,0.,1.));
#3911 = DIRECTION('',(0.,-1.,0.));
#3912 = DEFINITIONAL_REPRESENTATION('',(#3913),#3917);
#3913 = LINE('',#3914,#3915);
#3914 = CARTESIAN_POINT('',(0.,0.));
#3915 = VECTOR('',#3916,1.);
#3916 = DIRECTION('',(1.,0.));
#3917 = ( GEOMETRIC_REPRESENTATION_CONTEXT(2) 
PARAMETRIC_REPRESENTATION_CONTEXT() REPRESENTATION_CONTEXT('2D SPACE',''
  ) );
#3918 = ORIENTED_EDGE('',*,*,#3919,.F.);
#3919 = EDGE_CURVE('',#3518,#3891,#3920,.T.);
#3920 = SURFACE_CURVE('',#3921,(#3925,#3932),.PCURVE_S1.);
#3921 = LINE('',#3922,#3923);
#3922 = CARTESIAN_POINT('',(7.4,-6.37,10.75));
#3923 = VECTOR('',#3924,1.);
#3924 = DIRECTION('',(-0.,-0.,-1.));
#3925 = PCURVE('',#2012,#3926);
#3926 = DEFINITIONAL_REPRESENTATION('',(#3927),#3931);
#3927 = LINE('',#3928,#3929);
#3928 = CARTESIAN_POINT('',(0.,0.));
#3929 = VECTOR('',#3930,1.);
#3930 = DIRECTION('',(0.,1.));
#3931 = ( GEOMETRIC_REPRESENTATION_CONTEXT(2) 
PARAMETRIC_REPRESENTATION_CONTEXT() REPRESENTATION_CONTEXT('2D SPACE',''
  ) );
#3932 = PCURVE('',#3557,#3933);
#3933 = DEFINITIONAL_REPRESENTATION('',(#3934),#3938);
#3934 = LINE('',#3935,#3936);
#3935 = CARTESIAN_POINT('',(0.55,-8.E-02));
#3936 = VECTOR('',#3937,1.);
#3937 = DIRECTION('',(-1.,0.));
#3938 = ( GEOMETRIC_REPRESENTATION_CONTEXT(2) 
PARAMETRIC_REPRESENTATION_CONTEXT() REPRESENTATION_CONTEXT('2D SPACE',''
  ) );
#3939 = ADVANCED_FACE('',(#3940),#2097,.T.);
#3940 = FACE_BOUND('',#3941,.F.);
#3941 = EDGE_LOOP('',(#3942,#3943,#3944,#3966));
#3942 = ORIENTED_EDGE('',*,*,#3864,.F.);
#3943 = ORIENTED_EDGE('',*,*,#2080,.T.);
#3944 = ORIENTED_EDGE('',*,*,#3945,.T.);
#3945 = EDGE_CURVE('',#2053,#3946,#3948,.T.);
#3946 = VERTEX_POINT('',#3947);
#3947 = CARTESIAN_POINT('',(6.4,-6.37,10.12));
#3948 = SURFACE_CURVE('',#3949,(#3954,#3960),.PCURVE_S1.);
#3949 = CIRCLE('',#3950,8.E-02);
#3950 = AXIS2_PLACEMENT_3D('',#3951,#3952,#3953);
#3951 = CARTESIAN_POINT('',(6.48,-6.37,10.12));
#3952 = DIRECTION('',(6.123233995737E-17,0.,-1.));
#3953 = DIRECTION('',(1.,0.,6.123233995737E-17));
#3954 = PCURVE('',#2097,#3955);
#3955 = DEFINITIONAL_REPRESENTATION('',(#3956),#3959);
#3956 = B_SPLINE_CURVE_WITH_KNOTS('',1,(#3957,#3958),.UNSPECIFIED.,.F.,
  .F.,(2,2),(1.570796326795,3.14159265359),.PIECEWISE_BEZIER_KNOTS.);
#3957 = CARTESIAN_POINT('',(-1.570796326795,1.570796326795));
#3958 = CARTESIAN_POINT('',(-1.570796326795,3.14159265359));
#3959 = ( GEOMETRIC_REPRESENTATION_CONTEXT(2) 
PARAMETRIC_REPRESENTATION_CONTEXT() REPRESENTATION_CONTEXT('2D SPACE',''
  ) );
#3960 = PCURVE('',#2068,#3961);
#3961 = DEFINITIONAL_REPRESENTATION('',(#3962),#3965);
#3962 = B_SPLINE_CURVE_WITH_KNOTS('',1,(#3963,#3964),.UNSPECIFIED.,.F.,
  .F.,(2,2),(1.570796326795,3.14159265359),.PIECEWISE_BEZIER_KNOTS.);
#3963 = CARTESIAN_POINT('',(0.,5.12));
#3964 = CARTESIAN_POINT('',(-1.570796326795,5.12));
#3965 = ( GEOMETRIC_REPRESENTATION_CONTEXT(2) 
PARAMETRIC_REPRESENTATION_CONTEXT() REPRESENTATION_CONTEXT('2D SPACE',''
  ) );
#3966 = ORIENTED_EDGE('',*,*,#3967,.F.);
#3967 = EDGE_CURVE('',#3837,#3946,#3968,.T.);
#3968 = SURFACE_CURVE('',#3969,(#3974,#3981),.PCURVE_S1.);
#3969 = CIRCLE('',#3970,8.E-02);
#3970 = AXIS2_PLACEMENT_3D('',#3971,#3972,#3973);
#3971 = CARTESIAN_POINT('',(6.32,-6.37,10.12));
#3972 = DIRECTION('',(-0.,1.,0.));
#3973 = DIRECTION('',(0.,0.,1.));
#3974 = PCURVE('',#2097,#3975);
#3975 = DEFINITIONAL_REPRESENTATION('',(#3976),#3980);
#3976 = LINE('',#3977,#3978);
#3977 = CARTESIAN_POINT('',(-0.,3.14159265359));
#3978 = VECTOR('',#3979,1.);
#3979 = DIRECTION('',(-1.,0.));
#3980 = ( GEOMETRIC_REPRESENTATION_CONTEXT(2) 
PARAMETRIC_REPRESENTATION_CONTEXT() REPRESENTATION_CONTEXT('2D SPACE',''
  ) );
#3981 = PCURVE('',#3982,#3987);
#3982 = CYLINDRICAL_SURFACE('',#3983,8.E-02);
#3983 = AXIS2_PLACEMENT_3D('',#3984,#3985,#3986);
#3984 = CARTESIAN_POINT('',(6.32,-6.45,10.12));
#3985 = DIRECTION('',(-0.,1.,0.));
#3986 = DIRECTION('',(0.,0.,1.));
#3987 = DEFINITIONAL_REPRESENTATION('',(#3988),#3992);
#3988 = LINE('',#3989,#3990);
#3989 = CARTESIAN_POINT('',(0.,8.E-02));
#3990 = VECTOR('',#3991,1.);
#3991 = DIRECTION('',(1.,0.));
#3992 = ( GEOMETRIC_REPRESENTATION_CONTEXT(2) 
PARAMETRIC_REPRESENTATION_CONTEXT() REPRESENTATION_CONTEXT('2D SPACE',''
  ) );
#3993 = ADVANCED_FACE('',(#3994),#2040,.T.);
#3994 = FACE_BOUND('',#3995,.T.);
#3995 = EDGE_LOOP('',(#3996,#4023,#4051,#4071));
#3996 = ORIENTED_EDGE('',*,*,#3997,.F.);
#3997 = EDGE_CURVE('',#3998,#2025,#4000,.T.);
#3998 = VERTEX_POINT('',#3999);
#3999 = CARTESIAN_POINT('',(6.48,-6.37,5.));
#4000 = SURFACE_CURVE('',#4001,(#4006,#4012),.PCURVE_S1.);
#4001 = CIRCLE('',#4002,8.E-02);
#4002 = AXIS2_PLACEMENT_3D('',#4003,#4004,#4005);
#4003 = CARTESIAN_POINT('',(6.48,-6.37,5.08));
#4004 = DIRECTION('',(-1.,0.,0.));
#4005 = DIRECTION('',(0.,-1.,0.));
#4006 = PCURVE('',#2040,#4007);
#4007 = DEFINITIONAL_REPRESENTATION('',(#4008),#4011);
#4008 = B_SPLINE_CURVE_WITH_KNOTS('',1,(#4009,#4010),.UNSPECIFIED.,.F.,
  .F.,(2,2),(4.712388980385,6.28318530718),.PIECEWISE_BEZIER_KNOTS.);
#4009 = CARTESIAN_POINT('',(1.570796326795,8.E-02));
#4010 = CARTESIAN_POINT('',(0.,8.E-02));
#4011 = ( GEOMETRIC_REPRESENTATION_CONTEXT(2) 
PARAMETRIC_REPRESENTATION_CONTEXT() REPRESENTATION_CONTEXT('2D SPACE',''
  ) );
#4012 = PCURVE('',#4013,#4018);
#4013 = SPHERICAL_SURFACE('',#4014,8.E-02);
#4014 = AXIS2_PLACEMENT_3D('',#4015,#4016,#4017);
#4015 = CARTESIAN_POINT('',(6.48,-6.37,5.08));
#4016 = DIRECTION('',(0.,0.,1.));
#4017 = DIRECTION('',(0.,-1.,0.));
#4018 = DEFINITIONAL_REPRESENTATION('',(#4019),#4022);
#4019 = B_SPLINE_CURVE_WITH_KNOTS('',1,(#4020,#4021),.UNSPECIFIED.,.F.,
  .F.,(2,2),(4.712388980385,6.28318530718),.PIECEWISE_BEZIER_KNOTS.);
#4020 = CARTESIAN_POINT('',(0.,-1.570796326795));
#4021 = CARTESIAN_POINT('',(0.,0.));
#4022 = ( GEOMETRIC_REPRESENTATION_CONTEXT(2) 
PARAMETRIC_REPRESENTATION_CONTEXT() REPRESENTATION_CONTEXT('2D SPACE',''
  ) );
#4023 = ORIENTED_EDGE('',*,*,#4024,.T.);
#4024 = EDGE_CURVE('',#3998,#4025,#4027,.T.);
#4025 = VERTEX_POINT('',#4026);
#4026 = CARTESIAN_POINT('',(7.32,-6.37,5.));
#4027 = SURFACE_CURVE('',#4028,(#4032,#4039),.PCURVE_S1.);
#4028 = LINE('',#4029,#4030);
#4029 = CARTESIAN_POINT('',(6.4,-6.37,5.));
#4030 = VECTOR('',#4031,1.);
#4031 = DIRECTION('',(1.,0.,-0.));
#4032 = PCURVE('',#2040,#4033);
#4033 = DEFINITIONAL_REPRESENTATION('',(#4034),#4038);
#4034 = LINE('',#4035,#4036);
#4035 = CARTESIAN_POINT('',(1.570796326795,0.));
#4036 = VECTOR('',#4037,1.);
#4037 = DIRECTION('',(0.,1.));
#4038 = ( GEOMETRIC_REPRESENTATION_CONTEXT(2) 
PARAMETRIC_REPRESENTATION_CONTEXT() REPRESENTATION_CONTEXT('2D SPACE',''
  ) );
#4039 = PCURVE('',#4040,#4045);
#4040 = PLANE('',#4041);
#4041 = AXIS2_PLACEMENT_3D('',#4042,#4043,#4044);
#4042 = CARTESIAN_POINT('',(6.4,-6.45,5.));
#4043 = DIRECTION('',(0.,0.,1.));
#4044 = DIRECTION('',(1.,0.,-0.));
#4045 = DEFINITIONAL_REPRESENTATION('',(#4046),#4050);
#4046 = LINE('',#4047,#4048);
#4047 = CARTESIAN_POINT('',(0.,8.E-02));
#4048 = VECTOR('',#4049,1.);
#4049 = DIRECTION('',(1.,0.));
#4050 = ( GEOMETRIC_REPRESENTATION_CONTEXT(2) 
PARAMETRIC_REPRESENTATION_CONTEXT() REPRESENTATION_CONTEXT('2D SPACE',''
  ) );
#4051 = ORIENTED_EDGE('',*,*,#4052,.T.);
#4052 = EDGE_CURVE('',#4025,#1997,#4053,.T.);
#4053 = SURFACE_CURVE('',#4054,(#4059,#4065),.PCURVE_S1.);
#4054 = CIRCLE('',#4055,8.E-02);
#4055 = AXIS2_PLACEMENT_3D('',#4056,#4057,#4058);
#4056 = CARTESIAN_POINT('',(7.32,-6.37,5.08));
#4057 = DIRECTION('',(-1.,0.,0.));
#4058 = DIRECTION('',(0.,-1.,0.));
#4059 = PCURVE('',#2040,#4060);
#4060 = DEFINITIONAL_REPRESENTATION('',(#4061),#4064);
#4061 = B_SPLINE_CURVE_WITH_KNOTS('',1,(#4062,#4063),.UNSPECIFIED.,.F.,
  .F.,(2,2),(4.712388980385,6.28318530718),.PIECEWISE_BEZIER_KNOTS.);
#4062 = CARTESIAN_POINT('',(1.570796326795,0.92));
#4063 = CARTESIAN_POINT('',(0.,0.92));
#4064 = ( GEOMETRIC_REPRESENTATION_CONTEXT(2) 
PARAMETRIC_REPRESENTATION_CONTEXT() REPRESENTATION_CONTEXT('2D SPACE',''
  ) );
#4065 = PCURVE('',#3907,#4066);
#4066 = DEFINITIONAL_REPRESENTATION('',(#4067),#4070);
#4067 = B_SPLINE_CURVE_WITH_KNOTS('',1,(#4068,#4069),.UNSPECIFIED.,.F.,
  .F.,(2,2),(4.712388980385,6.28318530718),.PIECEWISE_BEZIER_KNOTS.);
#4068 = CARTESIAN_POINT('',(0.,-1.570796326795));
#4069 = CARTESIAN_POINT('',(0.,0.));
#4070 = ( GEOMETRIC_REPRESENTATION_CONTEXT(2) 
PARAMETRIC_REPRESENTATION_CONTEXT() REPRESENTATION_CONTEXT('2D SPACE',''
  ) );
#4071 = ORIENTED_EDGE('',*,*,#2024,.F.);
#4072 = ADVANCED_FACE('',(#4073),#2068,.T.);
#4073 = FACE_BOUND('',#4074,.F.);
#4074 = EDGE_LOOP('',(#4075,#4076,#4100,#4126));
#4075 = ORIENTED_EDGE('',*,*,#2052,.F.);
#4076 = ORIENTED_EDGE('',*,*,#4077,.T.);
#4077 = EDGE_CURVE('',#2025,#4078,#4080,.T.);
#4078 = VERTEX_POINT('',#4079);
#4079 = CARTESIAN_POINT('',(6.4,-6.37,5.08));
#4080 = SURFACE_CURVE('',#4081,(#4086,#4093),.PCURVE_S1.);
#4081 = CIRCLE('',#4082,8.E-02);
#4082 = AXIS2_PLACEMENT_3D('',#4083,#4084,#4085);
#4083 = CARTESIAN_POINT('',(6.48,-6.37,5.08));
#4084 = DIRECTION('',(-0.,-0.,-1.));
#4085 = DIRECTION('',(0.,-1.,0.));
#4086 = PCURVE('',#2068,#4087);
#4087 = DEFINITIONAL_REPRESENTATION('',(#4088),#4092);
#4088 = LINE('',#4089,#4090);
#4089 = CARTESIAN_POINT('',(-0.,8.E-02));
#4090 = VECTOR('',#4091,1.);
#4091 = DIRECTION('',(-1.,0.));
#4092 = ( GEOMETRIC_REPRESENTATION_CONTEXT(2) 
PARAMETRIC_REPRESENTATION_CONTEXT() REPRESENTATION_CONTEXT('2D SPACE',''
  ) );
#4093 = PCURVE('',#4013,#4094);
#4094 = DEFINITIONAL_REPRESENTATION('',(#4095),#4099);
#4095 = LINE('',#4096,#4097);
#4096 = CARTESIAN_POINT('',(-0.,0.));
#4097 = VECTOR('',#4098,1.);
#4098 = DIRECTION('',(-1.,0.));
#4099 = ( GEOMETRIC_REPRESENTATION_CONTEXT(2) 
PARAMETRIC_REPRESENTATION_CONTEXT() REPRESENTATION_CONTEXT('2D SPACE',''
  ) );
#4100 = ORIENTED_EDGE('',*,*,#4101,.T.);
#4101 = EDGE_CURVE('',#4078,#3946,#4102,.T.);
#4102 = SURFACE_CURVE('',#4103,(#4107,#4114),.PCURVE_S1.);
#4103 = LINE('',#4104,#4105);
#4104 = CARTESIAN_POINT('',(6.4,-6.37,5.));
#4105 = VECTOR('',#4106,1.);
#4106 = DIRECTION('',(0.,0.,1.));
#4107 = PCURVE('',#2068,#4108);
#4108 = DEFINITIONAL_REPRESENTATION('',(#4109),#4113);
#4109 = LINE('',#4110,#4111);
#4110 = CARTESIAN_POINT('',(-1.570796326795,0.));
#4111 = VECTOR('',#4112,1.);
#4112 = DIRECTION('',(-0.,1.));
#4113 = ( GEOMETRIC_REPRESENTATION_CONTEXT(2) 
PARAMETRIC_REPRESENTATION_CONTEXT() REPRESENTATION_CONTEXT('2D SPACE',''
  ) );
#4114 = PCURVE('',#4115,#4120);
#4115 = PLANE('',#4116);
#4116 = AXIS2_PLACEMENT_3D('',#4117,#4118,#4119);
#4117 = CARTESIAN_POINT('',(6.4,-6.45,5.));
#4118 = DIRECTION('',(1.,0.,-0.));
#4119 = DIRECTION('',(0.,0.,1.));
#4120 = DEFINITIONAL_REPRESENTATION('',(#4121),#4125);
#4121 = LINE('',#4122,#4123);
#4122 = CARTESIAN_POINT('',(0.,-8.E-02));
#4123 = VECTOR('',#4124,1.);
#4124 = DIRECTION('',(1.,0.));
#4125 = ( GEOMETRIC_REPRESENTATION_CONTEXT(2) 
PARAMETRIC_REPRESENTATION_CONTEXT() REPRESENTATION_CONTEXT('2D SPACE',''
  ) );
#4126 = ORIENTED_EDGE('',*,*,#3945,.F.);
#4127 = ADVANCED_FACE('',(#4128),#2236,.T.);
#4128 = FACE_BOUND('',#4129,.T.);
#4129 = EDGE_LOOP('',(#4130,#4153,#4180,#4181));
#4130 = ORIENTED_EDGE('',*,*,#4131,.F.);
#4131 = EDGE_CURVE('',#4132,#3542,#4134,.T.);
#4132 = VERTEX_POINT('',#4133);
#4133 = CARTESIAN_POINT('',(7.4,1.37,5.08));
#4134 = SURFACE_CURVE('',#4135,(#4139,#4146),.PCURVE_S1.);
#4135 = LINE('',#4136,#4137);
#4136 = CARTESIAN_POINT('',(7.4,1.37,5.));
#4137 = VECTOR('',#4138,1.);
#4138 = DIRECTION('',(-0.,-0.,1.));
#4139 = PCURVE('',#2236,#4140);
#4140 = DEFINITIONAL_REPRESENTATION('',(#4141),#4145);
#4141 = LINE('',#4142,#4143);
#4142 = CARTESIAN_POINT('',(0.,0.));
#4143 = VECTOR('',#4144,1.);
#4144 = DIRECTION('',(0.,1.));
#4145 = ( GEOMETRIC_REPRESENTATION_CONTEXT(2) 
PARAMETRIC_REPRESENTATION_CONTEXT() REPRESENTATION_CONTEXT('2D SPACE',''
  ) );
#4146 = PCURVE('',#3557,#4147);
#4147 = DEFINITIONAL_REPRESENTATION('',(#4148),#4152);
#4148 = LINE('',#4149,#4150);
#4149 = CARTESIAN_POINT('',(-5.2,-7.82));
#4150 = VECTOR('',#4151,1.);
#4151 = DIRECTION('',(1.,0.));
#4152 = ( GEOMETRIC_REPRESENTATION_CONTEXT(2) 
PARAMETRIC_REPRESENTATION_CONTEXT() REPRESENTATION_CONTEXT('2D SPACE',''
  ) );
#4153 = ORIENTED_EDGE('',*,*,#4154,.F.);
#4154 = EDGE_CURVE('',#2219,#4132,#4155,.T.);
#4155 = SURFACE_CURVE('',#4156,(#4161,#4168),.PCURVE_S1.);
#4156 = CIRCLE('',#4157,8.E-02);
#4157 = AXIS2_PLACEMENT_3D('',#4158,#4159,#4160);
#4158 = CARTESIAN_POINT('',(7.32,1.37,5.08));
#4159 = DIRECTION('',(0.,-0.,-1.));
#4160 = DIRECTION('',(0.,1.,-0.));
#4161 = PCURVE('',#2236,#4162);
#4162 = DEFINITIONAL_REPRESENTATION('',(#4163),#4167);
#4163 = LINE('',#4164,#4165);
#4164 = CARTESIAN_POINT('',(1.570796326795,8.E-02));
#4165 = VECTOR('',#4166,1.);
#4166 = DIRECTION('',(-1.,-0.));
#4167 = ( GEOMETRIC_REPRESENTATION_CONTEXT(2) 
PARAMETRIC_REPRESENTATION_CONTEXT() REPRESENTATION_CONTEXT('2D SPACE',''
  ) );
#4168 = PCURVE('',#4169,#4174);
#4169 = SPHERICAL_SURFACE('',#4170,8.E-02);
#4170 = AXIS2_PLACEMENT_3D('',#4171,#4172,#4173);
#4171 = CARTESIAN_POINT('',(7.32,1.37,5.08));
#4172 = DIRECTION('',(0.,0.,1.));
#4173 = DIRECTION('',(0.,1.,0.));
#4174 = DEFINITIONAL_REPRESENTATION('',(#4175),#4179);
#4175 = LINE('',#4176,#4177);
#4176 = CARTESIAN_POINT('',(-0.,0.));
#4177 = VECTOR('',#4178,1.);
#4178 = DIRECTION('',(-1.,0.));
#4179 = ( GEOMETRIC_REPRESENTATION_CONTEXT(2) 
PARAMETRIC_REPRESENTATION_CONTEXT() REPRESENTATION_CONTEXT('2D SPACE',''
  ) );
#4180 = ORIENTED_EDGE('',*,*,#2218,.T.);
#4181 = ORIENTED_EDGE('',*,*,#4182,.F.);
#4182 = EDGE_CURVE('',#3542,#2221,#4183,.T.);
#4183 = SURFACE_CURVE('',#4184,(#4189,#4195),.PCURVE_S1.);
#4184 = CIRCLE('',#4185,8.E-02);
#4185 = AXIS2_PLACEMENT_3D('',#4186,#4187,#4188);
#4186 = CARTESIAN_POINT('',(7.32,1.37,10.75));
#4187 = DIRECTION('',(0.,-0.,1.));
#4188 = DIRECTION('',(1.,0.,0.));
#4189 = PCURVE('',#2236,#4190);
#4190 = DEFINITIONAL_REPRESENTATION('',(#4191),#4194);
#4191 = B_SPLINE_CURVE_WITH_KNOTS('',1,(#4192,#4193),.UNSPECIFIED.,.F.,
  .F.,(2,2),(0.,1.570796326795),.PIECEWISE_BEZIER_KNOTS.);
#4192 = CARTESIAN_POINT('',(0.,5.75));
#4193 = CARTESIAN_POINT('',(1.570796326795,5.75));
#4194 = ( GEOMETRIC_REPRESENTATION_CONTEXT(2) 
PARAMETRIC_REPRESENTATION_CONTEXT() REPRESENTATION_CONTEXT('2D SPACE',''
  ) );
#4195 = PCURVE('',#2488,#4196);
#4196 = DEFINITIONAL_REPRESENTATION('',(#4197),#4200);
#4197 = B_SPLINE_CURVE_WITH_KNOTS('',1,(#4198,#4199),.UNSPECIFIED.,.F.,
  .F.,(2,2),(0.,1.570796326795),.PIECEWISE_BEZIER_KNOTS.);
#4198 = CARTESIAN_POINT('',(0.,0.));
#4199 = CARTESIAN_POINT('',(0.,1.570796326795));
#4200 = ( GEOMETRIC_REPRESENTATION_CONTEXT(2) 
PARAMETRIC_REPRESENTATION_CONTEXT() REPRESENTATION_CONTEXT('2D SPACE',''
  ) );
#4201 = ADVANCED_FACE('',(#4202),#2264,.T.);
#4202 = FACE_BOUND('',#4203,.F.);
#4203 = EDGE_LOOP('',(#4204,#4231,#4259,#4279));
#4204 = ORIENTED_EDGE('',*,*,#4205,.F.);
#4205 = EDGE_CURVE('',#4206,#2249,#4208,.T.);
#4206 = VERTEX_POINT('',#4207);
#4207 = CARTESIAN_POINT('',(6.48,1.37,5.));
#4208 = SURFACE_CURVE('',#4209,(#4214,#4220),.PCURVE_S1.);
#4209 = CIRCLE('',#4210,8.E-02);
#4210 = AXIS2_PLACEMENT_3D('',#4211,#4212,#4213);
#4211 = CARTESIAN_POINT('',(6.48,1.37,5.08));
#4212 = DIRECTION('',(1.,0.,0.));
#4213 = DIRECTION('',(-0.,1.,0.));
#4214 = PCURVE('',#2264,#4215);
#4215 = DEFINITIONAL_REPRESENTATION('',(#4216),#4219);
#4216 = B_SPLINE_CURVE_WITH_KNOTS('',1,(#4217,#4218),.UNSPECIFIED.,.F.,
  .F.,(2,2),(4.712388980385,6.28318530718),.PIECEWISE_BEZIER_KNOTS.);
#4217 = CARTESIAN_POINT('',(-1.570796326795,8.E-02));
#4218 = CARTESIAN_POINT('',(0.,8.E-02));
#4219 = ( GEOMETRIC_REPRESENTATION_CONTEXT(2) 
PARAMETRIC_REPRESENTATION_CONTEXT() REPRESENTATION_CONTEXT('2D SPACE',''
  ) );
#4220 = PCURVE('',#4221,#4226);
#4221 = SPHERICAL_SURFACE('',#4222,8.E-02);
#4222 = AXIS2_PLACEMENT_3D('',#4223,#4224,#4225);
#4223 = CARTESIAN_POINT('',(6.48,1.37,5.08));
#4224 = DIRECTION('',(0.,0.,1.));
#4225 = DIRECTION('',(0.,1.,0.));
#4226 = DEFINITIONAL_REPRESENTATION('',(#4227),#4230);
#4227 = B_SPLINE_CURVE_WITH_KNOTS('',1,(#4228,#4229),.UNSPECIFIED.,.F.,
  .F.,(2,2),(4.712388980385,6.28318530718),.PIECEWISE_BEZIER_KNOTS.);
#4228 = CARTESIAN_POINT('',(0.,-1.570796326795));
#4229 = CARTESIAN_POINT('',(0.,0.));
#4230 = ( GEOMETRIC_REPRESENTATION_CONTEXT(2) 
PARAMETRIC_REPRESENTATION_CONTEXT() REPRESENTATION_CONTEXT('2D SPACE',''
  ) );
#4231 = ORIENTED_EDGE('',*,*,#4232,.T.);
#4232 = EDGE_CURVE('',#4206,#4233,#4235,.T.);
#4233 = VERTEX_POINT('',#4234);
#4234 = CARTESIAN_POINT('',(7.32,1.37,5.));
#4235 = SURFACE_CURVE('',#4236,(#4240,#4247),.PCURVE_S1.);
#4236 = LINE('',#4237,#4238);
#4237 = CARTESIAN_POINT('',(6.4,1.37,5.));
#4238 = VECTOR('',#4239,1.);
#4239 = DIRECTION('',(1.,0.,-0.));
#4240 = PCURVE('',#2264,#4241);
#4241 = DEFINITIONAL_REPRESENTATION('',(#4242),#4246);
#4242 = LINE('',#4243,#4244);
#4243 = CARTESIAN_POINT('',(-1.570796326795,0.));
#4244 = VECTOR('',#4245,1.);
#4245 = DIRECTION('',(-0.,1.));
#4246 = ( GEOMETRIC_REPRESENTATION_CONTEXT(2) 
PARAMETRIC_REPRESENTATION_CONTEXT() REPRESENTATION_CONTEXT('2D SPACE',''
  ) );
#4247 = PCURVE('',#4248,#4253);
#4248 = PLANE('',#4249);
#4249 = AXIS2_PLACEMENT_3D('',#4250,#4251,#4252);
#4250 = CARTESIAN_POINT('',(6.4,-6.45,5.));
#4251 = DIRECTION('',(0.,0.,1.));
#4252 = DIRECTION('',(1.,0.,-0.));
#4253 = DEFINITIONAL_REPRESENTATION('',(#4254),#4258);
#4254 = LINE('',#4255,#4256);
#4255 = CARTESIAN_POINT('',(0.,7.82));
#4256 = VECTOR('',#4257,1.);
#4257 = DIRECTION('',(1.,0.));
#4258 = ( GEOMETRIC_REPRESENTATION_CONTEXT(2) 
PARAMETRIC_REPRESENTATION_CONTEXT() REPRESENTATION_CONTEXT('2D SPACE',''
  ) );
#4259 = ORIENTED_EDGE('',*,*,#4260,.T.);
#4260 = EDGE_CURVE('',#4233,#2219,#4261,.T.);
#4261 = SURFACE_CURVE('',#4262,(#4267,#4273),.PCURVE_S1.);
#4262 = CIRCLE('',#4263,8.E-02);
#4263 = AXIS2_PLACEMENT_3D('',#4264,#4265,#4266);
#4264 = CARTESIAN_POINT('',(7.32,1.37,5.08));
#4265 = DIRECTION('',(1.,0.,0.));
#4266 = DIRECTION('',(-0.,1.,0.));
#4267 = PCURVE('',#2264,#4268);
#4268 = DEFINITIONAL_REPRESENTATION('',(#4269),#4272);
#4269 = B_SPLINE_CURVE_WITH_KNOTS('',1,(#4270,#4271),.UNSPECIFIED.,.F.,
  .F.,(2,2),(4.712388980385,6.28318530718),.PIECEWISE_BEZIER_KNOTS.);
#4270 = CARTESIAN_POINT('',(-1.570796326795,0.92));
#4271 = CARTESIAN_POINT('',(0.,0.92));
#4272 = ( GEOMETRIC_REPRESENTATION_CONTEXT(2) 
PARAMETRIC_REPRESENTATION_CONTEXT() REPRESENTATION_CONTEXT('2D SPACE',''
  ) );
#4273 = PCURVE('',#4169,#4274);
#4274 = DEFINITIONAL_REPRESENTATION('',(#4275),#4278);
#4275 = B_SPLINE_CURVE_WITH_KNOTS('',1,(#4276,#4277),.UNSPECIFIED.,.F.,
  .F.,(2,2),(4.712388980385,6.28318530718),.PIECEWISE_BEZIER_KNOTS.);
#4276 = CARTESIAN_POINT('',(0.,-1.570796326795));
#4277 = CARTESIAN_POINT('',(0.,0.));
#4278 = ( GEOMETRIC_REPRESENTATION_CONTEXT(2) 
PARAMETRIC_REPRESENTATION_CONTEXT() REPRESENTATION_CONTEXT('2D SPACE',''
  ) );
#4279 = ORIENTED_EDGE('',*,*,#2248,.F.);
#4280 = ADVANCED_FACE('',(#4281),#2488,.T.);
#4281 = FACE_BOUND('',#4282,.F.);
#4282 = EDGE_LOOP('',(#4283,#4284,#4285,#4286));
#4283 = ORIENTED_EDGE('',*,*,#4182,.F.);
#4284 = ORIENTED_EDGE('',*,*,#3569,.T.);
#4285 = ORIENTED_EDGE('',*,*,#3490,.T.);
#4286 = ORIENTED_EDGE('',*,*,#2469,.F.);
#4287 = ADVANCED_FACE('',(#4288),#2292,.T.);
#4288 = FACE_BOUND('',#4289,.T.);
#4289 = EDGE_LOOP('',(#4290,#4291,#4315,#4338));
#4290 = ORIENTED_EDGE('',*,*,#2276,.F.);
#4291 = ORIENTED_EDGE('',*,*,#4292,.T.);
#4292 = EDGE_CURVE('',#2249,#4293,#4295,.T.);
#4293 = VERTEX_POINT('',#4294);
#4294 = CARTESIAN_POINT('',(6.4,1.37,5.08));
#4295 = SURFACE_CURVE('',#4296,(#4301,#4308),.PCURVE_S1.);
#4296 = CIRCLE('',#4297,8.E-02);
#4297 = AXIS2_PLACEMENT_3D('',#4298,#4299,#4300);
#4298 = CARTESIAN_POINT('',(6.48,1.37,5.08));
#4299 = DIRECTION('',(0.,-0.,1.));
#4300 = DIRECTION('',(0.,1.,0.));
#4301 = PCURVE('',#2292,#4302);
#4302 = DEFINITIONAL_REPRESENTATION('',(#4303),#4307);
#4303 = LINE('',#4304,#4305);
#4304 = CARTESIAN_POINT('',(0.,8.E-02));
#4305 = VECTOR('',#4306,1.);
#4306 = DIRECTION('',(1.,0.));
#4307 = ( GEOMETRIC_REPRESENTATION_CONTEXT(2) 
PARAMETRIC_REPRESENTATION_CONTEXT() REPRESENTATION_CONTEXT('2D SPACE',''
  ) );
#4308 = PCURVE('',#4221,#4309);
#4309 = DEFINITIONAL_REPRESENTATION('',(#4310),#4314);
#4310 = LINE('',#4311,#4312);
#4311 = CARTESIAN_POINT('',(0.,0.));
#4312 = VECTOR('',#4313,1.);
#4313 = DIRECTION('',(1.,0.));
#4314 = ( GEOMETRIC_REPRESENTATION_CONTEXT(2) 
PARAMETRIC_REPRESENTATION_CONTEXT() REPRESENTATION_CONTEXT('2D SPACE',''
  ) );
#4315 = ORIENTED_EDGE('',*,*,#4316,.T.);
#4316 = EDGE_CURVE('',#4293,#4317,#4319,.T.);
#4317 = VERTEX_POINT('',#4318);
#4318 = CARTESIAN_POINT('',(6.4,1.37,10.12));
#4319 = SURFACE_CURVE('',#4320,(#4324,#4331),.PCURVE_S1.);
#4320 = LINE('',#4321,#4322);
#4321 = CARTESIAN_POINT('',(6.4,1.37,5.));
#4322 = VECTOR('',#4323,1.);
#4323 = DIRECTION('',(0.,0.,1.));
#4324 = PCURVE('',#2292,#4325);
#4325 = DEFINITIONAL_REPRESENTATION('',(#4326),#4330);
#4326 = LINE('',#4327,#4328);
#4327 = CARTESIAN_POINT('',(1.570796326795,0.));
#4328 = VECTOR('',#4329,1.);
#4329 = DIRECTION('',(0.,1.));
#4330 = ( GEOMETRIC_REPRESENTATION_CONTEXT(2) 
PARAMETRIC_REPRESENTATION_CONTEXT() REPRESENTATION_CONTEXT('2D SPACE',''
  ) );
#4331 = PCURVE('',#4115,#4332);
#4332 = DEFINITIONAL_REPRESENTATION('',(#4333),#4337);
#4333 = LINE('',#4334,#4335);
#4334 = CARTESIAN_POINT('',(0.,-7.82));
#4335 = VECTOR('',#4336,1.);
#4336 = DIRECTION('',(1.,0.));
#4337 = ( GEOMETRIC_REPRESENTATION_CONTEXT(2) 
PARAMETRIC_REPRESENTATION_CONTEXT() REPRESENTATION_CONTEXT('2D SPACE',''
  ) );
#4338 = ORIENTED_EDGE('',*,*,#4339,.F.);
#4339 = EDGE_CURVE('',#2277,#4317,#4340,.T.);
#4340 = SURFACE_CURVE('',#4341,(#4346,#4352),.PCURVE_S1.);
#4341 = CIRCLE('',#4342,8.E-02);
#4342 = AXIS2_PLACEMENT_3D('',#4343,#4344,#4345);
#4343 = CARTESIAN_POINT('',(6.48,1.37,10.12));
#4344 = DIRECTION('',(-6.123233995737E-17,-0.,1.));
#4345 = DIRECTION('',(1.,0.,6.123233995737E-17));
#4346 = PCURVE('',#2292,#4347);
#4347 = DEFINITIONAL_REPRESENTATION('',(#4348),#4351);
#4348 = B_SPLINE_CURVE_WITH_KNOTS('',1,(#4349,#4350),.UNSPECIFIED.,.F.,
  .F.,(2,2),(1.570796326795,3.14159265359),.PIECEWISE_BEZIER_KNOTS.);
#4349 = CARTESIAN_POINT('',(0.,5.12));
#4350 = CARTESIAN_POINT('',(1.570796326795,5.12));
#4351 = ( GEOMETRIC_REPRESENTATION_CONTEXT(2) 
PARAMETRIC_REPRESENTATION_CONTEXT() REPRESENTATION_CONTEXT('2D SPACE',''
  ) );
#4352 = PCURVE('',#2321,#4353);
#4353 = DEFINITIONAL_REPRESENTATION('',(#4354),#4357);
#4354 = B_SPLINE_CURVE_WITH_KNOTS('',1,(#4355,#4356),.UNSPECIFIED.,.F.,
  .F.,(2,2),(1.570796326795,3.14159265359),.PIECEWISE_BEZIER_KNOTS.);
#4355 = CARTESIAN_POINT('',(1.570796326795,1.570796326795));
#4356 = CARTESIAN_POINT('',(1.570796326795,3.14159265359));
#4357 = ( GEOMETRIC_REPRESENTATION_CONTEXT(2) 
PARAMETRIC_REPRESENTATION_CONTEXT() REPRESENTATION_CONTEXT('2D SPACE',''
  ) );
#4358 = ADVANCED_FACE('',(#4359),#2321,.T.);
#4359 = FACE_BOUND('',#4360,.T.);
#4360 = EDGE_LOOP('',(#4361,#4383,#4384,#4385));
#4361 = ORIENTED_EDGE('',*,*,#4362,.F.);
#4362 = EDGE_CURVE('',#2305,#4363,#4365,.T.);
#4363 = VERTEX_POINT('',#4364);
#4364 = CARTESIAN_POINT('',(6.32,1.37,10.2));
#4365 = SURFACE_CURVE('',#4366,(#4371,#4377),.PCURVE_S1.);
#4366 = CIRCLE('',#4367,8.E-02);
#4367 = AXIS2_PLACEMENT_3D('',#4368,#4369,#4370);
#4368 = CARTESIAN_POINT('',(6.32,1.37,10.28));
#4369 = DIRECTION('',(-1.,-0.,0.));
#4370 = DIRECTION('',(0.,0.,1.));
#4371 = PCURVE('',#2321,#4372);
#4372 = DEFINITIONAL_REPRESENTATION('',(#4373),#4376);
#4373 = B_SPLINE_CURVE_WITH_KNOTS('',1,(#4374,#4375),.UNSPECIFIED.,.F.,
  .F.,(2,2),(1.570796326795,3.14159265359),.PIECEWISE_BEZIER_KNOTS.);
#4374 = CARTESIAN_POINT('',(0.,1.570796326795));
#4375 = CARTESIAN_POINT('',(0.,3.14159265359));
#4376 = ( GEOMETRIC_REPRESENTATION_CONTEXT(2) 
PARAMETRIC_REPRESENTATION_CONTEXT() REPRESENTATION_CONTEXT('2D SPACE',''
  ) );
#4377 = PCURVE('',#2349,#4378);
#4378 = DEFINITIONAL_REPRESENTATION('',(#4379),#4382);
#4379 = B_SPLINE_CURVE_WITH_KNOTS('',1,(#4380,#4381),.UNSPECIFIED.,.F.,
  .F.,(2,2),(1.570796326795,3.14159265359),.PIECEWISE_BEZIER_KNOTS.);
#4380 = CARTESIAN_POINT('',(0.,5.82));
#4381 = CARTESIAN_POINT('',(-1.570796326795,5.82));
#4382 = ( GEOMETRIC_REPRESENTATION_CONTEXT(2) 
PARAMETRIC_REPRESENTATION_CONTEXT() REPRESENTATION_CONTEXT('2D SPACE',''
  ) );
#4383 = ORIENTED_EDGE('',*,*,#2304,.T.);
#4384 = ORIENTED_EDGE('',*,*,#4339,.T.);
#4385 = ORIENTED_EDGE('',*,*,#4386,.F.);
#4386 = EDGE_CURVE('',#4363,#4317,#4387,.T.);
#4387 = SURFACE_CURVE('',#4388,(#4393,#4400),.PCURVE_S1.);
#4388 = CIRCLE('',#4389,8.E-02);
#4389 = AXIS2_PLACEMENT_3D('',#4390,#4391,#4392);
#4390 = CARTESIAN_POINT('',(6.32,1.37,10.12));
#4391 = DIRECTION('',(-0.,1.,0.));
#4392 = DIRECTION('',(0.,0.,1.));
#4393 = PCURVE('',#2321,#4394);
#4394 = DEFINITIONAL_REPRESENTATION('',(#4395),#4399);
#4395 = LINE('',#4396,#4397);
#4396 = CARTESIAN_POINT('',(0.,3.14159265359));
#4397 = VECTOR('',#4398,1.);
#4398 = DIRECTION('',(1.,0.));
#4399 = ( GEOMETRIC_REPRESENTATION_CONTEXT(2) 
PARAMETRIC_REPRESENTATION_CONTEXT() REPRESENTATION_CONTEXT('2D SPACE',''
  ) );
#4400 = PCURVE('',#3982,#4401);
#4401 = DEFINITIONAL_REPRESENTATION('',(#4402),#4406);
#4402 = LINE('',#4403,#4404);
#4403 = CARTESIAN_POINT('',(0.,7.82));
#4404 = VECTOR('',#4405,1.);
#4405 = DIRECTION('',(1.,0.));
#4406 = ( GEOMETRIC_REPRESENTATION_CONTEXT(2) 
PARAMETRIC_REPRESENTATION_CONTEXT() REPRESENTATION_CONTEXT('2D SPACE',''
  ) );
#4407 = ADVANCED_FACE('',(#4408),#2349,.T.);
#4408 = FACE_BOUND('',#4409,.F.);
#4409 = EDGE_LOOP('',(#4410,#4432,#4453,#4454));
#4410 = ORIENTED_EDGE('',*,*,#4411,.T.);
#4411 = EDGE_CURVE('',#2334,#4412,#4414,.T.);
#4412 = VERTEX_POINT('',#4413);
#4413 = CARTESIAN_POINT('',(0.58,1.37,10.2));
#4414 = SURFACE_CURVE('',#4415,(#4420,#4426),.PCURVE_S1.);
#4415 = CIRCLE('',#4416,8.E-02);
#4416 = AXIS2_PLACEMENT_3D('',#4417,#4418,#4419);
#4417 = CARTESIAN_POINT('',(0.58,1.37,10.28));
#4418 = DIRECTION('',(-1.,0.,-6.123233995737E-17));
#4419 = DIRECTION('',(-6.123233995737E-17,0.,1.));
#4420 = PCURVE('',#2349,#4421);
#4421 = DEFINITIONAL_REPRESENTATION('',(#4422),#4425);
#4422 = B_SPLINE_CURVE_WITH_KNOTS('',1,(#4423,#4424),.UNSPECIFIED.,.F.,
  .F.,(2,2),(1.570796326795,3.14159265359),.PIECEWISE_BEZIER_KNOTS.);
#4423 = CARTESIAN_POINT('',(0.,8.E-02));
#4424 = CARTESIAN_POINT('',(-1.570796326795,8.E-02));
#4425 = ( GEOMETRIC_REPRESENTATION_CONTEXT(2) 
PARAMETRIC_REPRESENTATION_CONTEXT() REPRESENTATION_CONTEXT('2D SPACE',''
  ) );
#4426 = PCURVE('',#2378,#4427);
#4427 = DEFINITIONAL_REPRESENTATION('',(#4428),#4431);
#4428 = B_SPLINE_CURVE_WITH_KNOTS('',1,(#4429,#4430),.UNSPECIFIED.,.F.,
  .F.,(2,2),(1.570796326795,3.14159265359),.PIECEWISE_BEZIER_KNOTS.);
#4429 = CARTESIAN_POINT('',(1.570796326795,1.570796326795));
#4430 = CARTESIAN_POINT('',(1.570796326795,3.14159265359));
#4431 = ( GEOMETRIC_REPRESENTATION_CONTEXT(2) 
PARAMETRIC_REPRESENTATION_CONTEXT() REPRESENTATION_CONTEXT('2D SPACE',''
  ) );
#4432 = ORIENTED_EDGE('',*,*,#4433,.T.);
#4433 = EDGE_CURVE('',#4412,#4363,#4434,.T.);
#4434 = SURFACE_CURVE('',#4435,(#4439,#4446),.PCURVE_S1.);
#4435 = LINE('',#4436,#4437);
#4436 = CARTESIAN_POINT('',(0.5,1.37,10.2));
#4437 = VECTOR('',#4438,1.);
#4438 = DIRECTION('',(1.,0.,-0.));
#4439 = PCURVE('',#2349,#4440);
#4440 = DEFINITIONAL_REPRESENTATION('',(#4441),#4445);
#4441 = LINE('',#4442,#4443);
#4442 = CARTESIAN_POINT('',(-1.570796326795,0.));
#4443 = VECTOR('',#4444,1.);
#4444 = DIRECTION('',(-0.,1.));
#4445 = ( GEOMETRIC_REPRESENTATION_CONTEXT(2) 
PARAMETRIC_REPRESENTATION_CONTEXT() REPRESENTATION_CONTEXT('2D SPACE',''
  ) );
#4446 = PCURVE('',#3852,#4447);
#4447 = DEFINITIONAL_REPRESENTATION('',(#4448),#4452);
#4448 = LINE('',#4449,#4450);
#4449 = CARTESIAN_POINT('',(1.,7.82));
#4450 = VECTOR('',#4451,1.);
#4451 = DIRECTION('',(1.,0.));
#4452 = ( GEOMETRIC_REPRESENTATION_CONTEXT(2) 
PARAMETRIC_REPRESENTATION_CONTEXT() REPRESENTATION_CONTEXT('2D SPACE',''
  ) );
#4453 = ORIENTED_EDGE('',*,*,#4362,.F.);
#4454 = ORIENTED_EDGE('',*,*,#2333,.F.);
#4455 = ADVANCED_FACE('',(#4456),#2378,.T.);
#4456 = FACE_BOUND('',#4457,.T.);
#4457 = EDGE_LOOP('',(#4458,#4480,#4481,#4482));
#4458 = ORIENTED_EDGE('',*,*,#4459,.F.);
#4459 = EDGE_CURVE('',#2362,#4460,#4462,.T.);
#4460 = VERTEX_POINT('',#4461);
#4461 = CARTESIAN_POINT('',(0.5,1.37,10.12));
#4462 = SURFACE_CURVE('',#4463,(#4468,#4474),.PCURVE_S1.);
#4463 = CIRCLE('',#4464,8.E-02);
#4464 = AXIS2_PLACEMENT_3D('',#4465,#4466,#4467);
#4465 = CARTESIAN_POINT('',(0.42,1.37,10.12));
#4466 = DIRECTION('',(0.,0.,-1.));
#4467 = DIRECTION('',(-1.,0.,0.));
#4468 = PCURVE('',#2378,#4469);
#4469 = DEFINITIONAL_REPRESENTATION('',(#4470),#4473);
#4470 = B_SPLINE_CURVE_WITH_KNOTS('',1,(#4471,#4472),.UNSPECIFIED.,.F.,
  .F.,(2,2),(1.570796326795,3.14159265359),.PIECEWISE_BEZIER_KNOTS.);
#4471 = CARTESIAN_POINT('',(0.,1.570796326795));
#4472 = CARTESIAN_POINT('',(0.,3.14159265359));
#4473 = ( GEOMETRIC_REPRESENTATION_CONTEXT(2) 
PARAMETRIC_REPRESENTATION_CONTEXT() REPRESENTATION_CONTEXT('2D SPACE',''
  ) );
#4474 = PCURVE('',#2406,#4475);
#4475 = DEFINITIONAL_REPRESENTATION('',(#4476),#4479);
#4476 = B_SPLINE_CURVE_WITH_KNOTS('',1,(#4477,#4478),.UNSPECIFIED.,.F.,
  .F.,(2,2),(1.570796326795,3.14159265359),.PIECEWISE_BEZIER_KNOTS.);
#4477 = CARTESIAN_POINT('',(0.,5.12));
#4478 = CARTESIAN_POINT('',(-1.570796326795,5.12));
#4479 = ( GEOMETRIC_REPRESENTATION_CONTEXT(2) 
PARAMETRIC_REPRESENTATION_CONTEXT() REPRESENTATION_CONTEXT('2D SPACE',''
  ) );
#4480 = ORIENTED_EDGE('',*,*,#2361,.T.);
#4481 = ORIENTED_EDGE('',*,*,#4411,.T.);
#4482 = ORIENTED_EDGE('',*,*,#4483,.F.);
#4483 = EDGE_CURVE('',#4460,#4412,#4484,.T.);
#4484 = SURFACE_CURVE('',#4485,(#4490,#4497),.PCURVE_S1.);
#4485 = CIRCLE('',#4486,8.E-02);
#4486 = AXIS2_PLACEMENT_3D('',#4487,#4488,#4489);
#4487 = CARTESIAN_POINT('',(0.58,1.37,10.12));
#4488 = DIRECTION('',(-0.,1.,0.));
#4489 = DIRECTION('',(-1.,-0.,0.));
#4490 = PCURVE('',#2378,#4491);
#4491 = DEFINITIONAL_REPRESENTATION('',(#4492),#4496);
#4492 = LINE('',#4493,#4494);
#4493 = CARTESIAN_POINT('',(0.,3.14159265359));
#4494 = VECTOR('',#4495,1.);
#4495 = DIRECTION('',(1.,0.));
#4496 = ( GEOMETRIC_REPRESENTATION_CONTEXT(2) 
PARAMETRIC_REPRESENTATION_CONTEXT() REPRESENTATION_CONTEXT('2D SPACE',''
  ) );
#4497 = PCURVE('',#3794,#4498);
#4498 = DEFINITIONAL_REPRESENTATION('',(#4499),#4503);
#4499 = LINE('',#4500,#4501);
#4500 = CARTESIAN_POINT('',(0.,7.82));
#4501 = VECTOR('',#4502,1.);
#4502 = DIRECTION('',(1.,0.));
#4503 = ( GEOMETRIC_REPRESENTATION_CONTEXT(2) 
PARAMETRIC_REPRESENTATION_CONTEXT() REPRESENTATION_CONTEXT('2D SPACE',''
  ) );
#4504 = ADVANCED_FACE('',(#4505),#2432,.T.);
#4505 = FACE_BOUND('',#4506,.T.);
#4506 = EDGE_LOOP('',(#4507,#4508,#4509,#4536));
#4507 = ORIENTED_EDGE('',*,*,#2504,.F.);
#4508 = ORIENTED_EDGE('',*,*,#2418,.T.);
#4509 = ORIENTED_EDGE('',*,*,#4510,.F.);
#4510 = EDGE_CURVE('',#2629,#2391,#4511,.T.);
#4511 = SURFACE_CURVE('',#4512,(#4517,#4524),.PCURVE_S1.);
#4512 = CIRCLE('',#4513,8.E-02);
#4513 = AXIS2_PLACEMENT_3D('',#4514,#4515,#4516);
#4514 = CARTESIAN_POINT('',(0.42,1.37,5.08));
#4515 = DIRECTION('',(1.,0.,-0.));
#4516 = DIRECTION('',(-0.,0.,-1.));
#4517 = PCURVE('',#2432,#4518);
#4518 = DEFINITIONAL_REPRESENTATION('',(#4519),#4523);
#4519 = LINE('',#4520,#4521);
#4520 = CARTESIAN_POINT('',(0.,0.92));
#4521 = VECTOR('',#4522,1.);
#4522 = DIRECTION('',(1.,0.));
#4523 = ( GEOMETRIC_REPRESENTATION_CONTEXT(2) 
PARAMETRIC_REPRESENTATION_CONTEXT() REPRESENTATION_CONTEXT('2D SPACE',''
  ) );
#4524 = PCURVE('',#4525,#4530);
#4525 = SPHERICAL_SURFACE('',#4526,8.E-02);
#4526 = AXIS2_PLACEMENT_3D('',#4527,#4528,#4529);
#4527 = CARTESIAN_POINT('',(0.42,1.37,5.08));
#4528 = DIRECTION('',(-1.,-0.,0.));
#4529 = DIRECTION('',(-0.,0.,-1.));
#4530 = DEFINITIONAL_REPRESENTATION('',(#4531),#4535);
#4531 = LINE('',#4532,#4533);
#4532 = CARTESIAN_POINT('',(-0.,0.));
#4533 = VECTOR('',#4534,1.);
#4534 = DIRECTION('',(-1.,0.));
#4535 = ( GEOMETRIC_REPRESENTATION_CONTEXT(2) 
PARAMETRIC_REPRESENTATION_CONTEXT() REPRESENTATION_CONTEXT('2D SPACE',''
  ) );
#4536 = ORIENTED_EDGE('',*,*,#2656,.F.);
#4537 = ADVANCED_FACE('',(#4538),#2406,.T.);
#4538 = FACE_BOUND('',#4539,.F.);
#4539 = EDGE_LOOP('',(#4540,#4562,#4583,#4584));
#4540 = ORIENTED_EDGE('',*,*,#4541,.F.);
#4541 = EDGE_CURVE('',#4542,#2391,#4544,.T.);
#4542 = VERTEX_POINT('',#4543);
#4543 = CARTESIAN_POINT('',(0.5,1.37,5.08));
#4544 = SURFACE_CURVE('',#4545,(#4550,#4556),.PCURVE_S1.);
#4545 = CIRCLE('',#4546,8.E-02);
#4546 = AXIS2_PLACEMENT_3D('',#4547,#4548,#4549);
#4547 = CARTESIAN_POINT('',(0.42,1.37,5.08));
#4548 = DIRECTION('',(0.,6.123233995737E-17,1.));
#4549 = DIRECTION('',(-0.,1.,-6.123233995737E-17));
#4550 = PCURVE('',#2406,#4551);
#4551 = DEFINITIONAL_REPRESENTATION('',(#4552),#4555);
#4552 = B_SPLINE_CURVE_WITH_KNOTS('',1,(#4553,#4554),.UNSPECIFIED.,.F.,
  .F.,(2,2),(4.712388980385,6.28318530718),.PIECEWISE_BEZIER_KNOTS.);
#4553 = CARTESIAN_POINT('',(-1.570796326795,8.E-02));
#4554 = CARTESIAN_POINT('',(0.,8.E-02));
#4555 = ( GEOMETRIC_REPRESENTATION_CONTEXT(2) 
PARAMETRIC_REPRESENTATION_CONTEXT() REPRESENTATION_CONTEXT('2D SPACE',''
  ) );
#4556 = PCURVE('',#4525,#4557);
#4557 = DEFINITIONAL_REPRESENTATION('',(#4558),#4561);
#4558 = B_SPLINE_CURVE_WITH_KNOTS('',1,(#4559,#4560),.UNSPECIFIED.,.F.,
  .F.,(2,2),(4.712388980385,6.28318530718),.PIECEWISE_BEZIER_KNOTS.);
#4559 = CARTESIAN_POINT('',(-1.570796326795,-1.570796326795));
#4560 = CARTESIAN_POINT('',(-1.570796326795,0.));
#4561 = ( GEOMETRIC_REPRESENTATION_CONTEXT(2) 
PARAMETRIC_REPRESENTATION_CONTEXT() REPRESENTATION_CONTEXT('2D SPACE',''
  ) );
#4562 = ORIENTED_EDGE('',*,*,#4563,.T.);
#4563 = EDGE_CURVE('',#4542,#4460,#4564,.T.);
#4564 = SURFACE_CURVE('',#4565,(#4569,#4576),.PCURVE_S1.);
#4565 = LINE('',#4566,#4567);
#4566 = CARTESIAN_POINT('',(0.5,1.37,5.));
#4567 = VECTOR('',#4568,1.);
#4568 = DIRECTION('',(0.,0.,1.));
#4569 = PCURVE('',#2406,#4570);
#4570 = DEFINITIONAL_REPRESENTATION('',(#4571),#4575);
#4571 = LINE('',#4572,#4573);
#4572 = CARTESIAN_POINT('',(-1.570796326795,0.));
#4573 = VECTOR('',#4574,1.);
#4574 = DIRECTION('',(-0.,1.));
#4575 = ( GEOMETRIC_REPRESENTATION_CONTEXT(2) 
PARAMETRIC_REPRESENTATION_CONTEXT() REPRESENTATION_CONTEXT('2D SPACE',''
  ) );
#4576 = PCURVE('',#3719,#4577);
#4577 = DEFINITIONAL_REPRESENTATION('',(#4578),#4582);
#4578 = LINE('',#4579,#4580);
#4579 = CARTESIAN_POINT('',(0.,-7.82));
#4580 = VECTOR('',#4581,1.);
#4581 = DIRECTION('',(1.,0.));
#4582 = ( GEOMETRIC_REPRESENTATION_CONTEXT(2) 
PARAMETRIC_REPRESENTATION_CONTEXT() REPRESENTATION_CONTEXT('2D SPACE',''
  ) );
#4583 = ORIENTED_EDGE('',*,*,#4459,.F.);
#4584 = ORIENTED_EDGE('',*,*,#2390,.F.);
#4585 = ADVANCED_FACE('',(#4586),#2568,.T.);
#4586 = FACE_BOUND('',#4587,.F.);
#4587 = EDGE_LOOP('',(#4588,#4608,#4631,#4651));
#4588 = ORIENTED_EDGE('',*,*,#4589,.F.);
#4589 = EDGE_CURVE('',#3682,#2530,#4590,.T.);
#4590 = SURFACE_CURVE('',#4591,(#4596,#4602),.PCURVE_S1.);
#4591 = CIRCLE('',#4592,8.E-02);
#4592 = AXIS2_PLACEMENT_3D('',#4593,#4594,#4595);
#4593 = CARTESIAN_POINT('',(0.42,-6.37,5.08));
#4594 = DIRECTION('',(-0.,1.,-6.123233995737E-17));
#4595 = DIRECTION('',(0.,-6.123233995737E-17,-1.));
#4596 = PCURVE('',#2568,#4597);
#4597 = DEFINITIONAL_REPRESENTATION('',(#4598),#4601);
#4598 = B_SPLINE_CURVE_WITH_KNOTS('',1,(#4599,#4600),.UNSPECIFIED.,.F.,
  .F.,(2,2),(4.712388980385,6.28318530718),.PIECEWISE_BEZIER_KNOTS.);
#4599 = CARTESIAN_POINT('',(-1.570796326795,8.E-02));
#4600 = CARTESIAN_POINT('',(0.,8.E-02));
#4601 = ( GEOMETRIC_REPRESENTATION_CONTEXT(2) 
PARAMETRIC_REPRESENTATION_CONTEXT() REPRESENTATION_CONTEXT('2D SPACE',''
  ) );
#4602 = PCURVE('',#3665,#4603);
#4603 = DEFINITIONAL_REPRESENTATION('',(#4604),#4607);
#4604 = B_SPLINE_CURVE_WITH_KNOTS('',1,(#4605,#4606),.UNSPECIFIED.,.F.,
  .F.,(2,2),(4.712388980385,6.28318530718),.PIECEWISE_BEZIER_KNOTS.);
#4605 = CARTESIAN_POINT('',(-1.570796326795,-1.570796326795));
#4606 = CARTESIAN_POINT('',(-1.570796326795,0.));
#4607 = ( GEOMETRIC_REPRESENTATION_CONTEXT(2) 
PARAMETRIC_REPRESENTATION_CONTEXT() REPRESENTATION_CONTEXT('2D SPACE',''
  ) );
#4608 = ORIENTED_EDGE('',*,*,#4609,.T.);
#4609 = EDGE_CURVE('',#3682,#4610,#4612,.T.);
#4610 = VERTEX_POINT('',#4611);
#4611 = CARTESIAN_POINT('',(0.5,-5.83,5.08));
#4612 = SURFACE_CURVE('',#4613,(#4617,#4624),.PCURVE_S1.);
#4613 = LINE('',#4614,#4615);
#4614 = CARTESIAN_POINT('',(0.5,-6.45,5.08));
#4615 = VECTOR('',#4616,1.);
#4616 = DIRECTION('',(-0.,1.,0.));
#4617 = PCURVE('',#2568,#4618);
#4618 = DEFINITIONAL_REPRESENTATION('',(#4619),#4623);
#4619 = LINE('',#4620,#4621);
#4620 = CARTESIAN_POINT('',(-1.570796326795,0.));
#4621 = VECTOR('',#4622,1.);
#4622 = DIRECTION('',(-0.,1.));
#4623 = ( GEOMETRIC_REPRESENTATION_CONTEXT(2) 
PARAMETRIC_REPRESENTATION_CONTEXT() REPRESENTATION_CONTEXT('2D SPACE',''
  ) );
#4624 = PCURVE('',#3719,#4625);
#4625 = DEFINITIONAL_REPRESENTATION('',(#4626),#4630);
#4626 = LINE('',#4627,#4628);
#4627 = CARTESIAN_POINT('',(8.E-02,0.));
#4628 = VECTOR('',#4629,1.);
#4629 = DIRECTION('',(0.,-1.));
#4630 = ( GEOMETRIC_REPRESENTATION_CONTEXT(2) 
PARAMETRIC_REPRESENTATION_CONTEXT() REPRESENTATION_CONTEXT('2D SPACE',''
  ) );
#4631 = ORIENTED_EDGE('',*,*,#4632,.T.);
#4632 = EDGE_CURVE('',#4610,#2553,#4633,.T.);
#4633 = SURFACE_CURVE('',#4634,(#4639,#4645),.PCURVE_S1.);
#4634 = CIRCLE('',#4635,8.E-02);
#4635 = AXIS2_PLACEMENT_3D('',#4636,#4637,#4638);
#4636 = CARTESIAN_POINT('',(0.42,-5.83,5.08));
#4637 = DIRECTION('',(-0.,1.,0.));
#4638 = DIRECTION('',(0.,0.,1.));
#4639 = PCURVE('',#2568,#4640);
#4640 = DEFINITIONAL_REPRESENTATION('',(#4641),#4644);
#4641 = B_SPLINE_CURVE_WITH_KNOTS('',1,(#4642,#4643),.UNSPECIFIED.,.F.,
  .F.,(2,2),(1.570796326795,3.14159265359),.PIECEWISE_BEZIER_KNOTS.);
#4642 = CARTESIAN_POINT('',(-1.570796326795,0.62));
#4643 = CARTESIAN_POINT('',(0.,0.62));
#4644 = ( GEOMETRIC_REPRESENTATION_CONTEXT(2) 
PARAMETRIC_REPRESENTATION_CONTEXT() REPRESENTATION_CONTEXT('2D SPACE',''
  ) );
#4645 = PCURVE('',#2698,#4646);
#4646 = DEFINITIONAL_REPRESENTATION('',(#4647),#4650);
#4647 = B_SPLINE_CURVE_WITH_KNOTS('',1,(#4648,#4649),.UNSPECIFIED.,.F.,
  .F.,(2,2),(1.570796326795,3.14159265359),.PIECEWISE_BEZIER_KNOTS.);
#4648 = CARTESIAN_POINT('',(0.,1.570796326795));
#4649 = CARTESIAN_POINT('',(0.,3.14159265359));
#4650 = ( GEOMETRIC_REPRESENTATION_CONTEXT(2) 
PARAMETRIC_REPRESENTATION_CONTEXT() REPRESENTATION_CONTEXT('2D SPACE',''
  ) );
#4651 = ORIENTED_EDGE('',*,*,#2552,.F.);
#4652 = ADVANCED_FACE('',(#4653),#2644,.T.);
#4653 = FACE_BOUND('',#4654,.F.);
#4654 = EDGE_LOOP('',(#4655,#4677,#4698,#4718));
#4655 = ORIENTED_EDGE('',*,*,#4656,.F.);
#4656 = EDGE_CURVE('',#4657,#2606,#4659,.T.);
#4657 = VERTEX_POINT('',#4658);
#4658 = CARTESIAN_POINT('',(0.5,0.83,5.08));
#4659 = SURFACE_CURVE('',#4660,(#4665,#4671),.PCURVE_S1.);
#4660 = CIRCLE('',#4661,8.E-02);
#4661 = AXIS2_PLACEMENT_3D('',#4662,#4663,#4664);
#4662 = CARTESIAN_POINT('',(0.42,0.83,5.08));
#4663 = DIRECTION('',(0.,1.,1.387778780781E-15));
#4664 = DIRECTION('',(0.,-1.387778780781E-15,1.));
#4665 = PCURVE('',#2644,#4666);
#4666 = DEFINITIONAL_REPRESENTATION('',(#4667),#4670);
#4667 = B_SPLINE_CURVE_WITH_KNOTS('',1,(#4668,#4669),.UNSPECIFIED.,.F.,
  .F.,(2,2),(1.570796326795,3.14159265359),.PIECEWISE_BEZIER_KNOTS.);
#4668 = CARTESIAN_POINT('',(-1.570796326795,8.E-02));
#4669 = CARTESIAN_POINT('',(0.,8.E-02));
#4670 = ( GEOMETRIC_REPRESENTATION_CONTEXT(2) 
PARAMETRIC_REPRESENTATION_CONTEXT() REPRESENTATION_CONTEXT('2D SPACE',''
  ) );
#4671 = PCURVE('',#2773,#4672);
#4672 = DEFINITIONAL_REPRESENTATION('',(#4673),#4676);
#4673 = B_SPLINE_CURVE_WITH_KNOTS('',1,(#4674,#4675),.UNSPECIFIED.,.F.,
  .F.,(2,2),(1.570796326795,3.14159265359),.PIECEWISE_BEZIER_KNOTS.);
#4674 = CARTESIAN_POINT('',(0.,1.570796326795));
#4675 = CARTESIAN_POINT('',(0.,3.14159265359));
#4676 = ( GEOMETRIC_REPRESENTATION_CONTEXT(2) 
PARAMETRIC_REPRESENTATION_CONTEXT() REPRESENTATION_CONTEXT('2D SPACE',''
  ) );
#4677 = ORIENTED_EDGE('',*,*,#4678,.T.);
#4678 = EDGE_CURVE('',#4657,#4542,#4679,.T.);
#4679 = SURFACE_CURVE('',#4680,(#4684,#4691),.PCURVE_S1.);
#4680 = LINE('',#4681,#4682);
#4681 = CARTESIAN_POINT('',(0.5,0.75,5.08));
#4682 = VECTOR('',#4683,1.);
#4683 = DIRECTION('',(-0.,1.,0.));
#4684 = PCURVE('',#2644,#4685);
#4685 = DEFINITIONAL_REPRESENTATION('',(#4686),#4690);
#4686 = LINE('',#4687,#4688);
#4687 = CARTESIAN_POINT('',(-1.570796326795,0.));
#4688 = VECTOR('',#4689,1.);
#4689 = DIRECTION('',(-0.,1.));
#4690 = ( GEOMETRIC_REPRESENTATION_CONTEXT(2) 
PARAMETRIC_REPRESENTATION_CONTEXT() REPRESENTATION_CONTEXT('2D SPACE',''
  ) );
#4691 = PCURVE('',#3719,#4692);
#4692 = DEFINITIONAL_REPRESENTATION('',(#4693),#4697);
#4693 = LINE('',#4694,#4695);
#4694 = CARTESIAN_POINT('',(8.E-02,-7.2));
#4695 = VECTOR('',#4696,1.);
#4696 = DIRECTION('',(0.,-1.));
#4697 = ( GEOMETRIC_REPRESENTATION_CONTEXT(2) 
PARAMETRIC_REPRESENTATION_CONTEXT() REPRESENTATION_CONTEXT('2D SPACE',''
  ) );
#4698 = ORIENTED_EDGE('',*,*,#4699,.T.);
#4699 = EDGE_CURVE('',#4542,#2629,#4700,.T.);
#4700 = SURFACE_CURVE('',#4701,(#4706,#4712),.PCURVE_S1.);
#4701 = CIRCLE('',#4702,8.E-02);
#4702 = AXIS2_PLACEMENT_3D('',#4703,#4704,#4705);
#4703 = CARTESIAN_POINT('',(0.42,1.37,5.08));
#4704 = DIRECTION('',(0.,1.,0.));
#4705 = DIRECTION('',(-0.,0.,-1.));
#4706 = PCURVE('',#2644,#4707);
#4707 = DEFINITIONAL_REPRESENTATION('',(#4708),#4711);
#4708 = B_SPLINE_CURVE_WITH_KNOTS('',1,(#4709,#4710),.UNSPECIFIED.,.F.,
  .F.,(2,2),(4.712388980385,6.28318530718),.PIECEWISE_BEZIER_KNOTS.);
#4709 = CARTESIAN_POINT('',(-1.570796326795,0.62));
#4710 = CARTESIAN_POINT('',(0.,0.62));
#4711 = ( GEOMETRIC_REPRESENTATION_CONTEXT(2) 
PARAMETRIC_REPRESENTATION_CONTEXT() REPRESENTATION_CONTEXT('2D SPACE',''
  ) );
#4712 = PCURVE('',#4525,#4713);
#4713 = DEFINITIONAL_REPRESENTATION('',(#4714),#4717);
#4714 = B_SPLINE_CURVE_WITH_KNOTS('',1,(#4715,#4716),.UNSPECIFIED.,.F.,
  .F.,(2,2),(4.712388980385,6.28318530718),.PIECEWISE_BEZIER_KNOTS.);
#4715 = CARTESIAN_POINT('',(0.,-1.570796326795));
#4716 = CARTESIAN_POINT('',(0.,0.));
#4717 = ( GEOMETRIC_REPRESENTATION_CONTEXT(2) 
PARAMETRIC_REPRESENTATION_CONTEXT() REPRESENTATION_CONTEXT('2D SPACE',''
  ) );
#4718 = ORIENTED_EDGE('',*,*,#2628,.F.);
#4719 = ADVANCED_FACE('',(#4720),#2698,.T.);
#4720 = FACE_BOUND('',#4721,.F.);
#4721 = EDGE_LOOP('',(#4722,#4723,#4751,#4771));
#4722 = ORIENTED_EDGE('',*,*,#4632,.F.);
#4723 = ORIENTED_EDGE('',*,*,#4724,.T.);
#4724 = EDGE_CURVE('',#4610,#4725,#4727,.T.);
#4725 = VERTEX_POINT('',#4726);
#4726 = CARTESIAN_POINT('',(0.5,-5.67,4.92));
#4727 = SURFACE_CURVE('',#4728,(#4733,#4740),.PCURVE_S1.);
#4728 = CIRCLE('',#4729,0.16);
#4729 = AXIS2_PLACEMENT_3D('',#4730,#4731,#4732);
#4730 = CARTESIAN_POINT('',(0.5,-5.83,4.92));
#4731 = DIRECTION('',(-1.,-0.,0.));
#4732 = DIRECTION('',(0.,0.,1.));
#4733 = PCURVE('',#2698,#4734);
#4734 = DEFINITIONAL_REPRESENTATION('',(#4735),#4739);
#4735 = LINE('',#4736,#4737);
#4736 = CARTESIAN_POINT('',(-0.,1.570796326795));
#4737 = VECTOR('',#4738,1.);
#4738 = DIRECTION('',(-1.,0.));
#4739 = ( GEOMETRIC_REPRESENTATION_CONTEXT(2) 
PARAMETRIC_REPRESENTATION_CONTEXT() REPRESENTATION_CONTEXT('2D SPACE',''
  ) );
#4740 = PCURVE('',#3719,#4741);
#4741 = DEFINITIONAL_REPRESENTATION('',(#4742),#4750);
#4742 = ( BOUNDED_CURVE() B_SPLINE_CURVE(2,(#4743,#4744,#4745,#4746,
#4747,#4748,#4749),.UNSPECIFIED.,.T.,.F.) B_SPLINE_CURVE_WITH_KNOTS((1,2
    ,2,2,2,1),(-2.094395102393,0.,2.094395102393,4.188790204786,
6.28318530718,8.377580409573),.UNSPECIFIED.) CURVE() 
GEOMETRIC_REPRESENTATION_ITEM() RATIONAL_B_SPLINE_CURVE((1.,0.5,1.,0.5,
1.,0.5,1.)) REPRESENTATION_ITEM('') );
#4743 = CARTESIAN_POINT('',(8.E-02,-0.62));
#4744 = CARTESIAN_POINT('',(8.E-02,-0.897128129211));
#4745 = CARTESIAN_POINT('',(-0.16,-0.758564064606));
#4746 = CARTESIAN_POINT('',(-0.4,-0.62));
#4747 = CARTESIAN_POINT('',(-0.16,-0.481435935394));
#4748 = CARTESIAN_POINT('',(8.E-02,-0.342871870789));
#4749 = CARTESIAN_POINT('',(8.E-02,-0.62));
#4750 = ( GEOMETRIC_REPRESENTATION_CONTEXT(2) 
PARAMETRIC_REPRESENTATION_CONTEXT() REPRESENTATION_CONTEXT('2D SPACE',''
  ) );
#4751 = ORIENTED_EDGE('',*,*,#4752,.T.);
#4752 = EDGE_CURVE('',#4725,#2682,#4753,.T.);
#4753 = SURFACE_CURVE('',#4754,(#4759,#4765),.PCURVE_S1.);
#4754 = CIRCLE('',#4755,8.E-02);
#4755 = AXIS2_PLACEMENT_3D('',#4756,#4757,#4758);
#4756 = CARTESIAN_POINT('',(0.42,-5.67,4.92));
#4757 = DIRECTION('',(-0.,6.123233995737E-17,-1.));
#4758 = DIRECTION('',(0.,1.,6.123233995737E-17));
#4759 = PCURVE('',#2698,#4760);
#4760 = DEFINITIONAL_REPRESENTATION('',(#4761),#4764);
#4761 = B_SPLINE_CURVE_WITH_KNOTS('',1,(#4762,#4763),.UNSPECIFIED.,.F.,
  .F.,(2,2),(1.570796326795,3.14159265359),.PIECEWISE_BEZIER_KNOTS.);
#4762 = CARTESIAN_POINT('',(-1.570796326795,1.570796326795));
#4763 = CARTESIAN_POINT('',(-1.570796326795,3.14159265359));
#4764 = ( GEOMETRIC_REPRESENTATION_CONTEXT(2) 
PARAMETRIC_REPRESENTATION_CONTEXT() REPRESENTATION_CONTEXT('2D SPACE',''
  ) );
#4765 = PCURVE('',#2838,#4766);
#4766 = DEFINITIONAL_REPRESENTATION('',(#4767),#4770);
#4767 = B_SPLINE_CURVE_WITH_KNOTS('',1,(#4768,#4769),.UNSPECIFIED.,.F.,
  .F.,(2,2),(1.570796326795,3.14159265359),.PIECEWISE_BEZIER_KNOTS.);
#4768 = CARTESIAN_POINT('',(1.570796326795,4.92));
#4769 = CARTESIAN_POINT('',(0.,4.92));
#4770 = ( GEOMETRIC_REPRESENTATION_CONTEXT(2) 
PARAMETRIC_REPRESENTATION_CONTEXT() REPRESENTATION_CONTEXT('2D SPACE',''
  ) );
#4771 = ORIENTED_EDGE('',*,*,#2681,.F.);
#4772 = ADVANCED_FACE('',(#4773),#2773,.T.);
#4773 = FACE_BOUND('',#4774,.T.);
#4774 = EDGE_LOOP('',(#4775,#4776,#4800,#4820));
#4775 = ORIENTED_EDGE('',*,*,#4656,.F.);
#4776 = ORIENTED_EDGE('',*,*,#4777,.T.);
#4777 = EDGE_CURVE('',#4657,#4778,#4780,.T.);
#4778 = VERTEX_POINT('',#4779);
#4779 = CARTESIAN_POINT('',(0.5,0.67,4.92));
#4780 = SURFACE_CURVE('',#4781,(#4786,#4793),.PCURVE_S1.);
#4781 = CIRCLE('',#4782,0.16);
#4782 = AXIS2_PLACEMENT_3D('',#4783,#4784,#4785);
#4783 = CARTESIAN_POINT('',(0.5,0.83,4.92));
#4784 = DIRECTION('',(1.,0.,0.));
#4785 = DIRECTION('',(0.,-1.387778780781E-15,1.));
#4786 = PCURVE('',#2773,#4787);
#4787 = DEFINITIONAL_REPRESENTATION('',(#4788),#4792);
#4788 = LINE('',#4789,#4790);
#4789 = CARTESIAN_POINT('',(0.,1.570796326795));
#4790 = VECTOR('',#4791,1.);
#4791 = DIRECTION('',(1.,0.));
#4792 = ( GEOMETRIC_REPRESENTATION_CONTEXT(2) 
PARAMETRIC_REPRESENTATION_CONTEXT() REPRESENTATION_CONTEXT('2D SPACE',''
  ) );
#4793 = PCURVE('',#3719,#4794);
#4794 = DEFINITIONAL_REPRESENTATION('',(#4795),#4799);
#4795 = CIRCLE('',#4796,0.16);
#4796 = AXIS2_PLACEMENT_2D('',#4797,#4798);
#4797 = CARTESIAN_POINT('',(-8.E-02,-7.28));
#4798 = DIRECTION('',(1.,0.));
#4799 = ( GEOMETRIC_REPRESENTATION_CONTEXT(2) 
PARAMETRIC_REPRESENTATION_CONTEXT() REPRESENTATION_CONTEXT('2D SPACE',''
  ) );
#4800 = ORIENTED_EDGE('',*,*,#4801,.T.);
#4801 = EDGE_CURVE('',#4778,#2736,#4802,.T.);
#4802 = SURFACE_CURVE('',#4803,(#4808,#4814),.PCURVE_S1.);
#4803 = CIRCLE('',#4804,8.E-02);
#4804 = AXIS2_PLACEMENT_3D('',#4805,#4806,#4807);
#4805 = CARTESIAN_POINT('',(0.42,0.67,4.92));
#4806 = DIRECTION('',(0.,-2.880858675299E-15,1.));
#4807 = DIRECTION('',(0.,-1.,-2.880858675299E-15));
#4808 = PCURVE('',#2773,#4809);
#4809 = DEFINITIONAL_REPRESENTATION('',(#4810),#4813);
#4810 = B_SPLINE_CURVE_WITH_KNOTS('',1,(#4811,#4812),.UNSPECIFIED.,.F.,
  .F.,(2,2),(1.570796326795,3.14159265359),.PIECEWISE_BEZIER_KNOTS.);
#4811 = CARTESIAN_POINT('',(1.570796326795,1.570796326795));
#4812 = CARTESIAN_POINT('',(1.570796326795,3.14159265359));
#4813 = ( GEOMETRIC_REPRESENTATION_CONTEXT(2) 
PARAMETRIC_REPRESENTATION_CONTEXT() REPRESENTATION_CONTEXT('2D SPACE',''
  ) );
#4814 = PCURVE('',#2922,#4815);
#4815 = DEFINITIONAL_REPRESENTATION('',(#4816),#4819);
#4816 = B_SPLINE_CURVE_WITH_KNOTS('',1,(#4817,#4818),.UNSPECIFIED.,.F.,
  .F.,(2,2),(1.570796326795,3.14159265359),.PIECEWISE_BEZIER_KNOTS.);
#4817 = CARTESIAN_POINT('',(-1.570796326795,4.92));
#4818 = CARTESIAN_POINT('',(0.,4.92));
#4819 = ( GEOMETRIC_REPRESENTATION_CONTEXT(2) 
PARAMETRIC_REPRESENTATION_CONTEXT() REPRESENTATION_CONTEXT('2D SPACE',''
  ) );
#4820 = ORIENTED_EDGE('',*,*,#2758,.F.);
#4821 = ADVANCED_FACE('',(#4822),#2805,.T.);
#4822 = FACE_BOUND('',#4823,.T.);
#4823 = EDGE_LOOP('',(#4824,#4825,#4826,#4851));
#4824 = ORIENTED_EDGE('',*,*,#2791,.F.);
#4825 = ORIENTED_EDGE('',*,*,#2959,.T.);
#4826 = ORIENTED_EDGE('',*,*,#4827,.T.);
#4827 = EDGE_CURVE('',#2960,#2823,#4828,.T.);
#4828 = SURFACE_CURVE('',#4829,(#4834,#4840),.PCURVE_S1.);
#4829 = CIRCLE('',#4830,8.E-02);
#4830 = AXIS2_PLACEMENT_3D('',#4831,#4832,#4833);
#4831 = CARTESIAN_POINT('',(0.42,-5.67,8.E-02));
#4832 = DIRECTION('',(-1.,0.,0.));
#4833 = DIRECTION('',(0.,-1.,0.));
#4834 = PCURVE('',#2805,#4835);
#4835 = DEFINITIONAL_REPRESENTATION('',(#4836),#4839);
#4836 = B_SPLINE_CURVE_WITH_KNOTS('',1,(#4837,#4838),.UNSPECIFIED.,.F.,
  .F.,(2,2),(4.712388980385,6.28318530718),.PIECEWISE_BEZIER_KNOTS.);
#4837 = CARTESIAN_POINT('',(1.570796326795,0.92));
#4838 = CARTESIAN_POINT('',(0.,0.92));
#4839 = ( GEOMETRIC_REPRESENTATION_CONTEXT(2) 
PARAMETRIC_REPRESENTATION_CONTEXT() REPRESENTATION_CONTEXT('2D SPACE',''
  ) );
#4840 = PCURVE('',#4841,#4846);
#4841 = SPHERICAL_SURFACE('',#4842,8.E-02);
#4842 = AXIS2_PLACEMENT_3D('',#4843,#4844,#4845);
#4843 = CARTESIAN_POINT('',(0.42,-5.67,8.E-02));
#4844 = DIRECTION('',(0.,0.,1.));
#4845 = DIRECTION('',(0.,-1.,0.));
#4846 = DEFINITIONAL_REPRESENTATION('',(#4847),#4850);
#4847 = B_SPLINE_CURVE_WITH_KNOTS('',1,(#4848,#4849),.UNSPECIFIED.,.F.,
  .F.,(2,2),(4.712388980385,6.28318530718),.PIECEWISE_BEZIER_KNOTS.);
#4848 = CARTESIAN_POINT('',(0.,-1.570796326795));
#4849 = CARTESIAN_POINT('',(0.,0.));
#4850 = ( GEOMETRIC_REPRESENTATION_CONTEXT(2) 
PARAMETRIC_REPRESENTATION_CONTEXT() REPRESENTATION_CONTEXT('2D SPACE',''
  ) );
#4851 = ORIENTED_EDGE('',*,*,#2850,.F.);
#4852 = ADVANCED_FACE('',(#4853),#2838,.T.);
#4853 = FACE_BOUND('',#4854,.T.);
#4854 = EDGE_LOOP('',(#4855,#4856,#4880,#4901));
#4855 = ORIENTED_EDGE('',*,*,#2822,.F.);
#4856 = ORIENTED_EDGE('',*,*,#4857,.T.);
#4857 = EDGE_CURVE('',#2823,#4858,#4860,.T.);
#4858 = VERTEX_POINT('',#4859);
#4859 = CARTESIAN_POINT('',(0.5,-5.67,8.E-02));
#4860 = SURFACE_CURVE('',#4861,(#4866,#4873),.PCURVE_S1.);
#4861 = CIRCLE('',#4862,8.E-02);
#4862 = AXIS2_PLACEMENT_3D('',#4863,#4864,#4865);
#4863 = CARTESIAN_POINT('',(0.42,-5.67,8.E-02));
#4864 = DIRECTION('',(0.,0.,1.));
#4865 = DIRECTION('',(0.,-1.,0.));
#4866 = PCURVE('',#2838,#4867);
#4867 = DEFINITIONAL_REPRESENTATION('',(#4868),#4872);
#4868 = LINE('',#4869,#4870);
#4869 = CARTESIAN_POINT('',(0.,8.E-02));
#4870 = VECTOR('',#4871,1.);
#4871 = DIRECTION('',(1.,0.));
#4872 = ( GEOMETRIC_REPRESENTATION_CONTEXT(2) 
PARAMETRIC_REPRESENTATION_CONTEXT() REPRESENTATION_CONTEXT('2D SPACE',''
  ) );
#4873 = PCURVE('',#4841,#4874);
#4874 = DEFINITIONAL_REPRESENTATION('',(#4875),#4879);
#4875 = LINE('',#4876,#4877);
#4876 = CARTESIAN_POINT('',(0.,0.));
#4877 = VECTOR('',#4878,1.);
#4878 = DIRECTION('',(1.,0.));
#4879 = ( GEOMETRIC_REPRESENTATION_CONTEXT(2) 
PARAMETRIC_REPRESENTATION_CONTEXT() REPRESENTATION_CONTEXT('2D SPACE',''
  ) );
#4880 = ORIENTED_EDGE('',*,*,#4881,.T.);
#4881 = EDGE_CURVE('',#4858,#4725,#4882,.T.);
#4882 = SURFACE_CURVE('',#4883,(#4887,#4894),.PCURVE_S1.);
#4883 = LINE('',#4884,#4885);
#4884 = CARTESIAN_POINT('',(0.5,-5.67,0.));
#4885 = VECTOR('',#4886,1.);
#4886 = DIRECTION('',(0.,0.,1.));
#4887 = PCURVE('',#2838,#4888);
#4888 = DEFINITIONAL_REPRESENTATION('',(#4889),#4893);
#4889 = LINE('',#4890,#4891);
#4890 = CARTESIAN_POINT('',(1.570796326795,0.));
#4891 = VECTOR('',#4892,1.);
#4892 = DIRECTION('',(0.,1.));
#4893 = ( GEOMETRIC_REPRESENTATION_CONTEXT(2) 
PARAMETRIC_REPRESENTATION_CONTEXT() REPRESENTATION_CONTEXT('2D SPACE',''
  ) );
#4894 = PCURVE('',#3719,#4895);
#4895 = DEFINITIONAL_REPRESENTATION('',(#4896),#4900);
#4896 = LINE('',#4897,#4898);
#4897 = CARTESIAN_POINT('',(-5.,-0.78));
#4898 = VECTOR('',#4899,1.);
#4899 = DIRECTION('',(1.,0.));
#4900 = ( GEOMETRIC_REPRESENTATION_CONTEXT(2) 
PARAMETRIC_REPRESENTATION_CONTEXT() REPRESENTATION_CONTEXT('2D SPACE',''
  ) );
#4901 = ORIENTED_EDGE('',*,*,#4752,.T.);
#4902 = ADVANCED_FACE('',(#4903),#2889,.T.);
#4903 = FACE_BOUND('',#4904,.T.);
#4904 = EDGE_LOOP('',(#4905,#4906,#4907,#4934));
#4905 = ORIENTED_EDGE('',*,*,#2875,.F.);
#4906 = ORIENTED_EDGE('',*,*,#2934,.T.);
#4907 = ORIENTED_EDGE('',*,*,#4908,.F.);
#4908 = EDGE_CURVE('',#3119,#2907,#4909,.T.);
#4909 = SURFACE_CURVE('',#4910,(#4915,#4922),.PCURVE_S1.);
#4910 = CIRCLE('',#4911,8.E-02);
#4911 = AXIS2_PLACEMENT_3D('',#4912,#4913,#4914);
#4912 = CARTESIAN_POINT('',(0.42,0.67,8.E-02));
#4913 = DIRECTION('',(1.,0.,-0.));
#4914 = DIRECTION('',(-0.,1.387778780781E-15,-1.));
#4915 = PCURVE('',#2889,#4916);
#4916 = DEFINITIONAL_REPRESENTATION('',(#4917),#4921);
#4917 = LINE('',#4918,#4919);
#4918 = CARTESIAN_POINT('',(0.,0.92));
#4919 = VECTOR('',#4920,1.);
#4920 = DIRECTION('',(1.,0.));
#4921 = ( GEOMETRIC_REPRESENTATION_CONTEXT(2) 
PARAMETRIC_REPRESENTATION_CONTEXT() REPRESENTATION_CONTEXT('2D SPACE',''
  ) );
#4922 = PCURVE('',#4923,#4928);
#4923 = SPHERICAL_SURFACE('',#4924,8.E-02);
#4924 = AXIS2_PLACEMENT_3D('',#4925,#4926,#4927);
#4925 = CARTESIAN_POINT('',(0.42,0.67,8.E-02));
#4926 = DIRECTION('',(-1.,-0.,0.));
#4927 = DIRECTION('',(-0.,1.387778780781E-15,-1.));
#4928 = DEFINITIONAL_REPRESENTATION('',(#4929),#4933);
#4929 = LINE('',#4930,#4931);
#4930 = CARTESIAN_POINT('',(-0.,0.));
#4931 = VECTOR('',#4932,1.);
#4932 = DIRECTION('',(-1.,0.));
#4933 = ( GEOMETRIC_REPRESENTATION_CONTEXT(2) 
PARAMETRIC_REPRESENTATION_CONTEXT() REPRESENTATION_CONTEXT('2D SPACE',''
  ) );
#4934 = ORIENTED_EDGE('',*,*,#3146,.F.);
#4935 = ADVANCED_FACE('',(#4936),#2922,.T.);
#4936 = FACE_BOUND('',#4937,.F.);
#4937 = EDGE_LOOP('',(#4938,#4960,#4981,#4982));
#4938 = ORIENTED_EDGE('',*,*,#4939,.F.);
#4939 = EDGE_CURVE('',#4940,#2907,#4942,.T.);
#4940 = VERTEX_POINT('',#4941);
#4941 = CARTESIAN_POINT('',(0.5,0.67,8.E-02));
#4942 = SURFACE_CURVE('',#4943,(#4948,#4954),.PCURVE_S1.);
#4943 = CIRCLE('',#4944,8.E-02);
#4944 = AXIS2_PLACEMENT_3D('',#4945,#4946,#4947);
#4945 = CARTESIAN_POINT('',(0.42,0.67,8.E-02));
#4946 = DIRECTION('',(0.,5.721188726111E-18,1.));
#4947 = DIRECTION('',(-0.,1.,-5.721188726111E-18));
#4948 = PCURVE('',#2922,#4949);
#4949 = DEFINITIONAL_REPRESENTATION('',(#4950),#4953);
#4950 = B_SPLINE_CURVE_WITH_KNOTS('',1,(#4951,#4952),.UNSPECIFIED.,.F.,
  .F.,(2,2),(4.712388980385,6.28318530718),.PIECEWISE_BEZIER_KNOTS.);
#4951 = CARTESIAN_POINT('',(-1.570796326795,8.E-02));
#4952 = CARTESIAN_POINT('',(0.,8.E-02));
#4953 = ( GEOMETRIC_REPRESENTATION_CONTEXT(2) 
PARAMETRIC_REPRESENTATION_CONTEXT() REPRESENTATION_CONTEXT('2D SPACE',''
  ) );
#4954 = PCURVE('',#4923,#4955);
#4955 = DEFINITIONAL_REPRESENTATION('',(#4956),#4959);
#4956 = B_SPLINE_CURVE_WITH_KNOTS('',1,(#4957,#4958),.UNSPECIFIED.,.F.,
  .F.,(2,2),(4.712388980385,6.28318530718),.PIECEWISE_BEZIER_KNOTS.);
#4957 = CARTESIAN_POINT('',(-1.570796326795,-1.570796326795));
#4958 = CARTESIAN_POINT('',(-1.570796326795,0.));
#4959 = ( GEOMETRIC_REPRESENTATION_CONTEXT(2) 
PARAMETRIC_REPRESENTATION_CONTEXT() REPRESENTATION_CONTEXT('2D SPACE',''
  ) );
#4960 = ORIENTED_EDGE('',*,*,#4961,.T.);
#4961 = EDGE_CURVE('',#4940,#4778,#4962,.T.);
#4962 = SURFACE_CURVE('',#4963,(#4967,#4974),.PCURVE_S1.);
#4963 = LINE('',#4964,#4965);
#4964 = CARTESIAN_POINT('',(0.5,0.67,0.));
#4965 = VECTOR('',#4966,1.);
#4966 = DIRECTION('',(0.,0.,1.));
#4967 = PCURVE('',#2922,#4968);
#4968 = DEFINITIONAL_REPRESENTATION('',(#4969),#4973);
#4969 = LINE('',#4970,#4971);
#4970 = CARTESIAN_POINT('',(-1.570796326795,0.));
#4971 = VECTOR('',#4972,1.);
#4972 = DIRECTION('',(-0.,1.));
#4973 = ( GEOMETRIC_REPRESENTATION_CONTEXT(2) 
PARAMETRIC_REPRESENTATION_CONTEXT() REPRESENTATION_CONTEXT('2D SPACE',''
  ) );
#4974 = PCURVE('',#3719,#4975);
#4975 = DEFINITIONAL_REPRESENTATION('',(#4976),#4980);
#4976 = LINE('',#4977,#4978);
#4977 = CARTESIAN_POINT('',(-5.,-7.12));
#4978 = VECTOR('',#4979,1.);
#4979 = DIRECTION('',(1.,0.));
#4980 = ( GEOMETRIC_REPRESENTATION_CONTEXT(2) 
PARAMETRIC_REPRESENTATION_CONTEXT() REPRESENTATION_CONTEXT('2D SPACE',''
  ) );
#4981 = ORIENTED_EDGE('',*,*,#4801,.T.);
#4982 = ORIENTED_EDGE('',*,*,#2906,.F.);
#4983 = ADVANCED_FACE('',(#4984),#3024,.T.);
#4984 = FACE_BOUND('',#4985,.T.);
#4985 = EDGE_LOOP('',(#4986,#4987,#4988,#5015));
#4986 = ORIENTED_EDGE('',*,*,#3040,.F.);
#4987 = ORIENTED_EDGE('',*,*,#3222,.T.);
#4988 = ORIENTED_EDGE('',*,*,#4989,.F.);
#4989 = EDGE_CURVE('',#2983,#3195,#4990,.T.);
#4990 = SURFACE_CURVE('',#4991,(#4996,#5003),.PCURVE_S1.);
#4991 = CIRCLE('',#4992,8.E-02);
#4992 = AXIS2_PLACEMENT_3D('',#4993,#4994,#4995);
#4993 = CARTESIAN_POINT('',(0.42,-4.33,8.E-02));
#4994 = DIRECTION('',(1.,0.,-0.));
#4995 = DIRECTION('',(-0.,0.,-1.));
#4996 = PCURVE('',#3024,#4997);
#4997 = DEFINITIONAL_REPRESENTATION('',(#4998),#5002);
#4998 = LINE('',#4999,#5000);
#4999 = CARTESIAN_POINT('',(0.,0.92));
#5000 = VECTOR('',#5001,1.);
#5001 = DIRECTION('',(1.,0.));
#5002 = ( GEOMETRIC_REPRESENTATION_CONTEXT(2) 
PARAMETRIC_REPRESENTATION_CONTEXT() REPRESENTATION_CONTEXT('2D SPACE',''
  ) );
#5003 = PCURVE('',#5004,#5009);
#5004 = SPHERICAL_SURFACE('',#5005,8.E-02);
#5005 = AXIS2_PLACEMENT_3D('',#5006,#5007,#5008);
#5006 = CARTESIAN_POINT('',(0.42,-4.33,8.E-02));
#5007 = DIRECTION('',(-1.,-0.,0.));
#5008 = DIRECTION('',(-0.,0.,-1.));
#5009 = DEFINITIONAL_REPRESENTATION('',(#5010),#5014);
#5010 = LINE('',#5011,#5012);
#5011 = CARTESIAN_POINT('',(-0.,0.));
#5012 = VECTOR('',#5013,1.);
#5013 = DIRECTION('',(-1.,0.));
#5014 = ( GEOMETRIC_REPRESENTATION_CONTEXT(2) 
PARAMETRIC_REPRESENTATION_CONTEXT() REPRESENTATION_CONTEXT('2D SPACE',''
  ) );
#5015 = ORIENTED_EDGE('',*,*,#3010,.F.);
#5016 = ADVANCED_FACE('',(#5017),#2998,.T.);
#5017 = FACE_BOUND('',#5018,.F.);
#5018 = EDGE_LOOP('',(#5019,#5039,#5062,#5082));
#5019 = ORIENTED_EDGE('',*,*,#5020,.T.);
#5020 = EDGE_CURVE('',#2960,#4858,#5021,.T.);
#5021 = SURFACE_CURVE('',#5022,(#5027,#5033),.PCURVE_S1.);
#5022 = CIRCLE('',#5023,8.E-02);
#5023 = AXIS2_PLACEMENT_3D('',#5024,#5025,#5026);
#5024 = CARTESIAN_POINT('',(0.42,-5.67,8.E-02));
#5025 = DIRECTION('',(-6.123233995737E-17,-1.,0.));
#5026 = DIRECTION('',(1.,-6.123233995737E-17,0.));
#5027 = PCURVE('',#2998,#5028);
#5028 = DEFINITIONAL_REPRESENTATION('',(#5029),#5032);
#5029 = B_SPLINE_CURVE_WITH_KNOTS('',1,(#5030,#5031),.UNSPECIFIED.,.F.,
  .F.,(2,2),(4.712388980385,6.28318530718),.PIECEWISE_BEZIER_KNOTS.);
#5030 = CARTESIAN_POINT('',(0.,8.E-02));
#5031 = CARTESIAN_POINT('',(-1.570796326795,8.E-02));
#5032 = ( GEOMETRIC_REPRESENTATION_CONTEXT(2) 
PARAMETRIC_REPRESENTATION_CONTEXT() REPRESENTATION_CONTEXT('2D SPACE',''
  ) );
#5033 = PCURVE('',#4841,#5034);
#5034 = DEFINITIONAL_REPRESENTATION('',(#5035),#5038);
#5035 = B_SPLINE_CURVE_WITH_KNOTS('',1,(#5036,#5037),.UNSPECIFIED.,.F.,
  .F.,(2,2),(4.712388980385,6.28318530718),.PIECEWISE_BEZIER_KNOTS.);
#5036 = CARTESIAN_POINT('',(1.570796326795,-1.570796326795));
#5037 = CARTESIAN_POINT('',(1.570796326795,0.));
#5038 = ( GEOMETRIC_REPRESENTATION_CONTEXT(2) 
PARAMETRIC_REPRESENTATION_CONTEXT() REPRESENTATION_CONTEXT('2D SPACE',''
  ) );
#5039 = ORIENTED_EDGE('',*,*,#5040,.T.);
#5040 = EDGE_CURVE('',#4858,#5041,#5043,.T.);
#5041 = VERTEX_POINT('',#5042);
#5042 = CARTESIAN_POINT('',(0.5,-4.33,8.E-02));
#5043 = SURFACE_CURVE('',#5044,(#5048,#5055),.PCURVE_S1.);
#5044 = LINE('',#5045,#5046);
#5045 = CARTESIAN_POINT('',(0.5,-5.75,8.E-02));
#5046 = VECTOR('',#5047,1.);
#5047 = DIRECTION('',(-0.,1.,0.));
#5048 = PCURVE('',#2998,#5049);
#5049 = DEFINITIONAL_REPRESENTATION('',(#5050),#5054);
#5050 = LINE('',#5051,#5052);
#5051 = CARTESIAN_POINT('',(-1.570796326795,0.));
#5052 = VECTOR('',#5053,1.);
#5053 = DIRECTION('',(-0.,1.));
#5054 = ( GEOMETRIC_REPRESENTATION_CONTEXT(2) 
PARAMETRIC_REPRESENTATION_CONTEXT() REPRESENTATION_CONTEXT('2D SPACE',''
  ) );
#5055 = PCURVE('',#3719,#5056);
#5056 = DEFINITIONAL_REPRESENTATION('',(#5057),#5061);
#5057 = LINE('',#5058,#5059);
#5058 = CARTESIAN_POINT('',(-4.92,-0.7));
#5059 = VECTOR('',#5060,1.);
#5060 = DIRECTION('',(0.,-1.));
#5061 = ( GEOMETRIC_REPRESENTATION_CONTEXT(2) 
PARAMETRIC_REPRESENTATION_CONTEXT() REPRESENTATION_CONTEXT('2D SPACE',''
  ) );
#5062 = ORIENTED_EDGE('',*,*,#5063,.T.);
#5063 = EDGE_CURVE('',#5041,#2983,#5064,.T.);
#5064 = SURFACE_CURVE('',#5065,(#5070,#5076),.PCURVE_S1.);
#5065 = CIRCLE('',#5066,8.E-02);
#5066 = AXIS2_PLACEMENT_3D('',#5067,#5068,#5069);
#5067 = CARTESIAN_POINT('',(0.42,-4.33,8.E-02));
#5068 = DIRECTION('',(0.,1.,0.));
#5069 = DIRECTION('',(-0.,0.,-1.));
#5070 = PCURVE('',#2998,#5071);
#5071 = DEFINITIONAL_REPRESENTATION('',(#5072),#5075);
#5072 = B_SPLINE_CURVE_WITH_KNOTS('',1,(#5073,#5074),.UNSPECIFIED.,.F.,
  .F.,(2,2),(4.712388980385,6.28318530718),.PIECEWISE_BEZIER_KNOTS.);
#5073 = CARTESIAN_POINT('',(-1.570796326795,1.42));
#5074 = CARTESIAN_POINT('',(0.,1.42));
#5075 = ( GEOMETRIC_REPRESENTATION_CONTEXT(2) 
PARAMETRIC_REPRESENTATION_CONTEXT() REPRESENTATION_CONTEXT('2D SPACE',''
  ) );
#5076 = PCURVE('',#5004,#5077);
#5077 = DEFINITIONAL_REPRESENTATION('',(#5078),#5081);
#5078 = B_SPLINE_CURVE_WITH_KNOTS('',1,(#5079,#5080),.UNSPECIFIED.,.F.,
  .F.,(2,2),(4.712388980385,6.28318530718),.PIECEWISE_BEZIER_KNOTS.);
#5079 = CARTESIAN_POINT('',(0.,-1.570796326795));
#5080 = CARTESIAN_POINT('',(0.,0.));
#5081 = ( GEOMETRIC_REPRESENTATION_CONTEXT(2) 
PARAMETRIC_REPRESENTATION_CONTEXT() REPRESENTATION_CONTEXT('2D SPACE',''
  ) );
#5082 = ORIENTED_EDGE('',*,*,#2982,.F.);
#5083 = ADVANCED_FACE('',(#5084),#3079,.T.);
#5084 = FACE_BOUND('',#5085,.T.);
#5085 = EDGE_LOOP('',(#5086,#5087,#5088,#5113));
#5086 = ORIENTED_EDGE('',*,*,#3065,.F.);
#5087 = ORIENTED_EDGE('',*,*,#3095,.T.);
#5088 = ORIENTED_EDGE('',*,*,#5089,.T.);
#5089 = EDGE_CURVE('',#3096,#3271,#5090,.T.);
#5090 = SURFACE_CURVE('',#5091,(#5096,#5102),.PCURVE_S1.);
#5091 = CIRCLE('',#5092,8.E-02);
#5092 = AXIS2_PLACEMENT_3D('',#5093,#5094,#5095);
#5093 = CARTESIAN_POINT('',(0.42,-0.67,8.E-02));
#5094 = DIRECTION('',(-1.,0.,0.));
#5095 = DIRECTION('',(0.,-1.,0.));
#5096 = PCURVE('',#3079,#5097);
#5097 = DEFINITIONAL_REPRESENTATION('',(#5098),#5101);
#5098 = B_SPLINE_CURVE_WITH_KNOTS('',1,(#5099,#5100),.UNSPECIFIED.,.F.,
  .F.,(2,2),(4.712388980385,6.28318530718),.PIECEWISE_BEZIER_KNOTS.);
#5099 = CARTESIAN_POINT('',(1.570796326795,0.92));
#5100 = CARTESIAN_POINT('',(0.,0.92));
#5101 = ( GEOMETRIC_REPRESENTATION_CONTEXT(2) 
PARAMETRIC_REPRESENTATION_CONTEXT() REPRESENTATION_CONTEXT('2D SPACE',''
  ) );
#5102 = PCURVE('',#5103,#5108);
#5103 = SPHERICAL_SURFACE('',#5104,8.E-02);
#5104 = AXIS2_PLACEMENT_3D('',#5105,#5106,#5107);
#5105 = CARTESIAN_POINT('',(0.42,-0.67,8.E-02));
#5106 = DIRECTION('',(0.,0.,1.));
#5107 = DIRECTION('',(0.,-1.,0.));
#5108 = DEFINITIONAL_REPRESENTATION('',(#5109),#5112);
#5109 = B_SPLINE_CURVE_WITH_KNOTS('',1,(#5110,#5111),.UNSPECIFIED.,.F.,
  .F.,(2,2),(4.712388980385,6.28318530718),.PIECEWISE_BEZIER_KNOTS.);
#5110 = CARTESIAN_POINT('',(0.,-1.570796326795));
#5111 = CARTESIAN_POINT('',(0.,0.));
#5112 = ( GEOMETRIC_REPRESENTATION_CONTEXT(2) 
PARAMETRIC_REPRESENTATION_CONTEXT() REPRESENTATION_CONTEXT('2D SPACE',''
  ) );
#5113 = ORIENTED_EDGE('',*,*,#3298,.F.);
#5114 = ADVANCED_FACE('',(#5115),#3134,.T.);
#5115 = FACE_BOUND('',#5116,.F.);
#5116 = EDGE_LOOP('',(#5117,#5139,#5160,#5180));
#5117 = ORIENTED_EDGE('',*,*,#5118,.T.);
#5118 = EDGE_CURVE('',#3096,#5119,#5121,.T.);
#5119 = VERTEX_POINT('',#5120);
#5120 = CARTESIAN_POINT('',(0.5,-0.67,8.E-02));
#5121 = SURFACE_CURVE('',#5122,(#5127,#5133),.PCURVE_S1.);
#5122 = CIRCLE('',#5123,8.E-02);
#5123 = AXIS2_PLACEMENT_3D('',#5124,#5125,#5126);
#5124 = CARTESIAN_POINT('',(0.42,-0.67,8.E-02));
#5125 = DIRECTION('',(-6.123233995737E-17,-1.,0.));
#5126 = DIRECTION('',(1.,-6.123233995737E-17,0.));
#5127 = PCURVE('',#3134,#5128);
#5128 = DEFINITIONAL_REPRESENTATION('',(#5129),#5132);
#5129 = B_SPLINE_CURVE_WITH_KNOTS('',1,(#5130,#5131),.UNSPECIFIED.,.F.,
  .F.,(2,2),(4.712388980385,6.28318530718),.PIECEWISE_BEZIER_KNOTS.);
#5130 = CARTESIAN_POINT('',(0.,8.E-02));
#5131 = CARTESIAN_POINT('',(-1.570796326795,8.E-02));
#5132 = ( GEOMETRIC_REPRESENTATION_CONTEXT(2) 
PARAMETRIC_REPRESENTATION_CONTEXT() REPRESENTATION_CONTEXT('2D SPACE',''
  ) );
#5133 = PCURVE('',#5103,#5134);
#5134 = DEFINITIONAL_REPRESENTATION('',(#5135),#5138);
#5135 = B_SPLINE_CURVE_WITH_KNOTS('',1,(#5136,#5137),.UNSPECIFIED.,.F.,
  .F.,(2,2),(4.712388980385,6.28318530718),.PIECEWISE_BEZIER_KNOTS.);
#5136 = CARTESIAN_POINT('',(1.570796326795,-1.570796326795));
#5137 = CARTESIAN_POINT('',(1.570796326795,0.));
#5138 = ( GEOMETRIC_REPRESENTATION_CONTEXT(2) 
PARAMETRIC_REPRESENTATION_CONTEXT() REPRESENTATION_CONTEXT('2D SPACE',''
  ) );
#5139 = ORIENTED_EDGE('',*,*,#5140,.T.);
#5140 = EDGE_CURVE('',#5119,#4940,#5141,.T.);
#5141 = SURFACE_CURVE('',#5142,(#5146,#5153),.PCURVE_S1.);
#5142 = LINE('',#5143,#5144);
#5143 = CARTESIAN_POINT('',(0.5,-0.75,8.E-02));
#5144 = VECTOR('',#5145,1.);
#5145 = DIRECTION('',(-0.,1.,0.));
#5146 = PCURVE('',#3134,#5147);
#5147 = DEFINITIONAL_REPRESENTATION('',(#5148),#5152);
#5148 = LINE('',#5149,#5150);
#5149 = CARTESIAN_POINT('',(-1.570796326795,0.));
#5150 = VECTOR('',#5151,1.);
#5151 = DIRECTION('',(-0.,1.));
#5152 = ( GEOMETRIC_REPRESENTATION_CONTEXT(2) 
PARAMETRIC_REPRESENTATION_CONTEXT() REPRESENTATION_CONTEXT('2D SPACE',''
  ) );
#5153 = PCURVE('',#3719,#5154);
#5154 = DEFINITIONAL_REPRESENTATION('',(#5155),#5159);
#5155 = LINE('',#5156,#5157);
#5156 = CARTESIAN_POINT('',(-4.92,-5.7));
#5157 = VECTOR('',#5158,1.);
#5158 = DIRECTION('',(0.,-1.));
#5159 = ( GEOMETRIC_REPRESENTATION_CONTEXT(2) 
PARAMETRIC_REPRESENTATION_CONTEXT() REPRESENTATION_CONTEXT('2D SPACE',''
  ) );
#5160 = ORIENTED_EDGE('',*,*,#5161,.T.);
#5161 = EDGE_CURVE('',#4940,#3119,#5162,.T.);
#5162 = SURFACE_CURVE('',#5163,(#5168,#5174),.PCURVE_S1.);
#5163 = CIRCLE('',#5164,8.E-02);
#5164 = AXIS2_PLACEMENT_3D('',#5165,#5166,#5167);
#5165 = CARTESIAN_POINT('',(0.42,0.67,8.E-02));
#5166 = DIRECTION('',(0.,1.,1.387778780781E-15));
#5167 = DIRECTION('',(-0.,1.387778780781E-15,-1.));
#5168 = PCURVE('',#3134,#5169);
#5169 = DEFINITIONAL_REPRESENTATION('',(#5170),#5173);
#5170 = B_SPLINE_CURVE_WITH_KNOTS('',1,(#5171,#5172),.UNSPECIFIED.,.F.,
  .F.,(2,2),(4.712388980385,6.28318530718),.PIECEWISE_BEZIER_KNOTS.);
#5171 = CARTESIAN_POINT('',(-1.570796326795,1.42));
#5172 = CARTESIAN_POINT('',(0.,1.42));
#5173 = ( GEOMETRIC_REPRESENTATION_CONTEXT(2) 
PARAMETRIC_REPRESENTATION_CONTEXT() REPRESENTATION_CONTEXT('2D SPACE',''
  ) );
#5174 = PCURVE('',#4923,#5175);
#5175 = DEFINITIONAL_REPRESENTATION('',(#5176),#5179);
#5176 = B_SPLINE_CURVE_WITH_KNOTS('',1,(#5177,#5178),.UNSPECIFIED.,.F.,
  .F.,(2,2),(4.712388980385,6.28318530718),.PIECEWISE_BEZIER_KNOTS.);
#5177 = CARTESIAN_POINT('',(0.,-1.570796326795));
#5178 = CARTESIAN_POINT('',(0.,0.));
#5179 = ( GEOMETRIC_REPRESENTATION_CONTEXT(2) 
PARAMETRIC_REPRESENTATION_CONTEXT() REPRESENTATION_CONTEXT('2D SPACE',''
  ) );
#5180 = ORIENTED_EDGE('',*,*,#3118,.F.);
#5181 = ADVANCED_FACE('',(#5182),#3210,.T.);
#5182 = FACE_BOUND('',#5183,.F.);
#5183 = EDGE_LOOP('',(#5184,#5204,#5227,#5247));
#5184 = ORIENTED_EDGE('',*,*,#5185,.F.);
#5185 = EDGE_CURVE('',#5041,#3195,#5186,.T.);
#5186 = SURFACE_CURVE('',#5187,(#5192,#5198),.PCURVE_S1.);
#5187 = CIRCLE('',#5188,8.E-02);
#5188 = AXIS2_PLACEMENT_3D('',#5189,#5190,#5191);
#5189 = CARTESIAN_POINT('',(0.42,-4.33,8.E-02));
#5190 = DIRECTION('',(0.,6.123233995737E-17,1.));
#5191 = DIRECTION('',(-0.,1.,-6.123233995737E-17));
#5192 = PCURVE('',#3210,#5193);
#5193 = DEFINITIONAL_REPRESENTATION('',(#5194),#5197);
#5194 = B_SPLINE_CURVE_WITH_KNOTS('',1,(#5195,#5196),.UNSPECIFIED.,.F.,
  .F.,(2,2),(4.712388980385,6.28318530718),.PIECEWISE_BEZIER_KNOTS.);
#5195 = CARTESIAN_POINT('',(-1.570796326795,8.E-02));
#5196 = CARTESIAN_POINT('',(0.,8.E-02));
#5197 = ( GEOMETRIC_REPRESENTATION_CONTEXT(2) 
PARAMETRIC_REPRESENTATION_CONTEXT() REPRESENTATION_CONTEXT('2D SPACE',''
  ) );
#5198 = PCURVE('',#5004,#5199);
#5199 = DEFINITIONAL_REPRESENTATION('',(#5200),#5203);
#5200 = B_SPLINE_CURVE_WITH_KNOTS('',1,(#5201,#5202),.UNSPECIFIED.,.F.,
  .F.,(2,2),(4.712388980385,6.28318530718),.PIECEWISE_BEZIER_KNOTS.);
#5201 = CARTESIAN_POINT('',(-1.570796326795,-1.570796326795));
#5202 = CARTESIAN_POINT('',(-1.570796326795,0.));
#5203 = ( GEOMETRIC_REPRESENTATION_CONTEXT(2) 
PARAMETRIC_REPRESENTATION_CONTEXT() REPRESENTATION_CONTEXT('2D SPACE',''
  ) );
#5204 = ORIENTED_EDGE('',*,*,#5205,.T.);
#5205 = EDGE_CURVE('',#5041,#5206,#5208,.T.);
#5206 = VERTEX_POINT('',#5207);
#5207 = CARTESIAN_POINT('',(0.5,-4.33,4.92));
#5208 = SURFACE_CURVE('',#5209,(#5213,#5220),.PCURVE_S1.);
#5209 = LINE('',#5210,#5211);
#5210 = CARTESIAN_POINT('',(0.5,-4.33,0.));
#5211 = VECTOR('',#5212,1.);
#5212 = DIRECTION('',(0.,0.,1.));
#5213 = PCURVE('',#3210,#5214);
#5214 = DEFINITIONAL_REPRESENTATION('',(#5215),#5219);
#5215 = LINE('',#5216,#5217);
#5216 = CARTESIAN_POINT('',(-1.570796326795,0.));
#5217 = VECTOR('',#5218,1.);
#5218 = DIRECTION('',(-0.,1.));
#5219 = ( GEOMETRIC_REPRESENTATION_CONTEXT(2) 
PARAMETRIC_REPRESENTATION_CONTEXT() REPRESENTATION_CONTEXT('2D SPACE',''
  ) );
#5220 = PCURVE('',#3719,#5221);
#5221 = DEFINITIONAL_REPRESENTATION('',(#5222),#5226);
#5222 = LINE('',#5223,#5224);
#5223 = CARTESIAN_POINT('',(-5.,-2.12));
#5224 = VECTOR('',#5225,1.);
#5225 = DIRECTION('',(1.,0.));
#5226 = ( GEOMETRIC_REPRESENTATION_CONTEXT(2) 
PARAMETRIC_REPRESENTATION_CONTEXT() REPRESENTATION_CONTEXT('2D SPACE',''
  ) );
#5227 = ORIENTED_EDGE('',*,*,#5228,.T.);
#5228 = EDGE_CURVE('',#5206,#3172,#5229,.T.);
#5229 = SURFACE_CURVE('',#5230,(#5235,#5241),.PCURVE_S1.);
#5230 = CIRCLE('',#5231,8.E-02);
#5231 = AXIS2_PLACEMENT_3D('',#5232,#5233,#5234);
#5232 = CARTESIAN_POINT('',(0.42,-4.33,4.92));
#5233 = DIRECTION('',(0.,6.123233995737E-17,1.));
#5234 = DIRECTION('',(0.,-1.,6.123233995737E-17));
#5235 = PCURVE('',#3210,#5236);
#5236 = DEFINITIONAL_REPRESENTATION('',(#5237),#5240);
#5237 = B_SPLINE_CURVE_WITH_KNOTS('',1,(#5238,#5239),.UNSPECIFIED.,.F.,
  .F.,(2,2),(1.570796326795,3.14159265359),.PIECEWISE_BEZIER_KNOTS.);
#5238 = CARTESIAN_POINT('',(-1.570796326795,4.92));
#5239 = CARTESIAN_POINT('',(0.,4.92));
#5240 = ( GEOMETRIC_REPRESENTATION_CONTEXT(2) 
PARAMETRIC_REPRESENTATION_CONTEXT() REPRESENTATION_CONTEXT('2D SPACE',''
  ) );
#5241 = PCURVE('',#3340,#5242);
#5242 = DEFINITIONAL_REPRESENTATION('',(#5243),#5246);
#5243 = B_SPLINE_CURVE_WITH_KNOTS('',1,(#5244,#5245),.UNSPECIFIED.,.F.,
  .F.,(2,2),(1.570796326795,3.14159265359),.PIECEWISE_BEZIER_KNOTS.);
#5244 = CARTESIAN_POINT('',(1.570796326795,1.570796326795));
#5245 = CARTESIAN_POINT('',(1.570796326795,3.14159265359));
#5246 = ( GEOMETRIC_REPRESENTATION_CONTEXT(2) 
PARAMETRIC_REPRESENTATION_CONTEXT() REPRESENTATION_CONTEXT('2D SPACE',''
  ) );
#5247 = ORIENTED_EDGE('',*,*,#3194,.F.);
#5248 = ADVANCED_FACE('',(#5249),#3286,.T.);
#5249 = FACE_BOUND('',#5250,.T.);
#5250 = EDGE_LOOP('',(#5251,#5252,#5274,#5297));
#5251 = ORIENTED_EDGE('',*,*,#3270,.F.);
#5252 = ORIENTED_EDGE('',*,*,#5253,.T.);
#5253 = EDGE_CURVE('',#3271,#5119,#5254,.T.);
#5254 = SURFACE_CURVE('',#5255,(#5260,#5267),.PCURVE_S1.);
#5255 = CIRCLE('',#5256,8.E-02);
#5256 = AXIS2_PLACEMENT_3D('',#5257,#5258,#5259);
#5257 = CARTESIAN_POINT('',(0.42,-0.67,8.E-02));
#5258 = DIRECTION('',(0.,0.,1.));
#5259 = DIRECTION('',(0.,-1.,0.));
#5260 = PCURVE('',#3286,#5261);
#5261 = DEFINITIONAL_REPRESENTATION('',(#5262),#5266);
#5262 = LINE('',#5263,#5264);
#5263 = CARTESIAN_POINT('',(0.,8.E-02));
#5264 = VECTOR('',#5265,1.);
#5265 = DIRECTION('',(1.,0.));
#5266 = ( GEOMETRIC_REPRESENTATION_CONTEXT(2) 
PARAMETRIC_REPRESENTATION_CONTEXT() REPRESENTATION_CONTEXT('2D SPACE',''
  ) );
#5267 = PCURVE('',#5103,#5268);
#5268 = DEFINITIONAL_REPRESENTATION('',(#5269),#5273);
#5269 = LINE('',#5270,#5271);
#5270 = CARTESIAN_POINT('',(0.,0.));
#5271 = VECTOR('',#5272,1.);
#5272 = DIRECTION('',(1.,0.));
#5273 = ( GEOMETRIC_REPRESENTATION_CONTEXT(2) 
PARAMETRIC_REPRESENTATION_CONTEXT() REPRESENTATION_CONTEXT('2D SPACE',''
  ) );
#5274 = ORIENTED_EDGE('',*,*,#5275,.T.);
#5275 = EDGE_CURVE('',#5119,#5276,#5278,.T.);
#5276 = VERTEX_POINT('',#5277);
#5277 = CARTESIAN_POINT('',(0.5,-0.67,4.92));
#5278 = SURFACE_CURVE('',#5279,(#5283,#5290),.PCURVE_S1.);
#5279 = LINE('',#5280,#5281);
#5280 = CARTESIAN_POINT('',(0.5,-0.67,0.));
#5281 = VECTOR('',#5282,1.);
#5282 = DIRECTION('',(0.,0.,1.));
#5283 = PCURVE('',#3286,#5284);
#5284 = DEFINITIONAL_REPRESENTATION('',(#5285),#5289);
#5285 = LINE('',#5286,#5287);
#5286 = CARTESIAN_POINT('',(1.570796326795,0.));
#5287 = VECTOR('',#5288,1.);
#5288 = DIRECTION('',(0.,1.));
#5289 = ( GEOMETRIC_REPRESENTATION_CONTEXT(2) 
PARAMETRIC_REPRESENTATION_CONTEXT() REPRESENTATION_CONTEXT('2D SPACE',''
  ) );
#5290 = PCURVE('',#3719,#5291);
#5291 = DEFINITIONAL_REPRESENTATION('',(#5292),#5296);
#5292 = LINE('',#5293,#5294);
#5293 = CARTESIAN_POINT('',(-5.,-5.78));
#5294 = VECTOR('',#5295,1.);
#5295 = DIRECTION('',(1.,0.));
#5296 = ( GEOMETRIC_REPRESENTATION_CONTEXT(2) 
PARAMETRIC_REPRESENTATION_CONTEXT() REPRESENTATION_CONTEXT('2D SPACE',''
  ) );
#5297 = ORIENTED_EDGE('',*,*,#5298,.T.);
#5298 = EDGE_CURVE('',#5276,#3248,#5299,.T.);
#5299 = SURFACE_CURVE('',#5300,(#5305,#5311),.PCURVE_S1.);
#5300 = CIRCLE('',#5301,8.E-02);
#5301 = AXIS2_PLACEMENT_3D('',#5302,#5303,#5304);
#5302 = CARTESIAN_POINT('',(0.42,-0.67,4.92));
#5303 = DIRECTION('',(0.,-2.880858675299E-15,-1.));
#5304 = DIRECTION('',(-0.,1.,-2.880858675299E-15));
#5305 = PCURVE('',#3286,#5306);
#5306 = DEFINITIONAL_REPRESENTATION('',(#5307),#5310);
#5307 = B_SPLINE_CURVE_WITH_KNOTS('',1,(#5308,#5309),.UNSPECIFIED.,.F.,
  .F.,(2,2),(1.570796326795,3.14159265359),.PIECEWISE_BEZIER_KNOTS.);
#5308 = CARTESIAN_POINT('',(1.570796326795,4.92));
#5309 = CARTESIAN_POINT('',(0.,4.92));
#5310 = ( GEOMETRIC_REPRESENTATION_CONTEXT(2) 
PARAMETRIC_REPRESENTATION_CONTEXT() REPRESENTATION_CONTEXT('2D SPACE',''
  ) );
#5311 = PCURVE('',#3415,#5312);
#5312 = DEFINITIONAL_REPRESENTATION('',(#5313),#5316);
#5313 = B_SPLINE_CURVE_WITH_KNOTS('',1,(#5314,#5315),.UNSPECIFIED.,.F.,
  .F.,(2,2),(1.570796326795,3.14159265359),.PIECEWISE_BEZIER_KNOTS.);
#5314 = CARTESIAN_POINT('',(-1.570796326795,1.570796326795));
#5315 = CARTESIAN_POINT('',(-1.570796326795,3.14159265359));
#5316 = ( GEOMETRIC_REPRESENTATION_CONTEXT(2) 
PARAMETRIC_REPRESENTATION_CONTEXT() REPRESENTATION_CONTEXT('2D SPACE',''
  ) );
#5317 = ADVANCED_FACE('',(#5318),#3340,.T.);
#5318 = FACE_BOUND('',#5319,.T.);
#5319 = EDGE_LOOP('',(#5320,#5342,#5364,#5365));
#5320 = ORIENTED_EDGE('',*,*,#5321,.F.);
#5321 = EDGE_CURVE('',#5322,#3324,#5324,.T.);
#5322 = VERTEX_POINT('',#5323);
#5323 = CARTESIAN_POINT('',(0.5,-4.17,5.08));
#5324 = SURFACE_CURVE('',#5325,(#5330,#5336),.PCURVE_S1.);
#5325 = CIRCLE('',#5326,8.E-02);
#5326 = AXIS2_PLACEMENT_3D('',#5327,#5328,#5329);
#5327 = CARTESIAN_POINT('',(0.42,-4.17,5.08));
#5328 = DIRECTION('',(-0.,1.,0.));
#5329 = DIRECTION('',(0.,0.,1.));
#5330 = PCURVE('',#3340,#5331);
#5331 = DEFINITIONAL_REPRESENTATION('',(#5332),#5335);
#5332 = B_SPLINE_CURVE_WITH_KNOTS('',1,(#5333,#5334),.UNSPECIFIED.,.F.,
  .F.,(2,2),(1.570796326795,3.14159265359),.PIECEWISE_BEZIER_KNOTS.);
#5333 = CARTESIAN_POINT('',(0.,1.570796326795));
#5334 = CARTESIAN_POINT('',(0.,3.14159265359));
#5335 = ( GEOMETRIC_REPRESENTATION_CONTEXT(2) 
PARAMETRIC_REPRESENTATION_CONTEXT() REPRESENTATION_CONTEXT('2D SPACE',''
  ) );
#5336 = PCURVE('',#3448,#5337);
#5337 = DEFINITIONAL_REPRESENTATION('',(#5338),#5341);
#5338 = B_SPLINE_CURVE_WITH_KNOTS('',1,(#5339,#5340),.UNSPECIFIED.,.F.,
  .F.,(2,2),(1.570796326795,3.14159265359),.PIECEWISE_BEZIER_KNOTS.);
#5339 = CARTESIAN_POINT('',(-1.570796326795,8.E-02));
#5340 = CARTESIAN_POINT('',(0.,8.E-02));
#5341 = ( GEOMETRIC_REPRESENTATION_CONTEXT(2) 
PARAMETRIC_REPRESENTATION_CONTEXT() REPRESENTATION_CONTEXT('2D SPACE',''
  ) );
#5342 = ORIENTED_EDGE('',*,*,#5343,.T.);
#5343 = EDGE_CURVE('',#5322,#5206,#5344,.T.);
#5344 = SURFACE_CURVE('',#5345,(#5350,#5357),.PCURVE_S1.);
#5345 = CIRCLE('',#5346,0.16);
#5346 = AXIS2_PLACEMENT_3D('',#5347,#5348,#5349);
#5347 = CARTESIAN_POINT('',(0.5,-4.17,4.92));
#5348 = DIRECTION('',(1.,0.,-0.));
#5349 = DIRECTION('',(0.,0.,1.));
#5350 = PCURVE('',#3340,#5351);
#5351 = DEFINITIONAL_REPRESENTATION('',(#5352),#5356);
#5352 = LINE('',#5353,#5354);
#5353 = CARTESIAN_POINT('',(0.,1.570796326795));
#5354 = VECTOR('',#5355,1.);
#5355 = DIRECTION('',(1.,0.));
#5356 = ( GEOMETRIC_REPRESENTATION_CONTEXT(2) 
PARAMETRIC_REPRESENTATION_CONTEXT() REPRESENTATION_CONTEXT('2D SPACE',''
  ) );
#5357 = PCURVE('',#3719,#5358);
#5358 = DEFINITIONAL_REPRESENTATION('',(#5359),#5363);
#5359 = CIRCLE('',#5360,0.16);
#5360 = AXIS2_PLACEMENT_2D('',#5361,#5362);
#5361 = CARTESIAN_POINT('',(-8.E-02,-2.28));
#5362 = DIRECTION('',(1.,0.));
#5363 = ( GEOMETRIC_REPRESENTATION_CONTEXT(2) 
PARAMETRIC_REPRESENTATION_CONTEXT() REPRESENTATION_CONTEXT('2D SPACE',''
  ) );
#5364 = ORIENTED_EDGE('',*,*,#5228,.T.);
#5365 = ORIENTED_EDGE('',*,*,#3323,.F.);
#5366 = ADVANCED_FACE('',(#5367),#3415,.T.);
#5367 = FACE_BOUND('',#5368,.F.);
#5368 = EDGE_LOOP('',(#5369,#5391,#5417,#5418));
#5369 = ORIENTED_EDGE('',*,*,#5370,.F.);
#5370 = EDGE_CURVE('',#5371,#3378,#5373,.T.);
#5371 = VERTEX_POINT('',#5372);
#5372 = CARTESIAN_POINT('',(0.5,-0.83,5.08));
#5373 = SURFACE_CURVE('',#5374,(#5379,#5385),.PCURVE_S1.);
#5374 = CIRCLE('',#5375,8.E-02);
#5375 = AXIS2_PLACEMENT_3D('',#5376,#5377,#5378);
#5376 = CARTESIAN_POINT('',(0.42,-0.83,5.08));
#5377 = DIRECTION('',(-0.,1.,-1.387778780781E-15));
#5378 = DIRECTION('',(0.,1.387778780781E-15,1.));
#5379 = PCURVE('',#3415,#5380);
#5380 = DEFINITIONAL_REPRESENTATION('',(#5381),#5384);
#5381 = B_SPLINE_CURVE_WITH_KNOTS('',1,(#5382,#5383),.UNSPECIFIED.,.F.,
  .F.,(2,2),(1.570796326795,3.14159265359),.PIECEWISE_BEZIER_KNOTS.);
#5382 = CARTESIAN_POINT('',(0.,1.570796326795));
#5383 = CARTESIAN_POINT('',(0.,3.14159265359));
#5384 = ( GEOMETRIC_REPRESENTATION_CONTEXT(2) 
PARAMETRIC_REPRESENTATION_CONTEXT() REPRESENTATION_CONTEXT('2D SPACE',''
  ) );
#5385 = PCURVE('',#3448,#5386);
#5386 = DEFINITIONAL_REPRESENTATION('',(#5387),#5390);
#5387 = B_SPLINE_CURVE_WITH_KNOTS('',1,(#5388,#5389),.UNSPECIFIED.,.F.,
  .F.,(2,2),(1.570796326795,3.14159265359),.PIECEWISE_BEZIER_KNOTS.);
#5388 = CARTESIAN_POINT('',(-1.570796326795,3.42));
#5389 = CARTESIAN_POINT('',(0.,3.42));
#5390 = ( GEOMETRIC_REPRESENTATION_CONTEXT(2) 
PARAMETRIC_REPRESENTATION_CONTEXT() REPRESENTATION_CONTEXT('2D SPACE',''
  ) );
#5391 = ORIENTED_EDGE('',*,*,#5392,.T.);
#5392 = EDGE_CURVE('',#5371,#5276,#5393,.T.);
#5393 = SURFACE_CURVE('',#5394,(#5399,#5406),.PCURVE_S1.);
#5394 = CIRCLE('',#5395,0.16);
#5395 = AXIS2_PLACEMENT_3D('',#5396,#5397,#5398);
#5396 = CARTESIAN_POINT('',(0.5,-0.83,4.92));
#5397 = DIRECTION('',(-1.,0.,0.));
#5398 = DIRECTION('',(0.,1.387778780781E-15,1.));
#5399 = PCURVE('',#3415,#5400);
#5400 = DEFINITIONAL_REPRESENTATION('',(#5401),#5405);
#5401 = LINE('',#5402,#5403);
#5402 = CARTESIAN_POINT('',(-0.,1.570796326795));
#5403 = VECTOR('',#5404,1.);
#5404 = DIRECTION('',(-1.,0.));
#5405 = ( GEOMETRIC_REPRESENTATION_CONTEXT(2) 
PARAMETRIC_REPRESENTATION_CONTEXT() REPRESENTATION_CONTEXT('2D SPACE',''
  ) );
#5406 = PCURVE('',#3719,#5407);
#5407 = DEFINITIONAL_REPRESENTATION('',(#5408),#5416);
#5408 = ( BOUNDED_CURVE() B_SPLINE_CURVE(2,(#5409,#5410,#5411,#5412,
#5413,#5414,#5415),.UNSPECIFIED.,.T.,.F.) B_SPLINE_CURVE_WITH_KNOTS((1,2
    ,2,2,2,1),(-2.094395102393,0.,2.094395102393,4.188790204786,
6.28318530718,8.377580409573),.UNSPECIFIED.) CURVE() 
GEOMETRIC_REPRESENTATION_ITEM() RATIONAL_B_SPLINE_CURVE((1.,0.5,1.,0.5,
1.,0.5,1.)) REPRESENTATION_ITEM('') );
#5409 = CARTESIAN_POINT('',(8.E-02,-5.62));
#5410 = CARTESIAN_POINT('',(8.E-02,-5.897128129211));
#5411 = CARTESIAN_POINT('',(-0.16,-5.758564064606));
#5412 = CARTESIAN_POINT('',(-0.4,-5.62));
#5413 = CARTESIAN_POINT('',(-0.16,-5.481435935394));
#5414 = CARTESIAN_POINT('',(8.E-02,-5.342871870789));
#5415 = CARTESIAN_POINT('',(8.E-02,-5.62));
#5416 = ( GEOMETRIC_REPRESENTATION_CONTEXT(2) 
PARAMETRIC_REPRESENTATION_CONTEXT() REPRESENTATION_CONTEXT('2D SPACE',''
  ) );
#5417 = ORIENTED_EDGE('',*,*,#5298,.T.);
#5418 = ORIENTED_EDGE('',*,*,#3400,.F.);
#5419 = ADVANCED_FACE('',(#5420),#3448,.T.);
#5420 = FACE_BOUND('',#5421,.F.);
#5421 = EDGE_LOOP('',(#5422,#5423,#5444,#5445));
#5422 = ORIENTED_EDGE('',*,*,#5321,.F.);
#5423 = ORIENTED_EDGE('',*,*,#5424,.T.);
#5424 = EDGE_CURVE('',#5322,#5371,#5425,.T.);
#5425 = SURFACE_CURVE('',#5426,(#5430,#5437),.PCURVE_S1.);
#5426 = LINE('',#5427,#5428);
#5427 = CARTESIAN_POINT('',(0.5,-4.25,5.08));
#5428 = VECTOR('',#5429,1.);
#5429 = DIRECTION('',(-0.,1.,0.));
#5430 = PCURVE('',#3448,#5431);
#5431 = DEFINITIONAL_REPRESENTATION('',(#5432),#5436);
#5432 = LINE('',#5433,#5434);
#5433 = CARTESIAN_POINT('',(-1.570796326795,0.));
#5434 = VECTOR('',#5435,1.);
#5435 = DIRECTION('',(-0.,1.));
#5436 = ( GEOMETRIC_REPRESENTATION_CONTEXT(2) 
PARAMETRIC_REPRESENTATION_CONTEXT() REPRESENTATION_CONTEXT('2D SPACE',''
  ) );
#5437 = PCURVE('',#3719,#5438);
#5438 = DEFINITIONAL_REPRESENTATION('',(#5439),#5443);
#5439 = LINE('',#5440,#5441);
#5440 = CARTESIAN_POINT('',(8.E-02,-2.2));
#5441 = VECTOR('',#5442,1.);
#5442 = DIRECTION('',(0.,-1.));
#5443 = ( GEOMETRIC_REPRESENTATION_CONTEXT(2) 
PARAMETRIC_REPRESENTATION_CONTEXT() REPRESENTATION_CONTEXT('2D SPACE',''
  ) );
#5444 = ORIENTED_EDGE('',*,*,#5370,.T.);
#5445 = ORIENTED_EDGE('',*,*,#3434,.F.);
#5446 = ADVANCED_FACE('',(#5447),#3557,.T.);
#5447 = FACE_BOUND('',#5448,.T.);
#5448 = EDGE_LOOP('',(#5449,#5450,#5451,#5479,#5512,#5540,#5568,#5596,
    #5629,#5657,#5690,#5718,#5746,#5774,#5807,#5833));
#5449 = ORIENTED_EDGE('',*,*,#3541,.F.);
#5450 = ORIENTED_EDGE('',*,*,#3919,.T.);
#5451 = ORIENTED_EDGE('',*,*,#5452,.T.);
#5452 = EDGE_CURVE('',#3891,#5453,#5455,.T.);
#5453 = VERTEX_POINT('',#5454);
#5454 = CARTESIAN_POINT('',(7.4,-5.83,5.08));
#5455 = SURFACE_CURVE('',#5456,(#5460,#5467),.PCURVE_S1.);
#5456 = LINE('',#5457,#5458);
#5457 = CARTESIAN_POINT('',(7.4,-6.45,5.08));
#5458 = VECTOR('',#5459,1.);
#5459 = DIRECTION('',(-0.,1.,0.));
#5460 = PCURVE('',#3557,#5461);
#5461 = DEFINITIONAL_REPRESENTATION('',(#5462),#5466);
#5462 = LINE('',#5463,#5464);
#5463 = CARTESIAN_POINT('',(-5.12,0.));
#5464 = VECTOR('',#5465,1.);
#5465 = DIRECTION('',(0.,-1.));
#5466 = ( GEOMETRIC_REPRESENTATION_CONTEXT(2) 
PARAMETRIC_REPRESENTATION_CONTEXT() REPRESENTATION_CONTEXT('2D SPACE',''
  ) );
#5467 = PCURVE('',#5468,#5473);
#5468 = CYLINDRICAL_SURFACE('',#5469,8.E-02);
#5469 = AXIS2_PLACEMENT_3D('',#5470,#5471,#5472);
#5470 = CARTESIAN_POINT('',(7.32,-6.45,5.08));
#5471 = DIRECTION('',(-0.,1.,0.));
#5472 = DIRECTION('',(1.,0.,-0.));
#5473 = DEFINITIONAL_REPRESENTATION('',(#5474),#5478);
#5474 = LINE('',#5475,#5476);
#5475 = CARTESIAN_POINT('',(0.,0.));
#5476 = VECTOR('',#5477,1.);
#5477 = DIRECTION('',(0.,1.));
#5478 = ( GEOMETRIC_REPRESENTATION_CONTEXT(2) 
PARAMETRIC_REPRESENTATION_CONTEXT() REPRESENTATION_CONTEXT('2D SPACE',''
  ) );
#5479 = ORIENTED_EDGE('',*,*,#5480,.T.);
#5480 = EDGE_CURVE('',#5453,#5481,#5483,.T.);
#5481 = VERTEX_POINT('',#5482);
#5482 = CARTESIAN_POINT('',(7.4,-5.67,4.92));
#5483 = SURFACE_CURVE('',#5484,(#5489,#5500),.PCURVE_S1.);
#5484 = CIRCLE('',#5485,0.16);
#5485 = AXIS2_PLACEMENT_3D('',#5486,#5487,#5488);
#5486 = CARTESIAN_POINT('',(7.4,-5.83,4.92));
#5487 = DIRECTION('',(-1.,-0.,0.));
#5488 = DIRECTION('',(0.,0.,1.));
#5489 = PCURVE('',#3557,#5490);
#5490 = DEFINITIONAL_REPRESENTATION('',(#5491),#5499);
#5491 = ( BOUNDED_CURVE() B_SPLINE_CURVE(2,(#5492,#5493,#5494,#5495,
#5496,#5497,#5498),.UNSPECIFIED.,.T.,.F.) B_SPLINE_CURVE_WITH_KNOTS((1,2
    ,2,2,2,1),(-2.094395102393,0.,2.094395102393,4.188790204786,
6.28318530718,8.377580409573),.UNSPECIFIED.) CURVE() 
GEOMETRIC_REPRESENTATION_ITEM() RATIONAL_B_SPLINE_CURVE((1.,0.5,1.,0.5,
1.,0.5,1.)) REPRESENTATION_ITEM('') );
#5492 = CARTESIAN_POINT('',(-5.12,-0.62));
#5493 = CARTESIAN_POINT('',(-5.12,-0.897128129211));
#5494 = CARTESIAN_POINT('',(-5.36,-0.758564064606));
#5495 = CARTESIAN_POINT('',(-5.6,-0.62));
#5496 = CARTESIAN_POINT('',(-5.36,-0.481435935394));
#5497 = CARTESIAN_POINT('',(-5.12,-0.342871870789));
#5498 = CARTESIAN_POINT('',(-5.12,-0.62));
#5499 = ( GEOMETRIC_REPRESENTATION_CONTEXT(2) 
PARAMETRIC_REPRESENTATION_CONTEXT() REPRESENTATION_CONTEXT('2D SPACE',''
  ) );
#5500 = PCURVE('',#5501,#5506);
#5501 = TOROIDAL_SURFACE('',#5502,0.16,8.E-02);
#5502 = AXIS2_PLACEMENT_3D('',#5503,#5504,#5505);
#5503 = CARTESIAN_POINT('',(7.32,-5.83,4.92));
#5504 = DIRECTION('',(1.,0.,-0.));
#5505 = DIRECTION('',(0.,0.,1.));
#5506 = DEFINITIONAL_REPRESENTATION('',(#5507),#5511);
#5507 = LINE('',#5508,#5509);
#5508 = CARTESIAN_POINT('',(-0.,1.570796326795));
#5509 = VECTOR('',#5510,1.);
#5510 = DIRECTION('',(-1.,0.));
#5511 = ( GEOMETRIC_REPRESENTATION_CONTEXT(2) 
PARAMETRIC_REPRESENTATION_CONTEXT() REPRESENTATION_CONTEXT('2D SPACE',''
  ) );
#5512 = ORIENTED_EDGE('',*,*,#5513,.F.);
#5513 = EDGE_CURVE('',#5514,#5481,#5516,.T.);
#5514 = VERTEX_POINT('',#5515);
#5515 = CARTESIAN_POINT('',(7.4,-5.67,8.E-02));
#5516 = SURFACE_CURVE('',#5517,(#5521,#5528),.PCURVE_S1.);
#5517 = LINE('',#5518,#5519);
#5518 = CARTESIAN_POINT('',(7.4,-5.67,0.));
#5519 = VECTOR('',#5520,1.);
#5520 = DIRECTION('',(0.,0.,1.));
#5521 = PCURVE('',#3557,#5522);
#5522 = DEFINITIONAL_REPRESENTATION('',(#5523),#5527);
#5523 = LINE('',#5524,#5525);
#5524 = CARTESIAN_POINT('',(-10.2,-0.78));
#5525 = VECTOR('',#5526,1.);
#5526 = DIRECTION('',(1.,0.));
#5527 = ( GEOMETRIC_REPRESENTATION_CONTEXT(2) 
PARAMETRIC_REPRESENTATION_CONTEXT() REPRESENTATION_CONTEXT('2D SPACE',''
  ) );
#5528 = PCURVE('',#5529,#5534);
#5529 = CYLINDRICAL_SURFACE('',#5530,8.E-02);
#5530 = AXIS2_PLACEMENT_3D('',#5531,#5532,#5533);
#5531 = CARTESIAN_POINT('',(7.32,-5.67,0.));
#5532 = DIRECTION('',(0.,0.,1.));
#5533 = DIRECTION('',(1.,0.,-0.));
#5534 = DEFINITIONAL_REPRESENTATION('',(#5535),#5539);
#5535 = LINE('',#5536,#5537);
#5536 = CARTESIAN_POINT('',(-0.,0.));
#5537 = VECTOR('',#5538,1.);
#5538 = DIRECTION('',(-0.,1.));
#5539 = ( GEOMETRIC_REPRESENTATION_CONTEXT(2) 
PARAMETRIC_REPRESENTATION_CONTEXT() REPRESENTATION_CONTEXT('2D SPACE',''
  ) );
#5540 = ORIENTED_EDGE('',*,*,#5541,.T.);
#5541 = EDGE_CURVE('',#5514,#5542,#5544,.T.);
#5542 = VERTEX_POINT('',#5543);
#5543 = CARTESIAN_POINT('',(7.4,-4.33,8.E-02));
#5544 = SURFACE_CURVE('',#5545,(#5549,#5556),.PCURVE_S1.);
#5545 = LINE('',#5546,#5547);
#5546 = CARTESIAN_POINT('',(7.4,-5.75,8.E-02));
#5547 = VECTOR('',#5548,1.);
#5548 = DIRECTION('',(-0.,1.,0.));
#5549 = PCURVE('',#3557,#5550);
#5550 = DEFINITIONAL_REPRESENTATION('',(#5551),#5555);
#5551 = LINE('',#5552,#5553);
#5552 = CARTESIAN_POINT('',(-10.12,-0.7));
#5553 = VECTOR('',#5554,1.);
#5554 = DIRECTION('',(0.,-1.));
#5555 = ( GEOMETRIC_REPRESENTATION_CONTEXT(2) 
PARAMETRIC_REPRESENTATION_CONTEXT() REPRESENTATION_CONTEXT('2D SPACE',''
  ) );
#5556 = PCURVE('',#5557,#5562);
#5557 = CYLINDRICAL_SURFACE('',#5558,8.E-02);
#5558 = AXIS2_PLACEMENT_3D('',#5559,#5560,#5561);
#5559 = CARTESIAN_POINT('',(7.32,-5.75,8.E-02));
#5560 = DIRECTION('',(-0.,1.,0.));
#5561 = DIRECTION('',(1.,0.,-0.));
#5562 = DEFINITIONAL_REPRESENTATION('',(#5563),#5567);
#5563 = LINE('',#5564,#5565);
#5564 = CARTESIAN_POINT('',(0.,0.));
#5565 = VECTOR('',#5566,1.);
#5566 = DIRECTION('',(0.,1.));
#5567 = ( GEOMETRIC_REPRESENTATION_CONTEXT(2) 
PARAMETRIC_REPRESENTATION_CONTEXT() REPRESENTATION_CONTEXT('2D SPACE',''
  ) );
#5568 = ORIENTED_EDGE('',*,*,#5569,.T.);
#5569 = EDGE_CURVE('',#5542,#5570,#5572,.T.);
#5570 = VERTEX_POINT('',#5571);
#5571 = CARTESIAN_POINT('',(7.4,-4.33,4.92));
#5572 = SURFACE_CURVE('',#5573,(#5577,#5584),.PCURVE_S1.);
#5573 = LINE('',#5574,#5575);
#5574 = CARTESIAN_POINT('',(7.4,-4.33,0.));
#5575 = VECTOR('',#5576,1.);
#5576 = DIRECTION('',(0.,0.,1.));
#5577 = PCURVE('',#3557,#5578);
#5578 = DEFINITIONAL_REPRESENTATION('',(#5579),#5583);
#5579 = LINE('',#5580,#5581);
#5580 = CARTESIAN_POINT('',(-10.2,-2.12));
#5581 = VECTOR('',#5582,1.);
#5582 = DIRECTION('',(1.,0.));
#5583 = ( GEOMETRIC_REPRESENTATION_CONTEXT(2) 
PARAMETRIC_REPRESENTATION_CONTEXT() REPRESENTATION_CONTEXT('2D SPACE',''
  ) );
#5584 = PCURVE('',#5585,#5590);
#5585 = CYLINDRICAL_SURFACE('',#5586,8.E-02);
#5586 = AXIS2_PLACEMENT_3D('',#5587,#5588,#5589);
#5587 = CARTESIAN_POINT('',(7.32,-4.33,0.));
#5588 = DIRECTION('',(0.,0.,1.));
#5589 = DIRECTION('',(1.,0.,-0.));
#5590 = DEFINITIONAL_REPRESENTATION('',(#5591),#5595);
#5591 = LINE('',#5592,#5593);
#5592 = CARTESIAN_POINT('',(0.,0.));
#5593 = VECTOR('',#5594,1.);
#5594 = DIRECTION('',(0.,1.));
#5595 = ( GEOMETRIC_REPRESENTATION_CONTEXT(2) 
PARAMETRIC_REPRESENTATION_CONTEXT() REPRESENTATION_CONTEXT('2D SPACE',''
  ) );
#5596 = ORIENTED_EDGE('',*,*,#5597,.T.);
#5597 = EDGE_CURVE('',#5570,#5598,#5600,.T.);
#5598 = VERTEX_POINT('',#5599);
#5599 = CARTESIAN_POINT('',(7.4,-4.17,5.08));
#5600 = SURFACE_CURVE('',#5601,(#5606,#5617),.PCURVE_S1.);
#5601 = CIRCLE('',#5602,0.16);
#5602 = AXIS2_PLACEMENT_3D('',#5603,#5604,#5605);
#5603 = CARTESIAN_POINT('',(7.4,-4.17,4.92));
#5604 = DIRECTION('',(-1.,0.,0.));
#5605 = DIRECTION('',(0.,-1.,0.));
#5606 = PCURVE('',#3557,#5607);
#5607 = DEFINITIONAL_REPRESENTATION('',(#5608),#5616);
#5608 = ( BOUNDED_CURVE() B_SPLINE_CURVE(2,(#5609,#5610,#5611,#5612,
#5613,#5614,#5615),.UNSPECIFIED.,.T.,.F.) B_SPLINE_CURVE_WITH_KNOTS((1,2
    ,2,2,2,1),(-2.094395102393,0.,2.094395102393,4.188790204786,
6.28318530718,8.377580409573),.UNSPECIFIED.) CURVE() 
GEOMETRIC_REPRESENTATION_ITEM() RATIONAL_B_SPLINE_CURVE((1.,0.5,1.,0.5,
1.,0.5,1.)) REPRESENTATION_ITEM('') );
#5609 = CARTESIAN_POINT('',(-5.28,-2.12));
#5610 = CARTESIAN_POINT('',(-5.002871870789,-2.12));
#5611 = CARTESIAN_POINT('',(-5.141435935394,-2.36));
#5612 = CARTESIAN_POINT('',(-5.28,-2.6));
#5613 = CARTESIAN_POINT('',(-5.418564064606,-2.36));
#5614 = CARTESIAN_POINT('',(-5.557128129211,-2.12));
#5615 = CARTESIAN_POINT('',(-5.28,-2.12));
#5616 = ( GEOMETRIC_REPRESENTATION_CONTEXT(2) 
PARAMETRIC_REPRESENTATION_CONTEXT() REPRESENTATION_CONTEXT('2D SPACE',''
  ) );
#5617 = PCURVE('',#5618,#5623);
#5618 = TOROIDAL_SURFACE('',#5619,0.16,8.E-02);
#5619 = AXIS2_PLACEMENT_3D('',#5620,#5621,#5622);
#5620 = CARTESIAN_POINT('',(7.32,-4.17,4.92));
#5621 = DIRECTION('',(1.,0.,-0.));
#5622 = DIRECTION('',(0.,-1.,0.));
#5623 = DEFINITIONAL_REPRESENTATION('',(#5624),#5628);
#5624 = LINE('',#5625,#5626);
#5625 = CARTESIAN_POINT('',(-0.,1.570796326795));
#5626 = VECTOR('',#5627,1.);
#5627 = DIRECTION('',(-1.,0.));
#5628 = ( GEOMETRIC_REPRESENTATION_CONTEXT(2) 
PARAMETRIC_REPRESENTATION_CONTEXT() REPRESENTATION_CONTEXT('2D SPACE',''
  ) );
#5629 = ORIENTED_EDGE('',*,*,#5630,.T.);
#5630 = EDGE_CURVE('',#5598,#5631,#5633,.T.);
#5631 = VERTEX_POINT('',#5632);
#5632 = CARTESIAN_POINT('',(7.4,-0.83,5.08));
#5633 = SURFACE_CURVE('',#5634,(#5638,#5645),.PCURVE_S1.);
#5634 = LINE('',#5635,#5636);
#5635 = CARTESIAN_POINT('',(7.4,-4.25,5.08));
#5636 = VECTOR('',#5637,1.);
#5637 = DIRECTION('',(-0.,1.,0.));
#5638 = PCURVE('',#3557,#5639);
#5639 = DEFINITIONAL_REPRESENTATION('',(#5640),#5644);
#5640 = LINE('',#5641,#5642);
#5641 = CARTESIAN_POINT('',(-5.12,-2.2));
#5642 = VECTOR('',#5643,1.);
#5643 = DIRECTION('',(0.,-1.));
#5644 = ( GEOMETRIC_REPRESENTATION_CONTEXT(2) 
PARAMETRIC_REPRESENTATION_CONTEXT() REPRESENTATION_CONTEXT('2D SPACE',''
  ) );
#5645 = PCURVE('',#5646,#5651);
#5646 = CYLINDRICAL_SURFACE('',#5647,8.E-02);
#5647 = AXIS2_PLACEMENT_3D('',#5648,#5649,#5650);
#5648 = CARTESIAN_POINT('',(7.32,-4.25,5.08));
#5649 = DIRECTION('',(-0.,1.,0.));
#5650 = DIRECTION('',(1.,0.,-0.));
#5651 = DEFINITIONAL_REPRESENTATION('',(#5652),#5656);
#5652 = LINE('',#5653,#5654);
#5653 = CARTESIAN_POINT('',(0.,0.));
#5654 = VECTOR('',#5655,1.);
#5655 = DIRECTION('',(0.,1.));
#5656 = ( GEOMETRIC_REPRESENTATION_CONTEXT(2) 
PARAMETRIC_REPRESENTATION_CONTEXT() REPRESENTATION_CONTEXT('2D SPACE',''
  ) );
#5657 = ORIENTED_EDGE('',*,*,#5658,.T.);
#5658 = EDGE_CURVE('',#5631,#5659,#5661,.T.);
#5659 = VERTEX_POINT('',#5660);
#5660 = CARTESIAN_POINT('',(7.4,-0.67,4.92));
#5661 = SURFACE_CURVE('',#5662,(#5667,#5678),.PCURVE_S1.);
#5662 = CIRCLE('',#5663,0.16);
#5663 = AXIS2_PLACEMENT_3D('',#5664,#5665,#5666);
#5664 = CARTESIAN_POINT('',(7.4,-0.83,4.92));
#5665 = DIRECTION('',(-1.,0.,0.));
#5666 = DIRECTION('',(0.,1.387778780781E-15,1.));
#5667 = PCURVE('',#3557,#5668);
#5668 = DEFINITIONAL_REPRESENTATION('',(#5669),#5677);
#5669 = ( BOUNDED_CURVE() B_SPLINE_CURVE(2,(#5670,#5671,#5672,#5673,
#5674,#5675,#5676),.UNSPECIFIED.,.T.,.F.) B_SPLINE_CURVE_WITH_KNOTS((1,2
    ,2,2,2,1),(-2.094395102393,0.,2.094395102393,4.188790204786,
6.28318530718,8.377580409573),.UNSPECIFIED.) CURVE() 
GEOMETRIC_REPRESENTATION_ITEM() RATIONAL_B_SPLINE_CURVE((1.,0.5,1.,0.5,
1.,0.5,1.)) REPRESENTATION_ITEM('') );
#5670 = CARTESIAN_POINT('',(-5.12,-5.62));
#5671 = CARTESIAN_POINT('',(-5.12,-5.897128129211));
#5672 = CARTESIAN_POINT('',(-5.36,-5.758564064606));
#5673 = CARTESIAN_POINT('',(-5.6,-5.62));
#5674 = CARTESIAN_POINT('',(-5.36,-5.481435935394));
#5675 = CARTESIAN_POINT('',(-5.12,-5.342871870789));
#5676 = CARTESIAN_POINT('',(-5.12,-5.62));
#5677 = ( GEOMETRIC_REPRESENTATION_CONTEXT(2) 
PARAMETRIC_REPRESENTATION_CONTEXT() REPRESENTATION_CONTEXT('2D SPACE',''
  ) );
#5678 = PCURVE('',#5679,#5684);
#5679 = TOROIDAL_SURFACE('',#5680,0.16,8.E-02);
#5680 = AXIS2_PLACEMENT_3D('',#5681,#5682,#5683);
#5681 = CARTESIAN_POINT('',(7.32,-0.83,4.92));
#5682 = DIRECTION('',(1.,0.,-0.));
#5683 = DIRECTION('',(0.,1.387778780781E-15,1.));
#5684 = DEFINITIONAL_REPRESENTATION('',(#5685),#5689);
#5685 = LINE('',#5686,#5687);
#5686 = CARTESIAN_POINT('',(-0.,1.570796326795));
#5687 = VECTOR('',#5688,1.);
#5688 = DIRECTION('',(-1.,0.));
#5689 = ( GEOMETRIC_REPRESENTATION_CONTEXT(2) 
PARAMETRIC_REPRESENTATION_CONTEXT() REPRESENTATION_CONTEXT('2D SPACE',''
  ) );
#5690 = ORIENTED_EDGE('',*,*,#5691,.F.);
#5691 = EDGE_CURVE('',#5692,#5659,#5694,.T.);
#5692 = VERTEX_POINT('',#5693);
#5693 = CARTESIAN_POINT('',(7.4,-0.67,8.E-02));
#5694 = SURFACE_CURVE('',#5695,(#5699,#5706),.PCURVE_S1.);
#5695 = LINE('',#5696,#5697);
#5696 = CARTESIAN_POINT('',(7.4,-0.67,0.));
#5697 = VECTOR('',#5698,1.);
#5698 = DIRECTION('',(0.,0.,1.));
#5699 = PCURVE('',#3557,#5700);
#5700 = DEFINITIONAL_REPRESENTATION('',(#5701),#5705);
#5701 = LINE('',#5702,#5703);
#5702 = CARTESIAN_POINT('',(-10.2,-5.78));
#5703 = VECTOR('',#5704,1.);
#5704 = DIRECTION('',(1.,0.));
#5705 = ( GEOMETRIC_REPRESENTATION_CONTEXT(2) 
PARAMETRIC_REPRESENTATION_CONTEXT() REPRESENTATION_CONTEXT('2D SPACE',''
  ) );
#5706 = PCURVE('',#5707,#5712);
#5707 = CYLINDRICAL_SURFACE('',#5708,8.E-02);
#5708 = AXIS2_PLACEMENT_3D('',#5709,#5710,#5711);
#5709 = CARTESIAN_POINT('',(7.32,-0.67,0.));
#5710 = DIRECTION('',(0.,0.,1.));
#5711 = DIRECTION('',(1.,0.,-0.));
#5712 = DEFINITIONAL_REPRESENTATION('',(#5713),#5717);
#5713 = LINE('',#5714,#5715);
#5714 = CARTESIAN_POINT('',(-0.,0.));
#5715 = VECTOR('',#5716,1.);
#5716 = DIRECTION('',(-0.,1.));
#5717 = ( GEOMETRIC_REPRESENTATION_CONTEXT(2) 
PARAMETRIC_REPRESENTATION_CONTEXT() REPRESENTATION_CONTEXT('2D SPACE',''
  ) );
#5718 = ORIENTED_EDGE('',*,*,#5719,.T.);
#5719 = EDGE_CURVE('',#5692,#5720,#5722,.T.);
#5720 = VERTEX_POINT('',#5721);
#5721 = CARTESIAN_POINT('',(7.4,0.67,8.E-02));
#5722 = SURFACE_CURVE('',#5723,(#5727,#5734),.PCURVE_S1.);
#5723 = LINE('',#5724,#5725);
#5724 = CARTESIAN_POINT('',(7.4,-0.75,8.E-02));
#5725 = VECTOR('',#5726,1.);
#5726 = DIRECTION('',(-0.,1.,0.));
#5727 = PCURVE('',#3557,#5728);
#5728 = DEFINITIONAL_REPRESENTATION('',(#5729),#5733);
#5729 = LINE('',#5730,#5731);
#5730 = CARTESIAN_POINT('',(-10.12,-5.7));
#5731 = VECTOR('',#5732,1.);
#5732 = DIRECTION('',(0.,-1.));
#5733 = ( GEOMETRIC_REPRESENTATION_CONTEXT(2) 
PARAMETRIC_REPRESENTATION_CONTEXT() REPRESENTATION_CONTEXT('2D SPACE',''
  ) );
#5734 = PCURVE('',#5735,#5740);
#5735 = CYLINDRICAL_SURFACE('',#5736,8.E-02);
#5736 = AXIS2_PLACEMENT_3D('',#5737,#5738,#5739);
#5737 = CARTESIAN_POINT('',(7.32,-0.75,8.E-02));
#5738 = DIRECTION('',(-0.,1.,0.));
#5739 = DIRECTION('',(1.,0.,-0.));
#5740 = DEFINITIONAL_REPRESENTATION('',(#5741),#5745);
#5741 = LINE('',#5742,#5743);
#5742 = CARTESIAN_POINT('',(0.,0.));
#5743 = VECTOR('',#5744,1.);
#5744 = DIRECTION('',(0.,1.));
#5745 = ( GEOMETRIC_REPRESENTATION_CONTEXT(2) 
PARAMETRIC_REPRESENTATION_CONTEXT() REPRESENTATION_CONTEXT('2D SPACE',''
  ) );
#5746 = ORIENTED_EDGE('',*,*,#5747,.T.);
#5747 = EDGE_CURVE('',#5720,#5748,#5750,.T.);
#5748 = VERTEX_POINT('',#5749);
#5749 = CARTESIAN_POINT('',(7.4,0.67,4.92));
#5750 = SURFACE_CURVE('',#5751,(#5755,#5762),.PCURVE_S1.);
#5751 = LINE('',#5752,#5753);
#5752 = CARTESIAN_POINT('',(7.4,0.67,0.));
#5753 = VECTOR('',#5754,1.);
#5754 = DIRECTION('',(0.,0.,1.));
#5755 = PCURVE('',#3557,#5756);
#5756 = DEFINITIONAL_REPRESENTATION('',(#5757),#5761);
#5757 = LINE('',#5758,#5759);
#5758 = CARTESIAN_POINT('',(-10.2,-7.12));
#5759 = VECTOR('',#5760,1.);
#5760 = DIRECTION('',(1.,0.));
#5761 = ( GEOMETRIC_REPRESENTATION_CONTEXT(2) 
PARAMETRIC_REPRESENTATION_CONTEXT() REPRESENTATION_CONTEXT('2D SPACE',''
  ) );
#5762 = PCURVE('',#5763,#5768);
#5763 = CYLINDRICAL_SURFACE('',#5764,8.E-02);
#5764 = AXIS2_PLACEMENT_3D('',#5765,#5766,#5767);
#5765 = CARTESIAN_POINT('',(7.32,0.67,0.));
#5766 = DIRECTION('',(0.,0.,1.));
#5767 = DIRECTION('',(1.,0.,-0.));
#5768 = DEFINITIONAL_REPRESENTATION('',(#5769),#5773);
#5769 = LINE('',#5770,#5771);
#5770 = CARTESIAN_POINT('',(0.,0.));
#5771 = VECTOR('',#5772,1.);
#5772 = DIRECTION('',(0.,1.));
#5773 = ( GEOMETRIC_REPRESENTATION_CONTEXT(2) 
PARAMETRIC_REPRESENTATION_CONTEXT() REPRESENTATION_CONTEXT('2D SPACE',''
  ) );
#5774 = ORIENTED_EDGE('',*,*,#5775,.T.);
#5775 = EDGE_CURVE('',#5748,#5776,#5778,.T.);
#5776 = VERTEX_POINT('',#5777);
#5777 = CARTESIAN_POINT('',(7.4,0.83,5.08));
#5778 = SURFACE_CURVE('',#5779,(#5784,#5795),.PCURVE_S1.);
#5779 = CIRCLE('',#5780,0.16);
#5780 = AXIS2_PLACEMENT_3D('',#5781,#5782,#5783);
#5781 = CARTESIAN_POINT('',(7.4,0.83,4.92));
#5782 = DIRECTION('',(-1.,0.,0.));
#5783 = DIRECTION('',(0.,-1.,0.));
#5784 = PCURVE('',#3557,#5785);
#5785 = DEFINITIONAL_REPRESENTATION('',(#5786),#5794);
#5786 = ( BOUNDED_CURVE() B_SPLINE_CURVE(2,(#5787,#5788,#5789,#5790,
#5791,#5792,#5793),.UNSPECIFIED.,.T.,.F.) B_SPLINE_CURVE_WITH_KNOTS((1,2
    ,2,2,2,1),(-2.094395102393,0.,2.094395102393,4.188790204786,
6.28318530718,8.377580409573),.UNSPECIFIED.) CURVE() 
GEOMETRIC_REPRESENTATION_ITEM() RATIONAL_B_SPLINE_CURVE((1.,0.5,1.,0.5,
1.,0.5,1.)) REPRESENTATION_ITEM('') );
#5787 = CARTESIAN_POINT('',(-5.28,-7.12));
#5788 = CARTESIAN_POINT('',(-5.002871870789,-7.12));
#5789 = CARTESIAN_POINT('',(-5.141435935394,-7.36));
#5790 = CARTESIAN_POINT('',(-5.28,-7.6));
#5791 = CARTESIAN_POINT('',(-5.418564064606,-7.36));
#5792 = CARTESIAN_POINT('',(-5.557128129211,-7.12));
#5793 = CARTESIAN_POINT('',(-5.28,-7.12));
#5794 = ( GEOMETRIC_REPRESENTATION_CONTEXT(2) 
PARAMETRIC_REPRESENTATION_CONTEXT() REPRESENTATION_CONTEXT('2D SPACE',''
  ) );
#5795 = PCURVE('',#5796,#5801);
#5796 = TOROIDAL_SURFACE('',#5797,0.16,8.E-02);
#5797 = AXIS2_PLACEMENT_3D('',#5798,#5799,#5800);
#5798 = CARTESIAN_POINT('',(7.32,0.83,4.92));
#5799 = DIRECTION('',(1.,0.,-0.));
#5800 = DIRECTION('',(0.,-1.,0.));
#5801 = DEFINITIONAL_REPRESENTATION('',(#5802),#5806);
#5802 = LINE('',#5803,#5804);
#5803 = CARTESIAN_POINT('',(-0.,1.570796326795));
#5804 = VECTOR('',#5805,1.);
#5805 = DIRECTION('',(-1.,0.));
#5806 = ( GEOMETRIC_REPRESENTATION_CONTEXT(2) 
PARAMETRIC_REPRESENTATION_CONTEXT() REPRESENTATION_CONTEXT('2D SPACE',''
  ) );
#5807 = ORIENTED_EDGE('',*,*,#5808,.T.);
#5808 = EDGE_CURVE('',#5776,#4132,#5809,.T.);
#5809 = SURFACE_CURVE('',#5810,(#5814,#5821),.PCURVE_S1.);
#5810 = LINE('',#5811,#5812);
#5811 = CARTESIAN_POINT('',(7.4,0.75,5.08));
#5812 = VECTOR('',#5813,1.);
#5813 = DIRECTION('',(-0.,1.,0.));
#5814 = PCURVE('',#3557,#5815);
#5815 = DEFINITIONAL_REPRESENTATION('',(#5816),#5820);
#5816 = LINE('',#5817,#5818);
#5817 = CARTESIAN_POINT('',(-5.12,-7.2));
#5818 = VECTOR('',#5819,1.);
#5819 = DIRECTION('',(0.,-1.));
#5820 = ( GEOMETRIC_REPRESENTATION_CONTEXT(2) 
PARAMETRIC_REPRESENTATION_CONTEXT() REPRESENTATION_CONTEXT('2D SPACE',''
  ) );
#5821 = PCURVE('',#5822,#5827);
#5822 = CYLINDRICAL_SURFACE('',#5823,8.E-02);
#5823 = AXIS2_PLACEMENT_3D('',#5824,#5825,#5826);
#5824 = CARTESIAN_POINT('',(7.32,0.75,5.08));
#5825 = DIRECTION('',(-0.,1.,0.));
#5826 = DIRECTION('',(1.,0.,-0.));
#5827 = DEFINITIONAL_REPRESENTATION('',(#5828),#5832);
#5828 = LINE('',#5829,#5830);
#5829 = CARTESIAN_POINT('',(0.,0.));
#5830 = VECTOR('',#5831,1.);
#5831 = DIRECTION('',(0.,1.));
#5832 = ( GEOMETRIC_REPRESENTATION_CONTEXT(2) 
PARAMETRIC_REPRESENTATION_CONTEXT() REPRESENTATION_CONTEXT('2D SPACE',''
  ) );
#5833 = ORIENTED_EDGE('',*,*,#4131,.T.);
#5834 = ADVANCED_FACE('',(#5835),#3633,.F.);
#5835 = FACE_BOUND('',#5836,.F.);
#5836 = EDGE_LOOP('',(#5837,#5860,#5861,#5862));
#5837 = ORIENTED_EDGE('',*,*,#5838,.T.);
#5838 = EDGE_CURVE('',#5839,#3595,#5841,.T.);
#5839 = VERTEX_POINT('',#5840);
#5840 = CARTESIAN_POINT('',(4.7,-2.5,9.08));
#5841 = SEAM_CURVE('',#5842,(#5846,#5853),.PCURVE_S1.);
#5842 = LINE('',#5843,#5844);
#5843 = CARTESIAN_POINT('',(4.7,-2.5,-2.1));
#5844 = VECTOR('',#5845,1.);
#5845 = DIRECTION('',(0.,0.,1.));
#5846 = PCURVE('',#3633,#5847);
#5847 = DEFINITIONAL_REPRESENTATION('',(#5848),#5852);
#5848 = LINE('',#5849,#5850);
#5849 = CARTESIAN_POINT('',(6.28318530718,-0.));
#5850 = VECTOR('',#5851,1.);
#5851 = DIRECTION('',(0.,1.));
#5852 = ( GEOMETRIC_REPRESENTATION_CONTEXT(2) 
PARAMETRIC_REPRESENTATION_CONTEXT() REPRESENTATION_CONTEXT('2D SPACE',''
  ) );
#5853 = PCURVE('',#3633,#5854);
#5854 = DEFINITIONAL_REPRESENTATION('',(#5855),#5859);
#5855 = LINE('',#5856,#5857);
#5856 = CARTESIAN_POINT('',(0.,-0.));
#5857 = VECTOR('',#5858,1.);
#5858 = DIRECTION('',(0.,1.));
#5859 = ( GEOMETRIC_REPRESENTATION_CONTEXT(2) 
PARAMETRIC_REPRESENTATION_CONTEXT() REPRESENTATION_CONTEXT('2D SPACE',''
  ) );
#5860 = ORIENTED_EDGE('',*,*,#3618,.F.);
#5861 = ORIENTED_EDGE('',*,*,#5838,.F.);
#5862 = ORIENTED_EDGE('',*,*,#5863,.T.);
#5863 = EDGE_CURVE('',#5839,#5839,#5864,.T.);
#5864 = SURFACE_CURVE('',#5865,(#5870,#5877),.PCURVE_S1.);
#5865 = CIRCLE('',#5866,1.25);
#5866 = AXIS2_PLACEMENT_3D('',#5867,#5868,#5869);
#5867 = CARTESIAN_POINT('',(3.45,-2.5,9.08));
#5868 = DIRECTION('',(0.,0.,1.));
#5869 = DIRECTION('',(1.,0.,-0.));
#5870 = PCURVE('',#3633,#5871);
#5871 = DEFINITIONAL_REPRESENTATION('',(#5872),#5876);
#5872 = LINE('',#5873,#5874);
#5873 = CARTESIAN_POINT('',(0.,11.18));
#5874 = VECTOR('',#5875,1.);
#5875 = DIRECTION('',(1.,0.));
#5876 = ( GEOMETRIC_REPRESENTATION_CONTEXT(2) 
PARAMETRIC_REPRESENTATION_CONTEXT() REPRESENTATION_CONTEXT('2D SPACE',''
  ) );
#5877 = PCURVE('',#5878,#5883);
#5878 = TOROIDAL_SURFACE('',#5879,1.33,8.E-02);
#5879 = AXIS2_PLACEMENT_3D('',#5880,#5881,#5882);
#5880 = CARTESIAN_POINT('',(3.45,-2.5,9.08));
#5881 = DIRECTION('',(0.,0.,1.));
#5882 = DIRECTION('',(1.,0.,-0.));
#5883 = DEFINITIONAL_REPRESENTATION('',(#5884),#5888);
#5884 = LINE('',#5885,#5886);
#5885 = CARTESIAN_POINT('',(0.,3.14159265359));
#5886 = VECTOR('',#5887,1.);
#5887 = DIRECTION('',(1.,0.));
#5888 = ( GEOMETRIC_REPRESENTATION_CONTEXT(2) 
PARAMETRIC_REPRESENTATION_CONTEXT() REPRESENTATION_CONTEXT('2D SPACE',''
  ) );
#5889 = ADVANCED_FACE('',(#5890),#3665,.T.);
#5890 = FACE_BOUND('',#5891,.F.);
#5891 = EDGE_LOOP('',(#5892,#5893,#5894));
#5892 = ORIENTED_EDGE('',*,*,#3681,.F.);
#5893 = ORIENTED_EDGE('',*,*,#4589,.T.);
#5894 = ORIENTED_EDGE('',*,*,#3650,.F.);
#5895 = ADVANCED_FACE('',(#5896),#3719,.T.);
#5896 = FACE_BOUND('',#5897,.T.);
#5897 = EDGE_LOOP('',(#5898,#5899,#5900,#5901,#5902,#5903,#5904,#5905,
    #5906,#5907,#5908,#5909,#5910,#5911,#5912,#5913));
#5898 = ORIENTED_EDGE('',*,*,#3703,.F.);
#5899 = ORIENTED_EDGE('',*,*,#4609,.T.);
#5900 = ORIENTED_EDGE('',*,*,#4724,.T.);
#5901 = ORIENTED_EDGE('',*,*,#4881,.F.);
#5902 = ORIENTED_EDGE('',*,*,#5040,.T.);
#5903 = ORIENTED_EDGE('',*,*,#5205,.T.);
#5904 = ORIENTED_EDGE('',*,*,#5343,.F.);
#5905 = ORIENTED_EDGE('',*,*,#5424,.T.);
#5906 = ORIENTED_EDGE('',*,*,#5392,.T.);
#5907 = ORIENTED_EDGE('',*,*,#5275,.F.);
#5908 = ORIENTED_EDGE('',*,*,#5140,.T.);
#5909 = ORIENTED_EDGE('',*,*,#4961,.T.);
#5910 = ORIENTED_EDGE('',*,*,#4777,.F.);
#5911 = ORIENTED_EDGE('',*,*,#4678,.T.);
#5912 = ORIENTED_EDGE('',*,*,#4563,.T.);
#5913 = ORIENTED_EDGE('',*,*,#5914,.F.);
#5914 = EDGE_CURVE('',#3704,#4460,#5915,.T.);
#5915 = SURFACE_CURVE('',#5916,(#5920,#5927),.PCURVE_S1.);
#5916 = LINE('',#5917,#5918);
#5917 = CARTESIAN_POINT('',(0.5,-6.45,10.12));
#5918 = VECTOR('',#5919,1.);
#5919 = DIRECTION('',(-0.,1.,0.));
#5920 = PCURVE('',#3719,#5921);
#5921 = DEFINITIONAL_REPRESENTATION('',(#5922),#5926);
#5922 = LINE('',#5923,#5924);
#5923 = CARTESIAN_POINT('',(5.12,0.));
#5924 = VECTOR('',#5925,1.);
#5925 = DIRECTION('',(0.,-1.));
#5926 = ( GEOMETRIC_REPRESENTATION_CONTEXT(2) 
PARAMETRIC_REPRESENTATION_CONTEXT() REPRESENTATION_CONTEXT('2D SPACE',''
  ) );
#5927 = PCURVE('',#3794,#5928);
#5928 = DEFINITIONAL_REPRESENTATION('',(#5929),#5933);
#5929 = LINE('',#5930,#5931);
#5930 = CARTESIAN_POINT('',(0.,0.));
#5931 = VECTOR('',#5932,1.);
#5932 = DIRECTION('',(0.,1.));
#5933 = ( GEOMETRIC_REPRESENTATION_CONTEXT(2) 
PARAMETRIC_REPRESENTATION_CONTEXT() REPRESENTATION_CONTEXT('2D SPACE',''
  ) );
#5934 = ADVANCED_FACE('',(#5935),#3794,.F.);
#5935 = FACE_BOUND('',#5936,.F.);
#5936 = EDGE_LOOP('',(#5937,#5938,#5939,#5960));
#5937 = ORIENTED_EDGE('',*,*,#5914,.F.);
#5938 = ORIENTED_EDGE('',*,*,#3779,.T.);
#5939 = ORIENTED_EDGE('',*,*,#5940,.T.);
#5940 = EDGE_CURVE('',#3758,#4412,#5941,.T.);
#5941 = SURFACE_CURVE('',#5942,(#5946,#5953),.PCURVE_S1.);
#5942 = LINE('',#5943,#5944);
#5943 = CARTESIAN_POINT('',(0.58,-6.45,10.2));
#5944 = VECTOR('',#5945,1.);
#5945 = DIRECTION('',(-0.,1.,0.));
#5946 = PCURVE('',#3794,#5947);
#5947 = DEFINITIONAL_REPRESENTATION('',(#5948),#5952);
#5948 = LINE('',#5949,#5950);
#5949 = CARTESIAN_POINT('',(1.570796326795,0.));
#5950 = VECTOR('',#5951,1.);
#5951 = DIRECTION('',(0.,1.));
#5952 = ( GEOMETRIC_REPRESENTATION_CONTEXT(2) 
PARAMETRIC_REPRESENTATION_CONTEXT() REPRESENTATION_CONTEXT('2D SPACE',''
  ) );
#5953 = PCURVE('',#3852,#5954);
#5954 = DEFINITIONAL_REPRESENTATION('',(#5955),#5959);
#5955 = LINE('',#5956,#5957);
#5956 = CARTESIAN_POINT('',(1.08,0.));
#5957 = VECTOR('',#5958,1.);
#5958 = DIRECTION('',(0.,1.));
#5959 = ( GEOMETRIC_REPRESENTATION_CONTEXT(2) 
PARAMETRIC_REPRESENTATION_CONTEXT() REPRESENTATION_CONTEXT('2D SPACE',''
  ) );
#5960 = ORIENTED_EDGE('',*,*,#4483,.F.);
#5961 = ADVANCED_FACE('',(#5962,#5988),#3852,.F.);
#5962 = FACE_BOUND('',#5963,.F.);
#5963 = EDGE_LOOP('',(#5964,#5965,#5986,#5987));
#5964 = ORIENTED_EDGE('',*,*,#3836,.T.);
#5965 = ORIENTED_EDGE('',*,*,#5966,.T.);
#5966 = EDGE_CURVE('',#3837,#4363,#5967,.T.);
#5967 = SURFACE_CURVE('',#5968,(#5972,#5979),.PCURVE_S1.);
#5968 = LINE('',#5969,#5970);
#5969 = CARTESIAN_POINT('',(6.32,-6.45,10.2));
#5970 = VECTOR('',#5971,1.);
#5971 = DIRECTION('',(-0.,1.,0.));
#5972 = PCURVE('',#3852,#5973);
#5973 = DEFINITIONAL_REPRESENTATION('',(#5974),#5978);
#5974 = LINE('',#5975,#5976);
#5975 = CARTESIAN_POINT('',(6.82,0.));
#5976 = VECTOR('',#5977,1.);
#5977 = DIRECTION('',(0.,1.));
#5978 = ( GEOMETRIC_REPRESENTATION_CONTEXT(2) 
PARAMETRIC_REPRESENTATION_CONTEXT() REPRESENTATION_CONTEXT('2D SPACE',''
  ) );
#5979 = PCURVE('',#3982,#5980);
#5980 = DEFINITIONAL_REPRESENTATION('',(#5981),#5985);
#5981 = LINE('',#5982,#5983);
#5982 = CARTESIAN_POINT('',(0.,0.));
#5983 = VECTOR('',#5984,1.);
#5984 = DIRECTION('',(0.,1.));
#5985 = ( GEOMETRIC_REPRESENTATION_CONTEXT(2) 
PARAMETRIC_REPRESENTATION_CONTEXT() REPRESENTATION_CONTEXT('2D SPACE',''
  ) );
#5986 = ORIENTED_EDGE('',*,*,#4433,.F.);
#5987 = ORIENTED_EDGE('',*,*,#5940,.F.);
#5988 = FACE_BOUND('',#5989,.F.);
#5989 = EDGE_LOOP('',(#5990));
#5990 = ORIENTED_EDGE('',*,*,#5991,.F.);
#5991 = EDGE_CURVE('',#5992,#5992,#5994,.T.);
#5992 = VERTEX_POINT('',#5993);
#5993 = CARTESIAN_POINT('',(5.63,-2.5,10.2));
#5994 = SURFACE_CURVE('',#5995,(#6000,#6007),.PCURVE_S1.);
#5995 = CIRCLE('',#5996,2.18);
#5996 = AXIS2_PLACEMENT_3D('',#5997,#5998,#5999);
#5997 = CARTESIAN_POINT('',(3.45,-2.5,10.2));
#5998 = DIRECTION('',(0.,0.,1.));
#5999 = DIRECTION('',(1.,0.,-0.));
#6000 = PCURVE('',#3852,#6001);
#6001 = DEFINITIONAL_REPRESENTATION('',(#6002),#6006);
#6002 = CIRCLE('',#6003,2.18);
#6003 = AXIS2_PLACEMENT_2D('',#6004,#6005);
#6004 = CARTESIAN_POINT('',(3.95,3.95));
#6005 = DIRECTION('',(1.,0.));
#6006 = ( GEOMETRIC_REPRESENTATION_CONTEXT(2) 
PARAMETRIC_REPRESENTATION_CONTEXT() REPRESENTATION_CONTEXT('2D SPACE',''
  ) );
#6007 = PCURVE('',#6008,#6013);
#6008 = TOROIDAL_SURFACE('',#6009,2.18,8.E-02);
#6009 = AXIS2_PLACEMENT_3D('',#6010,#6011,#6012);
#6010 = CARTESIAN_POINT('',(3.45,-2.5,10.12));
#6011 = DIRECTION('',(0.,0.,1.));
#6012 = DIRECTION('',(1.,0.,-0.));
#6013 = DEFINITIONAL_REPRESENTATION('',(#6014),#6018);
#6014 = LINE('',#6015,#6016);
#6015 = CARTESIAN_POINT('',(0.,1.570796326795));
#6016 = VECTOR('',#6017,1.);
#6017 = DIRECTION('',(1.,0.));
#6018 = ( GEOMETRIC_REPRESENTATION_CONTEXT(2) 
PARAMETRIC_REPRESENTATION_CONTEXT() REPRESENTATION_CONTEXT('2D SPACE',''
  ) );
#6019 = ADVANCED_FACE('',(#6020),#3907,.T.);
#6020 = FACE_BOUND('',#6021,.T.);
#6021 = EDGE_LOOP('',(#6022,#6023,#6043));
#6022 = ORIENTED_EDGE('',*,*,#4052,.F.);
#6023 = ORIENTED_EDGE('',*,*,#6024,.T.);
#6024 = EDGE_CURVE('',#4025,#3891,#6025,.T.);
#6025 = SURFACE_CURVE('',#6026,(#6031,#6037),.PCURVE_S1.);
#6026 = CIRCLE('',#6027,8.E-02);
#6027 = AXIS2_PLACEMENT_3D('',#6028,#6029,#6030);
#6028 = CARTESIAN_POINT('',(7.32,-6.37,5.08));
#6029 = DIRECTION('',(-6.123233995737E-17,-1.,0.));
#6030 = DIRECTION('',(1.,-6.123233995737E-17,0.));
#6031 = PCURVE('',#3907,#6032);
#6032 = DEFINITIONAL_REPRESENTATION('',(#6033),#6036);
#6033 = B_SPLINE_CURVE_WITH_KNOTS('',1,(#6034,#6035),.UNSPECIFIED.,.F.,
  .F.,(2,2),(4.712388980385,6.28318530718),.PIECEWISE_BEZIER_KNOTS.);
#6034 = CARTESIAN_POINT('',(1.570796326795,-1.570796326795));
#6035 = CARTESIAN_POINT('',(1.570796326795,0.));
#6036 = ( GEOMETRIC_REPRESENTATION_CONTEXT(2) 
PARAMETRIC_REPRESENTATION_CONTEXT() REPRESENTATION_CONTEXT('2D SPACE',''
  ) );
#6037 = PCURVE('',#5468,#6038);
#6038 = DEFINITIONAL_REPRESENTATION('',(#6039),#6042);
#6039 = B_SPLINE_CURVE_WITH_KNOTS('',1,(#6040,#6041),.UNSPECIFIED.,.F.,
  .F.,(2,2),(4.712388980385,6.28318530718),.PIECEWISE_BEZIER_KNOTS.);
#6040 = CARTESIAN_POINT('',(1.570796326795,8.E-02));
#6041 = CARTESIAN_POINT('',(0.,8.E-02));
#6042 = ( GEOMETRIC_REPRESENTATION_CONTEXT(2) 
PARAMETRIC_REPRESENTATION_CONTEXT() REPRESENTATION_CONTEXT('2D SPACE',''
  ) );
#6043 = ORIENTED_EDGE('',*,*,#3890,.F.);
#6044 = ADVANCED_FACE('',(#6045),#3982,.F.);
#6045 = FACE_BOUND('',#6046,.F.);
#6046 = EDGE_LOOP('',(#6047,#6048,#6049,#6070));
#6047 = ORIENTED_EDGE('',*,*,#5966,.F.);
#6048 = ORIENTED_EDGE('',*,*,#3967,.T.);
#6049 = ORIENTED_EDGE('',*,*,#6050,.T.);
#6050 = EDGE_CURVE('',#3946,#4317,#6051,.T.);
#6051 = SURFACE_CURVE('',#6052,(#6056,#6063),.PCURVE_S1.);
#6052 = LINE('',#6053,#6054);
#6053 = CARTESIAN_POINT('',(6.4,-6.45,10.12));
#6054 = VECTOR('',#6055,1.);
#6055 = DIRECTION('',(-0.,1.,0.));
#6056 = PCURVE('',#3982,#6057);
#6057 = DEFINITIONAL_REPRESENTATION('',(#6058),#6062);
#6058 = LINE('',#6059,#6060);
#6059 = CARTESIAN_POINT('',(1.570796326795,0.));
#6060 = VECTOR('',#6061,1.);
#6061 = DIRECTION('',(0.,1.));
#6062 = ( GEOMETRIC_REPRESENTATION_CONTEXT(2) 
PARAMETRIC_REPRESENTATION_CONTEXT() REPRESENTATION_CONTEXT('2D SPACE',''
  ) );
#6063 = PCURVE('',#4115,#6064);
#6064 = DEFINITIONAL_REPRESENTATION('',(#6065),#6069);
#6065 = LINE('',#6066,#6067);
#6066 = CARTESIAN_POINT('',(5.12,0.));
#6067 = VECTOR('',#6068,1.);
#6068 = DIRECTION('',(0.,-1.));
#6069 = ( GEOMETRIC_REPRESENTATION_CONTEXT(2) 
PARAMETRIC_REPRESENTATION_CONTEXT() REPRESENTATION_CONTEXT('2D SPACE',''
  ) );
#6070 = ORIENTED_EDGE('',*,*,#4386,.F.);
#6071 = ADVANCED_FACE('',(#6072),#4013,.T.);
#6072 = FACE_BOUND('',#6073,.F.);
#6073 = EDGE_LOOP('',(#6074,#6075,#6100));
#6074 = ORIENTED_EDGE('',*,*,#3997,.F.);
#6075 = ORIENTED_EDGE('',*,*,#6076,.T.);
#6076 = EDGE_CURVE('',#3998,#4078,#6077,.T.);
#6077 = SURFACE_CURVE('',#6078,(#6083,#6089),.PCURVE_S1.);
#6078 = CIRCLE('',#6079,8.E-02);
#6079 = AXIS2_PLACEMENT_3D('',#6080,#6081,#6082);
#6080 = CARTESIAN_POINT('',(6.48,-6.37,5.08));
#6081 = DIRECTION('',(-6.123233995737E-17,1.,0.));
#6082 = DIRECTION('',(-1.,-6.123233995737E-17,0.));
#6083 = PCURVE('',#4013,#6084);
#6084 = DEFINITIONAL_REPRESENTATION('',(#6085),#6088);
#6085 = B_SPLINE_CURVE_WITH_KNOTS('',1,(#6086,#6087),.UNSPECIFIED.,.F.,
  .F.,(2,2),(4.712388980385,6.28318530718),.PIECEWISE_BEZIER_KNOTS.);
#6086 = CARTESIAN_POINT('',(-1.570796326795,-1.570796326795));
#6087 = CARTESIAN_POINT('',(-1.570796326795,0.));
#6088 = ( GEOMETRIC_REPRESENTATION_CONTEXT(2) 
PARAMETRIC_REPRESENTATION_CONTEXT() REPRESENTATION_CONTEXT('2D SPACE',''
  ) );
#6089 = PCURVE('',#6090,#6095);
#6090 = CYLINDRICAL_SURFACE('',#6091,8.E-02);
#6091 = AXIS2_PLACEMENT_3D('',#6092,#6093,#6094);
#6092 = CARTESIAN_POINT('',(6.48,-6.45,5.08));
#6093 = DIRECTION('',(-0.,1.,0.));
#6094 = DIRECTION('',(-1.,-0.,0.));
#6095 = DEFINITIONAL_REPRESENTATION('',(#6096),#6099);
#6096 = B_SPLINE_CURVE_WITH_KNOTS('',1,(#6097,#6098),.UNSPECIFIED.,.F.,
  .F.,(2,2),(4.712388980385,6.28318530718),.PIECEWISE_BEZIER_KNOTS.);
#6097 = CARTESIAN_POINT('',(-1.570796326795,8.E-02));
#6098 = CARTESIAN_POINT('',(0.,8.E-02));
#6099 = ( GEOMETRIC_REPRESENTATION_CONTEXT(2) 
PARAMETRIC_REPRESENTATION_CONTEXT() REPRESENTATION_CONTEXT('2D SPACE',''
  ) );
#6100 = ORIENTED_EDGE('',*,*,#4077,.F.);
#6101 = ADVANCED_FACE('',(#6102),#4040,.F.);
#6102 = FACE_BOUND('',#6103,.F.);
#6103 = EDGE_LOOP('',(#6104,#6105,#6128,#6156));
#6104 = ORIENTED_EDGE('',*,*,#4024,.T.);
#6105 = ORIENTED_EDGE('',*,*,#6106,.T.);
#6106 = EDGE_CURVE('',#4025,#6107,#6109,.T.);
#6107 = VERTEX_POINT('',#6108);
#6108 = CARTESIAN_POINT('',(7.32,-5.83,5.));
#6109 = SURFACE_CURVE('',#6110,(#6114,#6121),.PCURVE_S1.);
#6110 = LINE('',#6111,#6112);
#6111 = CARTESIAN_POINT('',(7.32,-6.45,5.));
#6112 = VECTOR('',#6113,1.);
#6113 = DIRECTION('',(-0.,1.,0.));
#6114 = PCURVE('',#4040,#6115);
#6115 = DEFINITIONAL_REPRESENTATION('',(#6116),#6120);
#6116 = LINE('',#6117,#6118);
#6117 = CARTESIAN_POINT('',(0.92,0.));
#6118 = VECTOR('',#6119,1.);
#6119 = DIRECTION('',(0.,1.));
#6120 = ( GEOMETRIC_REPRESENTATION_CONTEXT(2) 
PARAMETRIC_REPRESENTATION_CONTEXT() REPRESENTATION_CONTEXT('2D SPACE',''
  ) );
#6121 = PCURVE('',#5468,#6122);
#6122 = DEFINITIONAL_REPRESENTATION('',(#6123),#6127);
#6123 = LINE('',#6124,#6125);
#6124 = CARTESIAN_POINT('',(1.570796326795,0.));
#6125 = VECTOR('',#6126,1.);
#6126 = DIRECTION('',(0.,1.));
#6127 = ( GEOMETRIC_REPRESENTATION_CONTEXT(2) 
PARAMETRIC_REPRESENTATION_CONTEXT() REPRESENTATION_CONTEXT('2D SPACE',''
  ) );
#6128 = ORIENTED_EDGE('',*,*,#6129,.T.);
#6129 = EDGE_CURVE('',#6107,#6130,#6132,.T.);
#6130 = VERTEX_POINT('',#6131);
#6131 = CARTESIAN_POINT('',(6.48,-5.83,5.));
#6132 = SURFACE_CURVE('',#6133,(#6137,#6144),.PCURVE_S1.);
#6133 = LINE('',#6134,#6135);
#6134 = CARTESIAN_POINT('',(7.4,-5.83,5.));
#6135 = VECTOR('',#6136,1.);
#6136 = DIRECTION('',(-1.,-0.,0.));
#6137 = PCURVE('',#4040,#6138);
#6138 = DEFINITIONAL_REPRESENTATION('',(#6139),#6143);
#6139 = LINE('',#6140,#6141);
#6140 = CARTESIAN_POINT('',(1.,0.62));
#6141 = VECTOR('',#6142,1.);
#6142 = DIRECTION('',(-1.,0.));
#6143 = ( GEOMETRIC_REPRESENTATION_CONTEXT(2) 
PARAMETRIC_REPRESENTATION_CONTEXT() REPRESENTATION_CONTEXT('2D SPACE',''
  ) );
#6144 = PCURVE('',#6145,#6150);
#6145 = CYLINDRICAL_SURFACE('',#6146,8.E-02);
#6146 = AXIS2_PLACEMENT_3D('',#6147,#6148,#6149);
#6147 = CARTESIAN_POINT('',(7.4,-5.83,4.92));
#6148 = DIRECTION('',(-1.,-0.,0.));
#6149 = DIRECTION('',(0.,0.,1.));
#6150 = DEFINITIONAL_REPRESENTATION('',(#6151),#6155);
#6151 = LINE('',#6152,#6153);
#6152 = CARTESIAN_POINT('',(0.,0.));
#6153 = VECTOR('',#6154,1.);
#6154 = DIRECTION('',(0.,1.));
#6155 = ( GEOMETRIC_REPRESENTATION_CONTEXT(2) 
PARAMETRIC_REPRESENTATION_CONTEXT() REPRESENTATION_CONTEXT('2D SPACE',''
  ) );
#6156 = ORIENTED_EDGE('',*,*,#6157,.F.);
#6157 = EDGE_CURVE('',#3998,#6130,#6158,.T.);
#6158 = SURFACE_CURVE('',#6159,(#6163,#6170),.PCURVE_S1.);
#6159 = LINE('',#6160,#6161);
#6160 = CARTESIAN_POINT('',(6.48,-6.45,5.));
#6161 = VECTOR('',#6162,1.);
#6162 = DIRECTION('',(-0.,1.,0.));
#6163 = PCURVE('',#4040,#6164);
#6164 = DEFINITIONAL_REPRESENTATION('',(#6165),#6169);
#6165 = LINE('',#6166,#6167);
#6166 = CARTESIAN_POINT('',(8.E-02,0.));
#6167 = VECTOR('',#6168,1.);
#6168 = DIRECTION('',(0.,1.));
#6169 = ( GEOMETRIC_REPRESENTATION_CONTEXT(2) 
PARAMETRIC_REPRESENTATION_CONTEXT() REPRESENTATION_CONTEXT('2D SPACE',''
  ) );
#6170 = PCURVE('',#6090,#6171);
#6171 = DEFINITIONAL_REPRESENTATION('',(#6172),#6176);
#6172 = LINE('',#6173,#6174);
#6173 = CARTESIAN_POINT('',(-1.570796326795,0.));
#6174 = VECTOR('',#6175,1.);
#6175 = DIRECTION('',(-0.,1.));
#6176 = ( GEOMETRIC_REPRESENTATION_CONTEXT(2) 
PARAMETRIC_REPRESENTATION_CONTEXT() REPRESENTATION_CONTEXT('2D SPACE',''
  ) );
#6177 = ADVANCED_FACE('',(#6178),#4115,.F.);
#6178 = FACE_BOUND('',#6179,.F.);
#6179 = EDGE_LOOP('',(#6180,#6181,#6204,#6237,#6265,#6293,#6321,#6354,
    #6382,#6415,#6443,#6471,#6499,#6532,#6558,#6559));
#6180 = ORIENTED_EDGE('',*,*,#4101,.F.);
#6181 = ORIENTED_EDGE('',*,*,#6182,.T.);
#6182 = EDGE_CURVE('',#4078,#6183,#6185,.T.);
#6183 = VERTEX_POINT('',#6184);
#6184 = CARTESIAN_POINT('',(6.4,-5.83,5.08));
#6185 = SURFACE_CURVE('',#6186,(#6190,#6197),.PCURVE_S1.);
#6186 = LINE('',#6187,#6188);
#6187 = CARTESIAN_POINT('',(6.4,-6.45,5.08));
#6188 = VECTOR('',#6189,1.);
#6189 = DIRECTION('',(-0.,1.,0.));
#6190 = PCURVE('',#4115,#6191);
#6191 = DEFINITIONAL_REPRESENTATION('',(#6192),#6196);
#6192 = LINE('',#6193,#6194);
#6193 = CARTESIAN_POINT('',(8.E-02,0.));
#6194 = VECTOR('',#6195,1.);
#6195 = DIRECTION('',(0.,-1.));
#6196 = ( GEOMETRIC_REPRESENTATION_CONTEXT(2) 
PARAMETRIC_REPRESENTATION_CONTEXT() REPRESENTATION_CONTEXT('2D SPACE',''
  ) );
#6197 = PCURVE('',#6090,#6198);
#6198 = DEFINITIONAL_REPRESENTATION('',(#6199),#6203);
#6199 = LINE('',#6200,#6201);
#6200 = CARTESIAN_POINT('',(-0.,0.));
#6201 = VECTOR('',#6202,1.);
#6202 = DIRECTION('',(-0.,1.));
#6203 = ( GEOMETRIC_REPRESENTATION_CONTEXT(2) 
PARAMETRIC_REPRESENTATION_CONTEXT() REPRESENTATION_CONTEXT('2D SPACE',''
  ) );
#6204 = ORIENTED_EDGE('',*,*,#6205,.T.);
#6205 = EDGE_CURVE('',#6183,#6206,#6208,.T.);
#6206 = VERTEX_POINT('',#6207);
#6207 = CARTESIAN_POINT('',(6.4,-5.67,4.92));
#6208 = SURFACE_CURVE('',#6209,(#6214,#6225),.PCURVE_S1.);
#6209 = CIRCLE('',#6210,0.16);
#6210 = AXIS2_PLACEMENT_3D('',#6211,#6212,#6213);
#6211 = CARTESIAN_POINT('',(6.4,-5.83,4.92));
#6212 = DIRECTION('',(-1.,-0.,0.));
#6213 = DIRECTION('',(0.,0.,1.));
#6214 = PCURVE('',#4115,#6215);
#6215 = DEFINITIONAL_REPRESENTATION('',(#6216),#6224);
#6216 = ( BOUNDED_CURVE() B_SPLINE_CURVE(2,(#6217,#6218,#6219,#6220,
#6221,#6222,#6223),.UNSPECIFIED.,.T.,.F.) B_SPLINE_CURVE_WITH_KNOTS((1,2
    ,2,2,2,1),(-2.094395102393,0.,2.094395102393,4.188790204786,
6.28318530718,8.377580409573),.UNSPECIFIED.) CURVE() 
GEOMETRIC_REPRESENTATION_ITEM() RATIONAL_B_SPLINE_CURVE((1.,0.5,1.,0.5,
1.,0.5,1.)) REPRESENTATION_ITEM('') );
#6217 = CARTESIAN_POINT('',(8.E-02,-0.62));
#6218 = CARTESIAN_POINT('',(8.E-02,-0.897128129211));
#6219 = CARTESIAN_POINT('',(-0.16,-0.758564064606));
#6220 = CARTESIAN_POINT('',(-0.4,-0.62));
#6221 = CARTESIAN_POINT('',(-0.16,-0.481435935394));
#6222 = CARTESIAN_POINT('',(8.E-02,-0.342871870789));
#6223 = CARTESIAN_POINT('',(8.E-02,-0.62));
#6224 = ( GEOMETRIC_REPRESENTATION_CONTEXT(2) 
PARAMETRIC_REPRESENTATION_CONTEXT() REPRESENTATION_CONTEXT('2D SPACE',''
  ) );
#6225 = PCURVE('',#6226,#6231);
#6226 = TOROIDAL_SURFACE('',#6227,0.16,8.E-02);
#6227 = AXIS2_PLACEMENT_3D('',#6228,#6229,#6230);
#6228 = CARTESIAN_POINT('',(6.48,-5.83,4.92));
#6229 = DIRECTION('',(-1.,-0.,0.));
#6230 = DIRECTION('',(0.,0.,1.));
#6231 = DEFINITIONAL_REPRESENTATION('',(#6232),#6236);
#6232 = LINE('',#6233,#6234);
#6233 = CARTESIAN_POINT('',(0.,1.570796326795));
#6234 = VECTOR('',#6235,1.);
#6235 = DIRECTION('',(1.,0.));
#6236 = ( GEOMETRIC_REPRESENTATION_CONTEXT(2) 
PARAMETRIC_REPRESENTATION_CONTEXT() REPRESENTATION_CONTEXT('2D SPACE',''
  ) );
#6237 = ORIENTED_EDGE('',*,*,#6238,.F.);
#6238 = EDGE_CURVE('',#6239,#6206,#6241,.T.);
#6239 = VERTEX_POINT('',#6240);
#6240 = CARTESIAN_POINT('',(6.4,-5.67,8.E-02));
#6241 = SURFACE_CURVE('',#6242,(#6246,#6253),.PCURVE_S1.);
#6242 = LINE('',#6243,#6244);
#6243 = CARTESIAN_POINT('',(6.4,-5.67,0.));
#6244 = VECTOR('',#6245,1.);
#6245 = DIRECTION('',(0.,0.,1.));
#6246 = PCURVE('',#4115,#6247);
#6247 = DEFINITIONAL_REPRESENTATION('',(#6248),#6252);
#6248 = LINE('',#6249,#6250);
#6249 = CARTESIAN_POINT('',(-5.,-0.78));
#6250 = VECTOR('',#6251,1.);
#6251 = DIRECTION('',(1.,0.));
#6252 = ( GEOMETRIC_REPRESENTATION_CONTEXT(2) 
PARAMETRIC_REPRESENTATION_CONTEXT() REPRESENTATION_CONTEXT('2D SPACE',''
  ) );
#6253 = PCURVE('',#6254,#6259);
#6254 = CYLINDRICAL_SURFACE('',#6255,8.E-02);
#6255 = AXIS2_PLACEMENT_3D('',#6256,#6257,#6258);
#6256 = CARTESIAN_POINT('',(6.48,-5.67,0.));
#6257 = DIRECTION('',(0.,0.,1.));
#6258 = DIRECTION('',(-1.,-0.,0.));
#6259 = DEFINITIONAL_REPRESENTATION('',(#6260),#6264);
#6260 = LINE('',#6261,#6262);
#6261 = CARTESIAN_POINT('',(0.,0.));
#6262 = VECTOR('',#6263,1.);
#6263 = DIRECTION('',(0.,1.));
#6264 = ( GEOMETRIC_REPRESENTATION_CONTEXT(2) 
PARAMETRIC_REPRESENTATION_CONTEXT() REPRESENTATION_CONTEXT('2D SPACE',''
  ) );
#6265 = ORIENTED_EDGE('',*,*,#6266,.T.);
#6266 = EDGE_CURVE('',#6239,#6267,#6269,.T.);
#6267 = VERTEX_POINT('',#6268);
#6268 = CARTESIAN_POINT('',(6.4,-4.33,8.E-02));
#6269 = SURFACE_CURVE('',#6270,(#6274,#6281),.PCURVE_S1.);
#6270 = LINE('',#6271,#6272);
#6271 = CARTESIAN_POINT('',(6.4,-5.75,8.E-02));
#6272 = VECTOR('',#6273,1.);
#6273 = DIRECTION('',(-0.,1.,0.));
#6274 = PCURVE('',#4115,#6275);
#6275 = DEFINITIONAL_REPRESENTATION('',(#6276),#6280);
#6276 = LINE('',#6277,#6278);
#6277 = CARTESIAN_POINT('',(-4.92,-0.7));
#6278 = VECTOR('',#6279,1.);
#6279 = DIRECTION('',(0.,-1.));
#6280 = ( GEOMETRIC_REPRESENTATION_CONTEXT(2) 
PARAMETRIC_REPRESENTATION_CONTEXT() REPRESENTATION_CONTEXT('2D SPACE',''
  ) );
#6281 = PCURVE('',#6282,#6287);
#6282 = CYLINDRICAL_SURFACE('',#6283,8.E-02);
#6283 = AXIS2_PLACEMENT_3D('',#6284,#6285,#6286);
#6284 = CARTESIAN_POINT('',(6.48,-5.75,8.E-02));
#6285 = DIRECTION('',(-0.,1.,0.));
#6286 = DIRECTION('',(-1.,-0.,0.));
#6287 = DEFINITIONAL_REPRESENTATION('',(#6288),#6292);
#6288 = LINE('',#6289,#6290);
#6289 = CARTESIAN_POINT('',(-0.,0.));
#6290 = VECTOR('',#6291,1.);
#6291 = DIRECTION('',(-0.,1.));
#6292 = ( GEOMETRIC_REPRESENTATION_CONTEXT(2) 
PARAMETRIC_REPRESENTATION_CONTEXT() REPRESENTATION_CONTEXT('2D SPACE',''
  ) );
#6293 = ORIENTED_EDGE('',*,*,#6294,.T.);
#6294 = EDGE_CURVE('',#6267,#6295,#6297,.T.);
#6295 = VERTEX_POINT('',#6296);
#6296 = CARTESIAN_POINT('',(6.4,-4.33,4.92));
#6297 = SURFACE_CURVE('',#6298,(#6302,#6309),.PCURVE_S1.);
#6298 = LINE('',#6299,#6300);
#6299 = CARTESIAN_POINT('',(6.4,-4.33,0.));
#6300 = VECTOR('',#6301,1.);
#6301 = DIRECTION('',(0.,0.,1.));
#6302 = PCURVE('',#4115,#6303);
#6303 = DEFINITIONAL_REPRESENTATION('',(#6304),#6308);
#6304 = LINE('',#6305,#6306);
#6305 = CARTESIAN_POINT('',(-5.,-2.12));
#6306 = VECTOR('',#6307,1.);
#6307 = DIRECTION('',(1.,0.));
#6308 = ( GEOMETRIC_REPRESENTATION_CONTEXT(2) 
PARAMETRIC_REPRESENTATION_CONTEXT() REPRESENTATION_CONTEXT('2D SPACE',''
  ) );
#6309 = PCURVE('',#6310,#6315);
#6310 = CYLINDRICAL_SURFACE('',#6311,8.E-02);
#6311 = AXIS2_PLACEMENT_3D('',#6312,#6313,#6314);
#6312 = CARTESIAN_POINT('',(6.48,-4.33,0.));
#6313 = DIRECTION('',(0.,0.,1.));
#6314 = DIRECTION('',(-1.,-0.,0.));
#6315 = DEFINITIONAL_REPRESENTATION('',(#6316),#6320);
#6316 = LINE('',#6317,#6318);
#6317 = CARTESIAN_POINT('',(-0.,0.));
#6318 = VECTOR('',#6319,1.);
#6319 = DIRECTION('',(-0.,1.));
#6320 = ( GEOMETRIC_REPRESENTATION_CONTEXT(2) 
PARAMETRIC_REPRESENTATION_CONTEXT() REPRESENTATION_CONTEXT('2D SPACE',''
  ) );
#6321 = ORIENTED_EDGE('',*,*,#6322,.T.);
#6322 = EDGE_CURVE('',#6295,#6323,#6325,.T.);
#6323 = VERTEX_POINT('',#6324);
#6324 = CARTESIAN_POINT('',(6.4,-4.17,5.08));
#6325 = SURFACE_CURVE('',#6326,(#6331,#6342),.PCURVE_S1.);
#6326 = CIRCLE('',#6327,0.16);
#6327 = AXIS2_PLACEMENT_3D('',#6328,#6329,#6330);
#6328 = CARTESIAN_POINT('',(6.4,-4.17,4.92));
#6329 = DIRECTION('',(-1.,0.,0.));
#6330 = DIRECTION('',(0.,-1.,0.));
#6331 = PCURVE('',#4115,#6332);
#6332 = DEFINITIONAL_REPRESENTATION('',(#6333),#6341);
#6333 = ( BOUNDED_CURVE() B_SPLINE_CURVE(2,(#6334,#6335,#6336,#6337,
#6338,#6339,#6340),.UNSPECIFIED.,.T.,.F.) B_SPLINE_CURVE_WITH_KNOTS((1,2
    ,2,2,2,1),(-2.094395102393,0.,2.094395102393,4.188790204786,
6.28318530718,8.377580409573),.UNSPECIFIED.) CURVE() 
GEOMETRIC_REPRESENTATION_ITEM() RATIONAL_B_SPLINE_CURVE((1.,0.5,1.,0.5,
1.,0.5,1.)) REPRESENTATION_ITEM('') );
#6334 = CARTESIAN_POINT('',(-8.E-02,-2.12));
#6335 = CARTESIAN_POINT('',(0.197128129211,-2.12));
#6336 = CARTESIAN_POINT('',(5.856406460551E-02,-2.36));
#6337 = CARTESIAN_POINT('',(-8.E-02,-2.6));
#6338 = CARTESIAN_POINT('',(-0.218564064606,-2.36));
#6339 = CARTESIAN_POINT('',(-0.357128129211,-2.12));
#6340 = CARTESIAN_POINT('',(-8.E-02,-2.12));
#6341 = ( GEOMETRIC_REPRESENTATION_CONTEXT(2) 
PARAMETRIC_REPRESENTATION_CONTEXT() REPRESENTATION_CONTEXT('2D SPACE',''
  ) );
#6342 = PCURVE('',#6343,#6348);
#6343 = TOROIDAL_SURFACE('',#6344,0.16,8.E-02);
#6344 = AXIS2_PLACEMENT_3D('',#6345,#6346,#6347);
#6345 = CARTESIAN_POINT('',(6.48,-4.17,4.92));
#6346 = DIRECTION('',(-1.,-0.,0.));
#6347 = DIRECTION('',(0.,-1.,0.));
#6348 = DEFINITIONAL_REPRESENTATION('',(#6349),#6353);
#6349 = LINE('',#6350,#6351);
#6350 = CARTESIAN_POINT('',(0.,1.570796326795));
#6351 = VECTOR('',#6352,1.);
#6352 = DIRECTION('',(1.,0.));
#6353 = ( GEOMETRIC_REPRESENTATION_CONTEXT(2) 
PARAMETRIC_REPRESENTATION_CONTEXT() REPRESENTATION_CONTEXT('2D SPACE',''
  ) );
#6354 = ORIENTED_EDGE('',*,*,#6355,.T.);
#6355 = EDGE_CURVE('',#6323,#6356,#6358,.T.);
#6356 = VERTEX_POINT('',#6357);
#6357 = CARTESIAN_POINT('',(6.4,-0.83,5.08));
#6358 = SURFACE_CURVE('',#6359,(#6363,#6370),.PCURVE_S1.);
#6359 = LINE('',#6360,#6361);
#6360 = CARTESIAN_POINT('',(6.4,-4.25,5.08));
#6361 = VECTOR('',#6362,1.);
#6362 = DIRECTION('',(-0.,1.,0.));
#6363 = PCURVE('',#4115,#6364);
#6364 = DEFINITIONAL_REPRESENTATION('',(#6365),#6369);
#6365 = LINE('',#6366,#6367);
#6366 = CARTESIAN_POINT('',(8.E-02,-2.2));
#6367 = VECTOR('',#6368,1.);
#6368 = DIRECTION('',(0.,-1.));
#6369 = ( GEOMETRIC_REPRESENTATION_CONTEXT(2) 
PARAMETRIC_REPRESENTATION_CONTEXT() REPRESENTATION_CONTEXT('2D SPACE',''
  ) );
#6370 = PCURVE('',#6371,#6376);
#6371 = CYLINDRICAL_SURFACE('',#6372,8.E-02);
#6372 = AXIS2_PLACEMENT_3D('',#6373,#6374,#6375);
#6373 = CARTESIAN_POINT('',(6.48,-4.25,5.08));
#6374 = DIRECTION('',(-0.,1.,0.));
#6375 = DIRECTION('',(-1.,-0.,0.));
#6376 = DEFINITIONAL_REPRESENTATION('',(#6377),#6381);
#6377 = LINE('',#6378,#6379);
#6378 = CARTESIAN_POINT('',(-0.,0.));
#6379 = VECTOR('',#6380,1.);
#6380 = DIRECTION('',(-0.,1.));
#6381 = ( GEOMETRIC_REPRESENTATION_CONTEXT(2) 
PARAMETRIC_REPRESENTATION_CONTEXT() REPRESENTATION_CONTEXT('2D SPACE',''
  ) );
#6382 = ORIENTED_EDGE('',*,*,#6383,.T.);
#6383 = EDGE_CURVE('',#6356,#6384,#6386,.T.);
#6384 = VERTEX_POINT('',#6385);
#6385 = CARTESIAN_POINT('',(6.4,-0.67,4.92));
#6386 = SURFACE_CURVE('',#6387,(#6392,#6403),.PCURVE_S1.);
#6387 = CIRCLE('',#6388,0.16);
#6388 = AXIS2_PLACEMENT_3D('',#6389,#6390,#6391);
#6389 = CARTESIAN_POINT('',(6.4,-0.83,4.92));
#6390 = DIRECTION('',(-1.,0.,0.));
#6391 = DIRECTION('',(0.,1.387778780781E-15,1.));
#6392 = PCURVE('',#4115,#6393);
#6393 = DEFINITIONAL_REPRESENTATION('',(#6394),#6402);
#6394 = ( BOUNDED_CURVE() B_SPLINE_CURVE(2,(#6395,#6396,#6397,#6398,
#6399,#6400,#6401),.UNSPECIFIED.,.T.,.F.) B_SPLINE_CURVE_WITH_KNOTS((1,2
    ,2,2,2,1),(-2.094395102393,0.,2.094395102393,4.188790204786,
6.28318530718,8.377580409573),.UNSPECIFIED.) CURVE() 
GEOMETRIC_REPRESENTATION_ITEM() RATIONAL_B_SPLINE_CURVE((1.,0.5,1.,0.5,
1.,0.5,1.)) REPRESENTATION_ITEM('') );
#6395 = CARTESIAN_POINT('',(8.E-02,-5.62));
#6396 = CARTESIAN_POINT('',(8.E-02,-5.897128129211));
#6397 = CARTESIAN_POINT('',(-0.16,-5.758564064606));
#6398 = CARTESIAN_POINT('',(-0.4,-5.62));
#6399 = CARTESIAN_POINT('',(-0.16,-5.481435935394));
#6400 = CARTESIAN_POINT('',(8.E-02,-5.342871870789));
#6401 = CARTESIAN_POINT('',(8.E-02,-5.62));
#6402 = ( GEOMETRIC_REPRESENTATION_CONTEXT(2) 
PARAMETRIC_REPRESENTATION_CONTEXT() REPRESENTATION_CONTEXT('2D SPACE',''
  ) );
#6403 = PCURVE('',#6404,#6409);
#6404 = TOROIDAL_SURFACE('',#6405,0.16,8.E-02);
#6405 = AXIS2_PLACEMENT_3D('',#6406,#6407,#6408);
#6406 = CARTESIAN_POINT('',(6.48,-0.83,4.92));
#6407 = DIRECTION('',(-1.,-0.,0.));
#6408 = DIRECTION('',(0.,1.387778780781E-15,1.));
#6409 = DEFINITIONAL_REPRESENTATION('',(#6410),#6414);
#6410 = LINE('',#6411,#6412);
#6411 = CARTESIAN_POINT('',(0.,1.570796326795));
#6412 = VECTOR('',#6413,1.);
#6413 = DIRECTION('',(1.,0.));
#6414 = ( GEOMETRIC_REPRESENTATION_CONTEXT(2) 
PARAMETRIC_REPRESENTATION_CONTEXT() REPRESENTATION_CONTEXT('2D SPACE',''
  ) );
#6415 = ORIENTED_EDGE('',*,*,#6416,.F.);
#6416 = EDGE_CURVE('',#6417,#6384,#6419,.T.);
#6417 = VERTEX_POINT('',#6418);
#6418 = CARTESIAN_POINT('',(6.4,-0.67,8.E-02));
#6419 = SURFACE_CURVE('',#6420,(#6424,#6431),.PCURVE_S1.);
#6420 = LINE('',#6421,#6422);
#6421 = CARTESIAN_POINT('',(6.4,-0.67,0.));
#6422 = VECTOR('',#6423,1.);
#6423 = DIRECTION('',(0.,0.,1.));
#6424 = PCURVE('',#4115,#6425);
#6425 = DEFINITIONAL_REPRESENTATION('',(#6426),#6430);
#6426 = LINE('',#6427,#6428);
#6427 = CARTESIAN_POINT('',(-5.,-5.78));
#6428 = VECTOR('',#6429,1.);
#6429 = DIRECTION('',(1.,0.));
#6430 = ( GEOMETRIC_REPRESENTATION_CONTEXT(2) 
PARAMETRIC_REPRESENTATION_CONTEXT() REPRESENTATION_CONTEXT('2D SPACE',''
  ) );
#6431 = PCURVE('',#6432,#6437);
#6432 = CYLINDRICAL_SURFACE('',#6433,8.E-02);
#6433 = AXIS2_PLACEMENT_3D('',#6434,#6435,#6436);
#6434 = CARTESIAN_POINT('',(6.48,-0.67,0.));
#6435 = DIRECTION('',(0.,0.,1.));
#6436 = DIRECTION('',(-1.,-0.,0.));
#6437 = DEFINITIONAL_REPRESENTATION('',(#6438),#6442);
#6438 = LINE('',#6439,#6440);
#6439 = CARTESIAN_POINT('',(0.,0.));
#6440 = VECTOR('',#6441,1.);
#6441 = DIRECTION('',(0.,1.));
#6442 = ( GEOMETRIC_REPRESENTATION_CONTEXT(2) 
PARAMETRIC_REPRESENTATION_CONTEXT() REPRESENTATION_CONTEXT('2D SPACE',''
  ) );
#6443 = ORIENTED_EDGE('',*,*,#6444,.T.);
#6444 = EDGE_CURVE('',#6417,#6445,#6447,.T.);
#6445 = VERTEX_POINT('',#6446);
#6446 = CARTESIAN_POINT('',(6.4,0.67,8.E-02));
#6447 = SURFACE_CURVE('',#6448,(#6452,#6459),.PCURVE_S1.);
#6448 = LINE('',#6449,#6450);
#6449 = CARTESIAN_POINT('',(6.4,-0.75,8.E-02));
#6450 = VECTOR('',#6451,1.);
#6451 = DIRECTION('',(-0.,1.,0.));
#6452 = PCURVE('',#4115,#6453);
#6453 = DEFINITIONAL_REPRESENTATION('',(#6454),#6458);
#6454 = LINE('',#6455,#6456);
#6455 = CARTESIAN_POINT('',(-4.92,-5.7));
#6456 = VECTOR('',#6457,1.);
#6457 = DIRECTION('',(0.,-1.));
#6458 = ( GEOMETRIC_REPRESENTATION_CONTEXT(2) 
PARAMETRIC_REPRESENTATION_CONTEXT() REPRESENTATION_CONTEXT('2D SPACE',''
  ) );
#6459 = PCURVE('',#6460,#6465);
#6460 = CYLINDRICAL_SURFACE('',#6461,8.E-02);
#6461 = AXIS2_PLACEMENT_3D('',#6462,#6463,#6464);
#6462 = CARTESIAN_POINT('',(6.48,-0.75,8.E-02));
#6463 = DIRECTION('',(-0.,1.,0.));
#6464 = DIRECTION('',(-1.,-0.,0.));
#6465 = DEFINITIONAL_REPRESENTATION('',(#6466),#6470);
#6466 = LINE('',#6467,#6468);
#6467 = CARTESIAN_POINT('',(-0.,0.));
#6468 = VECTOR('',#6469,1.);
#6469 = DIRECTION('',(-0.,1.));
#6470 = ( GEOMETRIC_REPRESENTATION_CONTEXT(2) 
PARAMETRIC_REPRESENTATION_CONTEXT() REPRESENTATION_CONTEXT('2D SPACE',''
  ) );
#6471 = ORIENTED_EDGE('',*,*,#6472,.T.);
#6472 = EDGE_CURVE('',#6445,#6473,#6475,.T.);
#6473 = VERTEX_POINT('',#6474);
#6474 = CARTESIAN_POINT('',(6.4,0.67,4.92));
#6475 = SURFACE_CURVE('',#6476,(#6480,#6487),.PCURVE_S1.);
#6476 = LINE('',#6477,#6478);
#6477 = CARTESIAN_POINT('',(6.4,0.67,0.));
#6478 = VECTOR('',#6479,1.);
#6479 = DIRECTION('',(0.,0.,1.));
#6480 = PCURVE('',#4115,#6481);
#6481 = DEFINITIONAL_REPRESENTATION('',(#6482),#6486);
#6482 = LINE('',#6483,#6484);
#6483 = CARTESIAN_POINT('',(-5.,-7.12));
#6484 = VECTOR('',#6485,1.);
#6485 = DIRECTION('',(1.,0.));
#6486 = ( GEOMETRIC_REPRESENTATION_CONTEXT(2) 
PARAMETRIC_REPRESENTATION_CONTEXT() REPRESENTATION_CONTEXT('2D SPACE',''
  ) );
#6487 = PCURVE('',#6488,#6493);
#6488 = CYLINDRICAL_SURFACE('',#6489,8.E-02);
#6489 = AXIS2_PLACEMENT_3D('',#6490,#6491,#6492);
#6490 = CARTESIAN_POINT('',(6.48,0.67,0.));
#6491 = DIRECTION('',(0.,0.,1.));
#6492 = DIRECTION('',(-1.,-0.,0.));
#6493 = DEFINITIONAL_REPRESENTATION('',(#6494),#6498);
#6494 = LINE('',#6495,#6496);
#6495 = CARTESIAN_POINT('',(-0.,0.));
#6496 = VECTOR('',#6497,1.);
#6497 = DIRECTION('',(-0.,1.));
#6498 = ( GEOMETRIC_REPRESENTATION_CONTEXT(2) 
PARAMETRIC_REPRESENTATION_CONTEXT() REPRESENTATION_CONTEXT('2D SPACE',''
  ) );
#6499 = ORIENTED_EDGE('',*,*,#6500,.T.);
#6500 = EDGE_CURVE('',#6473,#6501,#6503,.T.);
#6501 = VERTEX_POINT('',#6502);
#6502 = CARTESIAN_POINT('',(6.4,0.83,5.08));
#6503 = SURFACE_CURVE('',#6504,(#6509,#6520),.PCURVE_S1.);
#6504 = CIRCLE('',#6505,0.16);
#6505 = AXIS2_PLACEMENT_3D('',#6506,#6507,#6508);
#6506 = CARTESIAN_POINT('',(6.4,0.83,4.92));
#6507 = DIRECTION('',(-1.,0.,0.));
#6508 = DIRECTION('',(0.,-1.,0.));
#6509 = PCURVE('',#4115,#6510);
#6510 = DEFINITIONAL_REPRESENTATION('',(#6511),#6519);
#6511 = ( BOUNDED_CURVE() B_SPLINE_CURVE(2,(#6512,#6513,#6514,#6515,
#6516,#6517,#6518),.UNSPECIFIED.,.T.,.F.) B_SPLINE_CURVE_WITH_KNOTS((1,2
    ,2,2,2,1),(-2.094395102393,0.,2.094395102393,4.188790204786,
6.28318530718,8.377580409573),.UNSPECIFIED.) CURVE() 
GEOMETRIC_REPRESENTATION_ITEM() RATIONAL_B_SPLINE_CURVE((1.,0.5,1.,0.5,
1.,0.5,1.)) REPRESENTATION_ITEM('') );
#6512 = CARTESIAN_POINT('',(-8.E-02,-7.12));
#6513 = CARTESIAN_POINT('',(0.197128129211,-7.12));
#6514 = CARTESIAN_POINT('',(5.856406460551E-02,-7.36));
#6515 = CARTESIAN_POINT('',(-8.E-02,-7.6));
#6516 = CARTESIAN_POINT('',(-0.218564064606,-7.36));
#6517 = CARTESIAN_POINT('',(-0.357128129211,-7.12));
#6518 = CARTESIAN_POINT('',(-8.E-02,-7.12));
#6519 = ( GEOMETRIC_REPRESENTATION_CONTEXT(2) 
PARAMETRIC_REPRESENTATION_CONTEXT() REPRESENTATION_CONTEXT('2D SPACE',''
  ) );
#6520 = PCURVE('',#6521,#6526);
#6521 = TOROIDAL_SURFACE('',#6522,0.16,8.E-02);
#6522 = AXIS2_PLACEMENT_3D('',#6523,#6524,#6525);
#6523 = CARTESIAN_POINT('',(6.48,0.83,4.92));
#6524 = DIRECTION('',(-1.,-0.,0.));
#6525 = DIRECTION('',(0.,-1.,0.));
#6526 = DEFINITIONAL_REPRESENTATION('',(#6527),#6531);
#6527 = LINE('',#6528,#6529);
#6528 = CARTESIAN_POINT('',(0.,1.570796326795));
#6529 = VECTOR('',#6530,1.);
#6530 = DIRECTION('',(1.,0.));
#6531 = ( GEOMETRIC_REPRESENTATION_CONTEXT(2) 
PARAMETRIC_REPRESENTATION_CONTEXT() REPRESENTATION_CONTEXT('2D SPACE',''
  ) );
#6532 = ORIENTED_EDGE('',*,*,#6533,.T.);
#6533 = EDGE_CURVE('',#6501,#4293,#6534,.T.);
#6534 = SURFACE_CURVE('',#6535,(#6539,#6546),.PCURVE_S1.);
#6535 = LINE('',#6536,#6537);
#6536 = CARTESIAN_POINT('',(6.4,0.75,5.08));
#6537 = VECTOR('',#6538,1.);
#6538 = DIRECTION('',(-0.,1.,0.));
#6539 = PCURVE('',#4115,#6540);
#6540 = DEFINITIONAL_REPRESENTATION('',(#6541),#6545);
#6541 = LINE('',#6542,#6543);
#6542 = CARTESIAN_POINT('',(8.E-02,-7.2));
#6543 = VECTOR('',#6544,1.);
#6544 = DIRECTION('',(0.,-1.));
#6545 = ( GEOMETRIC_REPRESENTATION_CONTEXT(2) 
PARAMETRIC_REPRESENTATION_CONTEXT() REPRESENTATION_CONTEXT('2D SPACE',''
  ) );
#6546 = PCURVE('',#6547,#6552);
#6547 = CYLINDRICAL_SURFACE('',#6548,8.E-02);
#6548 = AXIS2_PLACEMENT_3D('',#6549,#6550,#6551);
#6549 = CARTESIAN_POINT('',(6.48,0.75,5.08));
#6550 = DIRECTION('',(-0.,1.,0.));
#6551 = DIRECTION('',(-1.,-0.,0.));
#6552 = DEFINITIONAL_REPRESENTATION('',(#6553),#6557);
#6553 = LINE('',#6554,#6555);
#6554 = CARTESIAN_POINT('',(-0.,0.));
#6555 = VECTOR('',#6556,1.);
#6556 = DIRECTION('',(-0.,1.));
#6557 = ( GEOMETRIC_REPRESENTATION_CONTEXT(2) 
PARAMETRIC_REPRESENTATION_CONTEXT() REPRESENTATION_CONTEXT('2D SPACE',''
  ) );
#6558 = ORIENTED_EDGE('',*,*,#4316,.T.);
#6559 = ORIENTED_EDGE('',*,*,#6050,.F.);
#6560 = ADVANCED_FACE('',(#6561),#4169,.T.);
#6561 = FACE_BOUND('',#6562,.F.);
#6562 = EDGE_LOOP('',(#6563,#6564,#6584));
#6563 = ORIENTED_EDGE('',*,*,#4260,.F.);
#6564 = ORIENTED_EDGE('',*,*,#6565,.T.);
#6565 = EDGE_CURVE('',#4233,#4132,#6566,.T.);
#6566 = SURFACE_CURVE('',#6567,(#6572,#6578),.PCURVE_S1.);
#6567 = CIRCLE('',#6568,8.E-02);
#6568 = AXIS2_PLACEMENT_3D('',#6569,#6570,#6571);
#6569 = CARTESIAN_POINT('',(7.32,1.37,5.08));
#6570 = DIRECTION('',(6.123233995737E-17,-1.,0.));
#6571 = DIRECTION('',(1.,6.123233995737E-17,0.));
#6572 = PCURVE('',#4169,#6573);
#6573 = DEFINITIONAL_REPRESENTATION('',(#6574),#6577);
#6574 = B_SPLINE_CURVE_WITH_KNOTS('',1,(#6575,#6576),.UNSPECIFIED.,.F.,
  .F.,(2,2),(4.712388980385,6.28318530718),.PIECEWISE_BEZIER_KNOTS.);
#6575 = CARTESIAN_POINT('',(-1.570796326795,-1.570796326795));
#6576 = CARTESIAN_POINT('',(-1.570796326795,0.));
#6577 = ( GEOMETRIC_REPRESENTATION_CONTEXT(2) 
PARAMETRIC_REPRESENTATION_CONTEXT() REPRESENTATION_CONTEXT('2D SPACE',''
  ) );
#6578 = PCURVE('',#5822,#6579);
#6579 = DEFINITIONAL_REPRESENTATION('',(#6580),#6583);
#6580 = B_SPLINE_CURVE_WITH_KNOTS('',1,(#6581,#6582),.UNSPECIFIED.,.F.,
  .F.,(2,2),(4.712388980385,6.28318530718),.PIECEWISE_BEZIER_KNOTS.);
#6581 = CARTESIAN_POINT('',(1.570796326795,0.62));
#6582 = CARTESIAN_POINT('',(0.,0.62));
#6583 = ( GEOMETRIC_REPRESENTATION_CONTEXT(2) 
PARAMETRIC_REPRESENTATION_CONTEXT() REPRESENTATION_CONTEXT('2D SPACE',''
  ) );
#6584 = ORIENTED_EDGE('',*,*,#4154,.F.);
#6585 = ADVANCED_FACE('',(#6586),#4221,.T.);
#6586 = FACE_BOUND('',#6587,.T.);
#6587 = EDGE_LOOP('',(#6588,#6589,#6609));
#6588 = ORIENTED_EDGE('',*,*,#4205,.F.);
#6589 = ORIENTED_EDGE('',*,*,#6590,.T.);
#6590 = EDGE_CURVE('',#4206,#4293,#6591,.T.);
#6591 = SURFACE_CURVE('',#6592,(#6597,#6603),.PCURVE_S1.);
#6592 = CIRCLE('',#6593,8.E-02);
#6593 = AXIS2_PLACEMENT_3D('',#6594,#6595,#6596);
#6594 = CARTESIAN_POINT('',(6.48,1.37,5.08));
#6595 = DIRECTION('',(6.123233995737E-17,1.,-0.));
#6596 = DIRECTION('',(-1.,6.123233995737E-17,0.));
#6597 = PCURVE('',#4221,#6598);
#6598 = DEFINITIONAL_REPRESENTATION('',(#6599),#6602);
#6599 = B_SPLINE_CURVE_WITH_KNOTS('',1,(#6600,#6601),.UNSPECIFIED.,.F.,
  .F.,(2,2),(4.712388980385,6.28318530718),.PIECEWISE_BEZIER_KNOTS.);
#6600 = CARTESIAN_POINT('',(1.570796326795,-1.570796326795));
#6601 = CARTESIAN_POINT('',(1.570796326795,0.));
#6602 = ( GEOMETRIC_REPRESENTATION_CONTEXT(2) 
PARAMETRIC_REPRESENTATION_CONTEXT() REPRESENTATION_CONTEXT('2D SPACE',''
  ) );
#6603 = PCURVE('',#6547,#6604);
#6604 = DEFINITIONAL_REPRESENTATION('',(#6605),#6608);
#6605 = B_SPLINE_CURVE_WITH_KNOTS('',1,(#6606,#6607),.UNSPECIFIED.,.F.,
  .F.,(2,2),(4.712388980385,6.28318530718),.PIECEWISE_BEZIER_KNOTS.);
#6606 = CARTESIAN_POINT('',(-1.570796326795,0.62));
#6607 = CARTESIAN_POINT('',(0.,0.62));
#6608 = ( GEOMETRIC_REPRESENTATION_CONTEXT(2) 
PARAMETRIC_REPRESENTATION_CONTEXT() REPRESENTATION_CONTEXT('2D SPACE',''
  ) );
#6609 = ORIENTED_EDGE('',*,*,#4292,.F.);
#6610 = ADVANCED_FACE('',(#6611),#4248,.F.);
#6611 = FACE_BOUND('',#6612,.F.);
#6612 = EDGE_LOOP('',(#6613,#6614,#6637,#6665));
#6613 = ORIENTED_EDGE('',*,*,#4232,.F.);
#6614 = ORIENTED_EDGE('',*,*,#6615,.F.);
#6615 = EDGE_CURVE('',#6616,#4206,#6618,.T.);
#6616 = VERTEX_POINT('',#6617);
#6617 = CARTESIAN_POINT('',(6.48,0.83,5.));
#6618 = SURFACE_CURVE('',#6619,(#6623,#6630),.PCURVE_S1.);
#6619 = LINE('',#6620,#6621);
#6620 = CARTESIAN_POINT('',(6.48,0.75,5.));
#6621 = VECTOR('',#6622,1.);
#6622 = DIRECTION('',(-0.,1.,0.));
#6623 = PCURVE('',#4248,#6624);
#6624 = DEFINITIONAL_REPRESENTATION('',(#6625),#6629);
#6625 = LINE('',#6626,#6627);
#6626 = CARTESIAN_POINT('',(8.E-02,7.2));
#6627 = VECTOR('',#6628,1.);
#6628 = DIRECTION('',(0.,1.));
#6629 = ( GEOMETRIC_REPRESENTATION_CONTEXT(2) 
PARAMETRIC_REPRESENTATION_CONTEXT() REPRESENTATION_CONTEXT('2D SPACE',''
  ) );
#6630 = PCURVE('',#6547,#6631);
#6631 = DEFINITIONAL_REPRESENTATION('',(#6632),#6636);
#6632 = LINE('',#6633,#6634);
#6633 = CARTESIAN_POINT('',(-1.570796326795,0.));
#6634 = VECTOR('',#6635,1.);
#6635 = DIRECTION('',(-0.,1.));
#6636 = ( GEOMETRIC_REPRESENTATION_CONTEXT(2) 
PARAMETRIC_REPRESENTATION_CONTEXT() REPRESENTATION_CONTEXT('2D SPACE',''
  ) );
#6637 = ORIENTED_EDGE('',*,*,#6638,.F.);
#6638 = EDGE_CURVE('',#6639,#6616,#6641,.T.);
#6639 = VERTEX_POINT('',#6640);
#6640 = CARTESIAN_POINT('',(7.32,0.83,5.));
#6641 = SURFACE_CURVE('',#6642,(#6646,#6653),.PCURVE_S1.);
#6642 = LINE('',#6643,#6644);
#6643 = CARTESIAN_POINT('',(7.4,0.83,5.));
#6644 = VECTOR('',#6645,1.);
#6645 = DIRECTION('',(-1.,-0.,0.));
#6646 = PCURVE('',#4248,#6647);
#6647 = DEFINITIONAL_REPRESENTATION('',(#6648),#6652);
#6648 = LINE('',#6649,#6650);
#6649 = CARTESIAN_POINT('',(1.,7.28));
#6650 = VECTOR('',#6651,1.);
#6651 = DIRECTION('',(-1.,0.));
#6652 = ( GEOMETRIC_REPRESENTATION_CONTEXT(2) 
PARAMETRIC_REPRESENTATION_CONTEXT() REPRESENTATION_CONTEXT('2D SPACE',''
  ) );
#6653 = PCURVE('',#6654,#6659);
#6654 = CYLINDRICAL_SURFACE('',#6655,8.E-02);
#6655 = AXIS2_PLACEMENT_3D('',#6656,#6657,#6658);
#6656 = CARTESIAN_POINT('',(7.4,0.83,4.92));
#6657 = DIRECTION('',(-1.,-0.,0.));
#6658 = DIRECTION('',(0.,0.,1.));
#6659 = DEFINITIONAL_REPRESENTATION('',(#6660),#6664);
#6660 = LINE('',#6661,#6662);
#6661 = CARTESIAN_POINT('',(-0.,0.));
#6662 = VECTOR('',#6663,1.);
#6663 = DIRECTION('',(-0.,1.));
#6664 = ( GEOMETRIC_REPRESENTATION_CONTEXT(2) 
PARAMETRIC_REPRESENTATION_CONTEXT() REPRESENTATION_CONTEXT('2D SPACE',''
  ) );
#6665 = ORIENTED_EDGE('',*,*,#6666,.T.);
#6666 = EDGE_CURVE('',#6639,#4233,#6667,.T.);
#6667 = SURFACE_CURVE('',#6668,(#6672,#6679),.PCURVE_S1.);
#6668 = LINE('',#6669,#6670);
#6669 = CARTESIAN_POINT('',(7.32,0.75,5.));
#6670 = VECTOR('',#6671,1.);
#6671 = DIRECTION('',(-0.,1.,0.));
#6672 = PCURVE('',#4248,#6673);
#6673 = DEFINITIONAL_REPRESENTATION('',(#6674),#6678);
#6674 = LINE('',#6675,#6676);
#6675 = CARTESIAN_POINT('',(0.92,7.2));
#6676 = VECTOR('',#6677,1.);
#6677 = DIRECTION('',(0.,1.));
#6678 = ( GEOMETRIC_REPRESENTATION_CONTEXT(2) 
PARAMETRIC_REPRESENTATION_CONTEXT() REPRESENTATION_CONTEXT('2D SPACE',''
  ) );
#6679 = PCURVE('',#5822,#6680);
#6680 = DEFINITIONAL_REPRESENTATION('',(#6681),#6685);
#6681 = LINE('',#6682,#6683);
#6682 = CARTESIAN_POINT('',(1.570796326795,0.));
#6683 = VECTOR('',#6684,1.);
#6684 = DIRECTION('',(0.,1.));
#6685 = ( GEOMETRIC_REPRESENTATION_CONTEXT(2) 
PARAMETRIC_REPRESENTATION_CONTEXT() REPRESENTATION_CONTEXT('2D SPACE',''
  ) );
#6686 = ADVANCED_FACE('',(#6687),#4525,.T.);
#6687 = FACE_BOUND('',#6688,.F.);
#6688 = EDGE_LOOP('',(#6689,#6690,#6691));
#6689 = ORIENTED_EDGE('',*,*,#4699,.F.);
#6690 = ORIENTED_EDGE('',*,*,#4541,.T.);
#6691 = ORIENTED_EDGE('',*,*,#4510,.F.);
#6692 = ADVANCED_FACE('',(#6693),#4841,.T.);
#6693 = FACE_BOUND('',#6694,.T.);
#6694 = EDGE_LOOP('',(#6695,#6696,#6697));
#6695 = ORIENTED_EDGE('',*,*,#4827,.F.);
#6696 = ORIENTED_EDGE('',*,*,#5020,.T.);
#6697 = ORIENTED_EDGE('',*,*,#4857,.F.);
#6698 = ADVANCED_FACE('',(#6699),#4923,.T.);
#6699 = FACE_BOUND('',#6700,.F.);
#6700 = EDGE_LOOP('',(#6701,#6702,#6703));
#6701 = ORIENTED_EDGE('',*,*,#5161,.F.);
#6702 = ORIENTED_EDGE('',*,*,#4939,.T.);
#6703 = ORIENTED_EDGE('',*,*,#4908,.F.);
#6704 = ADVANCED_FACE('',(#6705),#5004,.T.);
#6705 = FACE_BOUND('',#6706,.F.);
#6706 = EDGE_LOOP('',(#6707,#6708,#6709));
#6707 = ORIENTED_EDGE('',*,*,#5063,.F.);
#6708 = ORIENTED_EDGE('',*,*,#5185,.T.);
#6709 = ORIENTED_EDGE('',*,*,#4989,.F.);
#6710 = ADVANCED_FACE('',(#6711),#5103,.T.);
#6711 = FACE_BOUND('',#6712,.T.);
#6712 = EDGE_LOOP('',(#6713,#6714,#6715));
#6713 = ORIENTED_EDGE('',*,*,#5089,.F.);
#6714 = ORIENTED_EDGE('',*,*,#5118,.T.);
#6715 = ORIENTED_EDGE('',*,*,#5253,.F.);
#6716 = ADVANCED_FACE('',(#6717),#5468,.T.);
#6717 = FACE_BOUND('',#6718,.T.);
#6718 = EDGE_LOOP('',(#6719,#6720,#6721,#6741));
#6719 = ORIENTED_EDGE('',*,*,#6024,.F.);
#6720 = ORIENTED_EDGE('',*,*,#6106,.T.);
#6721 = ORIENTED_EDGE('',*,*,#6722,.F.);
#6722 = EDGE_CURVE('',#5453,#6107,#6723,.T.);
#6723 = SURFACE_CURVE('',#6724,(#6729,#6735),.PCURVE_S1.);
#6724 = CIRCLE('',#6725,8.E-02);
#6725 = AXIS2_PLACEMENT_3D('',#6726,#6727,#6728);
#6726 = CARTESIAN_POINT('',(7.32,-5.83,5.08));
#6727 = DIRECTION('',(-0.,1.,0.));
#6728 = DIRECTION('',(0.,0.,1.));
#6729 = PCURVE('',#5468,#6730);
#6730 = DEFINITIONAL_REPRESENTATION('',(#6731),#6734);
#6731 = B_SPLINE_CURVE_WITH_KNOTS('',1,(#6732,#6733),.UNSPECIFIED.,.F.,
  .F.,(2,2),(1.570796326795,3.14159265359),.PIECEWISE_BEZIER_KNOTS.);
#6732 = CARTESIAN_POINT('',(0.,0.62));
#6733 = CARTESIAN_POINT('',(1.570796326795,0.62));
#6734 = ( GEOMETRIC_REPRESENTATION_CONTEXT(2) 
PARAMETRIC_REPRESENTATION_CONTEXT() REPRESENTATION_CONTEXT('2D SPACE',''
  ) );
#6735 = PCURVE('',#5501,#6736);
#6736 = DEFINITIONAL_REPRESENTATION('',(#6737),#6740);
#6737 = B_SPLINE_CURVE_WITH_KNOTS('',1,(#6738,#6739),.UNSPECIFIED.,.F.,
  .F.,(2,2),(1.570796326795,3.14159265359),.PIECEWISE_BEZIER_KNOTS.);
#6738 = CARTESIAN_POINT('',(0.,1.570796326795));
#6739 = CARTESIAN_POINT('',(0.,3.14159265359));
#6740 = ( GEOMETRIC_REPRESENTATION_CONTEXT(2) 
PARAMETRIC_REPRESENTATION_CONTEXT() REPRESENTATION_CONTEXT('2D SPACE',''
  ) );
#6741 = ORIENTED_EDGE('',*,*,#5452,.F.);
#6742 = ADVANCED_FACE('',(#6743),#5822,.T.);
#6743 = FACE_BOUND('',#6744,.T.);
#6744 = EDGE_LOOP('',(#6745,#6765,#6766,#6767));
#6745 = ORIENTED_EDGE('',*,*,#6746,.T.);
#6746 = EDGE_CURVE('',#5776,#6639,#6747,.T.);
#6747 = SURFACE_CURVE('',#6748,(#6753,#6759),.PCURVE_S1.);
#6748 = CIRCLE('',#6749,8.E-02);
#6749 = AXIS2_PLACEMENT_3D('',#6750,#6751,#6752);
#6750 = CARTESIAN_POINT('',(7.32,0.83,5.08));
#6751 = DIRECTION('',(0.,1.,6.123233995737E-17));
#6752 = DIRECTION('',(0.,-6.123233995737E-17,1.));
#6753 = PCURVE('',#5822,#6754);
#6754 = DEFINITIONAL_REPRESENTATION('',(#6755),#6758);
#6755 = B_SPLINE_CURVE_WITH_KNOTS('',1,(#6756,#6757),.UNSPECIFIED.,.F.,
  .F.,(2,2),(1.570796326795,3.14159265359),.PIECEWISE_BEZIER_KNOTS.);
#6756 = CARTESIAN_POINT('',(0.,8.E-02));
#6757 = CARTESIAN_POINT('',(1.570796326795,8.E-02));
#6758 = ( GEOMETRIC_REPRESENTATION_CONTEXT(2) 
PARAMETRIC_REPRESENTATION_CONTEXT() REPRESENTATION_CONTEXT('2D SPACE',''
  ) );
#6759 = PCURVE('',#5796,#6760);
#6760 = DEFINITIONAL_REPRESENTATION('',(#6761),#6764);
#6761 = B_SPLINE_CURVE_WITH_KNOTS('',1,(#6762,#6763),.UNSPECIFIED.,.F.,
  .F.,(2,2),(1.570796326795,3.14159265359),.PIECEWISE_BEZIER_KNOTS.);
#6762 = CARTESIAN_POINT('',(-1.570796326795,1.570796326795));
#6763 = CARTESIAN_POINT('',(-1.570796326795,3.14159265359));
#6764 = ( GEOMETRIC_REPRESENTATION_CONTEXT(2) 
PARAMETRIC_REPRESENTATION_CONTEXT() REPRESENTATION_CONTEXT('2D SPACE',''
  ) );
#6765 = ORIENTED_EDGE('',*,*,#6666,.T.);
#6766 = ORIENTED_EDGE('',*,*,#6565,.T.);
#6767 = ORIENTED_EDGE('',*,*,#5808,.F.);
#6768 = ADVANCED_FACE('',(#6769),#5501,.T.);
#6769 = FACE_BOUND('',#6770,.F.);
#6770 = EDGE_LOOP('',(#6771,#6772,#6773,#6795));
#6771 = ORIENTED_EDGE('',*,*,#6722,.F.);
#6772 = ORIENTED_EDGE('',*,*,#5480,.T.);
#6773 = ORIENTED_EDGE('',*,*,#6774,.T.);
#6774 = EDGE_CURVE('',#5481,#6775,#6777,.T.);
#6775 = VERTEX_POINT('',#6776);
#6776 = CARTESIAN_POINT('',(7.32,-5.75,4.92));
#6777 = SURFACE_CURVE('',#6778,(#6783,#6789),.PCURVE_S1.);
#6778 = CIRCLE('',#6779,8.E-02);
#6779 = AXIS2_PLACEMENT_3D('',#6780,#6781,#6782);
#6780 = CARTESIAN_POINT('',(7.32,-5.67,4.92));
#6781 = DIRECTION('',(-0.,6.123233995737E-17,-1.));
#6782 = DIRECTION('',(0.,1.,6.123233995737E-17));
#6783 = PCURVE('',#5501,#6784);
#6784 = DEFINITIONAL_REPRESENTATION('',(#6785),#6788);
#6785 = B_SPLINE_CURVE_WITH_KNOTS('',1,(#6786,#6787),.UNSPECIFIED.,.F.,
  .F.,(2,2),(1.570796326795,3.14159265359),.PIECEWISE_BEZIER_KNOTS.);
#6786 = CARTESIAN_POINT('',(-1.570796326795,1.570796326795));
#6787 = CARTESIAN_POINT('',(-1.570796326795,3.14159265359));
#6788 = ( GEOMETRIC_REPRESENTATION_CONTEXT(2) 
PARAMETRIC_REPRESENTATION_CONTEXT() REPRESENTATION_CONTEXT('2D SPACE',''
  ) );
#6789 = PCURVE('',#5529,#6790);
#6790 = DEFINITIONAL_REPRESENTATION('',(#6791),#6794);
#6791 = B_SPLINE_CURVE_WITH_KNOTS('',1,(#6792,#6793),.UNSPECIFIED.,.F.,
  .F.,(2,2),(1.570796326795,3.14159265359),.PIECEWISE_BEZIER_KNOTS.);
#6792 = CARTESIAN_POINT('',(0.,4.92));
#6793 = CARTESIAN_POINT('',(-1.570796326795,4.92));
#6794 = ( GEOMETRIC_REPRESENTATION_CONTEXT(2) 
PARAMETRIC_REPRESENTATION_CONTEXT() REPRESENTATION_CONTEXT('2D SPACE',''
  ) );
#6795 = ORIENTED_EDGE('',*,*,#6796,.F.);
#6796 = EDGE_CURVE('',#6107,#6775,#6797,.T.);
#6797 = SURFACE_CURVE('',#6798,(#6803,#6810),.PCURVE_S1.);
#6798 = CIRCLE('',#6799,8.E-02);
#6799 = AXIS2_PLACEMENT_3D('',#6800,#6801,#6802);
#6800 = CARTESIAN_POINT('',(7.32,-5.83,4.92));
#6801 = DIRECTION('',(-1.,-0.,0.));
#6802 = DIRECTION('',(0.,0.,1.));
#6803 = PCURVE('',#5501,#6804);
#6804 = DEFINITIONAL_REPRESENTATION('',(#6805),#6809);
#6805 = LINE('',#6806,#6807);
#6806 = CARTESIAN_POINT('',(-0.,3.14159265359));
#6807 = VECTOR('',#6808,1.);
#6808 = DIRECTION('',(-1.,0.));
#6809 = ( GEOMETRIC_REPRESENTATION_CONTEXT(2) 
PARAMETRIC_REPRESENTATION_CONTEXT() REPRESENTATION_CONTEXT('2D SPACE',''
  ) );
#6810 = PCURVE('',#6145,#6811);
#6811 = DEFINITIONAL_REPRESENTATION('',(#6812),#6816);
#6812 = LINE('',#6813,#6814);
#6813 = CARTESIAN_POINT('',(0.,8.E-02));
#6814 = VECTOR('',#6815,1.);
#6815 = DIRECTION('',(1.,0.));
#6816 = ( GEOMETRIC_REPRESENTATION_CONTEXT(2) 
PARAMETRIC_REPRESENTATION_CONTEXT() REPRESENTATION_CONTEXT('2D SPACE',''
  ) );
#6817 = ADVANCED_FACE('',(#6818),#5796,.T.);
#6818 = FACE_BOUND('',#6819,.F.);
#6819 = EDGE_LOOP('',(#6820,#6842,#6843,#6844));
#6820 = ORIENTED_EDGE('',*,*,#6821,.F.);
#6821 = EDGE_CURVE('',#5748,#6822,#6824,.T.);
#6822 = VERTEX_POINT('',#6823);
#6823 = CARTESIAN_POINT('',(7.32,0.75,4.92));
#6824 = SURFACE_CURVE('',#6825,(#6830,#6836),.PCURVE_S1.);
#6825 = CIRCLE('',#6826,8.E-02);
#6826 = AXIS2_PLACEMENT_3D('',#6827,#6828,#6829);
#6827 = CARTESIAN_POINT('',(7.32,0.67,4.92));
#6828 = DIRECTION('',(0.,0.,1.));
#6829 = DIRECTION('',(0.,-1.,0.));
#6830 = PCURVE('',#5796,#6831);
#6831 = DEFINITIONAL_REPRESENTATION('',(#6832),#6835);
#6832 = B_SPLINE_CURVE_WITH_KNOTS('',1,(#6833,#6834),.UNSPECIFIED.,.F.,
  .F.,(2,2),(1.570796326795,3.14159265359),.PIECEWISE_BEZIER_KNOTS.);
#6833 = CARTESIAN_POINT('',(0.,1.570796326795));
#6834 = CARTESIAN_POINT('',(0.,3.14159265359));
#6835 = ( GEOMETRIC_REPRESENTATION_CONTEXT(2) 
PARAMETRIC_REPRESENTATION_CONTEXT() REPRESENTATION_CONTEXT('2D SPACE',''
  ) );
#6836 = PCURVE('',#5763,#6837);
#6837 = DEFINITIONAL_REPRESENTATION('',(#6838),#6841);
#6838 = B_SPLINE_CURVE_WITH_KNOTS('',1,(#6839,#6840),.UNSPECIFIED.,.F.,
  .F.,(2,2),(1.570796326795,3.14159265359),.PIECEWISE_BEZIER_KNOTS.);
#6839 = CARTESIAN_POINT('',(0.,4.92));
#6840 = CARTESIAN_POINT('',(1.570796326795,4.92));
#6841 = ( GEOMETRIC_REPRESENTATION_CONTEXT(2) 
PARAMETRIC_REPRESENTATION_CONTEXT() REPRESENTATION_CONTEXT('2D SPACE',''
  ) );
#6842 = ORIENTED_EDGE('',*,*,#5775,.T.);
#6843 = ORIENTED_EDGE('',*,*,#6746,.T.);
#6844 = ORIENTED_EDGE('',*,*,#6845,.F.);
#6845 = EDGE_CURVE('',#6822,#6639,#6846,.T.);
#6846 = SURFACE_CURVE('',#6847,(#6852,#6859),.PCURVE_S1.);
#6847 = CIRCLE('',#6848,8.E-02);
#6848 = AXIS2_PLACEMENT_3D('',#6849,#6850,#6851);
#6849 = CARTESIAN_POINT('',(7.32,0.83,4.92));
#6850 = DIRECTION('',(-1.,0.,0.));
#6851 = DIRECTION('',(0.,-1.,0.));
#6852 = PCURVE('',#5796,#6853);
#6853 = DEFINITIONAL_REPRESENTATION('',(#6854),#6858);
#6854 = LINE('',#6855,#6856);
#6855 = CARTESIAN_POINT('',(-0.,3.14159265359));
#6856 = VECTOR('',#6857,1.);
#6857 = DIRECTION('',(-1.,0.));
#6858 = ( GEOMETRIC_REPRESENTATION_CONTEXT(2) 
PARAMETRIC_REPRESENTATION_CONTEXT() REPRESENTATION_CONTEXT('2D SPACE',''
  ) );
#6859 = PCURVE('',#6654,#6860);
#6860 = DEFINITIONAL_REPRESENTATION('',(#6861),#6865);
#6861 = LINE('',#6862,#6863);
#6862 = CARTESIAN_POINT('',(-1.570796326795,8.E-02));
#6863 = VECTOR('',#6864,1.);
#6864 = DIRECTION('',(1.,-0.));
#6865 = ( GEOMETRIC_REPRESENTATION_CONTEXT(2) 
PARAMETRIC_REPRESENTATION_CONTEXT() REPRESENTATION_CONTEXT('2D SPACE',''
  ) );
#6866 = ADVANCED_FACE('',(#6867),#5529,.T.);
#6867 = FACE_BOUND('',#6868,.F.);
#6868 = EDGE_LOOP('',(#6869,#6870,#6899,#6925));
#6869 = ORIENTED_EDGE('',*,*,#5513,.F.);
#6870 = ORIENTED_EDGE('',*,*,#6871,.T.);
#6871 = EDGE_CURVE('',#5514,#6872,#6874,.T.);
#6872 = VERTEX_POINT('',#6873);
#6873 = CARTESIAN_POINT('',(7.32,-5.75,8.E-02));
#6874 = SURFACE_CURVE('',#6875,(#6880,#6887),.PCURVE_S1.);
#6875 = CIRCLE('',#6876,8.E-02);
#6876 = AXIS2_PLACEMENT_3D('',#6877,#6878,#6879);
#6877 = CARTESIAN_POINT('',(7.32,-5.67,8.E-02));
#6878 = DIRECTION('',(0.,-0.,-1.));
#6879 = DIRECTION('',(1.,0.,-0.));
#6880 = PCURVE('',#5529,#6881);
#6881 = DEFINITIONAL_REPRESENTATION('',(#6882),#6886);
#6882 = LINE('',#6883,#6884);
#6883 = CARTESIAN_POINT('',(-0.,8.E-02));
#6884 = VECTOR('',#6885,1.);
#6885 = DIRECTION('',(-1.,0.));
#6886 = ( GEOMETRIC_REPRESENTATION_CONTEXT(2) 
PARAMETRIC_REPRESENTATION_CONTEXT() REPRESENTATION_CONTEXT('2D SPACE',''
  ) );
#6887 = PCURVE('',#6888,#6893);
#6888 = SPHERICAL_SURFACE('',#6889,8.E-02);
#6889 = AXIS2_PLACEMENT_3D('',#6890,#6891,#6892);
#6890 = CARTESIAN_POINT('',(7.32,-5.67,8.E-02));
#6891 = DIRECTION('',(0.,0.,1.));
#6892 = DIRECTION('',(1.,0.,-0.));
#6893 = DEFINITIONAL_REPRESENTATION('',(#6894),#6898);
#6894 = LINE('',#6895,#6896);
#6895 = CARTESIAN_POINT('',(-0.,0.));
#6896 = VECTOR('',#6897,1.);
#6897 = DIRECTION('',(-1.,0.));
#6898 = ( GEOMETRIC_REPRESENTATION_CONTEXT(2) 
PARAMETRIC_REPRESENTATION_CONTEXT() REPRESENTATION_CONTEXT('2D SPACE',''
  ) );
#6899 = ORIENTED_EDGE('',*,*,#6900,.T.);
#6900 = EDGE_CURVE('',#6872,#6775,#6901,.T.);
#6901 = SURFACE_CURVE('',#6902,(#6906,#6913),.PCURVE_S1.);
#6902 = LINE('',#6903,#6904);
#6903 = CARTESIAN_POINT('',(7.32,-5.75,0.));
#6904 = VECTOR('',#6905,1.);
#6905 = DIRECTION('',(0.,0.,1.));
#6906 = PCURVE('',#5529,#6907);
#6907 = DEFINITIONAL_REPRESENTATION('',(#6908),#6912);
#6908 = LINE('',#6909,#6910);
#6909 = CARTESIAN_POINT('',(-1.570796326795,0.));
#6910 = VECTOR('',#6911,1.);
#6911 = DIRECTION('',(-0.,1.));
#6912 = ( GEOMETRIC_REPRESENTATION_CONTEXT(2) 
PARAMETRIC_REPRESENTATION_CONTEXT() REPRESENTATION_CONTEXT('2D SPACE',''
  ) );
#6913 = PCURVE('',#6914,#6919);
#6914 = PLANE('',#6915);
#6915 = AXIS2_PLACEMENT_3D('',#6916,#6917,#6918);
#6916 = CARTESIAN_POINT('',(6.4,-5.75,0.));
#6917 = DIRECTION('',(-0.,1.,0.));
#6918 = DIRECTION('',(0.,0.,1.));
#6919 = DEFINITIONAL_REPRESENTATION('',(#6920),#6924);
#6920 = LINE('',#6921,#6922);
#6921 = CARTESIAN_POINT('',(0.,0.92));
#6922 = VECTOR('',#6923,1.);
#6923 = DIRECTION('',(1.,0.));
#6924 = ( GEOMETRIC_REPRESENTATION_CONTEXT(2) 
PARAMETRIC_REPRESENTATION_CONTEXT() REPRESENTATION_CONTEXT('2D SPACE',''
  ) );
#6925 = ORIENTED_EDGE('',*,*,#6774,.F.);
#6926 = ADVANCED_FACE('',(#6927),#5763,.T.);
#6927 = FACE_BOUND('',#6928,.T.);
#6928 = EDGE_LOOP('',(#6929,#6956,#6982,#6983));
#6929 = ORIENTED_EDGE('',*,*,#6930,.F.);
#6930 = EDGE_CURVE('',#6931,#5720,#6933,.T.);
#6931 = VERTEX_POINT('',#6932);
#6932 = CARTESIAN_POINT('',(7.32,0.75,8.E-02));
#6933 = SURFACE_CURVE('',#6934,(#6939,#6945),.PCURVE_S1.);
#6934 = CIRCLE('',#6935,8.E-02);
#6935 = AXIS2_PLACEMENT_3D('',#6936,#6937,#6938);
#6936 = CARTESIAN_POINT('',(7.32,0.67,8.E-02));
#6937 = DIRECTION('',(0.,0.,-1.));
#6938 = DIRECTION('',(1.,0.,0.));
#6939 = PCURVE('',#5763,#6940);
#6940 = DEFINITIONAL_REPRESENTATION('',(#6941),#6944);
#6941 = B_SPLINE_CURVE_WITH_KNOTS('',1,(#6942,#6943),.UNSPECIFIED.,.F.,
  .F.,(2,2),(4.712388980385,6.28318530718),.PIECEWISE_BEZIER_KNOTS.);
#6942 = CARTESIAN_POINT('',(1.570796326795,8.E-02));
#6943 = CARTESIAN_POINT('',(0.,8.E-02));
#6944 = ( GEOMETRIC_REPRESENTATION_CONTEXT(2) 
PARAMETRIC_REPRESENTATION_CONTEXT() REPRESENTATION_CONTEXT('2D SPACE',''
  ) );
#6945 = PCURVE('',#6946,#6951);
#6946 = SPHERICAL_SURFACE('',#6947,8.E-02);
#6947 = AXIS2_PLACEMENT_3D('',#6948,#6949,#6950);
#6948 = CARTESIAN_POINT('',(7.32,0.67,8.E-02));
#6949 = DIRECTION('',(0.,-1.,-0.));
#6950 = DIRECTION('',(1.,0.,0.));
#6951 = DEFINITIONAL_REPRESENTATION('',(#6952),#6955);
#6952 = B_SPLINE_CURVE_WITH_KNOTS('',1,(#6953,#6954),.UNSPECIFIED.,.F.,
  .F.,(2,2),(4.712388980385,6.28318530718),.PIECEWISE_BEZIER_KNOTS.);
#6953 = CARTESIAN_POINT('',(0.,-1.570796326795));
#6954 = CARTESIAN_POINT('',(0.,0.));
#6955 = ( GEOMETRIC_REPRESENTATION_CONTEXT(2) 
PARAMETRIC_REPRESENTATION_CONTEXT() REPRESENTATION_CONTEXT('2D SPACE',''
  ) );
#6956 = ORIENTED_EDGE('',*,*,#6957,.T.);
#6957 = EDGE_CURVE('',#6931,#6822,#6958,.T.);
#6958 = SURFACE_CURVE('',#6959,(#6963,#6970),.PCURVE_S1.);
#6959 = LINE('',#6960,#6961);
#6960 = CARTESIAN_POINT('',(7.32,0.75,0.));
#6961 = VECTOR('',#6962,1.);
#6962 = DIRECTION('',(0.,0.,1.));
#6963 = PCURVE('',#5763,#6964);
#6964 = DEFINITIONAL_REPRESENTATION('',(#6965),#6969);
#6965 = LINE('',#6966,#6967);
#6966 = CARTESIAN_POINT('',(1.570796326795,0.));
#6967 = VECTOR('',#6968,1.);
#6968 = DIRECTION('',(0.,1.));
#6969 = ( GEOMETRIC_REPRESENTATION_CONTEXT(2) 
PARAMETRIC_REPRESENTATION_CONTEXT() REPRESENTATION_CONTEXT('2D SPACE',''
  ) );
#6970 = PCURVE('',#6971,#6976);
#6971 = PLANE('',#6972);
#6972 = AXIS2_PLACEMENT_3D('',#6973,#6974,#6975);
#6973 = CARTESIAN_POINT('',(6.4,0.75,0.));
#6974 = DIRECTION('',(-0.,1.,0.));
#6975 = DIRECTION('',(0.,0.,1.));
#6976 = DEFINITIONAL_REPRESENTATION('',(#6977),#6981);
#6977 = LINE('',#6978,#6979);
#6978 = CARTESIAN_POINT('',(0.,0.92));
#6979 = VECTOR('',#6980,1.);
#6980 = DIRECTION('',(1.,0.));
#6981 = ( GEOMETRIC_REPRESENTATION_CONTEXT(2) 
PARAMETRIC_REPRESENTATION_CONTEXT() REPRESENTATION_CONTEXT('2D SPACE',''
  ) );
#6982 = ORIENTED_EDGE('',*,*,#6821,.F.);
#6983 = ORIENTED_EDGE('',*,*,#5747,.F.);
#6984 = ADVANCED_FACE('',(#6985),#5557,.T.);
#6985 = FACE_BOUND('',#6986,.T.);
#6986 = EDGE_LOOP('',(#6987,#7009,#7037,#7064));
#6987 = ORIENTED_EDGE('',*,*,#6988,.F.);
#6988 = EDGE_CURVE('',#6989,#5514,#6991,.T.);
#6989 = VERTEX_POINT('',#6990);
#6990 = CARTESIAN_POINT('',(7.32,-5.67,0.));
#6991 = SURFACE_CURVE('',#6992,(#6997,#7003),.PCURVE_S1.);
#6992 = CIRCLE('',#6993,8.E-02);
#6993 = AXIS2_PLACEMENT_3D('',#6994,#6995,#6996);
#6994 = CARTESIAN_POINT('',(7.32,-5.67,8.E-02));
#6995 = DIRECTION('',(0.,-1.,0.));
#6996 = DIRECTION('',(1.,0.,0.));
#6997 = PCURVE('',#5557,#6998);
#6998 = DEFINITIONAL_REPRESENTATION('',(#6999),#7002);
#6999 = B_SPLINE_CURVE_WITH_KNOTS('',1,(#7000,#7001),.UNSPECIFIED.,.F.,
  .F.,(2,2),(4.712388980385,6.28318530718),.PIECEWISE_BEZIER_KNOTS.);
#7000 = CARTESIAN_POINT('',(1.570796326795,8.E-02));
#7001 = CARTESIAN_POINT('',(0.,8.E-02));
#7002 = ( GEOMETRIC_REPRESENTATION_CONTEXT(2) 
PARAMETRIC_REPRESENTATION_CONTEXT() REPRESENTATION_CONTEXT('2D SPACE',''
  ) );
#7003 = PCURVE('',#6888,#7004);
#7004 = DEFINITIONAL_REPRESENTATION('',(#7005),#7008);
#7005 = B_SPLINE_CURVE_WITH_KNOTS('',1,(#7006,#7007),.UNSPECIFIED.,.F.,
  .F.,(2,2),(4.712388980385,6.28318530718),.PIECEWISE_BEZIER_KNOTS.);
#7006 = CARTESIAN_POINT('',(0.,-1.570796326795));
#7007 = CARTESIAN_POINT('',(0.,0.));
#7008 = ( GEOMETRIC_REPRESENTATION_CONTEXT(2) 
PARAMETRIC_REPRESENTATION_CONTEXT() REPRESENTATION_CONTEXT('2D SPACE',''
  ) );
#7009 = ORIENTED_EDGE('',*,*,#7010,.T.);
#7010 = EDGE_CURVE('',#6989,#7011,#7013,.T.);
#7011 = VERTEX_POINT('',#7012);
#7012 = CARTESIAN_POINT('',(7.32,-4.33,-1.387778780781E-17));
#7013 = SURFACE_CURVE('',#7014,(#7018,#7025),.PCURVE_S1.);
#7014 = LINE('',#7015,#7016);
#7015 = CARTESIAN_POINT('',(7.32,-5.75,-1.387778780781E-17));
#7016 = VECTOR('',#7017,1.);
#7017 = DIRECTION('',(-0.,1.,0.));
#7018 = PCURVE('',#5557,#7019);
#7019 = DEFINITIONAL_REPRESENTATION('',(#7020),#7024);
#7020 = LINE('',#7021,#7022);
#7021 = CARTESIAN_POINT('',(1.570796326795,0.));
#7022 = VECTOR('',#7023,1.);
#7023 = DIRECTION('',(0.,1.));
#7024 = ( GEOMETRIC_REPRESENTATION_CONTEXT(2) 
PARAMETRIC_REPRESENTATION_CONTEXT() REPRESENTATION_CONTEXT('2D SPACE',''
  ) );
#7025 = PCURVE('',#7026,#7031);
#7026 = PLANE('',#7027);
#7027 = AXIS2_PLACEMENT_3D('',#7028,#7029,#7030);
#7028 = CARTESIAN_POINT('',(6.4,-5.75,0.));
#7029 = DIRECTION('',(0.,0.,1.));
#7030 = DIRECTION('',(1.,0.,-0.));
#7031 = DEFINITIONAL_REPRESENTATION('',(#7032),#7036);
#7032 = LINE('',#7033,#7034);
#7033 = CARTESIAN_POINT('',(0.92,0.));
#7034 = VECTOR('',#7035,1.);
#7035 = DIRECTION('',(0.,1.));
#7036 = ( GEOMETRIC_REPRESENTATION_CONTEXT(2) 
PARAMETRIC_REPRESENTATION_CONTEXT() REPRESENTATION_CONTEXT('2D SPACE',''
  ) );
#7037 = ORIENTED_EDGE('',*,*,#7038,.F.);
#7038 = EDGE_CURVE('',#5542,#7011,#7039,.T.);
#7039 = SURFACE_CURVE('',#7040,(#7045,#7052),.PCURVE_S1.);
#7040 = CIRCLE('',#7041,8.E-02);
#7041 = AXIS2_PLACEMENT_3D('',#7042,#7043,#7044);
#7042 = CARTESIAN_POINT('',(7.32,-4.33,8.E-02));
#7043 = DIRECTION('',(-0.,1.,0.));
#7044 = DIRECTION('',(1.,0.,0.));
#7045 = PCURVE('',#5557,#7046);
#7046 = DEFINITIONAL_REPRESENTATION('',(#7047),#7051);
#7047 = LINE('',#7048,#7049);
#7048 = CARTESIAN_POINT('',(0.,1.42));
#7049 = VECTOR('',#7050,1.);
#7050 = DIRECTION('',(1.,0.));
#7051 = ( GEOMETRIC_REPRESENTATION_CONTEXT(2) 
PARAMETRIC_REPRESENTATION_CONTEXT() REPRESENTATION_CONTEXT('2D SPACE',''
  ) );
#7052 = PCURVE('',#7053,#7058);
#7053 = SPHERICAL_SURFACE('',#7054,8.E-02);
#7054 = AXIS2_PLACEMENT_3D('',#7055,#7056,#7057);
#7055 = CARTESIAN_POINT('',(7.32,-4.33,8.E-02));
#7056 = DIRECTION('',(0.,-1.,-0.));
#7057 = DIRECTION('',(1.,0.,0.));
#7058 = DEFINITIONAL_REPRESENTATION('',(#7059),#7063);
#7059 = LINE('',#7060,#7061);
#7060 = CARTESIAN_POINT('',(-0.,0.));
#7061 = VECTOR('',#7062,1.);
#7062 = DIRECTION('',(-1.,0.));
#7063 = ( GEOMETRIC_REPRESENTATION_CONTEXT(2) 
PARAMETRIC_REPRESENTATION_CONTEXT() REPRESENTATION_CONTEXT('2D SPACE',''
  ) );
#7064 = ORIENTED_EDGE('',*,*,#5541,.F.);
#7065 = ADVANCED_FACE('',(#7066),#5735,.T.);
#7066 = FACE_BOUND('',#7067,.T.);
#7067 = EDGE_LOOP('',(#7068,#7095,#7123,#7145));
#7068 = ORIENTED_EDGE('',*,*,#7069,.F.);
#7069 = EDGE_CURVE('',#7070,#5692,#7072,.T.);
#7070 = VERTEX_POINT('',#7071);
#7071 = CARTESIAN_POINT('',(7.32,-0.67,0.));
#7072 = SURFACE_CURVE('',#7073,(#7078,#7084),.PCURVE_S1.);
#7073 = CIRCLE('',#7074,8.E-02);
#7074 = AXIS2_PLACEMENT_3D('',#7075,#7076,#7077);
#7075 = CARTESIAN_POINT('',(7.32,-0.67,8.E-02));
#7076 = DIRECTION('',(0.,-1.,0.));
#7077 = DIRECTION('',(1.,0.,0.));
#7078 = PCURVE('',#5735,#7079);
#7079 = DEFINITIONAL_REPRESENTATION('',(#7080),#7083);
#7080 = B_SPLINE_CURVE_WITH_KNOTS('',1,(#7081,#7082),.UNSPECIFIED.,.F.,
  .F.,(2,2),(4.712388980385,6.28318530718),.PIECEWISE_BEZIER_KNOTS.);
#7081 = CARTESIAN_POINT('',(1.570796326795,8.E-02));
#7082 = CARTESIAN_POINT('',(0.,8.E-02));
#7083 = ( GEOMETRIC_REPRESENTATION_CONTEXT(2) 
PARAMETRIC_REPRESENTATION_CONTEXT() REPRESENTATION_CONTEXT('2D SPACE',''
  ) );
#7084 = PCURVE('',#7085,#7090);
#7085 = SPHERICAL_SURFACE('',#7086,8.E-02);
#7086 = AXIS2_PLACEMENT_3D('',#7087,#7088,#7089);
#7087 = CARTESIAN_POINT('',(7.32,-0.67,8.E-02));
#7088 = DIRECTION('',(0.,0.,1.));
#7089 = DIRECTION('',(1.,0.,-0.));
#7090 = DEFINITIONAL_REPRESENTATION('',(#7091),#7094);
#7091 = B_SPLINE_CURVE_WITH_KNOTS('',1,(#7092,#7093),.UNSPECIFIED.,.F.,
  .F.,(2,2),(4.712388980385,6.28318530718),.PIECEWISE_BEZIER_KNOTS.);
#7092 = CARTESIAN_POINT('',(0.,-1.570796326795));
#7093 = CARTESIAN_POINT('',(0.,0.));
#7094 = ( GEOMETRIC_REPRESENTATION_CONTEXT(2) 
PARAMETRIC_REPRESENTATION_CONTEXT() REPRESENTATION_CONTEXT('2D SPACE',''
  ) );
#7095 = ORIENTED_EDGE('',*,*,#7096,.T.);
#7096 = EDGE_CURVE('',#7070,#7097,#7099,.T.);
#7097 = VERTEX_POINT('',#7098);
#7098 = CARTESIAN_POINT('',(7.32,0.67,-1.387778780781E-17));
#7099 = SURFACE_CURVE('',#7100,(#7104,#7111),.PCURVE_S1.);
#7100 = LINE('',#7101,#7102);
#7101 = CARTESIAN_POINT('',(7.32,-0.75,-1.387778780781E-17));
#7102 = VECTOR('',#7103,1.);
#7103 = DIRECTION('',(-0.,1.,0.));
#7104 = PCURVE('',#5735,#7105);
#7105 = DEFINITIONAL_REPRESENTATION('',(#7106),#7110);
#7106 = LINE('',#7107,#7108);
#7107 = CARTESIAN_POINT('',(1.570796326795,0.));
#7108 = VECTOR('',#7109,1.);
#7109 = DIRECTION('',(0.,1.));
#7110 = ( GEOMETRIC_REPRESENTATION_CONTEXT(2) 
PARAMETRIC_REPRESENTATION_CONTEXT() REPRESENTATION_CONTEXT('2D SPACE',''
  ) );
#7111 = PCURVE('',#7112,#7117);
#7112 = PLANE('',#7113);
#7113 = AXIS2_PLACEMENT_3D('',#7114,#7115,#7116);
#7114 = CARTESIAN_POINT('',(6.4,-0.75,0.));
#7115 = DIRECTION('',(0.,0.,1.));
#7116 = DIRECTION('',(1.,0.,-0.));
#7117 = DEFINITIONAL_REPRESENTATION('',(#7118),#7122);
#7118 = LINE('',#7119,#7120);
#7119 = CARTESIAN_POINT('',(0.92,0.));
#7120 = VECTOR('',#7121,1.);
#7121 = DIRECTION('',(0.,1.));
#7122 = ( GEOMETRIC_REPRESENTATION_CONTEXT(2) 
PARAMETRIC_REPRESENTATION_CONTEXT() REPRESENTATION_CONTEXT('2D SPACE',''
  ) );
#7123 = ORIENTED_EDGE('',*,*,#7124,.F.);
#7124 = EDGE_CURVE('',#5720,#7097,#7125,.T.);
#7125 = SURFACE_CURVE('',#7126,(#7131,#7138),.PCURVE_S1.);
#7126 = CIRCLE('',#7127,8.E-02);
#7127 = AXIS2_PLACEMENT_3D('',#7128,#7129,#7130);
#7128 = CARTESIAN_POINT('',(7.32,0.67,8.E-02));
#7129 = DIRECTION('',(-0.,1.,0.));
#7130 = DIRECTION('',(1.,0.,0.));
#7131 = PCURVE('',#5735,#7132);
#7132 = DEFINITIONAL_REPRESENTATION('',(#7133),#7137);
#7133 = LINE('',#7134,#7135);
#7134 = CARTESIAN_POINT('',(0.,1.42));
#7135 = VECTOR('',#7136,1.);
#7136 = DIRECTION('',(1.,0.));
#7137 = ( GEOMETRIC_REPRESENTATION_CONTEXT(2) 
PARAMETRIC_REPRESENTATION_CONTEXT() REPRESENTATION_CONTEXT('2D SPACE',''
  ) );
#7138 = PCURVE('',#6946,#7139);
#7139 = DEFINITIONAL_REPRESENTATION('',(#7140),#7144);
#7140 = LINE('',#7141,#7142);
#7141 = CARTESIAN_POINT('',(-0.,0.));
#7142 = VECTOR('',#7143,1.);
#7143 = DIRECTION('',(-1.,0.));
#7144 = ( GEOMETRIC_REPRESENTATION_CONTEXT(2) 
PARAMETRIC_REPRESENTATION_CONTEXT() REPRESENTATION_CONTEXT('2D SPACE',''
  ) );
#7145 = ORIENTED_EDGE('',*,*,#5719,.F.);
#7146 = ADVANCED_FACE('',(#7147),#5585,.T.);
#7147 = FACE_BOUND('',#7148,.T.);
#7148 = EDGE_LOOP('',(#7149,#7171,#7199,#7219));
#7149 = ORIENTED_EDGE('',*,*,#7150,.F.);
#7150 = EDGE_CURVE('',#7151,#5542,#7153,.T.);
#7151 = VERTEX_POINT('',#7152);
#7152 = CARTESIAN_POINT('',(7.32,-4.25,8.E-02));
#7153 = SURFACE_CURVE('',#7154,(#7159,#7165),.PCURVE_S1.);
#7154 = CIRCLE('',#7155,8.E-02);
#7155 = AXIS2_PLACEMENT_3D('',#7156,#7157,#7158);
#7156 = CARTESIAN_POINT('',(7.32,-4.33,8.E-02));
#7157 = DIRECTION('',(0.,0.,-1.));
#7158 = DIRECTION('',(1.,0.,0.));
#7159 = PCURVE('',#5585,#7160);
#7160 = DEFINITIONAL_REPRESENTATION('',(#7161),#7164);
#7161 = B_SPLINE_CURVE_WITH_KNOTS('',1,(#7162,#7163),.UNSPECIFIED.,.F.,
  .F.,(2,2),(4.712388980385,6.28318530718),.PIECEWISE_BEZIER_KNOTS.);
#7162 = CARTESIAN_POINT('',(1.570796326795,8.E-02));
#7163 = CARTESIAN_POINT('',(0.,8.E-02));
#7164 = ( GEOMETRIC_REPRESENTATION_CONTEXT(2) 
PARAMETRIC_REPRESENTATION_CONTEXT() REPRESENTATION_CONTEXT('2D SPACE',''
  ) );
#7165 = PCURVE('',#7053,#7166);
#7166 = DEFINITIONAL_REPRESENTATION('',(#7167),#7170);
#7167 = B_SPLINE_CURVE_WITH_KNOTS('',1,(#7168,#7169),.UNSPECIFIED.,.F.,
  .F.,(2,2),(4.712388980385,6.28318530718),.PIECEWISE_BEZIER_KNOTS.);
#7168 = CARTESIAN_POINT('',(0.,-1.570796326795));
#7169 = CARTESIAN_POINT('',(0.,0.));
#7170 = ( GEOMETRIC_REPRESENTATION_CONTEXT(2) 
PARAMETRIC_REPRESENTATION_CONTEXT() REPRESENTATION_CONTEXT('2D SPACE',''
  ) );
#7171 = ORIENTED_EDGE('',*,*,#7172,.T.);
#7172 = EDGE_CURVE('',#7151,#7173,#7175,.T.);
#7173 = VERTEX_POINT('',#7174);
#7174 = CARTESIAN_POINT('',(7.32,-4.25,4.92));
#7175 = SURFACE_CURVE('',#7176,(#7180,#7187),.PCURVE_S1.);
#7176 = LINE('',#7177,#7178);
#7177 = CARTESIAN_POINT('',(7.32,-4.25,0.));
#7178 = VECTOR('',#7179,1.);
#7179 = DIRECTION('',(0.,0.,1.));
#7180 = PCURVE('',#5585,#7181);
#7181 = DEFINITIONAL_REPRESENTATION('',(#7182),#7186);
#7182 = LINE('',#7183,#7184);
#7183 = CARTESIAN_POINT('',(1.570796326795,0.));
#7184 = VECTOR('',#7185,1.);
#7185 = DIRECTION('',(0.,1.));
#7186 = ( GEOMETRIC_REPRESENTATION_CONTEXT(2) 
PARAMETRIC_REPRESENTATION_CONTEXT() REPRESENTATION_CONTEXT('2D SPACE',''
  ) );
#7187 = PCURVE('',#7188,#7193);
#7188 = PLANE('',#7189);
#7189 = AXIS2_PLACEMENT_3D('',#7190,#7191,#7192);
#7190 = CARTESIAN_POINT('',(6.4,-4.25,0.));
#7191 = DIRECTION('',(-0.,1.,0.));
#7192 = DIRECTION('',(0.,0.,1.));
#7193 = DEFINITIONAL_REPRESENTATION('',(#7194),#7198);
#7194 = LINE('',#7195,#7196);
#7195 = CARTESIAN_POINT('',(0.,0.92));
#7196 = VECTOR('',#7197,1.);
#7197 = DIRECTION('',(1.,0.));
#7198 = ( GEOMETRIC_REPRESENTATION_CONTEXT(2) 
PARAMETRIC_REPRESENTATION_CONTEXT() REPRESENTATION_CONTEXT('2D SPACE',''
  ) );
#7199 = ORIENTED_EDGE('',*,*,#7200,.F.);
#7200 = EDGE_CURVE('',#5570,#7173,#7201,.T.);
#7201 = SURFACE_CURVE('',#7202,(#7207,#7213),.PCURVE_S1.);
#7202 = CIRCLE('',#7203,8.E-02);
#7203 = AXIS2_PLACEMENT_3D('',#7204,#7205,#7206);
#7204 = CARTESIAN_POINT('',(7.32,-4.33,4.92));
#7205 = DIRECTION('',(0.,0.,1.));
#7206 = DIRECTION('',(0.,-1.,0.));
#7207 = PCURVE('',#5585,#7208);
#7208 = DEFINITIONAL_REPRESENTATION('',(#7209),#7212);
#7209 = B_SPLINE_CURVE_WITH_KNOTS('',1,(#7210,#7211),.UNSPECIFIED.,.F.,
  .F.,(2,2),(1.570796326795,3.14159265359),.PIECEWISE_BEZIER_KNOTS.);
#7210 = CARTESIAN_POINT('',(0.,4.92));
#7211 = CARTESIAN_POINT('',(1.570796326795,4.92));
#7212 = ( GEOMETRIC_REPRESENTATION_CONTEXT(2) 
PARAMETRIC_REPRESENTATION_CONTEXT() REPRESENTATION_CONTEXT('2D SPACE',''
  ) );
#7213 = PCURVE('',#5618,#7214);
#7214 = DEFINITIONAL_REPRESENTATION('',(#7215),#7218);
#7215 = B_SPLINE_CURVE_WITH_KNOTS('',1,(#7216,#7217),.UNSPECIFIED.,.F.,
  .F.,(2,2),(1.570796326795,3.14159265359),.PIECEWISE_BEZIER_KNOTS.);
#7216 = CARTESIAN_POINT('',(0.,1.570796326795));
#7217 = CARTESIAN_POINT('',(0.,3.14159265359));
#7218 = ( GEOMETRIC_REPRESENTATION_CONTEXT(2) 
PARAMETRIC_REPRESENTATION_CONTEXT() REPRESENTATION_CONTEXT('2D SPACE',''
  ) );
#7219 = ORIENTED_EDGE('',*,*,#5569,.F.);
#7220 = ADVANCED_FACE('',(#7221),#5707,.T.);
#7221 = FACE_BOUND('',#7222,.F.);
#7222 = EDGE_LOOP('',(#7223,#7224,#7248,#7276));
#7223 = ORIENTED_EDGE('',*,*,#5691,.F.);
#7224 = ORIENTED_EDGE('',*,*,#7225,.T.);
#7225 = EDGE_CURVE('',#5692,#7226,#7228,.T.);
#7226 = VERTEX_POINT('',#7227);
#7227 = CARTESIAN_POINT('',(7.32,-0.75,8.E-02));
#7228 = SURFACE_CURVE('',#7229,(#7234,#7241),.PCURVE_S1.);
#7229 = CIRCLE('',#7230,8.E-02);
#7230 = AXIS2_PLACEMENT_3D('',#7231,#7232,#7233);
#7231 = CARTESIAN_POINT('',(7.32,-0.67,8.E-02));
#7232 = DIRECTION('',(0.,-0.,-1.));
#7233 = DIRECTION('',(1.,0.,-0.));
#7234 = PCURVE('',#5707,#7235);
#7235 = DEFINITIONAL_REPRESENTATION('',(#7236),#7240);
#7236 = LINE('',#7237,#7238);
#7237 = CARTESIAN_POINT('',(-0.,8.E-02));
#7238 = VECTOR('',#7239,1.);
#7239 = DIRECTION('',(-1.,0.));
#7240 = ( GEOMETRIC_REPRESENTATION_CONTEXT(2) 
PARAMETRIC_REPRESENTATION_CONTEXT() REPRESENTATION_CONTEXT('2D SPACE',''
  ) );
#7241 = PCURVE('',#7085,#7242);
#7242 = DEFINITIONAL_REPRESENTATION('',(#7243),#7247);
#7243 = LINE('',#7244,#7245);
#7244 = CARTESIAN_POINT('',(-0.,0.));
#7245 = VECTOR('',#7246,1.);
#7246 = DIRECTION('',(-1.,0.));
#7247 = ( GEOMETRIC_REPRESENTATION_CONTEXT(2) 
PARAMETRIC_REPRESENTATION_CONTEXT() REPRESENTATION_CONTEXT('2D SPACE',''
  ) );
#7248 = ORIENTED_EDGE('',*,*,#7249,.T.);
#7249 = EDGE_CURVE('',#7226,#7250,#7252,.T.);
#7250 = VERTEX_POINT('',#7251);
#7251 = CARTESIAN_POINT('',(7.32,-0.75,4.92));
#7252 = SURFACE_CURVE('',#7253,(#7257,#7264),.PCURVE_S1.);
#7253 = LINE('',#7254,#7255);
#7254 = CARTESIAN_POINT('',(7.32,-0.75,0.));
#7255 = VECTOR('',#7256,1.);
#7256 = DIRECTION('',(0.,0.,1.));
#7257 = PCURVE('',#5707,#7258);
#7258 = DEFINITIONAL_REPRESENTATION('',(#7259),#7263);
#7259 = LINE('',#7260,#7261);
#7260 = CARTESIAN_POINT('',(-1.570796326795,0.));
#7261 = VECTOR('',#7262,1.);
#7262 = DIRECTION('',(-0.,1.));
#7263 = ( GEOMETRIC_REPRESENTATION_CONTEXT(2) 
PARAMETRIC_REPRESENTATION_CONTEXT() REPRESENTATION_CONTEXT('2D SPACE',''
  ) );
#7264 = PCURVE('',#7265,#7270);
#7265 = PLANE('',#7266);
#7266 = AXIS2_PLACEMENT_3D('',#7267,#7268,#7269);
#7267 = CARTESIAN_POINT('',(6.4,-0.75,0.));
#7268 = DIRECTION('',(-0.,1.,0.));
#7269 = DIRECTION('',(0.,0.,1.));
#7270 = DEFINITIONAL_REPRESENTATION('',(#7271),#7275);
#7271 = LINE('',#7272,#7273);
#7272 = CARTESIAN_POINT('',(0.,0.92));
#7273 = VECTOR('',#7274,1.);
#7274 = DIRECTION('',(1.,0.));
#7275 = ( GEOMETRIC_REPRESENTATION_CONTEXT(2) 
PARAMETRIC_REPRESENTATION_CONTEXT() REPRESENTATION_CONTEXT('2D SPACE',''
  ) );
#7276 = ORIENTED_EDGE('',*,*,#7277,.F.);
#7277 = EDGE_CURVE('',#5659,#7250,#7278,.T.);
#7278 = SURFACE_CURVE('',#7279,(#7284,#7290),.PCURVE_S1.);
#7279 = CIRCLE('',#7280,8.E-02);
#7280 = AXIS2_PLACEMENT_3D('',#7281,#7282,#7283);
#7281 = CARTESIAN_POINT('',(7.32,-0.67,4.92));
#7282 = DIRECTION('',(0.,-2.880858675299E-15,-1.));
#7283 = DIRECTION('',(-0.,1.,-2.880858675299E-15));
#7284 = PCURVE('',#5707,#7285);
#7285 = DEFINITIONAL_REPRESENTATION('',(#7286),#7289);
#7286 = B_SPLINE_CURVE_WITH_KNOTS('',1,(#7287,#7288),.UNSPECIFIED.,.F.,
  .F.,(2,2),(1.570796326795,3.14159265359),.PIECEWISE_BEZIER_KNOTS.);
#7287 = CARTESIAN_POINT('',(0.,4.92));
#7288 = CARTESIAN_POINT('',(-1.570796326795,4.92));
#7289 = ( GEOMETRIC_REPRESENTATION_CONTEXT(2) 
PARAMETRIC_REPRESENTATION_CONTEXT() REPRESENTATION_CONTEXT('2D SPACE',''
  ) );
#7290 = PCURVE('',#5679,#7291);
#7291 = DEFINITIONAL_REPRESENTATION('',(#7292),#7295);
#7292 = B_SPLINE_CURVE_WITH_KNOTS('',1,(#7293,#7294),.UNSPECIFIED.,.F.,
  .F.,(2,2),(1.570796326795,3.14159265359),.PIECEWISE_BEZIER_KNOTS.);
#7293 = CARTESIAN_POINT('',(-1.570796326795,1.570796326795));
#7294 = CARTESIAN_POINT('',(-1.570796326795,3.14159265359));
#7295 = ( GEOMETRIC_REPRESENTATION_CONTEXT(2) 
PARAMETRIC_REPRESENTATION_CONTEXT() REPRESENTATION_CONTEXT('2D SPACE',''
  ) );
#7296 = ADVANCED_FACE('',(#7297),#5618,.T.);
#7297 = FACE_BOUND('',#7298,.F.);
#7298 = EDGE_LOOP('',(#7299,#7300,#7301,#7323));
#7299 = ORIENTED_EDGE('',*,*,#7200,.F.);
#7300 = ORIENTED_EDGE('',*,*,#5597,.T.);
#7301 = ORIENTED_EDGE('',*,*,#7302,.T.);
#7302 = EDGE_CURVE('',#5598,#7303,#7305,.T.);
#7303 = VERTEX_POINT('',#7304);
#7304 = CARTESIAN_POINT('',(7.32,-4.17,5.));
#7305 = SURFACE_CURVE('',#7306,(#7311,#7317),.PCURVE_S1.);
#7306 = CIRCLE('',#7307,8.E-02);
#7307 = AXIS2_PLACEMENT_3D('',#7308,#7309,#7310);
#7308 = CARTESIAN_POINT('',(7.32,-4.17,5.08));
#7309 = DIRECTION('',(0.,1.,6.123233995737E-17));
#7310 = DIRECTION('',(0.,-6.123233995737E-17,1.));
#7311 = PCURVE('',#5618,#7312);
#7312 = DEFINITIONAL_REPRESENTATION('',(#7313),#7316);
#7313 = B_SPLINE_CURVE_WITH_KNOTS('',1,(#7314,#7315),.UNSPECIFIED.,.F.,
  .F.,(2,2),(1.570796326795,3.14159265359),.PIECEWISE_BEZIER_KNOTS.);
#7314 = CARTESIAN_POINT('',(-1.570796326795,1.570796326795));
#7315 = CARTESIAN_POINT('',(-1.570796326795,3.14159265359));
#7316 = ( GEOMETRIC_REPRESENTATION_CONTEXT(2) 
PARAMETRIC_REPRESENTATION_CONTEXT() REPRESENTATION_CONTEXT('2D SPACE',''
  ) );
#7317 = PCURVE('',#5646,#7318);
#7318 = DEFINITIONAL_REPRESENTATION('',(#7319),#7322);
#7319 = B_SPLINE_CURVE_WITH_KNOTS('',1,(#7320,#7321),.UNSPECIFIED.,.F.,
  .F.,(2,2),(1.570796326795,3.14159265359),.PIECEWISE_BEZIER_KNOTS.);
#7320 = CARTESIAN_POINT('',(0.,8.E-02));
#7321 = CARTESIAN_POINT('',(1.570796326795,8.E-02));
#7322 = ( GEOMETRIC_REPRESENTATION_CONTEXT(2) 
PARAMETRIC_REPRESENTATION_CONTEXT() REPRESENTATION_CONTEXT('2D SPACE',''
  ) );
#7323 = ORIENTED_EDGE('',*,*,#7324,.F.);
#7324 = EDGE_CURVE('',#7173,#7303,#7325,.T.);
#7325 = SURFACE_CURVE('',#7326,(#7331,#7338),.PCURVE_S1.);
#7326 = CIRCLE('',#7327,8.E-02);
#7327 = AXIS2_PLACEMENT_3D('',#7328,#7329,#7330);
#7328 = CARTESIAN_POINT('',(7.32,-4.17,4.92));
#7329 = DIRECTION('',(-1.,0.,0.));
#7330 = DIRECTION('',(0.,-1.,0.));
#7331 = PCURVE('',#5618,#7332);
#7332 = DEFINITIONAL_REPRESENTATION('',(#7333),#7337);
#7333 = LINE('',#7334,#7335);
#7334 = CARTESIAN_POINT('',(-0.,3.14159265359));
#7335 = VECTOR('',#7336,1.);
#7336 = DIRECTION('',(-1.,0.));
#7337 = ( GEOMETRIC_REPRESENTATION_CONTEXT(2) 
PARAMETRIC_REPRESENTATION_CONTEXT() REPRESENTATION_CONTEXT('2D SPACE',''
  ) );
#7338 = PCURVE('',#7339,#7344);
#7339 = CYLINDRICAL_SURFACE('',#7340,8.E-02);
#7340 = AXIS2_PLACEMENT_3D('',#7341,#7342,#7343);
#7341 = CARTESIAN_POINT('',(7.4,-4.17,4.92));
#7342 = DIRECTION('',(-1.,-0.,0.));
#7343 = DIRECTION('',(0.,-1.,-0.));
#7344 = DEFINITIONAL_REPRESENTATION('',(#7345),#7349);
#7345 = LINE('',#7346,#7347);
#7346 = CARTESIAN_POINT('',(0.,8.E-02));
#7347 = VECTOR('',#7348,1.);
#7348 = DIRECTION('',(1.,0.));
#7349 = ( GEOMETRIC_REPRESENTATION_CONTEXT(2) 
PARAMETRIC_REPRESENTATION_CONTEXT() REPRESENTATION_CONTEXT('2D SPACE',''
  ) );
#7350 = ADVANCED_FACE('',(#7351),#5679,.T.);
#7351 = FACE_BOUND('',#7352,.F.);
#7352 = EDGE_LOOP('',(#7353,#7375,#7376,#7377));
#7353 = ORIENTED_EDGE('',*,*,#7354,.F.);
#7354 = EDGE_CURVE('',#5631,#7355,#7357,.T.);
#7355 = VERTEX_POINT('',#7356);
#7356 = CARTESIAN_POINT('',(7.32,-0.83,5.));
#7357 = SURFACE_CURVE('',#7358,(#7363,#7369),.PCURVE_S1.);
#7358 = CIRCLE('',#7359,8.E-02);
#7359 = AXIS2_PLACEMENT_3D('',#7360,#7361,#7362);
#7360 = CARTESIAN_POINT('',(7.32,-0.83,5.08));
#7361 = DIRECTION('',(-0.,1.,-1.387778780781E-15));
#7362 = DIRECTION('',(0.,1.387778780781E-15,1.));
#7363 = PCURVE('',#5679,#7364);
#7364 = DEFINITIONAL_REPRESENTATION('',(#7365),#7368);
#7365 = B_SPLINE_CURVE_WITH_KNOTS('',1,(#7366,#7367),.UNSPECIFIED.,.F.,
  .F.,(2,2),(1.570796326795,3.14159265359),.PIECEWISE_BEZIER_KNOTS.);
#7366 = CARTESIAN_POINT('',(0.,1.570796326795));
#7367 = CARTESIAN_POINT('',(0.,3.14159265359));
#7368 = ( GEOMETRIC_REPRESENTATION_CONTEXT(2) 
PARAMETRIC_REPRESENTATION_CONTEXT() REPRESENTATION_CONTEXT('2D SPACE',''
  ) );
#7369 = PCURVE('',#5646,#7370);
#7370 = DEFINITIONAL_REPRESENTATION('',(#7371),#7374);
#7371 = B_SPLINE_CURVE_WITH_KNOTS('',1,(#7372,#7373),.UNSPECIFIED.,.F.,
  .F.,(2,2),(1.570796326795,3.14159265359),.PIECEWISE_BEZIER_KNOTS.);
#7372 = CARTESIAN_POINT('',(0.,3.42));
#7373 = CARTESIAN_POINT('',(1.570796326795,3.42));
#7374 = ( GEOMETRIC_REPRESENTATION_CONTEXT(2) 
PARAMETRIC_REPRESENTATION_CONTEXT() REPRESENTATION_CONTEXT('2D SPACE',''
  ) );
#7375 = ORIENTED_EDGE('',*,*,#5658,.T.);
#7376 = ORIENTED_EDGE('',*,*,#7277,.T.);
#7377 = ORIENTED_EDGE('',*,*,#7378,.F.);
#7378 = EDGE_CURVE('',#7355,#7250,#7379,.T.);
#7379 = SURFACE_CURVE('',#7380,(#7385,#7392),.PCURVE_S1.);
#7380 = CIRCLE('',#7381,8.E-02);
#7381 = AXIS2_PLACEMENT_3D('',#7382,#7383,#7384);
#7382 = CARTESIAN_POINT('',(7.32,-0.83,4.92));
#7383 = DIRECTION('',(-1.,0.,0.));
#7384 = DIRECTION('',(0.,1.387778780781E-15,1.));
#7385 = PCURVE('',#5679,#7386);
#7386 = DEFINITIONAL_REPRESENTATION('',(#7387),#7391);
#7387 = LINE('',#7388,#7389);
#7388 = CARTESIAN_POINT('',(-0.,3.14159265359));
#7389 = VECTOR('',#7390,1.);
#7390 = DIRECTION('',(-1.,0.));
#7391 = ( GEOMETRIC_REPRESENTATION_CONTEXT(2) 
PARAMETRIC_REPRESENTATION_CONTEXT() REPRESENTATION_CONTEXT('2D SPACE',''
  ) );
#7392 = PCURVE('',#7393,#7398);
#7393 = CYLINDRICAL_SURFACE('',#7394,8.E-02);
#7394 = AXIS2_PLACEMENT_3D('',#7395,#7396,#7397);
#7395 = CARTESIAN_POINT('',(7.4,-0.83,4.92));
#7396 = DIRECTION('',(-1.,-0.,0.));
#7397 = DIRECTION('',(0.,0.,1.));
#7398 = DEFINITIONAL_REPRESENTATION('',(#7399),#7403);
#7399 = LINE('',#7400,#7401);
#7400 = CARTESIAN_POINT('',(0.,8.E-02));
#7401 = VECTOR('',#7402,1.);
#7402 = DIRECTION('',(1.,0.));
#7403 = ( GEOMETRIC_REPRESENTATION_CONTEXT(2) 
PARAMETRIC_REPRESENTATION_CONTEXT() REPRESENTATION_CONTEXT('2D SPACE',''
  ) );
#7404 = ADVANCED_FACE('',(#7405),#5646,.T.);
#7405 = FACE_BOUND('',#7406,.T.);
#7406 = EDGE_LOOP('',(#7407,#7408,#7434,#7435));
#7407 = ORIENTED_EDGE('',*,*,#7302,.T.);
#7408 = ORIENTED_EDGE('',*,*,#7409,.T.);
#7409 = EDGE_CURVE('',#7303,#7355,#7410,.T.);
#7410 = SURFACE_CURVE('',#7411,(#7415,#7422),.PCURVE_S1.);
#7411 = LINE('',#7412,#7413);
#7412 = CARTESIAN_POINT('',(7.32,-4.25,5.));
#7413 = VECTOR('',#7414,1.);
#7414 = DIRECTION('',(-0.,1.,0.));
#7415 = PCURVE('',#5646,#7416);
#7416 = DEFINITIONAL_REPRESENTATION('',(#7417),#7421);
#7417 = LINE('',#7418,#7419);
#7418 = CARTESIAN_POINT('',(1.570796326795,0.));
#7419 = VECTOR('',#7420,1.);
#7420 = DIRECTION('',(0.,1.));
#7421 = ( GEOMETRIC_REPRESENTATION_CONTEXT(2) 
PARAMETRIC_REPRESENTATION_CONTEXT() REPRESENTATION_CONTEXT('2D SPACE',''
  ) );
#7422 = PCURVE('',#7423,#7428);
#7423 = PLANE('',#7424);
#7424 = AXIS2_PLACEMENT_3D('',#7425,#7426,#7427);
#7425 = CARTESIAN_POINT('',(6.4,-6.45,5.));
#7426 = DIRECTION('',(0.,0.,1.));
#7427 = DIRECTION('',(1.,0.,-0.));
#7428 = DEFINITIONAL_REPRESENTATION('',(#7429),#7433);
#7429 = LINE('',#7430,#7431);
#7430 = CARTESIAN_POINT('',(0.92,2.2));
#7431 = VECTOR('',#7432,1.);
#7432 = DIRECTION('',(0.,1.));
#7433 = ( GEOMETRIC_REPRESENTATION_CONTEXT(2) 
PARAMETRIC_REPRESENTATION_CONTEXT() REPRESENTATION_CONTEXT('2D SPACE',''
  ) );
#7434 = ORIENTED_EDGE('',*,*,#7354,.F.);
#7435 = ORIENTED_EDGE('',*,*,#5630,.F.);
#7436 = ADVANCED_FACE('',(#7437),#5878,.T.);
#7437 = FACE_BOUND('',#7438,.T.);
#7438 = EDGE_LOOP('',(#7439,#7461,#7462,#7463));
#7439 = ORIENTED_EDGE('',*,*,#7440,.F.);
#7440 = EDGE_CURVE('',#5839,#7441,#7443,.T.);
#7441 = VERTEX_POINT('',#7442);
#7442 = CARTESIAN_POINT('',(4.78,-2.5,9.));
#7443 = SEAM_CURVE('',#7444,(#7449,#7455),.PCURVE_S1.);
#7444 = CIRCLE('',#7445,8.E-02);
#7445 = AXIS2_PLACEMENT_3D('',#7446,#7447,#7448);
#7446 = CARTESIAN_POINT('',(4.78,-2.5,9.08));
#7447 = DIRECTION('',(0.,-1.,0.));
#7448 = DIRECTION('',(1.,0.,0.));
#7449 = PCURVE('',#5878,#7450);
#7450 = DEFINITIONAL_REPRESENTATION('',(#7451),#7454);
#7451 = B_SPLINE_CURVE_WITH_KNOTS('',1,(#7452,#7453),.UNSPECIFIED.,.F.,
  .F.,(2,2),(3.14159265359,4.712388980385),.PIECEWISE_BEZIER_KNOTS.);
#7452 = CARTESIAN_POINT('',(0.,3.14159265359));
#7453 = CARTESIAN_POINT('',(0.,4.712388980385));
#7454 = ( GEOMETRIC_REPRESENTATION_CONTEXT(2) 
PARAMETRIC_REPRESENTATION_CONTEXT() REPRESENTATION_CONTEXT('2D SPACE',''
  ) );
#7455 = PCURVE('',#5878,#7456);
#7456 = DEFINITIONAL_REPRESENTATION('',(#7457),#7460);
#7457 = B_SPLINE_CURVE_WITH_KNOTS('',1,(#7458,#7459),.UNSPECIFIED.,.F.,
  .F.,(2,2),(3.14159265359,4.712388980385),.PIECEWISE_BEZIER_KNOTS.);
#7458 = CARTESIAN_POINT('',(6.28318530718,3.14159265359));
#7459 = CARTESIAN_POINT('',(6.28318530718,4.712388980385));
#7460 = ( GEOMETRIC_REPRESENTATION_CONTEXT(2) 
PARAMETRIC_REPRESENTATION_CONTEXT() REPRESENTATION_CONTEXT('2D SPACE',''
  ) );
#7461 = ORIENTED_EDGE('',*,*,#5863,.T.);
#7462 = ORIENTED_EDGE('',*,*,#7440,.T.);
#7463 = ORIENTED_EDGE('',*,*,#7464,.F.);
#7464 = EDGE_CURVE('',#7441,#7441,#7465,.T.);
#7465 = SURFACE_CURVE('',#7466,(#7471,#7478),.PCURVE_S1.);
#7466 = CIRCLE('',#7467,1.33);
#7467 = AXIS2_PLACEMENT_3D('',#7468,#7469,#7470);
#7468 = CARTESIAN_POINT('',(3.45,-2.5,9.));
#7469 = DIRECTION('',(0.,0.,1.));
#7470 = DIRECTION('',(1.,0.,-0.));
#7471 = PCURVE('',#5878,#7472);
#7472 = DEFINITIONAL_REPRESENTATION('',(#7473),#7477);
#7473 = LINE('',#7474,#7475);
#7474 = CARTESIAN_POINT('',(0.,4.712388980385));
#7475 = VECTOR('',#7476,1.);
#7476 = DIRECTION('',(1.,0.));
#7477 = ( GEOMETRIC_REPRESENTATION_CONTEXT(2) 
PARAMETRIC_REPRESENTATION_CONTEXT() REPRESENTATION_CONTEXT('2D SPACE',''
  ) );
#7478 = PCURVE('',#7479,#7484);
#7479 = PLANE('',#7480);
#7480 = AXIS2_PLACEMENT_3D('',#7481,#7482,#7483);
#7481 = CARTESIAN_POINT('',(3.45,-2.5,9.));
#7482 = DIRECTION('',(0.,0.,1.));
#7483 = DIRECTION('',(1.,0.,-0.));
#7484 = DEFINITIONAL_REPRESENTATION('',(#7485),#7489);
#7485 = CIRCLE('',#7486,1.33);
#7486 = AXIS2_PLACEMENT_2D('',#7487,#7488);
#7487 = CARTESIAN_POINT('',(0.,0.));
#7488 = DIRECTION('',(1.,0.));
#7489 = ( GEOMETRIC_REPRESENTATION_CONTEXT(2) 
PARAMETRIC_REPRESENTATION_CONTEXT() REPRESENTATION_CONTEXT('2D SPACE',''
  ) );
#7490 = ADVANCED_FACE('',(#7491),#6008,.F.);
#7491 = FACE_BOUND('',#7492,.F.);
#7492 = EDGE_LOOP('',(#7493,#7515,#7516,#7517));
#7493 = ORIENTED_EDGE('',*,*,#7494,.F.);
#7494 = EDGE_CURVE('',#5992,#7495,#7497,.T.);
#7495 = VERTEX_POINT('',#7496);
#7496 = CARTESIAN_POINT('',(5.55,-2.5,10.12));
#7497 = SEAM_CURVE('',#7498,(#7503,#7509),.PCURVE_S1.);
#7498 = CIRCLE('',#7499,8.E-02);
#7499 = AXIS2_PLACEMENT_3D('',#7500,#7501,#7502);
#7500 = CARTESIAN_POINT('',(5.63,-2.5,10.12));
#7501 = DIRECTION('',(0.,-1.,0.));
#7502 = DIRECTION('',(1.,0.,0.));
#7503 = PCURVE('',#6008,#7504);
#7504 = DEFINITIONAL_REPRESENTATION('',(#7505),#7508);
#7505 = B_SPLINE_CURVE_WITH_KNOTS('',1,(#7506,#7507),.UNSPECIFIED.,.F.,
  .F.,(2,2),(1.570796326795,3.14159265359),.PIECEWISE_BEZIER_KNOTS.);
#7506 = CARTESIAN_POINT('',(0.,1.570796326795));
#7507 = CARTESIAN_POINT('',(0.,3.14159265359));
#7508 = ( GEOMETRIC_REPRESENTATION_CONTEXT(2) 
PARAMETRIC_REPRESENTATION_CONTEXT() REPRESENTATION_CONTEXT('2D SPACE',''
  ) );
#7509 = PCURVE('',#6008,#7510);
#7510 = DEFINITIONAL_REPRESENTATION('',(#7511),#7514);
#7511 = B_SPLINE_CURVE_WITH_KNOTS('',1,(#7512,#7513),.UNSPECIFIED.,.F.,
  .F.,(2,2),(1.570796326795,3.14159265359),.PIECEWISE_BEZIER_KNOTS.);
#7512 = CARTESIAN_POINT('',(6.28318530718,1.570796326795));
#7513 = CARTESIAN_POINT('',(6.28318530718,3.14159265359));
#7514 = ( GEOMETRIC_REPRESENTATION_CONTEXT(2) 
PARAMETRIC_REPRESENTATION_CONTEXT() REPRESENTATION_CONTEXT('2D SPACE',''
  ) );
#7515 = ORIENTED_EDGE('',*,*,#5991,.T.);
#7516 = ORIENTED_EDGE('',*,*,#7494,.T.);
#7517 = ORIENTED_EDGE('',*,*,#7518,.F.);
#7518 = EDGE_CURVE('',#7495,#7495,#7519,.T.);
#7519 = SURFACE_CURVE('',#7520,(#7525,#7532),.PCURVE_S1.);
#7520 = CIRCLE('',#7521,2.1);
#7521 = AXIS2_PLACEMENT_3D('',#7522,#7523,#7524);
#7522 = CARTESIAN_POINT('',(3.45,-2.5,10.12));
#7523 = DIRECTION('',(0.,0.,1.));
#7524 = DIRECTION('',(1.,0.,-0.));
#7525 = PCURVE('',#6008,#7526);
#7526 = DEFINITIONAL_REPRESENTATION('',(#7527),#7531);
#7527 = LINE('',#7528,#7529);
#7528 = CARTESIAN_POINT('',(0.,3.14159265359));
#7529 = VECTOR('',#7530,1.);
#7530 = DIRECTION('',(1.,0.));
#7531 = ( GEOMETRIC_REPRESENTATION_CONTEXT(2) 
PARAMETRIC_REPRESENTATION_CONTEXT() REPRESENTATION_CONTEXT('2D SPACE',''
  ) );
#7532 = PCURVE('',#7533,#7538);
#7533 = CYLINDRICAL_SURFACE('',#7534,2.1);
#7534 = AXIS2_PLACEMENT_3D('',#7535,#7536,#7537);
#7535 = CARTESIAN_POINT('',(3.45,-2.5,9.));
#7536 = DIRECTION('',(0.,0.,1.));
#7537 = DIRECTION('',(1.,0.,-0.));
#7538 = DEFINITIONAL_REPRESENTATION('',(#7539),#7543);
#7539 = LINE('',#7540,#7541);
#7540 = CARTESIAN_POINT('',(0.,1.12));
#7541 = VECTOR('',#7542,1.);
#7542 = DIRECTION('',(1.,0.));
#7543 = ( GEOMETRIC_REPRESENTATION_CONTEXT(2) 
PARAMETRIC_REPRESENTATION_CONTEXT() REPRESENTATION_CONTEXT('2D SPACE',''
  ) );
#7544 = ADVANCED_FACE('',(#7545),#6090,.T.);
#7545 = FACE_BOUND('',#7546,.F.);
#7546 = EDGE_LOOP('',(#7547,#7548,#7549,#7569));
#7547 = ORIENTED_EDGE('',*,*,#6076,.F.);
#7548 = ORIENTED_EDGE('',*,*,#6157,.T.);
#7549 = ORIENTED_EDGE('',*,*,#7550,.F.);
#7550 = EDGE_CURVE('',#6183,#6130,#7551,.T.);
#7551 = SURFACE_CURVE('',#7552,(#7557,#7563),.PCURVE_S1.);
#7552 = CIRCLE('',#7553,8.E-02);
#7553 = AXIS2_PLACEMENT_3D('',#7554,#7555,#7556);
#7554 = CARTESIAN_POINT('',(6.48,-5.83,5.08));
#7555 = DIRECTION('',(0.,-1.,0.));
#7556 = DIRECTION('',(0.,0.,1.));
#7557 = PCURVE('',#6090,#7558);
#7558 = DEFINITIONAL_REPRESENTATION('',(#7559),#7562);
#7559 = B_SPLINE_CURVE_WITH_KNOTS('',1,(#7560,#7561),.UNSPECIFIED.,.F.,
  .F.,(2,2),(1.570796326795,3.14159265359),.PIECEWISE_BEZIER_KNOTS.);
#7560 = CARTESIAN_POINT('',(0.,0.62));
#7561 = CARTESIAN_POINT('',(-1.570796326795,0.62));
#7562 = ( GEOMETRIC_REPRESENTATION_CONTEXT(2) 
PARAMETRIC_REPRESENTATION_CONTEXT() REPRESENTATION_CONTEXT('2D SPACE',''
  ) );
#7563 = PCURVE('',#6226,#7564);
#7564 = DEFINITIONAL_REPRESENTATION('',(#7565),#7568);
#7565 = B_SPLINE_CURVE_WITH_KNOTS('',1,(#7566,#7567),.UNSPECIFIED.,.F.,
  .F.,(2,2),(1.570796326795,3.14159265359),.PIECEWISE_BEZIER_KNOTS.);
#7566 = CARTESIAN_POINT('',(0.,1.570796326795));
#7567 = CARTESIAN_POINT('',(0.,3.14159265359));
#7568 = ( GEOMETRIC_REPRESENTATION_CONTEXT(2) 
PARAMETRIC_REPRESENTATION_CONTEXT() REPRESENTATION_CONTEXT('2D SPACE',''
  ) );
#7569 = ORIENTED_EDGE('',*,*,#6182,.F.);
#7570 = ADVANCED_FACE('',(#7571),#6145,.F.);
#7571 = FACE_BOUND('',#7572,.F.);
#7572 = EDGE_LOOP('',(#7573,#7574,#7575,#7598));
#7573 = ORIENTED_EDGE('',*,*,#6129,.F.);
#7574 = ORIENTED_EDGE('',*,*,#6796,.T.);
#7575 = ORIENTED_EDGE('',*,*,#7576,.T.);
#7576 = EDGE_CURVE('',#6775,#7577,#7579,.T.);
#7577 = VERTEX_POINT('',#7578);
#7578 = CARTESIAN_POINT('',(6.48,-5.75,4.92));
#7579 = SURFACE_CURVE('',#7580,(#7584,#7591),.PCURVE_S1.);
#7580 = LINE('',#7581,#7582);
#7581 = CARTESIAN_POINT('',(7.4,-5.75,4.92));
#7582 = VECTOR('',#7583,1.);
#7583 = DIRECTION('',(-1.,-0.,0.));
#7584 = PCURVE('',#6145,#7585);
#7585 = DEFINITIONAL_REPRESENTATION('',(#7586),#7590);
#7586 = LINE('',#7587,#7588);
#7587 = CARTESIAN_POINT('',(1.570796326795,0.));
#7588 = VECTOR('',#7589,1.);
#7589 = DIRECTION('',(0.,1.));
#7590 = ( GEOMETRIC_REPRESENTATION_CONTEXT(2) 
PARAMETRIC_REPRESENTATION_CONTEXT() REPRESENTATION_CONTEXT('2D SPACE',''
  ) );
#7591 = PCURVE('',#6914,#7592);
#7592 = DEFINITIONAL_REPRESENTATION('',(#7593),#7597);
#7593 = LINE('',#7594,#7595);
#7594 = CARTESIAN_POINT('',(4.92,1.));
#7595 = VECTOR('',#7596,1.);
#7596 = DIRECTION('',(0.,-1.));
#7597 = ( GEOMETRIC_REPRESENTATION_CONTEXT(2) 
PARAMETRIC_REPRESENTATION_CONTEXT() REPRESENTATION_CONTEXT('2D SPACE',''
  ) );
#7598 = ORIENTED_EDGE('',*,*,#7599,.F.);
#7599 = EDGE_CURVE('',#6130,#7577,#7600,.T.);
#7600 = SURFACE_CURVE('',#7601,(#7606,#7613),.PCURVE_S1.);
#7601 = CIRCLE('',#7602,8.E-02);
#7602 = AXIS2_PLACEMENT_3D('',#7603,#7604,#7605);
#7603 = CARTESIAN_POINT('',(6.48,-5.83,4.92));
#7604 = DIRECTION('',(-1.,-0.,0.));
#7605 = DIRECTION('',(0.,0.,1.));
#7606 = PCURVE('',#6145,#7607);
#7607 = DEFINITIONAL_REPRESENTATION('',(#7608),#7612);
#7608 = LINE('',#7609,#7610);
#7609 = CARTESIAN_POINT('',(0.,0.92));
#7610 = VECTOR('',#7611,1.);
#7611 = DIRECTION('',(1.,0.));
#7612 = ( GEOMETRIC_REPRESENTATION_CONTEXT(2) 
PARAMETRIC_REPRESENTATION_CONTEXT() REPRESENTATION_CONTEXT('2D SPACE',''
  ) );
#7613 = PCURVE('',#6226,#7614);
#7614 = DEFINITIONAL_REPRESENTATION('',(#7615),#7619);
#7615 = LINE('',#7616,#7617);
#7616 = CARTESIAN_POINT('',(0.,3.14159265359));
#7617 = VECTOR('',#7618,1.);
#7618 = DIRECTION('',(1.,0.));
#7619 = ( GEOMETRIC_REPRESENTATION_CONTEXT(2) 
PARAMETRIC_REPRESENTATION_CONTEXT() REPRESENTATION_CONTEXT('2D SPACE',''
  ) );
#7620 = ADVANCED_FACE('',(#7621),#6226,.T.);
#7621 = FACE_BOUND('',#7622,.T.);
#7622 = EDGE_LOOP('',(#7623,#7624,#7625,#7645));
#7623 = ORIENTED_EDGE('',*,*,#7550,.F.);
#7624 = ORIENTED_EDGE('',*,*,#6205,.T.);
#7625 = ORIENTED_EDGE('',*,*,#7626,.T.);
#7626 = EDGE_CURVE('',#6206,#7577,#7627,.T.);
#7627 = SURFACE_CURVE('',#7628,(#7633,#7639),.PCURVE_S1.);
#7628 = CIRCLE('',#7629,8.E-02);
#7629 = AXIS2_PLACEMENT_3D('',#7630,#7631,#7632);
#7630 = CARTESIAN_POINT('',(6.48,-5.67,4.92));
#7631 = DIRECTION('',(0.,-6.123233995737E-17,1.));
#7632 = DIRECTION('',(0.,1.,6.123233995737E-17));
#7633 = PCURVE('',#6226,#7634);
#7634 = DEFINITIONAL_REPRESENTATION('',(#7635),#7638);
#7635 = B_SPLINE_CURVE_WITH_KNOTS('',1,(#7636,#7637),.UNSPECIFIED.,.F.,
  .F.,(2,2),(1.570796326795,3.14159265359),.PIECEWISE_BEZIER_KNOTS.);
#7636 = CARTESIAN_POINT('',(1.570796326795,1.570796326795));
#7637 = CARTESIAN_POINT('',(1.570796326795,3.14159265359));
#7638 = ( GEOMETRIC_REPRESENTATION_CONTEXT(2) 
PARAMETRIC_REPRESENTATION_CONTEXT() REPRESENTATION_CONTEXT('2D SPACE',''
  ) );
#7639 = PCURVE('',#6254,#7640);
#7640 = DEFINITIONAL_REPRESENTATION('',(#7641),#7644);
#7641 = B_SPLINE_CURVE_WITH_KNOTS('',1,(#7642,#7643),.UNSPECIFIED.,.F.,
  .F.,(2,2),(1.570796326795,3.14159265359),.PIECEWISE_BEZIER_KNOTS.);
#7642 = CARTESIAN_POINT('',(0.,4.92));
#7643 = CARTESIAN_POINT('',(1.570796326795,4.92));
#7644 = ( GEOMETRIC_REPRESENTATION_CONTEXT(2) 
PARAMETRIC_REPRESENTATION_CONTEXT() REPRESENTATION_CONTEXT('2D SPACE',''
  ) );
#7645 = ORIENTED_EDGE('',*,*,#7599,.F.);
#7646 = ADVANCED_FACE('',(#7647),#6254,.T.);
#7647 = FACE_BOUND('',#7648,.T.);
#7648 = EDGE_LOOP('',(#7649,#7650,#7679,#7700));
#7649 = ORIENTED_EDGE('',*,*,#6238,.F.);
#7650 = ORIENTED_EDGE('',*,*,#7651,.T.);
#7651 = EDGE_CURVE('',#6239,#7652,#7654,.T.);
#7652 = VERTEX_POINT('',#7653);
#7653 = CARTESIAN_POINT('',(6.48,-5.75,8.E-02));
#7654 = SURFACE_CURVE('',#7655,(#7660,#7667),.PCURVE_S1.);
#7655 = CIRCLE('',#7656,8.E-02);
#7656 = AXIS2_PLACEMENT_3D('',#7657,#7658,#7659);
#7657 = CARTESIAN_POINT('',(6.48,-5.67,8.E-02));
#7658 = DIRECTION('',(0.,0.,1.));
#7659 = DIRECTION('',(-1.,0.,0.));
#7660 = PCURVE('',#6254,#7661);
#7661 = DEFINITIONAL_REPRESENTATION('',(#7662),#7666);
#7662 = LINE('',#7663,#7664);
#7663 = CARTESIAN_POINT('',(0.,8.E-02));
#7664 = VECTOR('',#7665,1.);
#7665 = DIRECTION('',(1.,0.));
#7666 = ( GEOMETRIC_REPRESENTATION_CONTEXT(2) 
PARAMETRIC_REPRESENTATION_CONTEXT() REPRESENTATION_CONTEXT('2D SPACE',''
  ) );
#7667 = PCURVE('',#7668,#7673);
#7668 = SPHERICAL_SURFACE('',#7669,8.E-02);
#7669 = AXIS2_PLACEMENT_3D('',#7670,#7671,#7672);
#7670 = CARTESIAN_POINT('',(6.48,-5.67,8.E-02));
#7671 = DIRECTION('',(0.,0.,1.));
#7672 = DIRECTION('',(-1.,0.,0.));
#7673 = DEFINITIONAL_REPRESENTATION('',(#7674),#7678);
#7674 = LINE('',#7675,#7676);
#7675 = CARTESIAN_POINT('',(0.,0.));
#7676 = VECTOR('',#7677,1.);
#7677 = DIRECTION('',(1.,0.));
#7678 = ( GEOMETRIC_REPRESENTATION_CONTEXT(2) 
PARAMETRIC_REPRESENTATION_CONTEXT() REPRESENTATION_CONTEXT('2D SPACE',''
  ) );
#7679 = ORIENTED_EDGE('',*,*,#7680,.T.);
#7680 = EDGE_CURVE('',#7652,#7577,#7681,.T.);
#7681 = SURFACE_CURVE('',#7682,(#7686,#7693),.PCURVE_S1.);
#7682 = LINE('',#7683,#7684);
#7683 = CARTESIAN_POINT('',(6.48,-5.75,0.));
#7684 = VECTOR('',#7685,1.);
#7685 = DIRECTION('',(0.,0.,1.));
#7686 = PCURVE('',#6254,#7687);
#7687 = DEFINITIONAL_REPRESENTATION('',(#7688),#7692);
#7688 = LINE('',#7689,#7690);
#7689 = CARTESIAN_POINT('',(1.570796326795,0.));
#7690 = VECTOR('',#7691,1.);
#7691 = DIRECTION('',(0.,1.));
#7692 = ( GEOMETRIC_REPRESENTATION_CONTEXT(2) 
PARAMETRIC_REPRESENTATION_CONTEXT() REPRESENTATION_CONTEXT('2D SPACE',''
  ) );
#7693 = PCURVE('',#6914,#7694);
#7694 = DEFINITIONAL_REPRESENTATION('',(#7695),#7699);
#7695 = LINE('',#7696,#7697);
#7696 = CARTESIAN_POINT('',(0.,8.E-02));
#7697 = VECTOR('',#7698,1.);
#7698 = DIRECTION('',(1.,0.));
#7699 = ( GEOMETRIC_REPRESENTATION_CONTEXT(2) 
PARAMETRIC_REPRESENTATION_CONTEXT() REPRESENTATION_CONTEXT('2D SPACE',''
  ) );
#7700 = ORIENTED_EDGE('',*,*,#7626,.F.);
#7701 = ADVANCED_FACE('',(#7702),#6547,.T.);
#7702 = FACE_BOUND('',#7703,.F.);
#7703 = EDGE_LOOP('',(#7704,#7724,#7725,#7726));
#7704 = ORIENTED_EDGE('',*,*,#7705,.T.);
#7705 = EDGE_CURVE('',#6501,#6616,#7706,.T.);
#7706 = SURFACE_CURVE('',#7707,(#7712,#7718),.PCURVE_S1.);
#7707 = CIRCLE('',#7708,8.E-02);
#7708 = AXIS2_PLACEMENT_3D('',#7709,#7710,#7711);
#7709 = CARTESIAN_POINT('',(6.48,0.83,5.08));
#7710 = DIRECTION('',(0.,-1.,-6.123233995737E-17));
#7711 = DIRECTION('',(0.,-6.123233995737E-17,1.));
#7712 = PCURVE('',#6547,#7713);
#7713 = DEFINITIONAL_REPRESENTATION('',(#7714),#7717);
#7714 = B_SPLINE_CURVE_WITH_KNOTS('',1,(#7715,#7716),.UNSPECIFIED.,.F.,
  .F.,(2,2),(1.570796326795,3.14159265359),.PIECEWISE_BEZIER_KNOTS.);
#7715 = CARTESIAN_POINT('',(0.,8.E-02));
#7716 = CARTESIAN_POINT('',(-1.570796326795,8.E-02));
#7717 = ( GEOMETRIC_REPRESENTATION_CONTEXT(2) 
PARAMETRIC_REPRESENTATION_CONTEXT() REPRESENTATION_CONTEXT('2D SPACE',''
  ) );
#7718 = PCURVE('',#6521,#7719);
#7719 = DEFINITIONAL_REPRESENTATION('',(#7720),#7723);
#7720 = B_SPLINE_CURVE_WITH_KNOTS('',1,(#7721,#7722),.UNSPECIFIED.,.F.,
  .F.,(2,2),(1.570796326795,3.14159265359),.PIECEWISE_BEZIER_KNOTS.);
#7721 = CARTESIAN_POINT('',(1.570796326795,1.570796326795));
#7722 = CARTESIAN_POINT('',(1.570796326795,3.14159265359));
#7723 = ( GEOMETRIC_REPRESENTATION_CONTEXT(2) 
PARAMETRIC_REPRESENTATION_CONTEXT() REPRESENTATION_CONTEXT('2D SPACE',''
  ) );
#7724 = ORIENTED_EDGE('',*,*,#6615,.T.);
#7725 = ORIENTED_EDGE('',*,*,#6590,.T.);
#7726 = ORIENTED_EDGE('',*,*,#6533,.F.);
#7727 = ADVANCED_FACE('',(#7728),#6282,.T.);
#7728 = FACE_BOUND('',#7729,.F.);
#7729 = EDGE_LOOP('',(#7730,#7752,#7775,#7802));
#7730 = ORIENTED_EDGE('',*,*,#7731,.F.);
#7731 = EDGE_CURVE('',#7732,#6239,#7734,.T.);
#7732 = VERTEX_POINT('',#7733);
#7733 = CARTESIAN_POINT('',(6.48,-5.67,0.));
#7734 = SURFACE_CURVE('',#7735,(#7740,#7746),.PCURVE_S1.);
#7735 = CIRCLE('',#7736,8.E-02);
#7736 = AXIS2_PLACEMENT_3D('',#7737,#7738,#7739);
#7737 = CARTESIAN_POINT('',(6.48,-5.67,8.E-02));
#7738 = DIRECTION('',(0.,1.,-0.));
#7739 = DIRECTION('',(-1.,0.,0.));
#7740 = PCURVE('',#6282,#7741);
#7741 = DEFINITIONAL_REPRESENTATION('',(#7742),#7745);
#7742 = B_SPLINE_CURVE_WITH_KNOTS('',1,(#7743,#7744),.UNSPECIFIED.,.F.,
  .F.,(2,2),(4.712388980385,6.28318530718),.PIECEWISE_BEZIER_KNOTS.);
#7743 = CARTESIAN_POINT('',(-1.570796326795,8.E-02));
#7744 = CARTESIAN_POINT('',(0.,8.E-02));
#7745 = ( GEOMETRIC_REPRESENTATION_CONTEXT(2) 
PARAMETRIC_REPRESENTATION_CONTEXT() REPRESENTATION_CONTEXT('2D SPACE',''
  ) );
#7746 = PCURVE('',#7668,#7747);
#7747 = DEFINITIONAL_REPRESENTATION('',(#7748),#7751);
#7748 = B_SPLINE_CURVE_WITH_KNOTS('',1,(#7749,#7750),.UNSPECIFIED.,.F.,
  .F.,(2,2),(4.712388980385,6.28318530718),.PIECEWISE_BEZIER_KNOTS.);
#7749 = CARTESIAN_POINT('',(0.,-1.570796326795));
#7750 = CARTESIAN_POINT('',(0.,0.));
#7751 = ( GEOMETRIC_REPRESENTATION_CONTEXT(2) 
PARAMETRIC_REPRESENTATION_CONTEXT() REPRESENTATION_CONTEXT('2D SPACE',''
  ) );
#7752 = ORIENTED_EDGE('',*,*,#7753,.T.);
#7753 = EDGE_CURVE('',#7732,#7754,#7756,.T.);
#7754 = VERTEX_POINT('',#7755);
#7755 = CARTESIAN_POINT('',(6.48,-4.33,-1.387778780781E-17));
#7756 = SURFACE_CURVE('',#7757,(#7761,#7768),.PCURVE_S1.);
#7757 = LINE('',#7758,#7759);
#7758 = CARTESIAN_POINT('',(6.48,-5.75,-1.387778780781E-17));
#7759 = VECTOR('',#7760,1.);
#7760 = DIRECTION('',(-0.,1.,0.));
#7761 = PCURVE('',#6282,#7762);
#7762 = DEFINITIONAL_REPRESENTATION('',(#7763),#7767);
#7763 = LINE('',#7764,#7765);
#7764 = CARTESIAN_POINT('',(-1.570796326795,0.));
#7765 = VECTOR('',#7766,1.);
#7766 = DIRECTION('',(-0.,1.));
#7767 = ( GEOMETRIC_REPRESENTATION_CONTEXT(2) 
PARAMETRIC_REPRESENTATION_CONTEXT() REPRESENTATION_CONTEXT('2D SPACE',''
  ) );
#7768 = PCURVE('',#7026,#7769);
#7769 = DEFINITIONAL_REPRESENTATION('',(#7770),#7774);
#7770 = LINE('',#7771,#7772);
#7771 = CARTESIAN_POINT('',(8.E-02,0.));
#7772 = VECTOR('',#7773,1.);
#7773 = DIRECTION('',(0.,1.));
#7774 = ( GEOMETRIC_REPRESENTATION_CONTEXT(2) 
PARAMETRIC_REPRESENTATION_CONTEXT() REPRESENTATION_CONTEXT('2D SPACE',''
  ) );
#7775 = ORIENTED_EDGE('',*,*,#7776,.F.);
#7776 = EDGE_CURVE('',#6267,#7754,#7777,.T.);
#7777 = SURFACE_CURVE('',#7778,(#7783,#7790),.PCURVE_S1.);
#7778 = CIRCLE('',#7779,8.E-02);
#7779 = AXIS2_PLACEMENT_3D('',#7780,#7781,#7782);
#7780 = CARTESIAN_POINT('',(6.48,-4.33,8.E-02));
#7781 = DIRECTION('',(0.,-1.,-0.));
#7782 = DIRECTION('',(-1.,-0.,0.));
#7783 = PCURVE('',#6282,#7784);
#7784 = DEFINITIONAL_REPRESENTATION('',(#7785),#7789);
#7785 = LINE('',#7786,#7787);
#7786 = CARTESIAN_POINT('',(-0.,1.42));
#7787 = VECTOR('',#7788,1.);
#7788 = DIRECTION('',(-1.,0.));
#7789 = ( GEOMETRIC_REPRESENTATION_CONTEXT(2) 
PARAMETRIC_REPRESENTATION_CONTEXT() REPRESENTATION_CONTEXT('2D SPACE',''
  ) );
#7790 = PCURVE('',#7791,#7796);
#7791 = SPHERICAL_SURFACE('',#7792,8.E-02);
#7792 = AXIS2_PLACEMENT_3D('',#7793,#7794,#7795);
#7793 = CARTESIAN_POINT('',(6.48,-4.33,8.E-02));
#7794 = DIRECTION('',(0.,-1.,-0.));
#7795 = DIRECTION('',(-1.,-0.,0.));
#7796 = DEFINITIONAL_REPRESENTATION('',(#7797),#7801);
#7797 = LINE('',#7798,#7799);
#7798 = CARTESIAN_POINT('',(0.,0.));
#7799 = VECTOR('',#7800,1.);
#7800 = DIRECTION('',(1.,0.));
#7801 = ( GEOMETRIC_REPRESENTATION_CONTEXT(2) 
PARAMETRIC_REPRESENTATION_CONTEXT() REPRESENTATION_CONTEXT('2D SPACE',''
  ) );
#7802 = ORIENTED_EDGE('',*,*,#6266,.F.);
#7803 = ADVANCED_FACE('',(#7804),#6521,.T.);
#7804 = FACE_BOUND('',#7805,.T.);
#7805 = EDGE_LOOP('',(#7806,#7828,#7829,#7830));
#7806 = ORIENTED_EDGE('',*,*,#7807,.F.);
#7807 = EDGE_CURVE('',#6473,#7808,#7810,.T.);
#7808 = VERTEX_POINT('',#7809);
#7809 = CARTESIAN_POINT('',(6.48,0.75,4.92));
#7810 = SURFACE_CURVE('',#7811,(#7816,#7822),.PCURVE_S1.);
#7811 = CIRCLE('',#7812,8.E-02);
#7812 = AXIS2_PLACEMENT_3D('',#7813,#7814,#7815);
#7813 = CARTESIAN_POINT('',(6.48,0.67,4.92));
#7814 = DIRECTION('',(0.,-0.,-1.));
#7815 = DIRECTION('',(0.,-1.,0.));
#7816 = PCURVE('',#6521,#7817);
#7817 = DEFINITIONAL_REPRESENTATION('',(#7818),#7821);
#7818 = B_SPLINE_CURVE_WITH_KNOTS('',1,(#7819,#7820),.UNSPECIFIED.,.F.,
  .F.,(2,2),(1.570796326795,3.14159265359),.PIECEWISE_BEZIER_KNOTS.);
#7819 = CARTESIAN_POINT('',(0.,1.570796326795));
#7820 = CARTESIAN_POINT('',(0.,3.14159265359));
#7821 = ( GEOMETRIC_REPRESENTATION_CONTEXT(2) 
PARAMETRIC_REPRESENTATION_CONTEXT() REPRESENTATION_CONTEXT('2D SPACE',''
  ) );
#7822 = PCURVE('',#6488,#7823);
#7823 = DEFINITIONAL_REPRESENTATION('',(#7824),#7827);
#7824 = B_SPLINE_CURVE_WITH_KNOTS('',1,(#7825,#7826),.UNSPECIFIED.,.F.,
  .F.,(2,2),(1.570796326795,3.14159265359),.PIECEWISE_BEZIER_KNOTS.);
#7825 = CARTESIAN_POINT('',(0.,4.92));
#7826 = CARTESIAN_POINT('',(-1.570796326795,4.92));
#7827 = ( GEOMETRIC_REPRESENTATION_CONTEXT(2) 
PARAMETRIC_REPRESENTATION_CONTEXT() REPRESENTATION_CONTEXT('2D SPACE',''
  ) );
#7828 = ORIENTED_EDGE('',*,*,#6500,.T.);
#7829 = ORIENTED_EDGE('',*,*,#7705,.T.);
#7830 = ORIENTED_EDGE('',*,*,#7831,.F.);
#7831 = EDGE_CURVE('',#7808,#6616,#7832,.T.);
#7832 = SURFACE_CURVE('',#7833,(#7838,#7845),.PCURVE_S1.);
#7833 = CIRCLE('',#7834,8.E-02);
#7834 = AXIS2_PLACEMENT_3D('',#7835,#7836,#7837);
#7835 = CARTESIAN_POINT('',(6.48,0.83,4.92));
#7836 = DIRECTION('',(-1.,0.,0.));
#7837 = DIRECTION('',(0.,-1.,0.));
#7838 = PCURVE('',#6521,#7839);
#7839 = DEFINITIONAL_REPRESENTATION('',(#7840),#7844);
#7840 = LINE('',#7841,#7842);
#7841 = CARTESIAN_POINT('',(0.,3.14159265359));
#7842 = VECTOR('',#7843,1.);
#7843 = DIRECTION('',(1.,0.));
#7844 = ( GEOMETRIC_REPRESENTATION_CONTEXT(2) 
PARAMETRIC_REPRESENTATION_CONTEXT() REPRESENTATION_CONTEXT('2D SPACE',''
  ) );
#7845 = PCURVE('',#6654,#7846);
#7846 = DEFINITIONAL_REPRESENTATION('',(#7847),#7851);
#7847 = LINE('',#7848,#7849);
#7848 = CARTESIAN_POINT('',(-1.570796326795,0.92));
#7849 = VECTOR('',#7850,1.);
#7850 = DIRECTION('',(1.,-0.));
#7851 = ( GEOMETRIC_REPRESENTATION_CONTEXT(2) 
PARAMETRIC_REPRESENTATION_CONTEXT() REPRESENTATION_CONTEXT('2D SPACE',''
  ) );
#7852 = ADVANCED_FACE('',(#7853),#6310,.T.);
#7853 = FACE_BOUND('',#7854,.F.);
#7854 = EDGE_LOOP('',(#7855,#7877,#7900,#7920));
#7855 = ORIENTED_EDGE('',*,*,#7856,.F.);
#7856 = EDGE_CURVE('',#7857,#6267,#7859,.T.);
#7857 = VERTEX_POINT('',#7858);
#7858 = CARTESIAN_POINT('',(6.48,-4.25,8.E-02));
#7859 = SURFACE_CURVE('',#7860,(#7865,#7871),.PCURVE_S1.);
#7860 = CIRCLE('',#7861,8.E-02);
#7861 = AXIS2_PLACEMENT_3D('',#7862,#7863,#7864);
#7862 = CARTESIAN_POINT('',(6.48,-4.33,8.E-02));
#7863 = DIRECTION('',(0.,0.,1.));
#7864 = DIRECTION('',(-1.,0.,0.));
#7865 = PCURVE('',#6310,#7866);
#7866 = DEFINITIONAL_REPRESENTATION('',(#7867),#7870);
#7867 = B_SPLINE_CURVE_WITH_KNOTS('',1,(#7868,#7869),.UNSPECIFIED.,.F.,
  .F.,(2,2),(4.712388980385,6.28318530718),.PIECEWISE_BEZIER_KNOTS.);
#7868 = CARTESIAN_POINT('',(-1.570796326795,8.E-02));
#7869 = CARTESIAN_POINT('',(0.,8.E-02));
#7870 = ( GEOMETRIC_REPRESENTATION_CONTEXT(2) 
PARAMETRIC_REPRESENTATION_CONTEXT() REPRESENTATION_CONTEXT('2D SPACE',''
  ) );
#7871 = PCURVE('',#7791,#7872);
#7872 = DEFINITIONAL_REPRESENTATION('',(#7873),#7876);
#7873 = B_SPLINE_CURVE_WITH_KNOTS('',1,(#7874,#7875),.UNSPECIFIED.,.F.,
  .F.,(2,2),(4.712388980385,6.28318530718),.PIECEWISE_BEZIER_KNOTS.);
#7874 = CARTESIAN_POINT('',(0.,-1.570796326795));
#7875 = CARTESIAN_POINT('',(0.,0.));
#7876 = ( GEOMETRIC_REPRESENTATION_CONTEXT(2) 
PARAMETRIC_REPRESENTATION_CONTEXT() REPRESENTATION_CONTEXT('2D SPACE',''
  ) );
#7877 = ORIENTED_EDGE('',*,*,#7878,.T.);
#7878 = EDGE_CURVE('',#7857,#7879,#7881,.T.);
#7879 = VERTEX_POINT('',#7880);
#7880 = CARTESIAN_POINT('',(6.48,-4.25,4.92));
#7881 = SURFACE_CURVE('',#7882,(#7886,#7893),.PCURVE_S1.);
#7882 = LINE('',#7883,#7884);
#7883 = CARTESIAN_POINT('',(6.48,-4.25,0.));
#7884 = VECTOR('',#7885,1.);
#7885 = DIRECTION('',(0.,0.,1.));
#7886 = PCURVE('',#6310,#7887);
#7887 = DEFINITIONAL_REPRESENTATION('',(#7888),#7892);
#7888 = LINE('',#7889,#7890);
#7889 = CARTESIAN_POINT('',(-1.570796326795,0.));
#7890 = VECTOR('',#7891,1.);
#7891 = DIRECTION('',(-0.,1.));
#7892 = ( GEOMETRIC_REPRESENTATION_CONTEXT(2) 
PARAMETRIC_REPRESENTATION_CONTEXT() REPRESENTATION_CONTEXT('2D SPACE',''
  ) );
#7893 = PCURVE('',#7188,#7894);
#7894 = DEFINITIONAL_REPRESENTATION('',(#7895),#7899);
#7895 = LINE('',#7896,#7897);
#7896 = CARTESIAN_POINT('',(0.,8.E-02));
#7897 = VECTOR('',#7898,1.);
#7898 = DIRECTION('',(1.,0.));
#7899 = ( GEOMETRIC_REPRESENTATION_CONTEXT(2) 
PARAMETRIC_REPRESENTATION_CONTEXT() REPRESENTATION_CONTEXT('2D SPACE',''
  ) );
#7900 = ORIENTED_EDGE('',*,*,#7901,.F.);
#7901 = EDGE_CURVE('',#6295,#7879,#7902,.T.);
#7902 = SURFACE_CURVE('',#7903,(#7908,#7914),.PCURVE_S1.);
#7903 = CIRCLE('',#7904,8.E-02);
#7904 = AXIS2_PLACEMENT_3D('',#7905,#7906,#7907);
#7905 = CARTESIAN_POINT('',(6.48,-4.33,4.92));
#7906 = DIRECTION('',(0.,-0.,-1.));
#7907 = DIRECTION('',(0.,-1.,0.));
#7908 = PCURVE('',#6310,#7909);
#7909 = DEFINITIONAL_REPRESENTATION('',(#7910),#7913);
#7910 = B_SPLINE_CURVE_WITH_KNOTS('',1,(#7911,#7912),.UNSPECIFIED.,.F.,
  .F.,(2,2),(1.570796326795,3.14159265359),.PIECEWISE_BEZIER_KNOTS.);
#7911 = CARTESIAN_POINT('',(0.,4.92));
#7912 = CARTESIAN_POINT('',(-1.570796326795,4.92));
#7913 = ( GEOMETRIC_REPRESENTATION_CONTEXT(2) 
PARAMETRIC_REPRESENTATION_CONTEXT() REPRESENTATION_CONTEXT('2D SPACE',''
  ) );
#7914 = PCURVE('',#6343,#7915);
#7915 = DEFINITIONAL_REPRESENTATION('',(#7916),#7919);
#7916 = B_SPLINE_CURVE_WITH_KNOTS('',1,(#7917,#7918),.UNSPECIFIED.,.F.,
  .F.,(2,2),(1.570796326795,3.14159265359),.PIECEWISE_BEZIER_KNOTS.);
#7917 = CARTESIAN_POINT('',(0.,1.570796326795));
#7918 = CARTESIAN_POINT('',(0.,3.14159265359));
#7919 = ( GEOMETRIC_REPRESENTATION_CONTEXT(2) 
PARAMETRIC_REPRESENTATION_CONTEXT() REPRESENTATION_CONTEXT('2D SPACE',''
  ) );
#7920 = ORIENTED_EDGE('',*,*,#6294,.F.);
#7921 = ADVANCED_FACE('',(#7922),#6488,.T.);
#7922 = FACE_BOUND('',#7923,.F.);
#7923 = EDGE_LOOP('',(#7924,#7951,#7972,#7973));
#7924 = ORIENTED_EDGE('',*,*,#7925,.F.);
#7925 = EDGE_CURVE('',#7926,#6445,#7928,.T.);
#7926 = VERTEX_POINT('',#7927);
#7927 = CARTESIAN_POINT('',(6.48,0.75,8.E-02));
#7928 = SURFACE_CURVE('',#7929,(#7934,#7940),.PCURVE_S1.);
#7929 = CIRCLE('',#7930,8.E-02);
#7930 = AXIS2_PLACEMENT_3D('',#7931,#7932,#7933);
#7931 = CARTESIAN_POINT('',(6.48,0.67,8.E-02));
#7932 = DIRECTION('',(0.,0.,1.));
#7933 = DIRECTION('',(-1.,0.,0.));
#7934 = PCURVE('',#6488,#7935);
#7935 = DEFINITIONAL_REPRESENTATION('',(#7936),#7939);
#7936 = B_SPLINE_CURVE_WITH_KNOTS('',1,(#7937,#7938),.UNSPECIFIED.,.F.,
  .F.,(2,2),(4.712388980385,6.28318530718),.PIECEWISE_BEZIER_KNOTS.);
#7937 = CARTESIAN_POINT('',(-1.570796326795,8.E-02));
#7938 = CARTESIAN_POINT('',(0.,8.E-02));
#7939 = ( GEOMETRIC_REPRESENTATION_CONTEXT(2) 
PARAMETRIC_REPRESENTATION_CONTEXT() REPRESENTATION_CONTEXT('2D SPACE',''
  ) );
#7940 = PCURVE('',#7941,#7946);
#7941 = SPHERICAL_SURFACE('',#7942,8.E-02);
#7942 = AXIS2_PLACEMENT_3D('',#7943,#7944,#7945);
#7943 = CARTESIAN_POINT('',(6.48,0.67,8.E-02));
#7944 = DIRECTION('',(0.,-1.,-0.));
#7945 = DIRECTION('',(-1.,-0.,0.));
#7946 = DEFINITIONAL_REPRESENTATION('',(#7947),#7950);
#7947 = B_SPLINE_CURVE_WITH_KNOTS('',1,(#7948,#7949),.UNSPECIFIED.,.F.,
  .F.,(2,2),(4.712388980385,6.28318530718),.PIECEWISE_BEZIER_KNOTS.);
#7948 = CARTESIAN_POINT('',(0.,-1.570796326795));
#7949 = CARTESIAN_POINT('',(0.,0.));
#7950 = ( GEOMETRIC_REPRESENTATION_CONTEXT(2) 
PARAMETRIC_REPRESENTATION_CONTEXT() REPRESENTATION_CONTEXT('2D SPACE',''
  ) );
#7951 = ORIENTED_EDGE('',*,*,#7952,.T.);
#7952 = EDGE_CURVE('',#7926,#7808,#7953,.T.);
#7953 = SURFACE_CURVE('',#7954,(#7958,#7965),.PCURVE_S1.);
#7954 = LINE('',#7955,#7956);
#7955 = CARTESIAN_POINT('',(6.48,0.75,0.));
#7956 = VECTOR('',#7957,1.);
#7957 = DIRECTION('',(0.,0.,1.));
#7958 = PCURVE('',#6488,#7959);
#7959 = DEFINITIONAL_REPRESENTATION('',(#7960),#7964);
#7960 = LINE('',#7961,#7962);
#7961 = CARTESIAN_POINT('',(-1.570796326795,0.));
#7962 = VECTOR('',#7963,1.);
#7963 = DIRECTION('',(-0.,1.));
#7964 = ( GEOMETRIC_REPRESENTATION_CONTEXT(2) 
PARAMETRIC_REPRESENTATION_CONTEXT() REPRESENTATION_CONTEXT('2D SPACE',''
  ) );
#7965 = PCURVE('',#6971,#7966);
#7966 = DEFINITIONAL_REPRESENTATION('',(#7967),#7971);
#7967 = LINE('',#7968,#7969);
#7968 = CARTESIAN_POINT('',(0.,8.E-02));
#7969 = VECTOR('',#7970,1.);
#7970 = DIRECTION('',(1.,0.));
#7971 = ( GEOMETRIC_REPRESENTATION_CONTEXT(2) 
PARAMETRIC_REPRESENTATION_CONTEXT() REPRESENTATION_CONTEXT('2D SPACE',''
  ) );
#7972 = ORIENTED_EDGE('',*,*,#7807,.F.);
#7973 = ORIENTED_EDGE('',*,*,#6472,.F.);
#7974 = ADVANCED_FACE('',(#7975),#6343,.T.);
#7975 = FACE_BOUND('',#7976,.T.);
#7976 = EDGE_LOOP('',(#7977,#7978,#7979,#8001));
#7977 = ORIENTED_EDGE('',*,*,#7901,.F.);
#7978 = ORIENTED_EDGE('',*,*,#6322,.T.);
#7979 = ORIENTED_EDGE('',*,*,#7980,.T.);
#7980 = EDGE_CURVE('',#6323,#7981,#7983,.T.);
#7981 = VERTEX_POINT('',#7982);
#7982 = CARTESIAN_POINT('',(6.48,-4.17,5.));
#7983 = SURFACE_CURVE('',#7984,(#7989,#7995),.PCURVE_S1.);
#7984 = CIRCLE('',#7985,8.E-02);
#7985 = AXIS2_PLACEMENT_3D('',#7986,#7987,#7988);
#7986 = CARTESIAN_POINT('',(6.48,-4.17,5.08));
#7987 = DIRECTION('',(0.,-1.,-6.123233995737E-17));
#7988 = DIRECTION('',(0.,-6.123233995737E-17,1.));
#7989 = PCURVE('',#6343,#7990);
#7990 = DEFINITIONAL_REPRESENTATION('',(#7991),#7994);
#7991 = B_SPLINE_CURVE_WITH_KNOTS('',1,(#7992,#7993),.UNSPECIFIED.,.F.,
  .F.,(2,2),(1.570796326795,3.14159265359),.PIECEWISE_BEZIER_KNOTS.);
#7992 = CARTESIAN_POINT('',(1.570796326795,1.570796326795));
#7993 = CARTESIAN_POINT('',(1.570796326795,3.14159265359));
#7994 = ( GEOMETRIC_REPRESENTATION_CONTEXT(2) 
PARAMETRIC_REPRESENTATION_CONTEXT() REPRESENTATION_CONTEXT('2D SPACE',''
  ) );
#7995 = PCURVE('',#6371,#7996);
#7996 = DEFINITIONAL_REPRESENTATION('',(#7997),#8000);
#7997 = B_SPLINE_CURVE_WITH_KNOTS('',1,(#7998,#7999),.UNSPECIFIED.,.F.,
  .F.,(2,2),(1.570796326795,3.14159265359),.PIECEWISE_BEZIER_KNOTS.);
#7998 = CARTESIAN_POINT('',(0.,8.E-02));
#7999 = CARTESIAN_POINT('',(-1.570796326795,8.E-02));
#8000 = ( GEOMETRIC_REPRESENTATION_CONTEXT(2) 
PARAMETRIC_REPRESENTATION_CONTEXT() REPRESENTATION_CONTEXT('2D SPACE',''
  ) );
#8001 = ORIENTED_EDGE('',*,*,#8002,.F.);
#8002 = EDGE_CURVE('',#7879,#7981,#8003,.T.);
#8003 = SURFACE_CURVE('',#8004,(#8009,#8016),.PCURVE_S1.);
#8004 = CIRCLE('',#8005,8.E-02);
#8005 = AXIS2_PLACEMENT_3D('',#8006,#8007,#8008);
#8006 = CARTESIAN_POINT('',(6.48,-4.17,4.92));
#8007 = DIRECTION('',(-1.,0.,0.));
#8008 = DIRECTION('',(0.,-1.,0.));
#8009 = PCURVE('',#6343,#8010);
#8010 = DEFINITIONAL_REPRESENTATION('',(#8011),#8015);
#8011 = LINE('',#8012,#8013);
#8012 = CARTESIAN_POINT('',(0.,3.14159265359));
#8013 = VECTOR('',#8014,1.);
#8014 = DIRECTION('',(1.,0.));
#8015 = ( GEOMETRIC_REPRESENTATION_CONTEXT(2) 
PARAMETRIC_REPRESENTATION_CONTEXT() REPRESENTATION_CONTEXT('2D SPACE',''
  ) );
#8016 = PCURVE('',#7339,#8017);
#8017 = DEFINITIONAL_REPRESENTATION('',(#8018),#8022);
#8018 = LINE('',#8019,#8020);
#8019 = CARTESIAN_POINT('',(0.,0.92));
#8020 = VECTOR('',#8021,1.);
#8021 = DIRECTION('',(1.,0.));
#8022 = ( GEOMETRIC_REPRESENTATION_CONTEXT(2) 
PARAMETRIC_REPRESENTATION_CONTEXT() REPRESENTATION_CONTEXT('2D SPACE',''
  ) );
#8023 = ADVANCED_FACE('',(#8024),#6460,.T.);
#8024 = FACE_BOUND('',#8025,.F.);
#8025 = EDGE_LOOP('',(#8026,#8053,#8076,#8098));
#8026 = ORIENTED_EDGE('',*,*,#8027,.F.);
#8027 = EDGE_CURVE('',#8028,#6417,#8030,.T.);
#8028 = VERTEX_POINT('',#8029);
#8029 = CARTESIAN_POINT('',(6.48,-0.67,0.));
#8030 = SURFACE_CURVE('',#8031,(#8036,#8042),.PCURVE_S1.);
#8031 = CIRCLE('',#8032,8.E-02);
#8032 = AXIS2_PLACEMENT_3D('',#8033,#8034,#8035);
#8033 = CARTESIAN_POINT('',(6.48,-0.67,8.E-02));
#8034 = DIRECTION('',(0.,1.,-0.));
#8035 = DIRECTION('',(-1.,0.,0.));
#8036 = PCURVE('',#6460,#8037);
#8037 = DEFINITIONAL_REPRESENTATION('',(#8038),#8041);
#8038 = B_SPLINE_CURVE_WITH_KNOTS('',1,(#8039,#8040),.UNSPECIFIED.,.F.,
  .F.,(2,2),(4.712388980385,6.28318530718),.PIECEWISE_BEZIER_KNOTS.);
#8039 = CARTESIAN_POINT('',(-1.570796326795,8.E-02));
#8040 = CARTESIAN_POINT('',(0.,8.E-02));
#8041 = ( GEOMETRIC_REPRESENTATION_CONTEXT(2) 
PARAMETRIC_REPRESENTATION_CONTEXT() REPRESENTATION_CONTEXT('2D SPACE',''
  ) );
#8042 = PCURVE('',#8043,#8048);
#8043 = SPHERICAL_SURFACE('',#8044,8.E-02);
#8044 = AXIS2_PLACEMENT_3D('',#8045,#8046,#8047);
#8045 = CARTESIAN_POINT('',(6.48,-0.67,8.E-02));
#8046 = DIRECTION('',(0.,0.,1.));
#8047 = DIRECTION('',(-1.,0.,0.));
#8048 = DEFINITIONAL_REPRESENTATION('',(#8049),#8052);
#8049 = B_SPLINE_CURVE_WITH_KNOTS('',1,(#8050,#8051),.UNSPECIFIED.,.F.,
  .F.,(2,2),(4.712388980385,6.28318530718),.PIECEWISE_BEZIER_KNOTS.);
#8050 = CARTESIAN_POINT('',(0.,-1.570796326795));
#8051 = CARTESIAN_POINT('',(0.,0.));
#8052 = ( GEOMETRIC_REPRESENTATION_CONTEXT(2) 
PARAMETRIC_REPRESENTATION_CONTEXT() REPRESENTATION_CONTEXT('2D SPACE',''
  ) );
#8053 = ORIENTED_EDGE('',*,*,#8054,.T.);
#8054 = EDGE_CURVE('',#8028,#8055,#8057,.T.);
#8055 = VERTEX_POINT('',#8056);
#8056 = CARTESIAN_POINT('',(6.48,0.67,-1.387778780781E-17));
#8057 = SURFACE_CURVE('',#8058,(#8062,#8069),.PCURVE_S1.);
#8058 = LINE('',#8059,#8060);
#8059 = CARTESIAN_POINT('',(6.48,-0.75,-1.387778780781E-17));
#8060 = VECTOR('',#8061,1.);
#8061 = DIRECTION('',(-0.,1.,0.));
#8062 = PCURVE('',#6460,#8063);
#8063 = DEFINITIONAL_REPRESENTATION('',(#8064),#8068);
#8064 = LINE('',#8065,#8066);
#8065 = CARTESIAN_POINT('',(-1.570796326795,0.));
#8066 = VECTOR('',#8067,1.);
#8067 = DIRECTION('',(-0.,1.));
#8068 = ( GEOMETRIC_REPRESENTATION_CONTEXT(2) 
PARAMETRIC_REPRESENTATION_CONTEXT() REPRESENTATION_CONTEXT('2D SPACE',''
  ) );
#8069 = PCURVE('',#7112,#8070);
#8070 = DEFINITIONAL_REPRESENTATION('',(#8071),#8075);
#8071 = LINE('',#8072,#8073);
#8072 = CARTESIAN_POINT('',(8.E-02,0.));
#8073 = VECTOR('',#8074,1.);
#8074 = DIRECTION('',(0.,1.));
#8075 = ( GEOMETRIC_REPRESENTATION_CONTEXT(2) 
PARAMETRIC_REPRESENTATION_CONTEXT() REPRESENTATION_CONTEXT('2D SPACE',''
  ) );
#8076 = ORIENTED_EDGE('',*,*,#8077,.F.);
#8077 = EDGE_CURVE('',#6445,#8055,#8078,.T.);
#8078 = SURFACE_CURVE('',#8079,(#8084,#8091),.PCURVE_S1.);
#8079 = CIRCLE('',#8080,8.E-02);
#8080 = AXIS2_PLACEMENT_3D('',#8081,#8082,#8083);
#8081 = CARTESIAN_POINT('',(6.48,0.67,8.E-02));
#8082 = DIRECTION('',(0.,-1.,-0.));
#8083 = DIRECTION('',(-1.,-0.,0.));
#8084 = PCURVE('',#6460,#8085);
#8085 = DEFINITIONAL_REPRESENTATION('',(#8086),#8090);
#8086 = LINE('',#8087,#8088);
#8087 = CARTESIAN_POINT('',(-0.,1.42));
#8088 = VECTOR('',#8089,1.);
#8089 = DIRECTION('',(-1.,0.));
#8090 = ( GEOMETRIC_REPRESENTATION_CONTEXT(2) 
PARAMETRIC_REPRESENTATION_CONTEXT() REPRESENTATION_CONTEXT('2D SPACE',''
  ) );
#8091 = PCURVE('',#7941,#8092);
#8092 = DEFINITIONAL_REPRESENTATION('',(#8093),#8097);
#8093 = LINE('',#8094,#8095);
#8094 = CARTESIAN_POINT('',(0.,0.));
#8095 = VECTOR('',#8096,1.);
#8096 = DIRECTION('',(1.,0.));
#8097 = ( GEOMETRIC_REPRESENTATION_CONTEXT(2) 
PARAMETRIC_REPRESENTATION_CONTEXT() REPRESENTATION_CONTEXT('2D SPACE',''
  ) );
#8098 = ORIENTED_EDGE('',*,*,#6444,.F.);
#8099 = ADVANCED_FACE('',(#8100),#6371,.T.);
#8100 = FACE_BOUND('',#8101,.F.);
#8101 = EDGE_LOOP('',(#8102,#8103,#8126,#8146));
#8102 = ORIENTED_EDGE('',*,*,#7980,.T.);
#8103 = ORIENTED_EDGE('',*,*,#8104,.T.);
#8104 = EDGE_CURVE('',#7981,#8105,#8107,.T.);
#8105 = VERTEX_POINT('',#8106);
#8106 = CARTESIAN_POINT('',(6.48,-0.83,5.));
#8107 = SURFACE_CURVE('',#8108,(#8112,#8119),.PCURVE_S1.);
#8108 = LINE('',#8109,#8110);
#8109 = CARTESIAN_POINT('',(6.48,-4.25,5.));
#8110 = VECTOR('',#8111,1.);
#8111 = DIRECTION('',(-0.,1.,0.));
#8112 = PCURVE('',#6371,#8113);
#8113 = DEFINITIONAL_REPRESENTATION('',(#8114),#8118);
#8114 = LINE('',#8115,#8116);
#8115 = CARTESIAN_POINT('',(-1.570796326795,0.));
#8116 = VECTOR('',#8117,1.);
#8117 = DIRECTION('',(-0.,1.));
#8118 = ( GEOMETRIC_REPRESENTATION_CONTEXT(2) 
PARAMETRIC_REPRESENTATION_CONTEXT() REPRESENTATION_CONTEXT('2D SPACE',''
  ) );
#8119 = PCURVE('',#7423,#8120);
#8120 = DEFINITIONAL_REPRESENTATION('',(#8121),#8125);
#8121 = LINE('',#8122,#8123);
#8122 = CARTESIAN_POINT('',(8.E-02,2.2));
#8123 = VECTOR('',#8124,1.);
#8124 = DIRECTION('',(0.,1.));
#8125 = ( GEOMETRIC_REPRESENTATION_CONTEXT(2) 
PARAMETRIC_REPRESENTATION_CONTEXT() REPRESENTATION_CONTEXT('2D SPACE',''
  ) );
#8126 = ORIENTED_EDGE('',*,*,#8127,.F.);
#8127 = EDGE_CURVE('',#6356,#8105,#8128,.T.);
#8128 = SURFACE_CURVE('',#8129,(#8134,#8140),.PCURVE_S1.);
#8129 = CIRCLE('',#8130,8.E-02);
#8130 = AXIS2_PLACEMENT_3D('',#8131,#8132,#8133);
#8131 = CARTESIAN_POINT('',(6.48,-0.83,5.08));
#8132 = DIRECTION('',(0.,-1.,1.387778780781E-15));
#8133 = DIRECTION('',(0.,1.387778780781E-15,1.));
#8134 = PCURVE('',#6371,#8135);
#8135 = DEFINITIONAL_REPRESENTATION('',(#8136),#8139);
#8136 = B_SPLINE_CURVE_WITH_KNOTS('',1,(#8137,#8138),.UNSPECIFIED.,.F.,
  .F.,(2,2),(1.570796326795,3.14159265359),.PIECEWISE_BEZIER_KNOTS.);
#8137 = CARTESIAN_POINT('',(0.,3.42));
#8138 = CARTESIAN_POINT('',(-1.570796326795,3.42));
#8139 = ( GEOMETRIC_REPRESENTATION_CONTEXT(2) 
PARAMETRIC_REPRESENTATION_CONTEXT() REPRESENTATION_CONTEXT('2D SPACE',''
  ) );
#8140 = PCURVE('',#6404,#8141);
#8141 = DEFINITIONAL_REPRESENTATION('',(#8142),#8145);
#8142 = B_SPLINE_CURVE_WITH_KNOTS('',1,(#8143,#8144),.UNSPECIFIED.,.F.,
  .F.,(2,2),(1.570796326795,3.14159265359),.PIECEWISE_BEZIER_KNOTS.);
#8143 = CARTESIAN_POINT('',(0.,1.570796326795));
#8144 = CARTESIAN_POINT('',(0.,3.14159265359));
#8145 = ( GEOMETRIC_REPRESENTATION_CONTEXT(2) 
PARAMETRIC_REPRESENTATION_CONTEXT() REPRESENTATION_CONTEXT('2D SPACE',''
  ) );
#8146 = ORIENTED_EDGE('',*,*,#6355,.F.);
#8147 = ADVANCED_FACE('',(#8148),#6432,.T.);
#8148 = FACE_BOUND('',#8149,.T.);
#8149 = EDGE_LOOP('',(#8150,#8151,#8175,#8198));
#8150 = ORIENTED_EDGE('',*,*,#6416,.F.);
#8151 = ORIENTED_EDGE('',*,*,#8152,.T.);
#8152 = EDGE_CURVE('',#6417,#8153,#8155,.T.);
#8153 = VERTEX_POINT('',#8154);
#8154 = CARTESIAN_POINT('',(6.48,-0.75,8.E-02));
#8155 = SURFACE_CURVE('',#8156,(#8161,#8168),.PCURVE_S1.);
#8156 = CIRCLE('',#8157,8.E-02);
#8157 = AXIS2_PLACEMENT_3D('',#8158,#8159,#8160);
#8158 = CARTESIAN_POINT('',(6.48,-0.67,8.E-02));
#8159 = DIRECTION('',(0.,0.,1.));
#8160 = DIRECTION('',(-1.,0.,0.));
#8161 = PCURVE('',#6432,#8162);
#8162 = DEFINITIONAL_REPRESENTATION('',(#8163),#8167);
#8163 = LINE('',#8164,#8165);
#8164 = CARTESIAN_POINT('',(0.,8.E-02));
#8165 = VECTOR('',#8166,1.);
#8166 = DIRECTION('',(1.,0.));
#8167 = ( GEOMETRIC_REPRESENTATION_CONTEXT(2) 
PARAMETRIC_REPRESENTATION_CONTEXT() REPRESENTATION_CONTEXT('2D SPACE',''
  ) );
#8168 = PCURVE('',#8043,#8169);
#8169 = DEFINITIONAL_REPRESENTATION('',(#8170),#8174);
#8170 = LINE('',#8171,#8172);
#8171 = CARTESIAN_POINT('',(0.,0.));
#8172 = VECTOR('',#8173,1.);
#8173 = DIRECTION('',(1.,0.));
#8174 = ( GEOMETRIC_REPRESENTATION_CONTEXT(2) 
PARAMETRIC_REPRESENTATION_CONTEXT() REPRESENTATION_CONTEXT('2D SPACE',''
  ) );
#8175 = ORIENTED_EDGE('',*,*,#8176,.T.);
#8176 = EDGE_CURVE('',#8153,#8177,#8179,.T.);
#8177 = VERTEX_POINT('',#8178);
#8178 = CARTESIAN_POINT('',(6.48,-0.75,4.92));
#8179 = SURFACE_CURVE('',#8180,(#8184,#8191),.PCURVE_S1.);
#8180 = LINE('',#8181,#8182);
#8181 = CARTESIAN_POINT('',(6.48,-0.75,0.));
#8182 = VECTOR('',#8183,1.);
#8183 = DIRECTION('',(0.,0.,1.));
#8184 = PCURVE('',#6432,#8185);
#8185 = DEFINITIONAL_REPRESENTATION('',(#8186),#8190);
#8186 = LINE('',#8187,#8188);
#8187 = CARTESIAN_POINT('',(1.570796326795,0.));
#8188 = VECTOR('',#8189,1.);
#8189 = DIRECTION('',(0.,1.));
#8190 = ( GEOMETRIC_REPRESENTATION_CONTEXT(2) 
PARAMETRIC_REPRESENTATION_CONTEXT() REPRESENTATION_CONTEXT('2D SPACE',''
  ) );
#8191 = PCURVE('',#7265,#8192);
#8192 = DEFINITIONAL_REPRESENTATION('',(#8193),#8197);
#8193 = LINE('',#8194,#8195);
#8194 = CARTESIAN_POINT('',(0.,8.E-02));
#8195 = VECTOR('',#8196,1.);
#8196 = DIRECTION('',(1.,0.));
#8197 = ( GEOMETRIC_REPRESENTATION_CONTEXT(2) 
PARAMETRIC_REPRESENTATION_CONTEXT() REPRESENTATION_CONTEXT('2D SPACE',''
  ) );
#8198 = ORIENTED_EDGE('',*,*,#8199,.F.);
#8199 = EDGE_CURVE('',#6384,#8177,#8200,.T.);
#8200 = SURFACE_CURVE('',#8201,(#8206,#8212),.PCURVE_S1.);
#8201 = CIRCLE('',#8202,8.E-02);
#8202 = AXIS2_PLACEMENT_3D('',#8203,#8204,#8205);
#8203 = CARTESIAN_POINT('',(6.48,-0.67,4.92));
#8204 = DIRECTION('',(0.,2.880858675299E-15,1.));
#8205 = DIRECTION('',(-0.,1.,-2.880858675299E-15));
#8206 = PCURVE('',#6432,#8207);
#8207 = DEFINITIONAL_REPRESENTATION('',(#8208),#8211);
#8208 = B_SPLINE_CURVE_WITH_KNOTS('',1,(#8209,#8210),.UNSPECIFIED.,.F.,
  .F.,(2,2),(1.570796326795,3.14159265359),.PIECEWISE_BEZIER_KNOTS.);
#8209 = CARTESIAN_POINT('',(0.,4.92));
#8210 = CARTESIAN_POINT('',(1.570796326795,4.92));
#8211 = ( GEOMETRIC_REPRESENTATION_CONTEXT(2) 
PARAMETRIC_REPRESENTATION_CONTEXT() REPRESENTATION_CONTEXT('2D SPACE',''
  ) );
#8212 = PCURVE('',#6404,#8213);
#8213 = DEFINITIONAL_REPRESENTATION('',(#8214),#8217);
#8214 = B_SPLINE_CURVE_WITH_KNOTS('',1,(#8215,#8216),.UNSPECIFIED.,.F.,
  .F.,(2,2),(1.570796326795,3.14159265359),.PIECEWISE_BEZIER_KNOTS.);
#8215 = CARTESIAN_POINT('',(1.570796326795,1.570796326795));
#8216 = CARTESIAN_POINT('',(1.570796326795,3.14159265359));
#8217 = ( GEOMETRIC_REPRESENTATION_CONTEXT(2) 
PARAMETRIC_REPRESENTATION_CONTEXT() REPRESENTATION_CONTEXT('2D SPACE',''
  ) );
#8218 = ADVANCED_FACE('',(#8219),#6404,.T.);
#8219 = FACE_BOUND('',#8220,.T.);
#8220 = EDGE_LOOP('',(#8221,#8222,#8223,#8224));
#8221 = ORIENTED_EDGE('',*,*,#8127,.F.);
#8222 = ORIENTED_EDGE('',*,*,#6383,.T.);
#8223 = ORIENTED_EDGE('',*,*,#8199,.T.);
#8224 = ORIENTED_EDGE('',*,*,#8225,.F.);
#8225 = EDGE_CURVE('',#8105,#8177,#8226,.T.);
#8226 = SURFACE_CURVE('',#8227,(#8232,#8239),.PCURVE_S1.);
#8227 = CIRCLE('',#8228,8.E-02);
#8228 = AXIS2_PLACEMENT_3D('',#8229,#8230,#8231);
#8229 = CARTESIAN_POINT('',(6.48,-0.83,4.92));
#8230 = DIRECTION('',(-1.,0.,0.));
#8231 = DIRECTION('',(0.,1.387778780781E-15,1.));
#8232 = PCURVE('',#6404,#8233);
#8233 = DEFINITIONAL_REPRESENTATION('',(#8234),#8238);
#8234 = LINE('',#8235,#8236);
#8235 = CARTESIAN_POINT('',(0.,3.14159265359));
#8236 = VECTOR('',#8237,1.);
#8237 = DIRECTION('',(1.,0.));
#8238 = ( GEOMETRIC_REPRESENTATION_CONTEXT(2) 
PARAMETRIC_REPRESENTATION_CONTEXT() REPRESENTATION_CONTEXT('2D SPACE',''
  ) );
#8239 = PCURVE('',#7393,#8240);
#8240 = DEFINITIONAL_REPRESENTATION('',(#8241),#8245);
#8241 = LINE('',#8242,#8243);
#8242 = CARTESIAN_POINT('',(0.,0.92));
#8243 = VECTOR('',#8244,1.);
#8244 = DIRECTION('',(1.,0.));
#8245 = ( GEOMETRIC_REPRESENTATION_CONTEXT(2) 
PARAMETRIC_REPRESENTATION_CONTEXT() REPRESENTATION_CONTEXT('2D SPACE',''
  ) );
#8246 = ADVANCED_FACE('',(#8247),#6654,.F.);
#8247 = FACE_BOUND('',#8248,.T.);
#8248 = EDGE_LOOP('',(#8249,#8250,#8251,#8272));
#8249 = ORIENTED_EDGE('',*,*,#6638,.F.);
#8250 = ORIENTED_EDGE('',*,*,#6845,.F.);
#8251 = ORIENTED_EDGE('',*,*,#8252,.T.);
#8252 = EDGE_CURVE('',#6822,#7808,#8253,.T.);
#8253 = SURFACE_CURVE('',#8254,(#8258,#8265),.PCURVE_S1.);
#8254 = LINE('',#8255,#8256);
#8255 = CARTESIAN_POINT('',(7.4,0.75,4.92));
#8256 = VECTOR('',#8257,1.);
#8257 = DIRECTION('',(-1.,-0.,0.));
#8258 = PCURVE('',#6654,#8259);
#8259 = DEFINITIONAL_REPRESENTATION('',(#8260),#8264);
#8260 = LINE('',#8261,#8262);
#8261 = CARTESIAN_POINT('',(-1.570796326795,0.));
#8262 = VECTOR('',#8263,1.);
#8263 = DIRECTION('',(-0.,1.));
#8264 = ( GEOMETRIC_REPRESENTATION_CONTEXT(2) 
PARAMETRIC_REPRESENTATION_CONTEXT() REPRESENTATION_CONTEXT('2D SPACE',''
  ) );
#8265 = PCURVE('',#6971,#8266);
#8266 = DEFINITIONAL_REPRESENTATION('',(#8267),#8271);
#8267 = LINE('',#8268,#8269);
#8268 = CARTESIAN_POINT('',(4.92,1.));
#8269 = VECTOR('',#8270,1.);
#8270 = DIRECTION('',(0.,-1.));
#8271 = ( GEOMETRIC_REPRESENTATION_CONTEXT(2) 
PARAMETRIC_REPRESENTATION_CONTEXT() REPRESENTATION_CONTEXT('2D SPACE',''
  ) );
#8272 = ORIENTED_EDGE('',*,*,#7831,.T.);
#8273 = ADVANCED_FACE('',(#8274),#6888,.T.);
#8274 = FACE_BOUND('',#8275,.F.);
#8275 = EDGE_LOOP('',(#8276,#8277,#8302));
#8276 = ORIENTED_EDGE('',*,*,#6988,.F.);
#8277 = ORIENTED_EDGE('',*,*,#8278,.T.);
#8278 = EDGE_CURVE('',#6989,#6872,#8279,.T.);
#8279 = SURFACE_CURVE('',#8280,(#8285,#8291),.PCURVE_S1.);
#8280 = CIRCLE('',#8281,8.E-02);
#8281 = AXIS2_PLACEMENT_3D('',#8282,#8283,#8284);
#8282 = CARTESIAN_POINT('',(7.32,-5.67,8.E-02));
#8283 = DIRECTION('',(-1.,-6.123233995737E-17,0.));
#8284 = DIRECTION('',(6.123233995737E-17,-1.,-0.));
#8285 = PCURVE('',#6888,#8286);
#8286 = DEFINITIONAL_REPRESENTATION('',(#8287),#8290);
#8287 = B_SPLINE_CURVE_WITH_KNOTS('',1,(#8288,#8289),.UNSPECIFIED.,.F.,
  .F.,(2,2),(4.712388980385,6.28318530718),.PIECEWISE_BEZIER_KNOTS.);
#8288 = CARTESIAN_POINT('',(-1.570796326795,-1.570796326795));
#8289 = CARTESIAN_POINT('',(-1.570796326795,0.));
#8290 = ( GEOMETRIC_REPRESENTATION_CONTEXT(2) 
PARAMETRIC_REPRESENTATION_CONTEXT() REPRESENTATION_CONTEXT('2D SPACE',''
  ) );
#8291 = PCURVE('',#8292,#8297);
#8292 = CYLINDRICAL_SURFACE('',#8293,8.E-02);
#8293 = AXIS2_PLACEMENT_3D('',#8294,#8295,#8296);
#8294 = CARTESIAN_POINT('',(6.4,-5.67,8.E-02));
#8295 = DIRECTION('',(1.,0.,-0.));
#8296 = DIRECTION('',(0.,-1.,0.));
#8297 = DEFINITIONAL_REPRESENTATION('',(#8298),#8301);
#8298 = B_SPLINE_CURVE_WITH_KNOTS('',1,(#8299,#8300),.UNSPECIFIED.,.F.,
  .F.,(2,2),(4.712388980385,6.28318530718),.PIECEWISE_BEZIER_KNOTS.);
#8299 = CARTESIAN_POINT('',(1.570796326795,0.92));
#8300 = CARTESIAN_POINT('',(0.,0.92));
#8301 = ( GEOMETRIC_REPRESENTATION_CONTEXT(2) 
PARAMETRIC_REPRESENTATION_CONTEXT() REPRESENTATION_CONTEXT('2D SPACE',''
  ) );
#8302 = ORIENTED_EDGE('',*,*,#6871,.F.);
#8303 = ADVANCED_FACE('',(#8304),#6914,.F.);
#8304 = FACE_BOUND('',#8305,.F.);
#8305 = EDGE_LOOP('',(#8306,#8307,#8328,#8329));
#8306 = ORIENTED_EDGE('',*,*,#6900,.F.);
#8307 = ORIENTED_EDGE('',*,*,#8308,.F.);
#8308 = EDGE_CURVE('',#7652,#6872,#8309,.T.);
#8309 = SURFACE_CURVE('',#8310,(#8314,#8321),.PCURVE_S1.);
#8310 = LINE('',#8311,#8312);
#8311 = CARTESIAN_POINT('',(6.4,-5.75,8.E-02));
#8312 = VECTOR('',#8313,1.);
#8313 = DIRECTION('',(1.,0.,-0.));
#8314 = PCURVE('',#6914,#8315);
#8315 = DEFINITIONAL_REPRESENTATION('',(#8316),#8320);
#8316 = LINE('',#8317,#8318);
#8317 = CARTESIAN_POINT('',(8.E-02,0.));
#8318 = VECTOR('',#8319,1.);
#8319 = DIRECTION('',(0.,1.));
#8320 = ( GEOMETRIC_REPRESENTATION_CONTEXT(2) 
PARAMETRIC_REPRESENTATION_CONTEXT() REPRESENTATION_CONTEXT('2D SPACE',''
  ) );
#8321 = PCURVE('',#8292,#8322);
#8322 = DEFINITIONAL_REPRESENTATION('',(#8323),#8327);
#8323 = LINE('',#8324,#8325);
#8324 = CARTESIAN_POINT('',(0.,0.));
#8325 = VECTOR('',#8326,1.);
#8326 = DIRECTION('',(0.,1.));
#8327 = ( GEOMETRIC_REPRESENTATION_CONTEXT(2) 
PARAMETRIC_REPRESENTATION_CONTEXT() REPRESENTATION_CONTEXT('2D SPACE',''
  ) );
#8328 = ORIENTED_EDGE('',*,*,#7680,.T.);
#8329 = ORIENTED_EDGE('',*,*,#7576,.F.);
#8330 = ADVANCED_FACE('',(#8331),#6946,.T.);
#8331 = FACE_BOUND('',#8332,.F.);
#8332 = EDGE_LOOP('',(#8333,#8334,#8359));
#8333 = ORIENTED_EDGE('',*,*,#6930,.F.);
#8334 = ORIENTED_EDGE('',*,*,#8335,.T.);
#8335 = EDGE_CURVE('',#6931,#7097,#8336,.T.);
#8336 = SURFACE_CURVE('',#8337,(#8342,#8348),.PCURVE_S1.);
#8337 = CIRCLE('',#8338,8.E-02);
#8338 = AXIS2_PLACEMENT_3D('',#8339,#8340,#8341);
#8339 = CARTESIAN_POINT('',(7.32,0.67,8.E-02));
#8340 = DIRECTION('',(-1.,0.,-9.494107596575E-16));
#8341 = DIRECTION('',(9.494107596575E-16,0.,-1.));
#8342 = PCURVE('',#6946,#8343);
#8343 = DEFINITIONAL_REPRESENTATION('',(#8344),#8347);
#8344 = B_SPLINE_CURVE_WITH_KNOTS('',1,(#8345,#8346),.UNSPECIFIED.,.F.,
  .F.,(2,2),(4.712388980385,6.28318530718),.PIECEWISE_BEZIER_KNOTS.);
#8345 = CARTESIAN_POINT('',(-1.570796326795,-1.570796326795));
#8346 = CARTESIAN_POINT('',(-1.570796326795,0.));
#8347 = ( GEOMETRIC_REPRESENTATION_CONTEXT(2) 
PARAMETRIC_REPRESENTATION_CONTEXT() REPRESENTATION_CONTEXT('2D SPACE',''
  ) );
#8348 = PCURVE('',#8349,#8354);
#8349 = CYLINDRICAL_SURFACE('',#8350,8.E-02);
#8350 = AXIS2_PLACEMENT_3D('',#8351,#8352,#8353);
#8351 = CARTESIAN_POINT('',(6.4,0.67,8.E-02));
#8352 = DIRECTION('',(1.,0.,-0.));
#8353 = DIRECTION('',(0.,-0.,-1.));
#8354 = DEFINITIONAL_REPRESENTATION('',(#8355),#8358);
#8355 = B_SPLINE_CURVE_WITH_KNOTS('',1,(#8356,#8357),.UNSPECIFIED.,.F.,
  .F.,(2,2),(4.712388980385,6.28318530718),.PIECEWISE_BEZIER_KNOTS.);
#8356 = CARTESIAN_POINT('',(1.570796326795,0.92));
#8357 = CARTESIAN_POINT('',(0.,0.92));
#8358 = ( GEOMETRIC_REPRESENTATION_CONTEXT(2) 
PARAMETRIC_REPRESENTATION_CONTEXT() REPRESENTATION_CONTEXT('2D SPACE',''
  ) );
#8359 = ORIENTED_EDGE('',*,*,#7124,.F.);
#8360 = ADVANCED_FACE('',(#8361),#6971,.T.);
#8361 = FACE_BOUND('',#8362,.T.);
#8362 = EDGE_LOOP('',(#8363,#8364,#8385,#8386));
#8363 = ORIENTED_EDGE('',*,*,#6957,.F.);
#8364 = ORIENTED_EDGE('',*,*,#8365,.F.);
#8365 = EDGE_CURVE('',#7926,#6931,#8366,.T.);
#8366 = SURFACE_CURVE('',#8367,(#8371,#8378),.PCURVE_S1.);
#8367 = LINE('',#8368,#8369);
#8368 = CARTESIAN_POINT('',(6.4,0.75,8.E-02));
#8369 = VECTOR('',#8370,1.);
#8370 = DIRECTION('',(1.,0.,-0.));
#8371 = PCURVE('',#6971,#8372);
#8372 = DEFINITIONAL_REPRESENTATION('',(#8373),#8377);
#8373 = LINE('',#8374,#8375);
#8374 = CARTESIAN_POINT('',(8.E-02,0.));
#8375 = VECTOR('',#8376,1.);
#8376 = DIRECTION('',(0.,1.));
#8377 = ( GEOMETRIC_REPRESENTATION_CONTEXT(2) 
PARAMETRIC_REPRESENTATION_CONTEXT() REPRESENTATION_CONTEXT('2D SPACE',''
  ) );
#8378 = PCURVE('',#8349,#8379);
#8379 = DEFINITIONAL_REPRESENTATION('',(#8380),#8384);
#8380 = LINE('',#8381,#8382);
#8381 = CARTESIAN_POINT('',(1.570796326795,0.));
#8382 = VECTOR('',#8383,1.);
#8383 = DIRECTION('',(0.,1.));
#8384 = ( GEOMETRIC_REPRESENTATION_CONTEXT(2) 
PARAMETRIC_REPRESENTATION_CONTEXT() REPRESENTATION_CONTEXT('2D SPACE',''
  ) );
#8385 = ORIENTED_EDGE('',*,*,#7952,.T.);
#8386 = ORIENTED_EDGE('',*,*,#8252,.F.);
#8387 = ADVANCED_FACE('',(#8388),#7026,.F.);
#8388 = FACE_BOUND('',#8389,.F.);
#8389 = EDGE_LOOP('',(#8390,#8391,#8417,#8418));
#8390 = ORIENTED_EDGE('',*,*,#7010,.T.);
#8391 = ORIENTED_EDGE('',*,*,#8392,.F.);
#8392 = EDGE_CURVE('',#7754,#7011,#8393,.T.);
#8393 = SURFACE_CURVE('',#8394,(#8398,#8405),.PCURVE_S1.);
#8394 = LINE('',#8395,#8396);
#8395 = CARTESIAN_POINT('',(6.4,-4.33,-1.387778780781E-17));
#8396 = VECTOR('',#8397,1.);
#8397 = DIRECTION('',(1.,0.,-0.));
#8398 = PCURVE('',#7026,#8399);
#8399 = DEFINITIONAL_REPRESENTATION('',(#8400),#8404);
#8400 = LINE('',#8401,#8402);
#8401 = CARTESIAN_POINT('',(0.,1.42));
#8402 = VECTOR('',#8403,1.);
#8403 = DIRECTION('',(1.,0.));
#8404 = ( GEOMETRIC_REPRESENTATION_CONTEXT(2) 
PARAMETRIC_REPRESENTATION_CONTEXT() REPRESENTATION_CONTEXT('2D SPACE',''
  ) );
#8405 = PCURVE('',#8406,#8411);
#8406 = CYLINDRICAL_SURFACE('',#8407,8.E-02);
#8407 = AXIS2_PLACEMENT_3D('',#8408,#8409,#8410);
#8408 = CARTESIAN_POINT('',(6.4,-4.33,8.E-02));
#8409 = DIRECTION('',(1.,0.,-0.));
#8410 = DIRECTION('',(0.,-0.,-1.));
#8411 = DEFINITIONAL_REPRESENTATION('',(#8412),#8416);
#8412 = LINE('',#8413,#8414);
#8413 = CARTESIAN_POINT('',(0.,0.));
#8414 = VECTOR('',#8415,1.);
#8415 = DIRECTION('',(0.,1.));
#8416 = ( GEOMETRIC_REPRESENTATION_CONTEXT(2) 
PARAMETRIC_REPRESENTATION_CONTEXT() REPRESENTATION_CONTEXT('2D SPACE',''
  ) );
#8417 = ORIENTED_EDGE('',*,*,#7753,.F.);
#8418 = ORIENTED_EDGE('',*,*,#8419,.T.);
#8419 = EDGE_CURVE('',#7732,#6989,#8420,.T.);
#8420 = SURFACE_CURVE('',#8421,(#8425,#8432),.PCURVE_S1.);
#8421 = LINE('',#8422,#8423);
#8422 = CARTESIAN_POINT('',(6.4,-5.67,-1.387778780781E-17));
#8423 = VECTOR('',#8424,1.);
#8424 = DIRECTION('',(1.,0.,-0.));
#8425 = PCURVE('',#7026,#8426);
#8426 = DEFINITIONAL_REPRESENTATION('',(#8427),#8431);
#8427 = LINE('',#8428,#8429);
#8428 = CARTESIAN_POINT('',(0.,8.E-02));
#8429 = VECTOR('',#8430,1.);
#8430 = DIRECTION('',(1.,0.));
#8431 = ( GEOMETRIC_REPRESENTATION_CONTEXT(2) 
PARAMETRIC_REPRESENTATION_CONTEXT() REPRESENTATION_CONTEXT('2D SPACE',''
  ) );
#8432 = PCURVE('',#8292,#8433);
#8433 = DEFINITIONAL_REPRESENTATION('',(#8434),#8438);
#8434 = LINE('',#8435,#8436);
#8435 = CARTESIAN_POINT('',(1.570796326795,0.));
#8436 = VECTOR('',#8437,1.);
#8437 = DIRECTION('',(0.,1.));
#8438 = ( GEOMETRIC_REPRESENTATION_CONTEXT(2) 
PARAMETRIC_REPRESENTATION_CONTEXT() REPRESENTATION_CONTEXT('2D SPACE',''
  ) );
#8439 = ADVANCED_FACE('',(#8440),#7053,.T.);
#8440 = FACE_BOUND('',#8441,.F.);
#8441 = EDGE_LOOP('',(#8442,#8443,#8463));
#8442 = ORIENTED_EDGE('',*,*,#7150,.F.);
#8443 = ORIENTED_EDGE('',*,*,#8444,.T.);
#8444 = EDGE_CURVE('',#7151,#7011,#8445,.T.);
#8445 = SURFACE_CURVE('',#8446,(#8451,#8457),.PCURVE_S1.);
#8446 = CIRCLE('',#8447,8.E-02);
#8447 = AXIS2_PLACEMENT_3D('',#8448,#8449,#8450);
#8448 = CARTESIAN_POINT('',(7.32,-4.33,8.E-02));
#8449 = DIRECTION('',(-1.,0.,-9.494107596575E-16));
#8450 = DIRECTION('',(9.494107596575E-16,0.,-1.));
#8451 = PCURVE('',#7053,#8452);
#8452 = DEFINITIONAL_REPRESENTATION('',(#8453),#8456);
#8453 = B_SPLINE_CURVE_WITH_KNOTS('',1,(#8454,#8455),.UNSPECIFIED.,.F.,
  .F.,(2,2),(4.712388980385,6.28318530718),.PIECEWISE_BEZIER_KNOTS.);
#8454 = CARTESIAN_POINT('',(-1.570796326795,-1.570796326795));
#8455 = CARTESIAN_POINT('',(-1.570796326795,0.));
#8456 = ( GEOMETRIC_REPRESENTATION_CONTEXT(2) 
PARAMETRIC_REPRESENTATION_CONTEXT() REPRESENTATION_CONTEXT('2D SPACE',''
  ) );
#8457 = PCURVE('',#8406,#8458);
#8458 = DEFINITIONAL_REPRESENTATION('',(#8459),#8462);
#8459 = B_SPLINE_CURVE_WITH_KNOTS('',1,(#8460,#8461),.UNSPECIFIED.,.F.,
  .F.,(2,2),(4.712388980385,6.28318530718),.PIECEWISE_BEZIER_KNOTS.);
#8460 = CARTESIAN_POINT('',(1.570796326795,0.92));
#8461 = CARTESIAN_POINT('',(0.,0.92));
#8462 = ( GEOMETRIC_REPRESENTATION_CONTEXT(2) 
PARAMETRIC_REPRESENTATION_CONTEXT() REPRESENTATION_CONTEXT('2D SPACE',''
  ) );
#8463 = ORIENTED_EDGE('',*,*,#7038,.F.);
#8464 = ADVANCED_FACE('',(#8465),#7085,.T.);
#8465 = FACE_BOUND('',#8466,.F.);
#8466 = EDGE_LOOP('',(#8467,#8468,#8493));
#8467 = ORIENTED_EDGE('',*,*,#7069,.F.);
#8468 = ORIENTED_EDGE('',*,*,#8469,.T.);
#8469 = EDGE_CURVE('',#7070,#7226,#8470,.T.);
#8470 = SURFACE_CURVE('',#8471,(#8476,#8482),.PCURVE_S1.);
#8471 = CIRCLE('',#8472,8.E-02);
#8472 = AXIS2_PLACEMENT_3D('',#8473,#8474,#8475);
#8473 = CARTESIAN_POINT('',(7.32,-0.67,8.E-02));
#8474 = DIRECTION('',(-1.,-1.393499969508E-15,0.));
#8475 = DIRECTION('',(1.393499969508E-15,-1.,-0.));
#8476 = PCURVE('',#7085,#8477);
#8477 = DEFINITIONAL_REPRESENTATION('',(#8478),#8481);
#8478 = B_SPLINE_CURVE_WITH_KNOTS('',1,(#8479,#8480),.UNSPECIFIED.,.F.,
  .F.,(2,2),(4.712388980385,6.28318530718),.PIECEWISE_BEZIER_KNOTS.);
#8479 = CARTESIAN_POINT('',(-1.570796326795,-1.570796326795));
#8480 = CARTESIAN_POINT('',(-1.570796326795,0.));
#8481 = ( GEOMETRIC_REPRESENTATION_CONTEXT(2) 
PARAMETRIC_REPRESENTATION_CONTEXT() REPRESENTATION_CONTEXT('2D SPACE',''
  ) );
#8482 = PCURVE('',#8483,#8488);
#8483 = CYLINDRICAL_SURFACE('',#8484,8.E-02);
#8484 = AXIS2_PLACEMENT_3D('',#8485,#8486,#8487);
#8485 = CARTESIAN_POINT('',(6.4,-0.67,8.E-02));
#8486 = DIRECTION('',(1.,0.,-0.));
#8487 = DIRECTION('',(0.,-1.,0.));
#8488 = DEFINITIONAL_REPRESENTATION('',(#8489),#8492);
#8489 = B_SPLINE_CURVE_WITH_KNOTS('',1,(#8490,#8491),.UNSPECIFIED.,.F.,
  .F.,(2,2),(4.712388980385,6.28318530718),.PIECEWISE_BEZIER_KNOTS.);
#8490 = CARTESIAN_POINT('',(1.570796326795,0.92));
#8491 = CARTESIAN_POINT('',(0.,0.92));
#8492 = ( GEOMETRIC_REPRESENTATION_CONTEXT(2) 
PARAMETRIC_REPRESENTATION_CONTEXT() REPRESENTATION_CONTEXT('2D SPACE',''
  ) );
#8493 = ORIENTED_EDGE('',*,*,#7225,.F.);
#8494 = ADVANCED_FACE('',(#8495),#7112,.F.);
#8495 = FACE_BOUND('',#8496,.F.);
#8496 = EDGE_LOOP('',(#8497,#8498,#8519,#8520));
#8497 = ORIENTED_EDGE('',*,*,#7096,.T.);
#8498 = ORIENTED_EDGE('',*,*,#8499,.F.);
#8499 = EDGE_CURVE('',#8055,#7097,#8500,.T.);
#8500 = SURFACE_CURVE('',#8501,(#8505,#8512),.PCURVE_S1.);
#8501 = LINE('',#8502,#8503);
#8502 = CARTESIAN_POINT('',(6.4,0.67,-1.387778780781E-17));
#8503 = VECTOR('',#8504,1.);
#8504 = DIRECTION('',(1.,0.,-0.));
#8505 = PCURVE('',#7112,#8506);
#8506 = DEFINITIONAL_REPRESENTATION('',(#8507),#8511);
#8507 = LINE('',#8508,#8509);
#8508 = CARTESIAN_POINT('',(0.,1.42));
#8509 = VECTOR('',#8510,1.);
#8510 = DIRECTION('',(1.,0.));
#8511 = ( GEOMETRIC_REPRESENTATION_CONTEXT(2) 
PARAMETRIC_REPRESENTATION_CONTEXT() REPRESENTATION_CONTEXT('2D SPACE',''
  ) );
#8512 = PCURVE('',#8349,#8513);
#8513 = DEFINITIONAL_REPRESENTATION('',(#8514),#8518);
#8514 = LINE('',#8515,#8516);
#8515 = CARTESIAN_POINT('',(0.,0.));
#8516 = VECTOR('',#8517,1.);
#8517 = DIRECTION('',(0.,1.));
#8518 = ( GEOMETRIC_REPRESENTATION_CONTEXT(2) 
PARAMETRIC_REPRESENTATION_CONTEXT() REPRESENTATION_CONTEXT('2D SPACE',''
  ) );
#8519 = ORIENTED_EDGE('',*,*,#8054,.F.);
#8520 = ORIENTED_EDGE('',*,*,#8521,.T.);
#8521 = EDGE_CURVE('',#8028,#7070,#8522,.T.);
#8522 = SURFACE_CURVE('',#8523,(#8527,#8534),.PCURVE_S1.);
#8523 = LINE('',#8524,#8525);
#8524 = CARTESIAN_POINT('',(6.4,-0.67,-1.387778780781E-17));
#8525 = VECTOR('',#8526,1.);
#8526 = DIRECTION('',(1.,0.,-0.));
#8527 = PCURVE('',#7112,#8528);
#8528 = DEFINITIONAL_REPRESENTATION('',(#8529),#8533);
#8529 = LINE('',#8530,#8531);
#8530 = CARTESIAN_POINT('',(0.,8.E-02));
#8531 = VECTOR('',#8532,1.);
#8532 = DIRECTION('',(1.,0.));
#8533 = ( GEOMETRIC_REPRESENTATION_CONTEXT(2) 
PARAMETRIC_REPRESENTATION_CONTEXT() REPRESENTATION_CONTEXT('2D SPACE',''
  ) );
#8534 = PCURVE('',#8483,#8535);
#8535 = DEFINITIONAL_REPRESENTATION('',(#8536),#8540);
#8536 = LINE('',#8537,#8538);
#8537 = CARTESIAN_POINT('',(1.570796326795,0.));
#8538 = VECTOR('',#8539,1.);
#8539 = DIRECTION('',(0.,1.));
#8540 = ( GEOMETRIC_REPRESENTATION_CONTEXT(2) 
PARAMETRIC_REPRESENTATION_CONTEXT() REPRESENTATION_CONTEXT('2D SPACE',''
  ) );
#8541 = ADVANCED_FACE('',(#8542),#7188,.T.);
#8542 = FACE_BOUND('',#8543,.T.);
#8543 = EDGE_LOOP('',(#8544,#8545,#8566,#8567));
#8544 = ORIENTED_EDGE('',*,*,#7172,.F.);
#8545 = ORIENTED_EDGE('',*,*,#8546,.F.);
#8546 = EDGE_CURVE('',#7857,#7151,#8547,.T.);
#8547 = SURFACE_CURVE('',#8548,(#8552,#8559),.PCURVE_S1.);
#8548 = LINE('',#8549,#8550);
#8549 = CARTESIAN_POINT('',(6.4,-4.25,8.E-02));
#8550 = VECTOR('',#8551,1.);
#8551 = DIRECTION('',(1.,0.,-0.));
#8552 = PCURVE('',#7188,#8553);
#8553 = DEFINITIONAL_REPRESENTATION('',(#8554),#8558);
#8554 = LINE('',#8555,#8556);
#8555 = CARTESIAN_POINT('',(8.E-02,0.));
#8556 = VECTOR('',#8557,1.);
#8557 = DIRECTION('',(0.,1.));
#8558 = ( GEOMETRIC_REPRESENTATION_CONTEXT(2) 
PARAMETRIC_REPRESENTATION_CONTEXT() REPRESENTATION_CONTEXT('2D SPACE',''
  ) );
#8559 = PCURVE('',#8406,#8560);
#8560 = DEFINITIONAL_REPRESENTATION('',(#8561),#8565);
#8561 = LINE('',#8562,#8563);
#8562 = CARTESIAN_POINT('',(1.570796326795,0.));
#8563 = VECTOR('',#8564,1.);
#8564 = DIRECTION('',(0.,1.));
#8565 = ( GEOMETRIC_REPRESENTATION_CONTEXT(2) 
PARAMETRIC_REPRESENTATION_CONTEXT() REPRESENTATION_CONTEXT('2D SPACE',''
  ) );
#8566 = ORIENTED_EDGE('',*,*,#7878,.T.);
#8567 = ORIENTED_EDGE('',*,*,#8568,.F.);
#8568 = EDGE_CURVE('',#7173,#7879,#8569,.T.);
#8569 = SURFACE_CURVE('',#8570,(#8574,#8581),.PCURVE_S1.);
#8570 = LINE('',#8571,#8572);
#8571 = CARTESIAN_POINT('',(7.4,-4.25,4.92));
#8572 = VECTOR('',#8573,1.);
#8573 = DIRECTION('',(-1.,-0.,0.));
#8574 = PCURVE('',#7188,#8575);
#8575 = DEFINITIONAL_REPRESENTATION('',(#8576),#8580);
#8576 = LINE('',#8577,#8578);
#8577 = CARTESIAN_POINT('',(4.92,1.));
#8578 = VECTOR('',#8579,1.);
#8579 = DIRECTION('',(0.,-1.));
#8580 = ( GEOMETRIC_REPRESENTATION_CONTEXT(2) 
PARAMETRIC_REPRESENTATION_CONTEXT() REPRESENTATION_CONTEXT('2D SPACE',''
  ) );
#8581 = PCURVE('',#7339,#8582);
#8582 = DEFINITIONAL_REPRESENTATION('',(#8583),#8587);
#8583 = LINE('',#8584,#8585);
#8584 = CARTESIAN_POINT('',(0.,0.));
#8585 = VECTOR('',#8586,1.);
#8586 = DIRECTION('',(0.,1.));
#8587 = ( GEOMETRIC_REPRESENTATION_CONTEXT(2) 
PARAMETRIC_REPRESENTATION_CONTEXT() REPRESENTATION_CONTEXT('2D SPACE',''
  ) );
#8588 = ADVANCED_FACE('',(#8589),#7265,.F.);
#8589 = FACE_BOUND('',#8590,.F.);
#8590 = EDGE_LOOP('',(#8591,#8592,#8613,#8614));
#8591 = ORIENTED_EDGE('',*,*,#7249,.F.);
#8592 = ORIENTED_EDGE('',*,*,#8593,.F.);
#8593 = EDGE_CURVE('',#8153,#7226,#8594,.T.);
#8594 = SURFACE_CURVE('',#8595,(#8599,#8606),.PCURVE_S1.);
#8595 = LINE('',#8596,#8597);
#8596 = CARTESIAN_POINT('',(6.4,-0.75,8.E-02));
#8597 = VECTOR('',#8598,1.);
#8598 = DIRECTION('',(1.,0.,-0.));
#8599 = PCURVE('',#7265,#8600);
#8600 = DEFINITIONAL_REPRESENTATION('',(#8601),#8605);
#8601 = LINE('',#8602,#8603);
#8602 = CARTESIAN_POINT('',(8.E-02,0.));
#8603 = VECTOR('',#8604,1.);
#8604 = DIRECTION('',(0.,1.));
#8605 = ( GEOMETRIC_REPRESENTATION_CONTEXT(2) 
PARAMETRIC_REPRESENTATION_CONTEXT() REPRESENTATION_CONTEXT('2D SPACE',''
  ) );
#8606 = PCURVE('',#8483,#8607);
#8607 = DEFINITIONAL_REPRESENTATION('',(#8608),#8612);
#8608 = LINE('',#8609,#8610);
#8609 = CARTESIAN_POINT('',(0.,0.));
#8610 = VECTOR('',#8611,1.);
#8611 = DIRECTION('',(0.,1.));
#8612 = ( GEOMETRIC_REPRESENTATION_CONTEXT(2) 
PARAMETRIC_REPRESENTATION_CONTEXT() REPRESENTATION_CONTEXT('2D SPACE',''
  ) );
#8613 = ORIENTED_EDGE('',*,*,#8176,.T.);
#8614 = ORIENTED_EDGE('',*,*,#8615,.F.);
#8615 = EDGE_CURVE('',#7250,#8177,#8616,.T.);
#8616 = SURFACE_CURVE('',#8617,(#8621,#8628),.PCURVE_S1.);
#8617 = LINE('',#8618,#8619);
#8618 = CARTESIAN_POINT('',(7.4,-0.75,4.92));
#8619 = VECTOR('',#8620,1.);
#8620 = DIRECTION('',(-1.,-0.,0.));
#8621 = PCURVE('',#7265,#8622);
#8622 = DEFINITIONAL_REPRESENTATION('',(#8623),#8627);
#8623 = LINE('',#8624,#8625);
#8624 = CARTESIAN_POINT('',(4.92,1.));
#8625 = VECTOR('',#8626,1.);
#8626 = DIRECTION('',(0.,-1.));
#8627 = ( GEOMETRIC_REPRESENTATION_CONTEXT(2) 
PARAMETRIC_REPRESENTATION_CONTEXT() REPRESENTATION_CONTEXT('2D SPACE',''
  ) );
#8628 = PCURVE('',#7393,#8629);
#8629 = DEFINITIONAL_REPRESENTATION('',(#8630),#8634);
#8630 = LINE('',#8631,#8632);
#8631 = CARTESIAN_POINT('',(1.570796326795,0.));
#8632 = VECTOR('',#8633,1.);
#8633 = DIRECTION('',(0.,1.));
#8634 = ( GEOMETRIC_REPRESENTATION_CONTEXT(2) 
PARAMETRIC_REPRESENTATION_CONTEXT() REPRESENTATION_CONTEXT('2D SPACE',''
  ) );
#8635 = ADVANCED_FACE('',(#8636),#7339,.F.);
#8636 = FACE_BOUND('',#8637,.F.);
#8637 = EDGE_LOOP('',(#8638,#8639,#8640,#8661));
#8638 = ORIENTED_EDGE('',*,*,#8568,.F.);
#8639 = ORIENTED_EDGE('',*,*,#7324,.T.);
#8640 = ORIENTED_EDGE('',*,*,#8641,.T.);
#8641 = EDGE_CURVE('',#7303,#7981,#8642,.T.);
#8642 = SURFACE_CURVE('',#8643,(#8647,#8654),.PCURVE_S1.);
#8643 = LINE('',#8644,#8645);
#8644 = CARTESIAN_POINT('',(7.4,-4.17,5.));
#8645 = VECTOR('',#8646,1.);
#8646 = DIRECTION('',(-1.,-0.,0.));
#8647 = PCURVE('',#7339,#8648);
#8648 = DEFINITIONAL_REPRESENTATION('',(#8649),#8653);
#8649 = LINE('',#8650,#8651);
#8650 = CARTESIAN_POINT('',(1.570796326795,0.));
#8651 = VECTOR('',#8652,1.);
#8652 = DIRECTION('',(0.,1.));
#8653 = ( GEOMETRIC_REPRESENTATION_CONTEXT(2) 
PARAMETRIC_REPRESENTATION_CONTEXT() REPRESENTATION_CONTEXT('2D SPACE',''
  ) );
#8654 = PCURVE('',#7423,#8655);
#8655 = DEFINITIONAL_REPRESENTATION('',(#8656),#8660);
#8656 = LINE('',#8657,#8658);
#8657 = CARTESIAN_POINT('',(1.,2.28));
#8658 = VECTOR('',#8659,1.);
#8659 = DIRECTION('',(-1.,0.));
#8660 = ( GEOMETRIC_REPRESENTATION_CONTEXT(2) 
PARAMETRIC_REPRESENTATION_CONTEXT() REPRESENTATION_CONTEXT('2D SPACE',''
  ) );
#8661 = ORIENTED_EDGE('',*,*,#8002,.F.);
#8662 = ADVANCED_FACE('',(#8663),#7393,.F.);
#8663 = FACE_BOUND('',#8664,.F.);
#8664 = EDGE_LOOP('',(#8665,#8686,#8687,#8688));
#8665 = ORIENTED_EDGE('',*,*,#8666,.F.);
#8666 = EDGE_CURVE('',#7355,#8105,#8667,.T.);
#8667 = SURFACE_CURVE('',#8668,(#8672,#8679),.PCURVE_S1.);
#8668 = LINE('',#8669,#8670);
#8669 = CARTESIAN_POINT('',(7.4,-0.83,5.));
#8670 = VECTOR('',#8671,1.);
#8671 = DIRECTION('',(-1.,-0.,0.));
#8672 = PCURVE('',#7393,#8673);
#8673 = DEFINITIONAL_REPRESENTATION('',(#8674),#8678);
#8674 = LINE('',#8675,#8676);
#8675 = CARTESIAN_POINT('',(0.,0.));
#8676 = VECTOR('',#8677,1.);
#8677 = DIRECTION('',(0.,1.));
#8678 = ( GEOMETRIC_REPRESENTATION_CONTEXT(2) 
PARAMETRIC_REPRESENTATION_CONTEXT() REPRESENTATION_CONTEXT('2D SPACE',''
  ) );
#8679 = PCURVE('',#7423,#8680);
#8680 = DEFINITIONAL_REPRESENTATION('',(#8681),#8685);
#8681 = LINE('',#8682,#8683);
#8682 = CARTESIAN_POINT('',(1.,5.62));
#8683 = VECTOR('',#8684,1.);
#8684 = DIRECTION('',(-1.,0.));
#8685 = ( GEOMETRIC_REPRESENTATION_CONTEXT(2) 
PARAMETRIC_REPRESENTATION_CONTEXT() REPRESENTATION_CONTEXT('2D SPACE',''
  ) );
#8686 = ORIENTED_EDGE('',*,*,#7378,.T.);
#8687 = ORIENTED_EDGE('',*,*,#8615,.T.);
#8688 = ORIENTED_EDGE('',*,*,#8225,.F.);
#8689 = ADVANCED_FACE('',(#8690),#7423,.F.);
#8690 = FACE_BOUND('',#8691,.F.);
#8691 = EDGE_LOOP('',(#8692,#8693,#8694,#8695));
#8692 = ORIENTED_EDGE('',*,*,#7409,.T.);
#8693 = ORIENTED_EDGE('',*,*,#8666,.T.);
#8694 = ORIENTED_EDGE('',*,*,#8104,.F.);
#8695 = ORIENTED_EDGE('',*,*,#8641,.F.);
#8696 = ADVANCED_FACE('',(#8697,#8700),#7479,.F.);
#8697 = FACE_BOUND('',#8698,.F.);
#8698 = EDGE_LOOP('',(#8699));
#8699 = ORIENTED_EDGE('',*,*,#7464,.F.);
#8700 = FACE_BOUND('',#8701,.F.);
#8701 = EDGE_LOOP('',(#8702));
#8702 = ORIENTED_EDGE('',*,*,#8703,.T.);
#8703 = EDGE_CURVE('',#8704,#8704,#8706,.T.);
#8704 = VERTEX_POINT('',#8705);
#8705 = CARTESIAN_POINT('',(5.47,-2.5,9.));
#8706 = SURFACE_CURVE('',#8707,(#8712,#8719),.PCURVE_S1.);
#8707 = CIRCLE('',#8708,2.02);
#8708 = AXIS2_PLACEMENT_3D('',#8709,#8710,#8711);
#8709 = CARTESIAN_POINT('',(3.45,-2.5,9.));
#8710 = DIRECTION('',(0.,0.,1.));
#8711 = DIRECTION('',(1.,0.,-0.));
#8712 = PCURVE('',#7479,#8713);
#8713 = DEFINITIONAL_REPRESENTATION('',(#8714),#8718);
#8714 = CIRCLE('',#8715,2.02);
#8715 = AXIS2_PLACEMENT_2D('',#8716,#8717);
#8716 = CARTESIAN_POINT('',(0.,0.));
#8717 = DIRECTION('',(1.,0.));
#8718 = ( GEOMETRIC_REPRESENTATION_CONTEXT(2) 
PARAMETRIC_REPRESENTATION_CONTEXT() REPRESENTATION_CONTEXT('2D SPACE',''
  ) );
#8719 = PCURVE('',#8720,#8725);
#8720 = TOROIDAL_SURFACE('',#8721,2.02,8.E-02);
#8721 = AXIS2_PLACEMENT_3D('',#8722,#8723,#8724);
#8722 = CARTESIAN_POINT('',(3.45,-2.5,9.08));
#8723 = DIRECTION('',(-0.,-0.,-1.));
#8724 = DIRECTION('',(1.,0.,-0.));
#8725 = DEFINITIONAL_REPRESENTATION('',(#8726),#8730);
#8726 = LINE('',#8727,#8728);
#8727 = CARTESIAN_POINT('',(-0.,1.570796326795));
#8728 = VECTOR('',#8729,1.);
#8729 = DIRECTION('',(-1.,0.));
#8730 = ( GEOMETRIC_REPRESENTATION_CONTEXT(2) 
PARAMETRIC_REPRESENTATION_CONTEXT() REPRESENTATION_CONTEXT('2D SPACE',''
  ) );
#8731 = ADVANCED_FACE('',(#8732),#7533,.T.);
#8732 = FACE_BOUND('',#8733,.T.);
#8733 = EDGE_LOOP('',(#8734,#8757,#8758,#8759));
#8734 = ORIENTED_EDGE('',*,*,#8735,.T.);
#8735 = EDGE_CURVE('',#8736,#7495,#8738,.T.);
#8736 = VERTEX_POINT('',#8737);
#8737 = CARTESIAN_POINT('',(5.55,-2.5,9.08));
#8738 = SEAM_CURVE('',#8739,(#8743,#8750),.PCURVE_S1.);
#8739 = LINE('',#8740,#8741);
#8740 = CARTESIAN_POINT('',(5.55,-2.5,9.));
#8741 = VECTOR('',#8742,1.);
#8742 = DIRECTION('',(0.,0.,1.));
#8743 = PCURVE('',#7533,#8744);
#8744 = DEFINITIONAL_REPRESENTATION('',(#8745),#8749);
#8745 = LINE('',#8746,#8747);
#8746 = CARTESIAN_POINT('',(6.28318530718,-0.));
#8747 = VECTOR('',#8748,1.);
#8748 = DIRECTION('',(0.,1.));
#8749 = ( GEOMETRIC_REPRESENTATION_CONTEXT(2) 
PARAMETRIC_REPRESENTATION_CONTEXT() REPRESENTATION_CONTEXT('2D SPACE',''
  ) );
#8750 = PCURVE('',#7533,#8751);
#8751 = DEFINITIONAL_REPRESENTATION('',(#8752),#8756);
#8752 = LINE('',#8753,#8754);
#8753 = CARTESIAN_POINT('',(0.,-0.));
#8754 = VECTOR('',#8755,1.);
#8755 = DIRECTION('',(0.,1.));
#8756 = ( GEOMETRIC_REPRESENTATION_CONTEXT(2) 
PARAMETRIC_REPRESENTATION_CONTEXT() REPRESENTATION_CONTEXT('2D SPACE',''
  ) );
#8757 = ORIENTED_EDGE('',*,*,#7518,.F.);
#8758 = ORIENTED_EDGE('',*,*,#8735,.F.);
#8759 = ORIENTED_EDGE('',*,*,#8760,.T.);
#8760 = EDGE_CURVE('',#8736,#8736,#8761,.T.);
#8761 = SURFACE_CURVE('',#8762,(#8767,#8774),.PCURVE_S1.);
#8762 = CIRCLE('',#8763,2.1);
#8763 = AXIS2_PLACEMENT_3D('',#8764,#8765,#8766);
#8764 = CARTESIAN_POINT('',(3.45,-2.5,9.08));
#8765 = DIRECTION('',(0.,0.,1.));
#8766 = DIRECTION('',(1.,0.,-0.));
#8767 = PCURVE('',#7533,#8768);
#8768 = DEFINITIONAL_REPRESENTATION('',(#8769),#8773);
#8769 = LINE('',#8770,#8771);
#8770 = CARTESIAN_POINT('',(0.,8.E-02));
#8771 = VECTOR('',#8772,1.);
#8772 = DIRECTION('',(1.,0.));
#8773 = ( GEOMETRIC_REPRESENTATION_CONTEXT(2) 
PARAMETRIC_REPRESENTATION_CONTEXT() REPRESENTATION_CONTEXT('2D SPACE',''
  ) );
#8774 = PCURVE('',#8720,#8775);
#8775 = DEFINITIONAL_REPRESENTATION('',(#8776),#8780);
#8776 = LINE('',#8777,#8778);
#8777 = CARTESIAN_POINT('',(-0.,0.));
#8778 = VECTOR('',#8779,1.);
#8779 = DIRECTION('',(-1.,0.));
#8780 = ( GEOMETRIC_REPRESENTATION_CONTEXT(2) 
PARAMETRIC_REPRESENTATION_CONTEXT() REPRESENTATION_CONTEXT('2D SPACE',''
  ) );
#8781 = ADVANCED_FACE('',(#8782),#7668,.T.);
#8782 = FACE_BOUND('',#8783,.T.);
#8783 = EDGE_LOOP('',(#8784,#8785,#8805));
#8784 = ORIENTED_EDGE('',*,*,#7731,.F.);
#8785 = ORIENTED_EDGE('',*,*,#8786,.T.);
#8786 = EDGE_CURVE('',#7732,#7652,#8787,.T.);
#8787 = SURFACE_CURVE('',#8788,(#8793,#8799),.PCURVE_S1.);
#8788 = CIRCLE('',#8789,8.E-02);
#8789 = AXIS2_PLACEMENT_3D('',#8790,#8791,#8792);
#8790 = CARTESIAN_POINT('',(6.48,-5.67,8.E-02));
#8791 = DIRECTION('',(-1.,6.123233995737E-17,0.));
#8792 = DIRECTION('',(-6.123233995737E-17,-1.,0.));
#8793 = PCURVE('',#7668,#8794);
#8794 = DEFINITIONAL_REPRESENTATION('',(#8795),#8798);
#8795 = B_SPLINE_CURVE_WITH_KNOTS('',1,(#8796,#8797),.UNSPECIFIED.,.F.,
  .F.,(2,2),(4.712388980385,6.28318530718),.PIECEWISE_BEZIER_KNOTS.);
#8796 = CARTESIAN_POINT('',(1.570796326795,-1.570796326795));
#8797 = CARTESIAN_POINT('',(1.570796326795,0.));
#8798 = ( GEOMETRIC_REPRESENTATION_CONTEXT(2) 
PARAMETRIC_REPRESENTATION_CONTEXT() REPRESENTATION_CONTEXT('2D SPACE',''
  ) );
#8799 = PCURVE('',#8292,#8800);
#8800 = DEFINITIONAL_REPRESENTATION('',(#8801),#8804);
#8801 = B_SPLINE_CURVE_WITH_KNOTS('',1,(#8802,#8803),.UNSPECIFIED.,.F.,
  .F.,(2,2),(4.712388980385,6.28318530718),.PIECEWISE_BEZIER_KNOTS.);
#8802 = CARTESIAN_POINT('',(1.570796326795,8.E-02));
#8803 = CARTESIAN_POINT('',(0.,8.E-02));
#8804 = ( GEOMETRIC_REPRESENTATION_CONTEXT(2) 
PARAMETRIC_REPRESENTATION_CONTEXT() REPRESENTATION_CONTEXT('2D SPACE',''
  ) );
#8805 = ORIENTED_EDGE('',*,*,#7651,.F.);
#8806 = ADVANCED_FACE('',(#8807),#7791,.T.);
#8807 = FACE_BOUND('',#8808,.T.);
#8808 = EDGE_LOOP('',(#8809,#8810,#8830));
#8809 = ORIENTED_EDGE('',*,*,#7856,.F.);
#8810 = ORIENTED_EDGE('',*,*,#8811,.T.);
#8811 = EDGE_CURVE('',#7857,#7754,#8812,.T.);
#8812 = SURFACE_CURVE('',#8813,(#8818,#8824),.PCURVE_S1.);
#8813 = CIRCLE('',#8814,8.E-02);
#8814 = AXIS2_PLACEMENT_3D('',#8815,#8816,#8817);
#8815 = CARTESIAN_POINT('',(6.48,-4.33,8.E-02));
#8816 = DIRECTION('',(-1.,-0.,9.494107596575E-16));
#8817 = DIRECTION('',(-9.494107596575E-16,0.,-1.));
#8818 = PCURVE('',#7791,#8819);
#8819 = DEFINITIONAL_REPRESENTATION('',(#8820),#8823);
#8820 = B_SPLINE_CURVE_WITH_KNOTS('',1,(#8821,#8822),.UNSPECIFIED.,.F.,
  .F.,(2,2),(4.712388980385,6.28318530718),.PIECEWISE_BEZIER_KNOTS.);
#8821 = CARTESIAN_POINT('',(1.570796326795,-1.570796326795));
#8822 = CARTESIAN_POINT('',(1.570796326795,0.));
#8823 = ( GEOMETRIC_REPRESENTATION_CONTEXT(2) 
PARAMETRIC_REPRESENTATION_CONTEXT() REPRESENTATION_CONTEXT('2D SPACE',''
  ) );
#8824 = PCURVE('',#8406,#8825);
#8825 = DEFINITIONAL_REPRESENTATION('',(#8826),#8829);
#8826 = B_SPLINE_CURVE_WITH_KNOTS('',1,(#8827,#8828),.UNSPECIFIED.,.F.,
  .F.,(2,2),(4.712388980385,6.28318530718),.PIECEWISE_BEZIER_KNOTS.);
#8827 = CARTESIAN_POINT('',(1.570796326795,8.E-02));
#8828 = CARTESIAN_POINT('',(0.,8.E-02));
#8829 = ( GEOMETRIC_REPRESENTATION_CONTEXT(2) 
PARAMETRIC_REPRESENTATION_CONTEXT() REPRESENTATION_CONTEXT('2D SPACE',''
  ) );
#8830 = ORIENTED_EDGE('',*,*,#7776,.F.);
#8831 = ADVANCED_FACE('',(#8832),#7941,.T.);
#8832 = FACE_BOUND('',#8833,.T.);
#8833 = EDGE_LOOP('',(#8834,#8835,#8855));
#8834 = ORIENTED_EDGE('',*,*,#7925,.F.);
#8835 = ORIENTED_EDGE('',*,*,#8836,.T.);
#8836 = EDGE_CURVE('',#7926,#8055,#8837,.T.);
#8837 = SURFACE_CURVE('',#8838,(#8843,#8849),.PCURVE_S1.);
#8838 = CIRCLE('',#8839,8.E-02);
#8839 = AXIS2_PLACEMENT_3D('',#8840,#8841,#8842);
#8840 = CARTESIAN_POINT('',(6.48,0.67,8.E-02));
#8841 = DIRECTION('',(-1.,-0.,9.494107596575E-16));
#8842 = DIRECTION('',(-9.494107596575E-16,0.,-1.));
#8843 = PCURVE('',#7941,#8844);
#8844 = DEFINITIONAL_REPRESENTATION('',(#8845),#8848);
#8845 = B_SPLINE_CURVE_WITH_KNOTS('',1,(#8846,#8847),.UNSPECIFIED.,.F.,
  .F.,(2,2),(4.712388980385,6.28318530718),.PIECEWISE_BEZIER_KNOTS.);
#8846 = CARTESIAN_POINT('',(1.570796326795,-1.570796326795));
#8847 = CARTESIAN_POINT('',(1.570796326795,0.));
#8848 = ( GEOMETRIC_REPRESENTATION_CONTEXT(2) 
PARAMETRIC_REPRESENTATION_CONTEXT() REPRESENTATION_CONTEXT('2D SPACE',''
  ) );
#8849 = PCURVE('',#8349,#8850);
#8850 = DEFINITIONAL_REPRESENTATION('',(#8851),#8854);
#8851 = B_SPLINE_CURVE_WITH_KNOTS('',1,(#8852,#8853),.UNSPECIFIED.,.F.,
  .F.,(2,2),(4.712388980385,6.28318530718),.PIECEWISE_BEZIER_KNOTS.);
#8852 = CARTESIAN_POINT('',(1.570796326795,8.E-02));
#8853 = CARTESIAN_POINT('',(0.,8.E-02));
#8854 = ( GEOMETRIC_REPRESENTATION_CONTEXT(2) 
PARAMETRIC_REPRESENTATION_CONTEXT() REPRESENTATION_CONTEXT('2D SPACE',''
  ) );
#8855 = ORIENTED_EDGE('',*,*,#8077,.F.);
#8856 = ADVANCED_FACE('',(#8857),#8043,.T.);
#8857 = FACE_BOUND('',#8858,.T.);
#8858 = EDGE_LOOP('',(#8859,#8860,#8880));
#8859 = ORIENTED_EDGE('',*,*,#8027,.F.);
#8860 = ORIENTED_EDGE('',*,*,#8861,.T.);
#8861 = EDGE_CURVE('',#8028,#8153,#8862,.T.);
#8862 = SURFACE_CURVE('',#8863,(#8868,#8874),.PCURVE_S1.);
#8863 = CIRCLE('',#8864,8.E-02);
#8864 = AXIS2_PLACEMENT_3D('',#8865,#8866,#8867);
#8865 = CARTESIAN_POINT('',(6.48,-0.67,8.E-02));
#8866 = DIRECTION('',(-1.,1.393499969508E-15,0.));
#8867 = DIRECTION('',(-1.393499969508E-15,-1.,0.));
#8868 = PCURVE('',#8043,#8869);
#8869 = DEFINITIONAL_REPRESENTATION('',(#8870),#8873);
#8870 = B_SPLINE_CURVE_WITH_KNOTS('',1,(#8871,#8872),.UNSPECIFIED.,.F.,
  .F.,(2,2),(4.712388980385,6.28318530718),.PIECEWISE_BEZIER_KNOTS.);
#8871 = CARTESIAN_POINT('',(1.570796326795,-1.570796326795));
#8872 = CARTESIAN_POINT('',(1.570796326795,0.));
#8873 = ( GEOMETRIC_REPRESENTATION_CONTEXT(2) 
PARAMETRIC_REPRESENTATION_CONTEXT() REPRESENTATION_CONTEXT('2D SPACE',''
  ) );
#8874 = PCURVE('',#8483,#8875);
#8875 = DEFINITIONAL_REPRESENTATION('',(#8876),#8879);
#8876 = B_SPLINE_CURVE_WITH_KNOTS('',1,(#8877,#8878),.UNSPECIFIED.,.F.,
  .F.,(2,2),(4.712388980385,6.28318530718),.PIECEWISE_BEZIER_KNOTS.);
#8877 = CARTESIAN_POINT('',(1.570796326795,8.E-02));
#8878 = CARTESIAN_POINT('',(0.,8.E-02));
#8879 = ( GEOMETRIC_REPRESENTATION_CONTEXT(2) 
PARAMETRIC_REPRESENTATION_CONTEXT() REPRESENTATION_CONTEXT('2D SPACE',''
  ) );
#8880 = ORIENTED_EDGE('',*,*,#8152,.F.);
#8881 = ADVANCED_FACE('',(#8882),#8292,.T.);
#8882 = FACE_BOUND('',#8883,.T.);
#8883 = EDGE_LOOP('',(#8884,#8885,#8886,#8887));
#8884 = ORIENTED_EDGE('',*,*,#8786,.F.);
#8885 = ORIENTED_EDGE('',*,*,#8419,.T.);
#8886 = ORIENTED_EDGE('',*,*,#8278,.T.);
#8887 = ORIENTED_EDGE('',*,*,#8308,.F.);
#8888 = ADVANCED_FACE('',(#8889),#8349,.T.);
#8889 = FACE_BOUND('',#8890,.T.);
#8890 = EDGE_LOOP('',(#8891,#8892,#8893,#8894));
#8891 = ORIENTED_EDGE('',*,*,#8836,.F.);
#8892 = ORIENTED_EDGE('',*,*,#8365,.T.);
#8893 = ORIENTED_EDGE('',*,*,#8335,.T.);
#8894 = ORIENTED_EDGE('',*,*,#8499,.F.);
#8895 = ADVANCED_FACE('',(#8896),#8406,.T.);
#8896 = FACE_BOUND('',#8897,.T.);
#8897 = EDGE_LOOP('',(#8898,#8899,#8900,#8901));
#8898 = ORIENTED_EDGE('',*,*,#8811,.F.);
#8899 = ORIENTED_EDGE('',*,*,#8546,.T.);
#8900 = ORIENTED_EDGE('',*,*,#8444,.T.);
#8901 = ORIENTED_EDGE('',*,*,#8392,.F.);
#8902 = ADVANCED_FACE('',(#8903),#8483,.T.);
#8903 = FACE_BOUND('',#8904,.T.);
#8904 = EDGE_LOOP('',(#8905,#8906,#8907,#8908));
#8905 = ORIENTED_EDGE('',*,*,#8861,.F.);
#8906 = ORIENTED_EDGE('',*,*,#8521,.T.);
#8907 = ORIENTED_EDGE('',*,*,#8469,.T.);
#8908 = ORIENTED_EDGE('',*,*,#8593,.F.);
#8909 = ADVANCED_FACE('',(#8910),#8720,.T.);
#8910 = FACE_BOUND('',#8911,.F.);
#8911 = EDGE_LOOP('',(#8912,#8932,#8933,#8934));
#8912 = ORIENTED_EDGE('',*,*,#8913,.F.);
#8913 = EDGE_CURVE('',#8736,#8704,#8914,.T.);
#8914 = SEAM_CURVE('',#8915,(#8920,#8926),.PCURVE_S1.);
#8915 = CIRCLE('',#8916,8.E-02);
#8916 = AXIS2_PLACEMENT_3D('',#8917,#8918,#8919);
#8917 = CARTESIAN_POINT('',(5.47,-2.5,9.08));
#8918 = DIRECTION('',(0.,1.,0.));
#8919 = DIRECTION('',(1.,0.,-0.));
#8920 = PCURVE('',#8720,#8921);
#8921 = DEFINITIONAL_REPRESENTATION('',(#8922),#8925);
#8922 = B_SPLINE_CURVE_WITH_KNOTS('',1,(#8923,#8924),.UNSPECIFIED.,.F.,
  .F.,(2,2),(0.,1.570796326795),.PIECEWISE_BEZIER_KNOTS.);
#8923 = CARTESIAN_POINT('',(0.,0.));
#8924 = CARTESIAN_POINT('',(0.,1.570796326795));
#8925 = ( GEOMETRIC_REPRESENTATION_CONTEXT(2) 
PARAMETRIC_REPRESENTATION_CONTEXT() REPRESENTATION_CONTEXT('2D SPACE',''
  ) );
#8926 = PCURVE('',#8720,#8927);
#8927 = DEFINITIONAL_REPRESENTATION('',(#8928),#8931);
#8928 = B_SPLINE_CURVE_WITH_KNOTS('',1,(#8929,#8930),.UNSPECIFIED.,.F.,
  .F.,(2,2),(0.,1.570796326795),.PIECEWISE_BEZIER_KNOTS.);
#8929 = CARTESIAN_POINT('',(-6.28318530718,0.));
#8930 = CARTESIAN_POINT('',(-6.28318530718,1.570796326795));
#8931 = ( GEOMETRIC_REPRESENTATION_CONTEXT(2) 
PARAMETRIC_REPRESENTATION_CONTEXT() REPRESENTATION_CONTEXT('2D SPACE',''
  ) );
#8932 = ORIENTED_EDGE('',*,*,#8760,.F.);
#8933 = ORIENTED_EDGE('',*,*,#8913,.T.);
#8934 = ORIENTED_EDGE('',*,*,#8703,.T.);
#8935 = ( GEOMETRIC_REPRESENTATION_CONTEXT(3) 
GLOBAL_UNCERTAINTY_ASSIGNED_CONTEXT((#8939)) 
GLOBAL_UNIT_ASSIGNED_CONTEXT((#8936,#8937,#8938)) REPRESENTATION_CONTEXT
('Context #1','3D Context with UNIT and UNCERTAINTY') );
#8936 = ( LENGTH_UNIT() NAMED_UNIT(*) SI_UNIT(.MILLI.,.METRE.) );
#8937 = ( NAMED_UNIT(*) PLANE_ANGLE_UNIT() SI_UNIT($,.RADIAN.) );
#8938 = ( NAMED_UNIT(*) SI_UNIT($,.STERADIAN.) SOLID_ANGLE_UNIT() );
#8939 = UNCERTAINTY_MEASURE_WITH_UNIT(LENGTH_MEASURE(1.E-07),#8936,
  'distance_accuracy_value','confusion accuracy');
#8940 = CONTEXT_DEPENDENT_SHAPE_REPRESENTATION(#8941,#8943);
#8941 = ( REPRESENTATION_RELATIONSHIP('','',#134,#111) 
REPRESENTATION_RELATIONSHIP_WITH_TRANSFORMATION(#8942) 
SHAPE_REPRESENTATION_RELATIONSHIP() );
#8942 = ITEM_DEFINED_TRANSFORMATION('','',#11,#112);
#8943 = PRODUCT_DEFINITION_SHAPE('Placement','Placement of an item',
  #8944);
#8944 = NEXT_ASSEMBLY_USAGE_OCCURRENCE('1','=>[0:1:1:4]','',#106,#129,$
  );
#8945 = PRODUCT_RELATED_PRODUCT_CATEGORY('part',$,(#131));
#8946 = SHAPE_DEFINITION_REPRESENTATION(#8947,#8953);
#8947 = PRODUCT_DEFINITION_SHAPE('','',#8948);
#8948 = PRODUCT_DEFINITION('design','',#8949,#8952);
#8949 = PRODUCT_DEFINITION_FORMATION('','',#8950);
#8950 = PRODUCT('ASSEMBLY','ASSEMBLY','',(#8951));
#8951 = PRODUCT_CONTEXT('',#2,'mechanical');
#8952 = PRODUCT_DEFINITION_CONTEXT('part definition',#2,'design');
#8953 = SHAPE_REPRESENTATION('',(#11,#8954),#8958);
#8954 = AXIS2_PLACEMENT_3D('',#8955,#8956,#8957);
#8955 = CARTESIAN_POINT('',(0.,0.,0.));
#8956 = DIRECTION('',(0.,0.,1.));
#8957 = DIRECTION('',(1.,0.,-0.));
#8958 = ( GEOMETRIC_REPRESENTATION_CONTEXT(3) 
GLOBAL_UNCERTAINTY_ASSIGNED_CONTEXT((#8962)) 
GLOBAL_UNIT_ASSIGNED_CONTEXT((#8959,#8960,#8961)) REPRESENTATION_CONTEXT
('Context #1','3D Context with UNIT and UNCERTAINTY') );
#8959 = ( LENGTH_UNIT() NAMED_UNIT(*) SI_UNIT(.MILLI.,.METRE.) );
#8960 = ( NAMED_UNIT(*) PLANE_ANGLE_UNIT() SI_UNIT($,.RADIAN.) );
#8961 = ( NAMED_UNIT(*) SI_UNIT($,.STERADIAN.) SOLID_ANGLE_UNIT() );
#8962 = UNCERTAINTY_MEASURE_WITH_UNIT(LENGTH_MEASURE(1.E-07),#8959,
  'distance_accuracy_value','confusion accuracy');
#8963 = CONTEXT_DEPENDENT_SHAPE_REPRESENTATION(#8964,#8966);
#8964 = ( REPRESENTATION_RELATIONSHIP('','',#8953,#10) 
REPRESENTATION_RELATIONSHIP_WITH_TRANSFORMATION(#8965) 
SHAPE_REPRESENTATION_RELATIONSHIP() );
#8965 = ITEM_DEFINED_TRANSFORMATION('','',#11,#19);
#8966 = PRODUCT_DEFINITION_SHAPE('Placement','Placement of an item',
  #8967);
#8967 = NEXT_ASSEMBLY_USAGE_OCCURRENCE('5','=>[0:1:1:5]','',#5,#8948,$);
#8968 = PRODUCT_RELATED_PRODUCT_CATEGORY('part',$,(#8950));
#8969 = SHAPE_DEFINITION_REPRESENTATION(#8970,#8976);
#8970 = PRODUCT_DEFINITION_SHAPE('','',#8971);
#8971 = PRODUCT_DEFINITION('design','',#8972,#8975);
#8972 = PRODUCT_DEFINITION_FORMATION('','',#8973);
#8973 = PRODUCT('SOLID','SOLID','',(#8974));
#8974 = PRODUCT_CONTEXT('',#2,'mechanical');
#8975 = PRODUCT_DEFINITION_CONTEXT('part definition',#2,'design');
#8976 = ADVANCED_BREP_SHAPE_REPRESENTATION('',(#11,#8977),#9035);
#8977 = MANIFOLD_SOLID_BREP('',#8978);
#8978 = CLOSED_SHELL('',(#8979));
#8979 = ADVANCED_FACE('',(#8980),#8993,.T.);
#8980 = FACE_BOUND('',#8981,.T.);
#8981 = EDGE_LOOP('',(#8982,#9011,#9033,#9034));
#8982 = ORIENTED_EDGE('',*,*,#8983,.F.);
#8983 = EDGE_CURVE('',#8984,#8984,#8986,.T.);
#8984 = VERTEX_POINT('',#8985);
#8985 = CARTESIAN_POINT('',(1.535,-3.759665673382E-16,
    -8.572527594031E-18));
#8986 = SEAM_CURVE('',#8987,(#8992,#9004),.PCURVE_S1.);
#8987 = CIRCLE('',#8988,1.535);
#8988 = AXIS2_PLACEMENT_3D('',#8989,#8990,#8991);
#8989 = CARTESIAN_POINT('',(0.,0.,-8.572527594031E-18));
#8990 = DIRECTION('',(0.,0.,1.));
#8991 = DIRECTION('',(1.,0.,-0.));
#8992 = PCURVE('',#8993,#8998);
#8993 = TOROIDAL_SURFACE('',#8994,1.5,3.5E-02);
#8994 = AXIS2_PLACEMENT_3D('',#8995,#8996,#8997);
#8995 = CARTESIAN_POINT('',(0.,0.,0.));
#8996 = DIRECTION('',(0.,0.,1.));
#8997 = DIRECTION('',(1.,0.,-0.));
#8998 = DEFINITIONAL_REPRESENTATION('',(#8999),#9003);
#8999 = LINE('',#9000,#9001);
#9000 = CARTESIAN_POINT('',(0.,6.28318530718));
#9001 = VECTOR('',#9002,1.);
#9002 = DIRECTION('',(1.,0.));
#9003 = ( GEOMETRIC_REPRESENTATION_CONTEXT(2) 
PARAMETRIC_REPRESENTATION_CONTEXT() REPRESENTATION_CONTEXT('2D SPACE',''
  ) );
#9004 = PCURVE('',#8993,#9005);
#9005 = DEFINITIONAL_REPRESENTATION('',(#9006),#9010);
#9006 = LINE('',#9007,#9008);
#9007 = CARTESIAN_POINT('',(0.,0.));
#9008 = VECTOR('',#9009,1.);
#9009 = DIRECTION('',(1.,0.));
#9010 = ( GEOMETRIC_REPRESENTATION_CONTEXT(2) 
PARAMETRIC_REPRESENTATION_CONTEXT() REPRESENTATION_CONTEXT('2D SPACE',''
  ) );
#9011 = ORIENTED_EDGE('',*,*,#9012,.F.);
#9012 = EDGE_CURVE('',#8984,#8984,#9013,.T.);
#9013 = SEAM_CURVE('',#9014,(#9019,#9026),.PCURVE_S1.);
#9014 = CIRCLE('',#9015,3.5E-02);
#9015 = AXIS2_PLACEMENT_3D('',#9016,#9017,#9018);
#9016 = CARTESIAN_POINT('',(1.5,-3.673940397442E-16,0.));
#9017 = DIRECTION('',(-2.449293598295E-16,-1.,0.));
#9018 = DIRECTION('',(1.,-2.449293598295E-16,0.));
#9019 = PCURVE('',#8993,#9020);
#9020 = DEFINITIONAL_REPRESENTATION('',(#9021),#9025);
#9021 = LINE('',#9022,#9023);
#9022 = CARTESIAN_POINT('',(6.28318530718,-0.));
#9023 = VECTOR('',#9024,1.);
#9024 = DIRECTION('',(0.,1.));
#9025 = ( GEOMETRIC_REPRESENTATION_CONTEXT(2) 
PARAMETRIC_REPRESENTATION_CONTEXT() REPRESENTATION_CONTEXT('2D SPACE',''
  ) );
#9026 = PCURVE('',#8993,#9027);
#9027 = DEFINITIONAL_REPRESENTATION('',(#9028),#9032);
#9028 = LINE('',#9029,#9030);
#9029 = CARTESIAN_POINT('',(0.,-0.));
#9030 = VECTOR('',#9031,1.);
#9031 = DIRECTION('',(0.,1.));
#9032 = ( GEOMETRIC_REPRESENTATION_CONTEXT(2) 
PARAMETRIC_REPRESENTATION_CONTEXT() REPRESENTATION_CONTEXT('2D SPACE',''
  ) );
#9033 = ORIENTED_EDGE('',*,*,#8983,.T.);
#9034 = ORIENTED_EDGE('',*,*,#9012,.T.);
#9035 = ( GEOMETRIC_REPRESENTATION_CONTEXT(3) 
GLOBAL_UNCERTAINTY_ASSIGNED_CONTEXT((#9039)) 
GLOBAL_UNIT_ASSIGNED_CONTEXT((#9036,#9037,#9038)) REPRESENTATION_CONTEXT
('Context #1','3D Context with UNIT and UNCERTAINTY') );
#9036 = ( LENGTH_UNIT() NAMED_UNIT(*) SI_UNIT(.MILLI.,.METRE.) );
#9037 = ( NAMED_UNIT(*) PLANE_ANGLE_UNIT() SI_UNIT($,.RADIAN.) );
#9038 = ( NAMED_UNIT(*) SI_UNIT($,.STERADIAN.) SOLID_ANGLE_UNIT() );
#9039 = UNCERTAINTY_MEASURE_WITH_UNIT(LENGTH_MEASURE(1.E-07),#9036,
  'distance_accuracy_value','confusion accuracy');
#9040 = CONTEXT_DEPENDENT_SHAPE_REPRESENTATION(#9041,#9043);
#9041 = ( REPRESENTATION_RELATIONSHIP('','',#8976,#8953) 
REPRESENTATION_RELATIONSHIP_WITH_TRANSFORMATION(#9042) 
SHAPE_REPRESENTATION_RELATIONSHIP() );
#9042 = ITEM_DEFINED_TRANSFORMATION('','',#11,#8954);
#9043 = PRODUCT_DEFINITION_SHAPE('Placement','Placement of an item',
  #9044);
#9044 = NEXT_ASSEMBLY_USAGE_OCCURRENCE('4','=>[0:1:1:6]','',#8948,#8971,
  $);
#9045 = PRODUCT_RELATED_PRODUCT_CATEGORY('part',$,(#8973));
#9046 = SHAPE_DEFINITION_REPRESENTATION(#9047,#9053);
#9047 = PRODUCT_DEFINITION_SHAPE('','',#9048);
#9048 = PRODUCT_DEFINITION('design','',#9049,#9052);
#9049 = PRODUCT_DEFINITION_FORMATION('','',#9050);
#9050 = PRODUCT('ASSEMBLY','ASSEMBLY','',(#9051));
#9051 = PRODUCT_CONTEXT('',#2,'mechanical');
#9052 = PRODUCT_DEFINITION_CONTEXT('part definition',#2,'design');
#9053 = SHAPE_REPRESENTATION('',(#11,#9054),#9058);
#9054 = AXIS2_PLACEMENT_3D('',#9055,#9056,#9057);
#9055 = CARTESIAN_POINT('',(0.,0.,0.));
#9056 = DIRECTION('',(0.,0.,1.));
#9057 = DIRECTION('',(1.,0.,-0.));
#9058 = ( GEOMETRIC_REPRESENTATION_CONTEXT(3) 
GLOBAL_UNCERTAINTY_ASSIGNED_CONTEXT((#9062)) 
GLOBAL_UNIT_ASSIGNED_CONTEXT((#9059,#9060,#9061)) REPRESENTATION_CONTEXT
('Context #1','3D Context with UNIT and UNCERTAINTY') );
#9059 = ( LENGTH_UNIT() NAMED_UNIT(*) SI_UNIT(.MILLI.,.METRE.) );
#9060 = ( NAMED_UNIT(*) PLANE_ANGLE_UNIT() SI_UNIT($,.RADIAN.) );
#9061 = ( NAMED_UNIT(*) SI_UNIT($,.STERADIAN.) SOLID_ANGLE_UNIT() );
#9062 = UNCERTAINTY_MEASURE_WITH_UNIT(LENGTH_MEASURE(1.E-07),#9059,
  'distance_accuracy_value','confusion accuracy');
#9063 = CONTEXT_DEPENDENT_SHAPE_REPRESENTATION(#9064,#9066);
#9064 = ( REPRESENTATION_RELATIONSHIP('','',#9053,#10) 
REPRESENTATION_RELATIONSHIP_WITH_TRANSFORMATION(#9065) 
SHAPE_REPRESENTATION_RELATIONSHIP() );
#9065 = ITEM_DEFINED_TRANSFORMATION('','',#11,#23);
#9066 = PRODUCT_DEFINITION_SHAPE('Placement','Placement of an item',
  #9067);
#9067 = NEXT_ASSEMBLY_USAGE_OCCURRENCE('7','=>[0:1:1:7]','',#5,#9048,$);
#9068 = PRODUCT_RELATED_PRODUCT_CATEGORY('part',$,(#9050));
#9069 = SHAPE_DEFINITION_REPRESENTATION(#9070,#9076);
#9070 = PRODUCT_DEFINITION_SHAPE('','',#9071);
#9071 = PRODUCT_DEFINITION('design','',#9072,#9075);
#9072 = PRODUCT_DEFINITION_FORMATION('','',#9073);
#9073 = PRODUCT('SOLID','SOLID','',(#9074));
#9074 = PRODUCT_CONTEXT('',#2,'mechanical');
#9075 = PRODUCT_DEFINITION_CONTEXT('part definition',#2,'design');
#9076 = ADVANCED_BREP_SHAPE_REPRESENTATION('',(#11,#9077),#9135);
#9077 = MANIFOLD_SOLID_BREP('',#9078);
#9078 = CLOSED_SHELL('',(#9079));
#9079 = ADVANCED_FACE('',(#9080),#9093,.T.);
#9080 = FACE_BOUND('',#9081,.T.);
#9081 = EDGE_LOOP('',(#9082,#9111,#9133,#9134));
#9082 = ORIENTED_EDGE('',*,*,#9083,.F.);
#9083 = EDGE_CURVE('',#9084,#9084,#9086,.T.);
#9084 = VERTEX_POINT('',#9085);
#9085 = CARTESIAN_POINT('',(1.535,-3.759665673382E-16,
    -8.572527594031E-18));
#9086 = SEAM_CURVE('',#9087,(#9092,#9104),.PCURVE_S1.);
#9087 = CIRCLE('',#9088,1.535);
#9088 = AXIS2_PLACEMENT_3D('',#9089,#9090,#9091);
#9089 = CARTESIAN_POINT('',(0.,0.,-8.572527594031E-18));
#9090 = DIRECTION('',(0.,0.,1.));
#9091 = DIRECTION('',(1.,0.,-0.));
#9092 = PCURVE('',#9093,#9098);
#9093 = TOROIDAL_SURFACE('',#9094,1.5,3.5E-02);
#9094 = AXIS2_PLACEMENT_3D('',#9095,#9096,#9097);
#9095 = CARTESIAN_POINT('',(0.,0.,0.));
#9096 = DIRECTION('',(0.,0.,1.));
#9097 = DIRECTION('',(1.,0.,-0.));
#9098 = DEFINITIONAL_REPRESENTATION('',(#9099),#9103);
#9099 = LINE('',#9100,#9101);
#9100 = CARTESIAN_POINT('',(0.,6.28318530718));
#9101 = VECTOR('',#9102,1.);
#9102 = DIRECTION('',(1.,0.));
#9103 = ( GEOMETRIC_REPRESENTATION_CONTEXT(2) 
PARAMETRIC_REPRESENTATION_CONTEXT() REPRESENTATION_CONTEXT('2D SPACE',''
  ) );
#9104 = PCURVE('',#9093,#9105);
#9105 = DEFINITIONAL_REPRESENTATION('',(#9106),#9110);
#9106 = LINE('',#9107,#9108);
#9107 = CARTESIAN_POINT('',(0.,0.));
#9108 = VECTOR('',#9109,1.);
#9109 = DIRECTION('',(1.,0.));
#9110 = ( GEOMETRIC_REPRESENTATION_CONTEXT(2) 
PARAMETRIC_REPRESENTATION_CONTEXT() REPRESENTATION_CONTEXT('2D SPACE',''
  ) );
#9111 = ORIENTED_EDGE('',*,*,#9112,.F.);
#9112 = EDGE_CURVE('',#9084,#9084,#9113,.T.);
#9113 = SEAM_CURVE('',#9114,(#9119,#9126),.PCURVE_S1.);
#9114 = CIRCLE('',#9115,3.5E-02);
#9115 = AXIS2_PLACEMENT_3D('',#9116,#9117,#9118);
#9116 = CARTESIAN_POINT('',(1.5,-3.673940397442E-16,0.));
#9117 = DIRECTION('',(-2.449293598295E-16,-1.,0.));
#9118 = DIRECTION('',(1.,-2.449293598295E-16,0.));
#9119 = PCURVE('',#9093,#9120);
#9120 = DEFINITIONAL_REPRESENTATION('',(#9121),#9125);
#9121 = LINE('',#9122,#9123);
#9122 = CARTESIAN_POINT('',(6.28318530718,-0.));
#9123 = VECTOR('',#9124,1.);
#9124 = DIRECTION('',(0.,1.));
#9125 = ( GEOMETRIC_REPRESENTATION_CONTEXT(2) 
PARAMETRIC_REPRESENTATION_CONTEXT() REPRESENTATION_CONTEXT('2D SPACE',''
  ) );
#9126 = PCURVE('',#9093,#9127);
#9127 = DEFINITIONAL_REPRESENTATION('',(#9128),#9132);
#9128 = LINE('',#9129,#9130);
#9129 = CARTESIAN_POINT('',(0.,-0.));
#9130 = VECTOR('',#9131,1.);
#9131 = DIRECTION('',(0.,1.));
#9132 = ( GEOMETRIC_REPRESENTATION_CONTEXT(2) 
PARAMETRIC_REPRESENTATION_CONTEXT() REPRESENTATION_CONTEXT('2D SPACE',''
  ) );
#9133 = ORIENTED_EDGE('',*,*,#9083,.T.);
#9134 = ORIENTED_EDGE('',*,*,#9112,.T.);
#9135 = ( GEOMETRIC_REPRESENTATION_CONTEXT(3) 
GLOBAL_UNCERTAINTY_ASSIGNED_CONTEXT((#9139)) 
GLOBAL_UNIT_ASSIGNED_CONTEXT((#9136,#9137,#9138)) REPRESENTATION_CONTEXT
('Context #1','3D Context with UNIT and UNCERTAINTY') );
#9136 = ( LENGTH_UNIT() NAMED_UNIT(*) SI_UNIT(.MILLI.,.METRE.) );
#9137 = ( NAMED_UNIT(*) PLANE_ANGLE_UNIT() SI_UNIT($,.RADIAN.) );
#9138 = ( NAMED_UNIT(*) SI_UNIT($,.STERADIAN.) SOLID_ANGLE_UNIT() );
#9139 = UNCERTAINTY_MEASURE_WITH_UNIT(LENGTH_MEASURE(1.E-07),#9136,
  'distance_accuracy_value','confusion accuracy');
#9140 = CONTEXT_DEPENDENT_SHAPE_REPRESENTATION(#9141,#9143);
#9141 = ( REPRESENTATION_RELATIONSHIP('','',#9076,#9053) 
REPRESENTATION_RELATIONSHIP_WITH_TRANSFORMATION(#9142) 
SHAPE_REPRESENTATION_RELATIONSHIP() );
#9142 = ITEM_DEFINED_TRANSFORMATION('','',#11,#9054);
#9143 = PRODUCT_DEFINITION_SHAPE('Placement','Placement of an item',
  #9144);
#9144 = NEXT_ASSEMBLY_USAGE_OCCURRENCE('6','=>[0:1:1:8]','',#9048,#9071,
  $);
#9145 = PRODUCT_RELATED_PRODUCT_CATEGORY('part',$,(#9073));
#9146 = SHAPE_DEFINITION_REPRESENTATION(#9147,#9153);
#9147 = PRODUCT_DEFINITION_SHAPE('','',#9148);
#9148 = PRODUCT_DEFINITION('design','',#9149,#9152);
#9149 = PRODUCT_DEFINITION_FORMATION('','',#9150);
#9150 = PRODUCT('ASSEMBLY','ASSEMBLY','',(#9151));
#9151 = PRODUCT_CONTEXT('',#2,'mechanical');
#9152 = PRODUCT_DEFINITION_CONTEXT('part definition',#2,'design');
#9153 = SHAPE_REPRESENTATION('',(#11,#9154),#9158);
#9154 = AXIS2_PLACEMENT_3D('',#9155,#9156,#9157);
#9155 = CARTESIAN_POINT('',(0.,0.,0.));
#9156 = DIRECTION('',(0.,0.,1.));
#9157 = DIRECTION('',(1.,0.,-0.));
#9158 = ( GEOMETRIC_REPRESENTATION_CONTEXT(3) 
GLOBAL_UNCERTAINTY_ASSIGNED_CONTEXT((#9162)) 
GLOBAL_UNIT_ASSIGNED_CONTEXT((#9159,#9160,#9161)) REPRESENTATION_CONTEXT
('Context #1','3D Context with UNIT and UNCERTAINTY') );
#9159 = ( LENGTH_UNIT() NAMED_UNIT(*) SI_UNIT(.MILLI.,.METRE.) );
#9160 = ( NAMED_UNIT(*) PLANE_ANGLE_UNIT() SI_UNIT($,.RADIAN.) );
#9161 = ( NAMED_UNIT(*) SI_UNIT($,.STERADIAN.) SOLID_ANGLE_UNIT() );
#9162 = UNCERTAINTY_MEASURE_WITH_UNIT(LENGTH_MEASURE(1.E-07),#9159,
  'distance_accuracy_value','confusion accuracy');
#9163 = CONTEXT_DEPENDENT_SHAPE_REPRESENTATION(#9164,#9166);
#9164 = ( REPRESENTATION_RELATIONSHIP('','',#9153,#10) 
REPRESENTATION_RELATIONSHIP_WITH_TRANSFORMATION(#9165) 
SHAPE_REPRESENTATION_RELATIONSHIP() );
#9165 = ITEM_DEFINED_TRANSFORMATION('','',#11,#27);
#9166 = PRODUCT_DEFINITION_SHAPE('Placement','Placement of an item',
  #9167);
#9167 = NEXT_ASSEMBLY_USAGE_OCCURRENCE('9','=>[0:1:1:9]','',#5,#9148,$);
#9168 = PRODUCT_RELATED_PRODUCT_CATEGORY('part',$,(#9150));
#9169 = SHAPE_DEFINITION_REPRESENTATION(#9170,#9176);
#9170 = PRODUCT_DEFINITION_SHAPE('','',#9171);
#9171 = PRODUCT_DEFINITION('design','',#9172,#9175);
#9172 = PRODUCT_DEFINITION_FORMATION('','',#9173);
#9173 = PRODUCT('SOLID','SOLID','',(#9174));
#9174 = PRODUCT_CONTEXT('',#2,'mechanical');
#9175 = PRODUCT_DEFINITION_CONTEXT('part definition',#2,'design');
#9176 = ADVANCED_BREP_SHAPE_REPRESENTATION('',(#11,#9177),#9235);
#9177 = MANIFOLD_SOLID_BREP('',#9178);
#9178 = CLOSED_SHELL('',(#9179));
#9179 = ADVANCED_FACE('',(#9180),#9193,.T.);
#9180 = FACE_BOUND('',#9181,.T.);
#9181 = EDGE_LOOP('',(#9182,#9211,#9233,#9234));
#9182 = ORIENTED_EDGE('',*,*,#9183,.F.);
#9183 = EDGE_CURVE('',#9184,#9184,#9186,.T.);
#9184 = VERTEX_POINT('',#9185);
#9185 = CARTESIAN_POINT('',(1.535,-3.759665673382E-16,
    -8.572527594031E-18));
#9186 = SEAM_CURVE('',#9187,(#9192,#9204),.PCURVE_S1.);
#9187 = CIRCLE('',#9188,1.535);
#9188 = AXIS2_PLACEMENT_3D('',#9189,#9190,#9191);
#9189 = CARTESIAN_POINT('',(0.,0.,-8.572527594031E-18));
#9190 = DIRECTION('',(0.,0.,1.));
#9191 = DIRECTION('',(1.,0.,-0.));
#9192 = PCURVE('',#9193,#9198);
#9193 = TOROIDAL_SURFACE('',#9194,1.5,3.5E-02);
#9194 = AXIS2_PLACEMENT_3D('',#9195,#9196,#9197);
#9195 = CARTESIAN_POINT('',(0.,0.,0.));
#9196 = DIRECTION('',(0.,0.,1.));
#9197 = DIRECTION('',(1.,0.,-0.));
#9198 = DEFINITIONAL_REPRESENTATION('',(#9199),#9203);
#9199 = LINE('',#9200,#9201);
#9200 = CARTESIAN_POINT('',(0.,6.28318530718));
#9201 = VECTOR('',#9202,1.);
#9202 = DIRECTION('',(1.,0.));
#9203 = ( GEOMETRIC_REPRESENTATION_CONTEXT(2) 
PARAMETRIC_REPRESENTATION_CONTEXT() REPRESENTATION_CONTEXT('2D SPACE',''
  ) );
#9204 = PCURVE('',#9193,#9205);
#9205 = DEFINITIONAL_REPRESENTATION('',(#9206),#9210);
#9206 = LINE('',#9207,#9208);
#9207 = CARTESIAN_POINT('',(0.,0.));
#9208 = VECTOR('',#9209,1.);
#9209 = DIRECTION('',(1.,0.));
#9210 = ( GEOMETRIC_REPRESENTATION_CONTEXT(2) 
PARAMETRIC_REPRESENTATION_CONTEXT() REPRESENTATION_CONTEXT('2D SPACE',''
  ) );
#9211 = ORIENTED_EDGE('',*,*,#9212,.F.);
#9212 = EDGE_CURVE('',#9184,#9184,#9213,.T.);
#9213 = SEAM_CURVE('',#9214,(#9219,#9226),.PCURVE_S1.);
#9214 = CIRCLE('',#9215,3.5E-02);
#9215 = AXIS2_PLACEMENT_3D('',#9216,#9217,#9218);
#9216 = CARTESIAN_POINT('',(1.5,-3.673940397442E-16,0.));
#9217 = DIRECTION('',(-2.449293598295E-16,-1.,0.));
#9218 = DIRECTION('',(1.,-2.449293598295E-16,0.));
#9219 = PCURVE('',#9193,#9220);
#9220 = DEFINITIONAL_REPRESENTATION('',(#9221),#9225);
#9221 = LINE('',#9222,#9223);
#9222 = CARTESIAN_POINT('',(6.28318530718,-0.));
#9223 = VECTOR('',#9224,1.);
#9224 = DIRECTION('',(0.,1.));
#9225 = ( GEOMETRIC_REPRESENTATION_CONTEXT(2) 
PARAMETRIC_REPRESENTATION_CONTEXT() REPRESENTATION_CONTEXT('2D SPACE',''
  ) );
#9226 = PCURVE('',#9193,#9227);
#9227 = DEFINITIONAL_REPRESENTATION('',(#9228),#9232);
#9228 = LINE('',#9229,#9230);
#9229 = CARTESIAN_POINT('',(0.,-0.));
#9230 = VECTOR('',#9231,1.);
#9231 = DIRECTION('',(0.,1.));
#9232 = ( GEOMETRIC_REPRESENTATION_CONTEXT(2) 
PARAMETRIC_REPRESENTATION_CONTEXT() REPRESENTATION_CONTEXT('2D SPACE',''
  ) );
#9233 = ORIENTED_EDGE('',*,*,#9183,.T.);
#9234 = ORIENTED_EDGE('',*,*,#9212,.T.);
#9235 = ( GEOMETRIC_REPRESENTATION_CONTEXT(3) 
GLOBAL_UNCERTAINTY_ASSIGNED_CONTEXT((#9239)) 
GLOBAL_UNIT_ASSIGNED_CONTEXT((#9236,#9237,#9238)) REPRESENTATION_CONTEXT
('Context #1','3D Context with UNIT and UNCERTAINTY') );
#9236 = ( LENGTH_UNIT() NAMED_UNIT(*) SI_UNIT(.MILLI.,.METRE.) );
#9237 = ( NAMED_UNIT(*) PLANE_ANGLE_UNIT() SI_UNIT($,.RADIAN.) );
#9238 = ( NAMED_UNIT(*) SI_UNIT($,.STERADIAN.) SOLID_ANGLE_UNIT() );
#9239 = UNCERTAINTY_MEASURE_WITH_UNIT(LENGTH_MEASURE(1.E-07),#9236,
  'distance_accuracy_value','confusion accuracy');
#9240 = CONTEXT_DEPENDENT_SHAPE_REPRESENTATION(#9241,#9243);
#9241 = ( REPRESENTATION_RELATIONSHIP('','',#9176,#9153) 
REPRESENTATION_RELATIONSHIP_WITH_TRANSFORMATION(#9242) 
SHAPE_REPRESENTATION_RELATIONSHIP() );
#9242 = ITEM_DEFINED_TRANSFORMATION('','',#11,#9154);
#9243 = PRODUCT_DEFINITION_SHAPE('Placement','Placement of an item',
  #9244);
#9244 = NEXT_ASSEMBLY_USAGE_OCCURRENCE('8','=>[0:1:1:10]','',#9148,#9171
  ,$);
#9245 = PRODUCT_RELATED_PRODUCT_CATEGORY('part',$,(#9173));
#9246 = SHAPE_DEFINITION_REPRESENTATION(#9247,#9253);
#9247 = PRODUCT_DEFINITION_SHAPE('','',#9248);
#9248 = PRODUCT_DEFINITION('design','',#9249,#9252);
#9249 = PRODUCT_DEFINITION_FORMATION('','',#9250);
#9250 = PRODUCT('ASSEMBLY','ASSEMBLY','',(#9251));
#9251 = PRODUCT_CONTEXT('',#2,'mechanical');
#9252 = PRODUCT_DEFINITION_CONTEXT('part definition',#2,'design');
#9253 = SHAPE_REPRESENTATION('',(#11,#9254),#9258);
#9254 = AXIS2_PLACEMENT_3D('',#9255,#9256,#9257);
#9255 = CARTESIAN_POINT('',(0.,0.,0.));
#9256 = DIRECTION('',(0.,0.,1.));
#9257 = DIRECTION('',(1.,0.,-0.));
#9258 = ( GEOMETRIC_REPRESENTATION_CONTEXT(3) 
GLOBAL_UNCERTAINTY_ASSIGNED_CONTEXT((#9262)) 
GLOBAL_UNIT_ASSIGNED_CONTEXT((#9259,#9260,#9261)) REPRESENTATION_CONTEXT
('Context #1','3D Context with UNIT and UNCERTAINTY') );
#9259 = ( LENGTH_UNIT() NAMED_UNIT(*) SI_UNIT(.MILLI.,.METRE.) );
#9260 = ( NAMED_UNIT(*) PLANE_ANGLE_UNIT() SI_UNIT($,.RADIAN.) );
#9261 = ( NAMED_UNIT(*) SI_UNIT($,.STERADIAN.) SOLID_ANGLE_UNIT() );
#9262 = UNCERTAINTY_MEASURE_WITH_UNIT(LENGTH_MEASURE(1.E-07),#9259,
  'distance_accuracy_value','confusion accuracy');
#9263 = CONTEXT_DEPENDENT_SHAPE_REPRESENTATION(#9264,#9266);
#9264 = ( REPRESENTATION_RELATIONSHIP('','',#9253,#10) 
REPRESENTATION_RELATIONSHIP_WITH_TRANSFORMATION(#9265) 
SHAPE_REPRESENTATION_RELATIONSHIP() );
#9265 = ITEM_DEFINED_TRANSFORMATION('','',#11,#31);
#9266 = PRODUCT_DEFINITION_SHAPE('Placement','Placement of an item',
  #9267);
#9267 = NEXT_ASSEMBLY_USAGE_OCCURRENCE('11','=>[0:1:1:11]','',#5,#9248,$
  );
#9268 = PRODUCT_RELATED_PRODUCT_CATEGORY('part',$,(#9250));
#9269 = SHAPE_DEFINITION_REPRESENTATION(#9270,#9276);
#9270 = PRODUCT_DEFINITION_SHAPE('','',#9271);
#9271 = PRODUCT_DEFINITION('design','',#9272,#9275);
#9272 = PRODUCT_DEFINITION_FORMATION('','',#9273);
#9273 = PRODUCT('SOLID','SOLID','',(#9274));
#9274 = PRODUCT_CONTEXT('',#2,'mechanical');
#9275 = PRODUCT_DEFINITION_CONTEXT('part definition',#2,'design');
#9276 = ADVANCED_BREP_SHAPE_REPRESENTATION('',(#11,#9277),#9335);
#9277 = MANIFOLD_SOLID_BREP('',#9278);
#9278 = CLOSED_SHELL('',(#9279));
#9279 = ADVANCED_FACE('',(#9280),#9293,.T.);
#9280 = FACE_BOUND('',#9281,.T.);
#9281 = EDGE_LOOP('',(#9282,#9311,#9333,#9334));
#9282 = ORIENTED_EDGE('',*,*,#9283,.F.);
#9283 = EDGE_CURVE('',#9284,#9284,#9286,.T.);
#9284 = VERTEX_POINT('',#9285);
#9285 = CARTESIAN_POINT('',(1.535,-3.759665673382E-16,
    -8.572527594031E-18));
#9286 = SEAM_CURVE('',#9287,(#9292,#9304),.PCURVE_S1.);
#9287 = CIRCLE('',#9288,1.535);
#9288 = AXIS2_PLACEMENT_3D('',#9289,#9290,#9291);
#9289 = CARTESIAN_POINT('',(0.,0.,-8.572527594031E-18));
#9290 = DIRECTION('',(0.,0.,1.));
#9291 = DIRECTION('',(1.,0.,-0.));
#9292 = PCURVE('',#9293,#9298);
#9293 = TOROIDAL_SURFACE('',#9294,1.5,3.5E-02);
#9294 = AXIS2_PLACEMENT_3D('',#9295,#9296,#9297);
#9295 = CARTESIAN_POINT('',(0.,0.,0.));
#9296 = DIRECTION('',(0.,0.,1.));
#9297 = DIRECTION('',(1.,0.,-0.));
#9298 = DEFINITIONAL_REPRESENTATION('',(#9299),#9303);
#9299 = LINE('',#9300,#9301);
#9300 = CARTESIAN_POINT('',(0.,6.28318530718));
#9301 = VECTOR('',#9302,1.);
#9302 = DIRECTION('',(1.,0.));
#9303 = ( GEOMETRIC_REPRESENTATION_CONTEXT(2) 
PARAMETRIC_REPRESENTATION_CONTEXT() REPRESENTATION_CONTEXT('2D SPACE',''
  ) );
#9304 = PCURVE('',#9293,#9305);
#9305 = DEFINITIONAL_REPRESENTATION('',(#9306),#9310);
#9306 = LINE('',#9307,#9308);
#9307 = CARTESIAN_POINT('',(0.,0.));
#9308 = VECTOR('',#9309,1.);
#9309 = DIRECTION('',(1.,0.));
#9310 = ( GEOMETRIC_REPRESENTATION_CONTEXT(2) 
PARAMETRIC_REPRESENTATION_CONTEXT() REPRESENTATION_CONTEXT('2D SPACE',''
  ) );
#9311 = ORIENTED_EDGE('',*,*,#9312,.F.);
#9312 = EDGE_CURVE('',#9284,#9284,#9313,.T.);
#9313 = SEAM_CURVE('',#9314,(#9319,#9326),.PCURVE_S1.);
#9314 = CIRCLE('',#9315,3.5E-02);
#9315 = AXIS2_PLACEMENT_3D('',#9316,#9317,#9318);
#9316 = CARTESIAN_POINT('',(1.5,-3.673940397442E-16,0.));
#9317 = DIRECTION('',(-2.449293598295E-16,-1.,0.));
#9318 = DIRECTION('',(1.,-2.449293598295E-16,0.));
#9319 = PCURVE('',#9293,#9320);
#9320 = DEFINITIONAL_REPRESENTATION('',(#9321),#9325);
#9321 = LINE('',#9322,#9323);
#9322 = CARTESIAN_POINT('',(6.28318530718,-0.));
#9323 = VECTOR('',#9324,1.);
#9324 = DIRECTION('',(0.,1.));
#9325 = ( GEOMETRIC_REPRESENTATION_CONTEXT(2) 
PARAMETRIC_REPRESENTATION_CONTEXT() REPRESENTATION_CONTEXT('2D SPACE',''
  ) );
#9326 = PCURVE('',#9293,#9327);
#9327 = DEFINITIONAL_REPRESENTATION('',(#9328),#9332);
#9328 = LINE('',#9329,#9330);
#9329 = CARTESIAN_POINT('',(0.,-0.));
#9330 = VECTOR('',#9331,1.);
#9331 = DIRECTION('',(0.,1.));
#9332 = ( GEOMETRIC_REPRESENTATION_CONTEXT(2) 
PARAMETRIC_REPRESENTATION_CONTEXT() REPRESENTATION_CONTEXT('2D SPACE',''
  ) );
#9333 = ORIENTED_EDGE('',*,*,#9283,.T.);
#9334 = ORIENTED_EDGE('',*,*,#9312,.T.);
#9335 = ( GEOMETRIC_REPRESENTATION_CONTEXT(3) 
GLOBAL_UNCERTAINTY_ASSIGNED_CONTEXT((#9339)) 
GLOBAL_UNIT_ASSIGNED_CONTEXT((#9336,#9337,#9338)) REPRESENTATION_CONTEXT
('Context #1','3D Context with UNIT and UNCERTAINTY') );
#9336 = ( LENGTH_UNIT() NAMED_UNIT(*) SI_UNIT(.MILLI.,.METRE.) );
#9337 = ( NAMED_UNIT(*) PLANE_ANGLE_UNIT() SI_UNIT($,.RADIAN.) );
#9338 = ( NAMED_UNIT(*) SI_UNIT($,.STERADIAN.) SOLID_ANGLE_UNIT() );
#9339 = UNCERTAINTY_MEASURE_WITH_UNIT(LENGTH_MEASURE(1.E-07),#9336,
  'distance_accuracy_value','confusion accuracy');
#9340 = CONTEXT_DEPENDENT_SHAPE_REPRESENTATION(#9341,#9343);
#9341 = ( REPRESENTATION_RELATIONSHIP('','',#9276,#9253) 
REPRESENTATION_RELATIONSHIP_WITH_TRANSFORMATION(#9342) 
SHAPE_REPRESENTATION_RELATIONSHIP() );
#9342 = ITEM_DEFINED_TRANSFORMATION('','',#11,#9254);
#9343 = PRODUCT_DEFINITION_SHAPE('Placement','Placement of an item',
  #9344);
#9344 = NEXT_ASSEMBLY_USAGE_OCCURRENCE('10','=>[0:1:1:12]','',#9248,
  #9271,$);
#9345 = PRODUCT_RELATED_PRODUCT_CATEGORY('part',$,(#9273));
#9346 = SHAPE_DEFINITION_REPRESENTATION(#9347,#9353);
#9347 = PRODUCT_DEFINITION_SHAPE('','',#9348);
#9348 = PRODUCT_DEFINITION('design','',#9349,#9352);
#9349 = PRODUCT_DEFINITION_FORMATION('','',#9350);
#9350 = PRODUCT('ASSEMBLY','ASSEMBLY','',(#9351));
#9351 = PRODUCT_CONTEXT('',#2,'mechanical');
#9352 = PRODUCT_DEFINITION_CONTEXT('part definition',#2,'design');
#9353 = SHAPE_REPRESENTATION('',(#11,#9354),#9358);
#9354 = AXIS2_PLACEMENT_3D('',#9355,#9356,#9357);
#9355 = CARTESIAN_POINT('',(0.,0.,0.));
#9356 = DIRECTION('',(0.,0.,1.));
#9357 = DIRECTION('',(1.,0.,-0.));
#9358 = ( GEOMETRIC_REPRESENTATION_CONTEXT(3) 
GLOBAL_UNCERTAINTY_ASSIGNED_CONTEXT((#9362)) 
GLOBAL_UNIT_ASSIGNED_CONTEXT((#9359,#9360,#9361)) REPRESENTATION_CONTEXT
('Context #1','3D Context with UNIT and UNCERTAINTY') );
#9359 = ( LENGTH_UNIT() NAMED_UNIT(*) SI_UNIT(.MILLI.,.METRE.) );
#9360 = ( NAMED_UNIT(*) PLANE_ANGLE_UNIT() SI_UNIT($,.RADIAN.) );
#9361 = ( NAMED_UNIT(*) SI_UNIT($,.STERADIAN.) SOLID_ANGLE_UNIT() );
#9362 = UNCERTAINTY_MEASURE_WITH_UNIT(LENGTH_MEASURE(1.E-07),#9359,
  'distance_accuracy_value','confusion accuracy');
#9363 = CONTEXT_DEPENDENT_SHAPE_REPRESENTATION(#9364,#9366);
#9364 = ( REPRESENTATION_RELATIONSHIP('','',#9353,#10) 
REPRESENTATION_RELATIONSHIP_WITH_TRANSFORMATION(#9365) 
SHAPE_REPRESENTATION_RELATIONSHIP() );
#9365 = ITEM_DEFINED_TRANSFORMATION('','',#11,#35);
#9366 = PRODUCT_DEFINITION_SHAPE('Placement','Placement of an item',
  #9367);
#9367 = NEXT_ASSEMBLY_USAGE_OCCURRENCE('14','=>[0:1:1:13]','',#5,#9348,$
  );
#9368 = PRODUCT_RELATED_PRODUCT_CATEGORY('part',$,(#9350));
#9369 = SHAPE_DEFINITION_REPRESENTATION(#9370,#9376);
#9370 = PRODUCT_DEFINITION_SHAPE('','',#9371);
#9371 = PRODUCT_DEFINITION('design','',#9372,#9375);
#9372 = PRODUCT_DEFINITION_FORMATION('','',#9373);
#9373 = PRODUCT('ASSEMBLY','ASSEMBLY','',(#9374));
#9374 = PRODUCT_CONTEXT('',#2,'mechanical');
#9375 = PRODUCT_DEFINITION_CONTEXT('part definition',#2,'design');
#9376 = SHAPE_REPRESENTATION('',(#11,#9377),#9381);
#9377 = AXIS2_PLACEMENT_3D('',#9378,#9379,#9380);
#9378 = CARTESIAN_POINT('',(0.,0.,0.));
#9379 = DIRECTION('',(0.,0.,1.));
#9380 = DIRECTION('',(1.,0.,-0.));
#9381 = ( GEOMETRIC_REPRESENTATION_CONTEXT(3) 
GLOBAL_UNCERTAINTY_ASSIGNED_CONTEXT((#9385)) 
GLOBAL_UNIT_ASSIGNED_CONTEXT((#9382,#9383,#9384)) REPRESENTATION_CONTEXT
('Context #1','3D Context with UNIT and UNCERTAINTY') );
#9382 = ( LENGTH_UNIT() NAMED_UNIT(*) SI_UNIT(.MILLI.,.METRE.) );
#9383 = ( NAMED_UNIT(*) PLANE_ANGLE_UNIT() SI_UNIT($,.RADIAN.) );
#9384 = ( NAMED_UNIT(*) SI_UNIT($,.STERADIAN.) SOLID_ANGLE_UNIT() );
#9385 = UNCERTAINTY_MEASURE_WITH_UNIT(LENGTH_MEASURE(1.E-07),#9382,
  'distance_accuracy_value','confusion accuracy');
#9386 = CONTEXT_DEPENDENT_SHAPE_REPRESENTATION(#9387,#9389);
#9387 = ( REPRESENTATION_RELATIONSHIP('','',#9376,#9353) 
REPRESENTATION_RELATIONSHIP_WITH_TRANSFORMATION(#9388) 
SHAPE_REPRESENTATION_RELATIONSHIP() );
#9388 = ITEM_DEFINED_TRANSFORMATION('','',#11,#9354);
#9389 = PRODUCT_DEFINITION_SHAPE('Placement','Placement of an item',
  #9390);
#9390 = NEXT_ASSEMBLY_USAGE_OCCURRENCE('13','=>[0:1:1:14]','',#9348,
  #9371,$);
#9391 = PRODUCT_RELATED_PRODUCT_CATEGORY('part',$,(#9373));
#9392 = SHAPE_DEFINITION_REPRESENTATION(#9393,#9399);
#9393 = PRODUCT_DEFINITION_SHAPE('','',#9394);
#9394 = PRODUCT_DEFINITION('design','',#9395,#9398);
#9395 = PRODUCT_DEFINITION_FORMATION('','',#9396);
#9396 = PRODUCT('SOLID','SOLID','',(#9397));
#9397 = PRODUCT_CONTEXT('',#2,'mechanical');
#9398 = PRODUCT_DEFINITION_CONTEXT('part definition',#2,'design');
#9399 = ADVANCED_BREP_SHAPE_REPRESENTATION('',(#11,#9400),#13986);
#9400 = MANIFOLD_SOLID_BREP('',#9401);
#9401 = CLOSED_SHELL('',(#9402,#9470,#9524,#9578,#9633,#9688,#9742,#9796
    ,#9800,#10378,#10459,#10533,#10587,#10641,#10694,#10747,#10801,
    #10855,#10913,#10973,#11049,#11123,#11177,#11231,#11284,#11337,
    #11391,#11445,#11503,#11558,#11588,#11664,#11740,#11793,#11846,
    #11900,#11954,#12007,#12062,#12092,#12146,#12205,#12230,#12306,
    #12382,#12437,#12490,#12544,#12598,#12653,#12708,#12738,#12792,
    #12846,#12879,#12955,#13026,#13051,#13076,#13124,#13172,#13199,
    #13224,#13257,#13305,#13338,#13386,#13455,#13526,#13551,#13576,
    #13624,#13672,#13697,#13722,#13755,#13803,#13851,#13879,#13965,
    #13972,#13979));
#9402 = ADVANCED_FACE('',(#9403,#9439),#9416,.F.);
#9403 = FACE_BOUND('',#9404,.F.);
#9404 = EDGE_LOOP('',(#9405));
#9405 = ORIENTED_EDGE('',*,*,#9406,.F.);
#9406 = EDGE_CURVE('',#9407,#9407,#9409,.T.);
#9407 = VERTEX_POINT('',#9408);
#9408 = CARTESIAN_POINT('',(4.99,-2.5,12.2));
#9409 = SURFACE_CURVE('',#9410,(#9415,#9427),.PCURVE_S1.);
#9410 = CIRCLE('',#9411,1.54);
#9411 = AXIS2_PLACEMENT_3D('',#9412,#9413,#9414);
#9412 = CARTESIAN_POINT('',(3.45,-2.5,12.2));
#9413 = DIRECTION('',(0.,0.,1.));
#9414 = DIRECTION('',(1.,0.,-0.));
#9415 = PCURVE('',#9416,#9421);
#9416 = PLANE('',#9417);
#9417 = AXIS2_PLACEMENT_3D('',#9418,#9419,#9420);
#9418 = CARTESIAN_POINT('',(3.45,-2.5,12.2));
#9419 = DIRECTION('',(0.,0.,1.));
#9420 = DIRECTION('',(1.,0.,-0.));
#9421 = DEFINITIONAL_REPRESENTATION('',(#9422),#9426);
#9422 = CIRCLE('',#9423,1.54);
#9423 = AXIS2_PLACEMENT_2D('',#9424,#9425);
#9424 = CARTESIAN_POINT('',(0.,0.));
#9425 = DIRECTION('',(1.,0.));
#9426 = ( GEOMETRIC_REPRESENTATION_CONTEXT(2) 
PARAMETRIC_REPRESENTATION_CONTEXT() REPRESENTATION_CONTEXT('2D SPACE',''
  ) );
#9427 = PCURVE('',#9428,#9433);
#9428 = TOROIDAL_SURFACE('',#9429,1.54,4.E-02);
#9429 = AXIS2_PLACEMENT_3D('',#9430,#9431,#9432);
#9430 = CARTESIAN_POINT('',(3.45,-2.5,12.16));
#9431 = DIRECTION('',(0.,0.,1.));
#9432 = DIRECTION('',(1.,0.,-0.));
#9433 = DEFINITIONAL_REPRESENTATION('',(#9434),#9438);
#9434 = LINE('',#9435,#9436);
#9435 = CARTESIAN_POINT('',(0.,1.570796326795));
#9436 = VECTOR('',#9437,1.);
#9437 = DIRECTION('',(1.,0.));
#9438 = ( GEOMETRIC_REPRESENTATION_CONTEXT(2) 
PARAMETRIC_REPRESENTATION_CONTEXT() REPRESENTATION_CONTEXT('2D SPACE',''
  ) );
#9439 = FACE_BOUND('',#9440,.F.);
#9440 = EDGE_LOOP('',(#9441));
#9441 = ORIENTED_EDGE('',*,*,#9442,.T.);
#9442 = EDGE_CURVE('',#9443,#9443,#9445,.T.);
#9443 = VERTEX_POINT('',#9444);
#9444 = CARTESIAN_POINT('',(6.09,-2.5,12.2));
#9445 = SURFACE_CURVE('',#9446,(#9451,#9458),.PCURVE_S1.);
#9446 = CIRCLE('',#9447,2.64);
#9447 = AXIS2_PLACEMENT_3D('',#9448,#9449,#9450);
#9448 = CARTESIAN_POINT('',(3.45,-2.5,12.2));
#9449 = DIRECTION('',(0.,0.,1.));
#9450 = DIRECTION('',(1.,0.,-0.));
#9451 = PCURVE('',#9416,#9452);
#9452 = DEFINITIONAL_REPRESENTATION('',(#9453),#9457);
#9453 = CIRCLE('',#9454,2.64);
#9454 = AXIS2_PLACEMENT_2D('',#9455,#9456);
#9455 = CARTESIAN_POINT('',(0.,0.));
#9456 = DIRECTION('',(1.,0.));
#9457 = ( GEOMETRIC_REPRESENTATION_CONTEXT(2) 
PARAMETRIC_REPRESENTATION_CONTEXT() REPRESENTATION_CONTEXT('2D SPACE',''
  ) );
#9458 = PCURVE('',#9459,#9464);
#9459 = TOROIDAL_SURFACE('',#9460,2.64,0.16);
#9460 = AXIS2_PLACEMENT_3D('',#9461,#9462,#9463);
#9461 = CARTESIAN_POINT('',(3.45,-2.5,12.36));
#9462 = DIRECTION('',(-0.,-0.,-1.));
#9463 = DIRECTION('',(1.,0.,-0.));
#9464 = DEFINITIONAL_REPRESENTATION('',(#9465),#9469);
#9465 = LINE('',#9466,#9467);
#9466 = CARTESIAN_POINT('',(-0.,1.570796326795));
#9467 = VECTOR('',#9468,1.);
#9468 = DIRECTION('',(-1.,0.));
#9469 = ( GEOMETRIC_REPRESENTATION_CONTEXT(2) 
PARAMETRIC_REPRESENTATION_CONTEXT() REPRESENTATION_CONTEXT('2D SPACE',''
  ) );
#9470 = ADVANCED_FACE('',(#9471),#9428,.F.);
#9471 = FACE_BOUND('',#9472,.F.);
#9472 = EDGE_LOOP('',(#9473,#9495,#9496,#9497));
#9473 = ORIENTED_EDGE('',*,*,#9474,.F.);
#9474 = EDGE_CURVE('',#9407,#9475,#9477,.T.);
#9475 = VERTEX_POINT('',#9476);
#9476 = CARTESIAN_POINT('',(4.95,-2.5,12.16));
#9477 = SEAM_CURVE('',#9478,(#9483,#9489),.PCURVE_S1.);
#9478 = CIRCLE('',#9479,4.E-02);
#9479 = AXIS2_PLACEMENT_3D('',#9480,#9481,#9482);
#9480 = CARTESIAN_POINT('',(4.99,-2.5,12.16));
#9481 = DIRECTION('',(0.,-1.,0.));
#9482 = DIRECTION('',(1.,0.,0.));
#9483 = PCURVE('',#9428,#9484);
#9484 = DEFINITIONAL_REPRESENTATION('',(#9485),#9488);
#9485 = B_SPLINE_CURVE_WITH_KNOTS('',1,(#9486,#9487),.UNSPECIFIED.,.F.,
  .F.,(2,2),(1.570796326795,3.14159265359),.PIECEWISE_BEZIER_KNOTS.);
#9486 = CARTESIAN_POINT('',(0.,1.570796326795));
#9487 = CARTESIAN_POINT('',(0.,3.14159265359));
#9488 = ( GEOMETRIC_REPRESENTATION_CONTEXT(2) 
PARAMETRIC_REPRESENTATION_CONTEXT() REPRESENTATION_CONTEXT('2D SPACE',''
  ) );
#9489 = PCURVE('',#9428,#9490);
#9490 = DEFINITIONAL_REPRESENTATION('',(#9491),#9494);
#9491 = B_SPLINE_CURVE_WITH_KNOTS('',1,(#9492,#9493),.UNSPECIFIED.,.F.,
  .F.,(2,2),(1.570796326795,3.14159265359),.PIECEWISE_BEZIER_KNOTS.);
#9492 = CARTESIAN_POINT('',(6.28318530718,1.570796326795));
#9493 = CARTESIAN_POINT('',(6.28318530718,3.14159265359));
#9494 = ( GEOMETRIC_REPRESENTATION_CONTEXT(2) 
PARAMETRIC_REPRESENTATION_CONTEXT() REPRESENTATION_CONTEXT('2D SPACE',''
  ) );
#9495 = ORIENTED_EDGE('',*,*,#9406,.T.);
#9496 = ORIENTED_EDGE('',*,*,#9474,.T.);
#9497 = ORIENTED_EDGE('',*,*,#9498,.F.);
#9498 = EDGE_CURVE('',#9475,#9475,#9499,.T.);
#9499 = SURFACE_CURVE('',#9500,(#9505,#9512),.PCURVE_S1.);
#9500 = CIRCLE('',#9501,1.5);
#9501 = AXIS2_PLACEMENT_3D('',#9502,#9503,#9504);
#9502 = CARTESIAN_POINT('',(3.45,-2.5,12.16));
#9503 = DIRECTION('',(0.,0.,1.));
#9504 = DIRECTION('',(1.,0.,-0.));
#9505 = PCURVE('',#9428,#9506);
#9506 = DEFINITIONAL_REPRESENTATION('',(#9507),#9511);
#9507 = LINE('',#9508,#9509);
#9508 = CARTESIAN_POINT('',(0.,3.14159265359));
#9509 = VECTOR('',#9510,1.);
#9510 = DIRECTION('',(1.,0.));
#9511 = ( GEOMETRIC_REPRESENTATION_CONTEXT(2) 
PARAMETRIC_REPRESENTATION_CONTEXT() REPRESENTATION_CONTEXT('2D SPACE',''
  ) );
#9512 = PCURVE('',#9513,#9518);
#9513 = CYLINDRICAL_SURFACE('',#9514,1.5);
#9514 = AXIS2_PLACEMENT_3D('',#9515,#9516,#9517);
#9515 = CARTESIAN_POINT('',(3.45,-2.5,7.2));
#9516 = DIRECTION('',(0.,0.,1.));
#9517 = DIRECTION('',(1.,0.,-0.));
#9518 = DEFINITIONAL_REPRESENTATION('',(#9519),#9523);
#9519 = LINE('',#9520,#9521);
#9520 = CARTESIAN_POINT('',(0.,4.96));
#9521 = VECTOR('',#9522,1.);
#9522 = DIRECTION('',(1.,0.));
#9523 = ( GEOMETRIC_REPRESENTATION_CONTEXT(2) 
PARAMETRIC_REPRESENTATION_CONTEXT() REPRESENTATION_CONTEXT('2D SPACE',''
  ) );
#9524 = ADVANCED_FACE('',(#9525),#9459,.T.);
#9525 = FACE_BOUND('',#9526,.F.);
#9526 = EDGE_LOOP('',(#9527,#9549,#9576,#9577));
#9527 = ORIENTED_EDGE('',*,*,#9528,.F.);
#9528 = EDGE_CURVE('',#9529,#9443,#9531,.T.);
#9529 = VERTEX_POINT('',#9530);
#9530 = CARTESIAN_POINT('',(6.25,-2.5,12.36));
#9531 = SEAM_CURVE('',#9532,(#9537,#9543),.PCURVE_S1.);
#9532 = CIRCLE('',#9533,0.16);
#9533 = AXIS2_PLACEMENT_3D('',#9534,#9535,#9536);
#9534 = CARTESIAN_POINT('',(6.09,-2.5,12.36));
#9535 = DIRECTION('',(0.,1.,0.));
#9536 = DIRECTION('',(1.,0.,-0.));
#9537 = PCURVE('',#9459,#9538);
#9538 = DEFINITIONAL_REPRESENTATION('',(#9539),#9542);
#9539 = B_SPLINE_CURVE_WITH_KNOTS('',1,(#9540,#9541),.UNSPECIFIED.,.F.,
  .F.,(2,2),(0.,1.570796326795),.PIECEWISE_BEZIER_KNOTS.);
#9540 = CARTESIAN_POINT('',(0.,0.));
#9541 = CARTESIAN_POINT('',(0.,1.570796326795));
#9542 = ( GEOMETRIC_REPRESENTATION_CONTEXT(2) 
PARAMETRIC_REPRESENTATION_CONTEXT() REPRESENTATION_CONTEXT('2D SPACE',''
  ) );
#9543 = PCURVE('',#9459,#9544);
#9544 = DEFINITIONAL_REPRESENTATION('',(#9545),#9548);
#9545 = B_SPLINE_CURVE_WITH_KNOTS('',1,(#9546,#9547),.UNSPECIFIED.,.F.,
  .F.,(2,2),(0.,1.570796326795),.PIECEWISE_BEZIER_KNOTS.);
#9546 = CARTESIAN_POINT('',(-6.28318530718,0.));
#9547 = CARTESIAN_POINT('',(-6.28318530718,1.570796326795));
#9548 = ( GEOMETRIC_REPRESENTATION_CONTEXT(2) 
PARAMETRIC_REPRESENTATION_CONTEXT() REPRESENTATION_CONTEXT('2D SPACE',''
  ) );
#9549 = ORIENTED_EDGE('',*,*,#9550,.F.);
#9550 = EDGE_CURVE('',#9529,#9529,#9551,.T.);
#9551 = SURFACE_CURVE('',#9552,(#9557,#9564),.PCURVE_S1.);
#9552 = CIRCLE('',#9553,2.8);
#9553 = AXIS2_PLACEMENT_3D('',#9554,#9555,#9556);
#9554 = CARTESIAN_POINT('',(3.45,-2.5,12.36));
#9555 = DIRECTION('',(0.,0.,1.));
#9556 = DIRECTION('',(1.,0.,-0.));
#9557 = PCURVE('',#9459,#9558);
#9558 = DEFINITIONAL_REPRESENTATION('',(#9559),#9563);
#9559 = LINE('',#9560,#9561);
#9560 = CARTESIAN_POINT('',(-0.,0.));
#9561 = VECTOR('',#9562,1.);
#9562 = DIRECTION('',(-1.,0.));
#9563 = ( GEOMETRIC_REPRESENTATION_CONTEXT(2) 
PARAMETRIC_REPRESENTATION_CONTEXT() REPRESENTATION_CONTEXT('2D SPACE',''
  ) );
#9564 = PCURVE('',#9565,#9570);
#9565 = CYLINDRICAL_SURFACE('',#9566,2.8);
#9566 = AXIS2_PLACEMENT_3D('',#9567,#9568,#9569);
#9567 = CARTESIAN_POINT('',(3.45,-2.5,12.2));
#9568 = DIRECTION('',(0.,0.,1.));
#9569 = DIRECTION('',(1.,0.,-0.));
#9570 = DEFINITIONAL_REPRESENTATION('',(#9571),#9575);
#9571 = LINE('',#9572,#9573);
#9572 = CARTESIAN_POINT('',(0.,0.16));
#9573 = VECTOR('',#9574,1.);
#9574 = DIRECTION('',(1.,0.));
#9575 = ( GEOMETRIC_REPRESENTATION_CONTEXT(2) 
PARAMETRIC_REPRESENTATION_CONTEXT() REPRESENTATION_CONTEXT('2D SPACE',''
  ) );
#9576 = ORIENTED_EDGE('',*,*,#9528,.T.);
#9577 = ORIENTED_EDGE('',*,*,#9442,.T.);
#9578 = ADVANCED_FACE('',(#9579),#9513,.T.);
#9579 = FACE_BOUND('',#9580,.T.);
#9580 = EDGE_LOOP('',(#9581,#9604,#9605,#9606));
#9581 = ORIENTED_EDGE('',*,*,#9582,.T.);
#9582 = EDGE_CURVE('',#9583,#9475,#9585,.T.);
#9583 = VERTEX_POINT('',#9584);
#9584 = CARTESIAN_POINT('',(4.95,-2.5,7.24));
#9585 = SEAM_CURVE('',#9586,(#9590,#9597),.PCURVE_S1.);
#9586 = LINE('',#9587,#9588);
#9587 = CARTESIAN_POINT('',(4.95,-2.5,7.2));
#9588 = VECTOR('',#9589,1.);
#9589 = DIRECTION('',(0.,0.,1.));
#9590 = PCURVE('',#9513,#9591);
#9591 = DEFINITIONAL_REPRESENTATION('',(#9592),#9596);
#9592 = LINE('',#9593,#9594);
#9593 = CARTESIAN_POINT('',(6.28318530718,-0.));
#9594 = VECTOR('',#9595,1.);
#9595 = DIRECTION('',(0.,1.));
#9596 = ( GEOMETRIC_REPRESENTATION_CONTEXT(2) 
PARAMETRIC_REPRESENTATION_CONTEXT() REPRESENTATION_CONTEXT('2D SPACE',''
  ) );
#9597 = PCURVE('',#9513,#9598);
#9598 = DEFINITIONAL_REPRESENTATION('',(#9599),#9603);
#9599 = LINE('',#9600,#9601);
#9600 = CARTESIAN_POINT('',(0.,-0.));
#9601 = VECTOR('',#9602,1.);
#9602 = DIRECTION('',(0.,1.));
#9603 = ( GEOMETRIC_REPRESENTATION_CONTEXT(2) 
PARAMETRIC_REPRESENTATION_CONTEXT() REPRESENTATION_CONTEXT('2D SPACE',''
  ) );
#9604 = ORIENTED_EDGE('',*,*,#9498,.F.);
#9605 = ORIENTED_EDGE('',*,*,#9582,.F.);
#9606 = ORIENTED_EDGE('',*,*,#9607,.T.);
#9607 = EDGE_CURVE('',#9583,#9583,#9608,.T.);
#9608 = SURFACE_CURVE('',#9609,(#9614,#9621),.PCURVE_S1.);
#9609 = CIRCLE('',#9610,1.5);
#9610 = AXIS2_PLACEMENT_3D('',#9611,#9612,#9613);
#9611 = CARTESIAN_POINT('',(3.45,-2.5,7.24));
#9612 = DIRECTION('',(0.,0.,1.));
#9613 = DIRECTION('',(1.,0.,-0.));
#9614 = PCURVE('',#9513,#9615);
#9615 = DEFINITIONAL_REPRESENTATION('',(#9616),#9620);
#9616 = LINE('',#9617,#9618);
#9617 = CARTESIAN_POINT('',(0.,4.E-02));
#9618 = VECTOR('',#9619,1.);
#9619 = DIRECTION('',(1.,0.));
#9620 = ( GEOMETRIC_REPRESENTATION_CONTEXT(2) 
PARAMETRIC_REPRESENTATION_CONTEXT() REPRESENTATION_CONTEXT('2D SPACE',''
  ) );
#9621 = PCURVE('',#9622,#9627);
#9622 = TOROIDAL_SURFACE('',#9623,1.46,4.E-02);
#9623 = AXIS2_PLACEMENT_3D('',#9624,#9625,#9626);
#9624 = CARTESIAN_POINT('',(3.45,-2.5,7.24));
#9625 = DIRECTION('',(-0.,-0.,-1.));
#9626 = DIRECTION('',(1.,0.,-0.));
#9627 = DEFINITIONAL_REPRESENTATION('',(#9628),#9632);
#9628 = LINE('',#9629,#9630);
#9629 = CARTESIAN_POINT('',(-0.,0.));
#9630 = VECTOR('',#9631,1.);
#9631 = DIRECTION('',(-1.,0.));
#9632 = ( GEOMETRIC_REPRESENTATION_CONTEXT(2) 
PARAMETRIC_REPRESENTATION_CONTEXT() REPRESENTATION_CONTEXT('2D SPACE',''
  ) );
#9633 = ADVANCED_FACE('',(#9634),#9565,.T.);
#9634 = FACE_BOUND('',#9635,.T.);
#9635 = EDGE_LOOP('',(#9636,#9659,#9686,#9687));
#9636 = ORIENTED_EDGE('',*,*,#9637,.T.);
#9637 = EDGE_CURVE('',#9529,#9638,#9640,.T.);
#9638 = VERTEX_POINT('',#9639);
#9639 = CARTESIAN_POINT('',(6.25,-2.5,14.24));
#9640 = SEAM_CURVE('',#9641,(#9645,#9652),.PCURVE_S1.);
#9641 = LINE('',#9642,#9643);
#9642 = CARTESIAN_POINT('',(6.25,-2.5,12.2));
#9643 = VECTOR('',#9644,1.);
#9644 = DIRECTION('',(0.,0.,1.));
#9645 = PCURVE('',#9565,#9646);
#9646 = DEFINITIONAL_REPRESENTATION('',(#9647),#9651);
#9647 = LINE('',#9648,#9649);
#9648 = CARTESIAN_POINT('',(6.28318530718,-0.));
#9649 = VECTOR('',#9650,1.);
#9650 = DIRECTION('',(0.,1.));
#9651 = ( GEOMETRIC_REPRESENTATION_CONTEXT(2) 
PARAMETRIC_REPRESENTATION_CONTEXT() REPRESENTATION_CONTEXT('2D SPACE',''
  ) );
#9652 = PCURVE('',#9565,#9653);
#9653 = DEFINITIONAL_REPRESENTATION('',(#9654),#9658);
#9654 = LINE('',#9655,#9656);
#9655 = CARTESIAN_POINT('',(0.,-0.));
#9656 = VECTOR('',#9657,1.);
#9657 = DIRECTION('',(0.,1.));
#9658 = ( GEOMETRIC_REPRESENTATION_CONTEXT(2) 
PARAMETRIC_REPRESENTATION_CONTEXT() REPRESENTATION_CONTEXT('2D SPACE',''
  ) );
#9659 = ORIENTED_EDGE('',*,*,#9660,.F.);
#9660 = EDGE_CURVE('',#9638,#9638,#9661,.T.);
#9661 = SURFACE_CURVE('',#9662,(#9667,#9674),.PCURVE_S1.);
#9662 = CIRCLE('',#9663,2.8);
#9663 = AXIS2_PLACEMENT_3D('',#9664,#9665,#9666);
#9664 = CARTESIAN_POINT('',(3.45,-2.5,14.24));
#9665 = DIRECTION('',(0.,0.,1.));
#9666 = DIRECTION('',(1.,0.,-0.));
#9667 = PCURVE('',#9565,#9668);
#9668 = DEFINITIONAL_REPRESENTATION('',(#9669),#9673);
#9669 = LINE('',#9670,#9671);
#9670 = CARTESIAN_POINT('',(0.,2.04));
#9671 = VECTOR('',#9672,1.);
#9672 = DIRECTION('',(1.,0.));
#9673 = ( GEOMETRIC_REPRESENTATION_CONTEXT(2) 
PARAMETRIC_REPRESENTATION_CONTEXT() REPRESENTATION_CONTEXT('2D SPACE',''
  ) );
#9674 = PCURVE('',#9675,#9680);
#9675 = TOROIDAL_SURFACE('',#9676,2.64,0.16);
#9676 = AXIS2_PLACEMENT_3D('',#9677,#9678,#9679);
#9677 = CARTESIAN_POINT('',(3.45,-2.5,14.24));
#9678 = DIRECTION('',(0.,0.,1.));
#9679 = DIRECTION('',(1.,0.,-0.));
#9680 = DEFINITIONAL_REPRESENTATION('',(#9681),#9685);
#9681 = LINE('',#9682,#9683);
#9682 = CARTESIAN_POINT('',(0.,0.));
#9683 = VECTOR('',#9684,1.);
#9684 = DIRECTION('',(1.,0.));
#9685 = ( GEOMETRIC_REPRESENTATION_CONTEXT(2) 
PARAMETRIC_REPRESENTATION_CONTEXT() REPRESENTATION_CONTEXT('2D SPACE',''
  ) );
#9686 = ORIENTED_EDGE('',*,*,#9637,.F.);
#9687 = ORIENTED_EDGE('',*,*,#9550,.T.);
#9688 = ADVANCED_FACE('',(#9689),#9622,.T.);
#9689 = FACE_BOUND('',#9690,.F.);
#9690 = EDGE_LOOP('',(#9691,#9713,#9714,#9715));
#9691 = ORIENTED_EDGE('',*,*,#9692,.F.);
#9692 = EDGE_CURVE('',#9583,#9693,#9695,.T.);
#9693 = VERTEX_POINT('',#9694);
#9694 = CARTESIAN_POINT('',(4.91,-2.5,7.2));
#9695 = SEAM_CURVE('',#9696,(#9701,#9707),.PCURVE_S1.);
#9696 = CIRCLE('',#9697,4.E-02);
#9697 = AXIS2_PLACEMENT_3D('',#9698,#9699,#9700);
#9698 = CARTESIAN_POINT('',(4.91,-2.5,7.24));
#9699 = DIRECTION('',(0.,1.,0.));
#9700 = DIRECTION('',(1.,0.,-0.));
#9701 = PCURVE('',#9622,#9702);
#9702 = DEFINITIONAL_REPRESENTATION('',(#9703),#9706);
#9703 = B_SPLINE_CURVE_WITH_KNOTS('',1,(#9704,#9705),.UNSPECIFIED.,.F.,
  .F.,(2,2),(0.,1.570796326795),.PIECEWISE_BEZIER_KNOTS.);
#9704 = CARTESIAN_POINT('',(0.,0.));
#9705 = CARTESIAN_POINT('',(0.,1.570796326795));
#9706 = ( GEOMETRIC_REPRESENTATION_CONTEXT(2) 
PARAMETRIC_REPRESENTATION_CONTEXT() REPRESENTATION_CONTEXT('2D SPACE',''
  ) );
#9707 = PCURVE('',#9622,#9708);
#9708 = DEFINITIONAL_REPRESENTATION('',(#9709),#9712);
#9709 = B_SPLINE_CURVE_WITH_KNOTS('',1,(#9710,#9711),.UNSPECIFIED.,.F.,
  .F.,(2,2),(0.,1.570796326795),.PIECEWISE_BEZIER_KNOTS.);
#9710 = CARTESIAN_POINT('',(-6.28318530718,0.));
#9711 = CARTESIAN_POINT('',(-6.28318530718,1.570796326795));
#9712 = ( GEOMETRIC_REPRESENTATION_CONTEXT(2) 
PARAMETRIC_REPRESENTATION_CONTEXT() REPRESENTATION_CONTEXT('2D SPACE',''
  ) );
#9713 = ORIENTED_EDGE('',*,*,#9607,.F.);
#9714 = ORIENTED_EDGE('',*,*,#9692,.T.);
#9715 = ORIENTED_EDGE('',*,*,#9716,.T.);
#9716 = EDGE_CURVE('',#9693,#9693,#9717,.T.);
#9717 = SURFACE_CURVE('',#9718,(#9723,#9730),.PCURVE_S1.);
#9718 = CIRCLE('',#9719,1.46);
#9719 = AXIS2_PLACEMENT_3D('',#9720,#9721,#9722);
#9720 = CARTESIAN_POINT('',(3.45,-2.5,7.2));
#9721 = DIRECTION('',(0.,0.,1.));
#9722 = DIRECTION('',(1.,0.,-0.));
#9723 = PCURVE('',#9622,#9724);
#9724 = DEFINITIONAL_REPRESENTATION('',(#9725),#9729);
#9725 = LINE('',#9726,#9727);
#9726 = CARTESIAN_POINT('',(-0.,1.570796326795));
#9727 = VECTOR('',#9728,1.);
#9728 = DIRECTION('',(-1.,0.));
#9729 = ( GEOMETRIC_REPRESENTATION_CONTEXT(2) 
PARAMETRIC_REPRESENTATION_CONTEXT() REPRESENTATION_CONTEXT('2D SPACE',''
  ) );
#9730 = PCURVE('',#9731,#9736);
#9731 = PLANE('',#9732);
#9732 = AXIS2_PLACEMENT_3D('',#9733,#9734,#9735);
#9733 = CARTESIAN_POINT('',(3.45,-2.5,7.2));
#9734 = DIRECTION('',(0.,0.,1.));
#9735 = DIRECTION('',(1.,0.,-0.));
#9736 = DEFINITIONAL_REPRESENTATION('',(#9737),#9741);
#9737 = CIRCLE('',#9738,1.46);
#9738 = AXIS2_PLACEMENT_2D('',#9739,#9740);
#9739 = CARTESIAN_POINT('',(0.,0.));
#9740 = DIRECTION('',(1.,0.));
#9741 = ( GEOMETRIC_REPRESENTATION_CONTEXT(2) 
PARAMETRIC_REPRESENTATION_CONTEXT() REPRESENTATION_CONTEXT('2D SPACE',''
  ) );
#9742 = ADVANCED_FACE('',(#9743),#9675,.T.);
#9743 = FACE_BOUND('',#9744,.T.);
#9744 = EDGE_LOOP('',(#9745,#9767,#9768,#9769));
#9745 = ORIENTED_EDGE('',*,*,#9746,.F.);
#9746 = EDGE_CURVE('',#9638,#9747,#9749,.T.);
#9747 = VERTEX_POINT('',#9748);
#9748 = CARTESIAN_POINT('',(6.09,-2.5,14.4));
#9749 = SEAM_CURVE('',#9750,(#9755,#9761),.PCURVE_S1.);
#9750 = CIRCLE('',#9751,0.16);
#9751 = AXIS2_PLACEMENT_3D('',#9752,#9753,#9754);
#9752 = CARTESIAN_POINT('',(6.09,-2.5,14.24));
#9753 = DIRECTION('',(0.,-1.,0.));
#9754 = DIRECTION('',(1.,0.,0.));
#9755 = PCURVE('',#9675,#9756);
#9756 = DEFINITIONAL_REPRESENTATION('',(#9757),#9760);
#9757 = B_SPLINE_CURVE_WITH_KNOTS('',1,(#9758,#9759),.UNSPECIFIED.,.F.,
  .F.,(2,2),(0.,1.570796326795),.PIECEWISE_BEZIER_KNOTS.);
#9758 = CARTESIAN_POINT('',(0.,0.));
#9759 = CARTESIAN_POINT('',(0.,1.570796326795));
#9760 = ( GEOMETRIC_REPRESENTATION_CONTEXT(2) 
PARAMETRIC_REPRESENTATION_CONTEXT() REPRESENTATION_CONTEXT('2D SPACE',''
  ) );
#9761 = PCURVE('',#9675,#9762);
#9762 = DEFINITIONAL_REPRESENTATION('',(#9763),#9766);
#9763 = B_SPLINE_CURVE_WITH_KNOTS('',1,(#9764,#9765),.UNSPECIFIED.,.F.,
  .F.,(2,2),(0.,1.570796326795),.PIECEWISE_BEZIER_KNOTS.);
#9764 = CARTESIAN_POINT('',(6.28318530718,0.));
#9765 = CARTESIAN_POINT('',(6.28318530718,1.570796326795));
#9766 = ( GEOMETRIC_REPRESENTATION_CONTEXT(2) 
PARAMETRIC_REPRESENTATION_CONTEXT() REPRESENTATION_CONTEXT('2D SPACE',''
  ) );
#9767 = ORIENTED_EDGE('',*,*,#9660,.T.);
#9768 = ORIENTED_EDGE('',*,*,#9746,.T.);
#9769 = ORIENTED_EDGE('',*,*,#9770,.F.);
#9770 = EDGE_CURVE('',#9747,#9747,#9771,.T.);
#9771 = SURFACE_CURVE('',#9772,(#9777,#9784),.PCURVE_S1.);
#9772 = CIRCLE('',#9773,2.64);
#9773 = AXIS2_PLACEMENT_3D('',#9774,#9775,#9776);
#9774 = CARTESIAN_POINT('',(3.45,-2.5,14.4));
#9775 = DIRECTION('',(0.,0.,1.));
#9776 = DIRECTION('',(1.,0.,-0.));
#9777 = PCURVE('',#9675,#9778);
#9778 = DEFINITIONAL_REPRESENTATION('',(#9779),#9783);
#9779 = LINE('',#9780,#9781);
#9780 = CARTESIAN_POINT('',(0.,1.570796326795));
#9781 = VECTOR('',#9782,1.);
#9782 = DIRECTION('',(1.,0.));
#9783 = ( GEOMETRIC_REPRESENTATION_CONTEXT(2) 
PARAMETRIC_REPRESENTATION_CONTEXT() REPRESENTATION_CONTEXT('2D SPACE',''
  ) );
#9784 = PCURVE('',#9785,#9790);
#9785 = PLANE('',#9786);
#9786 = AXIS2_PLACEMENT_3D('',#9787,#9788,#9789);
#9787 = CARTESIAN_POINT('',(3.45,-2.5,14.4));
#9788 = DIRECTION('',(0.,0.,1.));
#9789 = DIRECTION('',(1.,0.,-0.));
#9790 = DEFINITIONAL_REPRESENTATION('',(#9791),#9795);
#9791 = CIRCLE('',#9792,2.64);
#9792 = AXIS2_PLACEMENT_2D('',#9793,#9794);
#9793 = CARTESIAN_POINT('',(0.,0.));
#9794 = DIRECTION('',(1.,0.));
#9795 = ( GEOMETRIC_REPRESENTATION_CONTEXT(2) 
PARAMETRIC_REPRESENTATION_CONTEXT() REPRESENTATION_CONTEXT('2D SPACE',''
  ) );
#9796 = ADVANCED_FACE('',(#9797),#9731,.F.);
#9797 = FACE_BOUND('',#9798,.F.);
#9798 = EDGE_LOOP('',(#9799));
#9799 = ORIENTED_EDGE('',*,*,#9716,.T.);
#9800 = ADVANCED_FACE('',(#9801,#10375),#9785,.T.);
#9801 = FACE_BOUND('',#9802,.T.);
#9802 = EDGE_LOOP('',(#9803,#9833,#9866,#9894,#9923,#9951,#9979,#10008,
    #10036,#10065,#10093,#10121,#10150,#10178,#10207,#10235,#10263,
    #10292,#10320,#10349));
#9803 = ORIENTED_EDGE('',*,*,#9804,.T.);
#9804 = EDGE_CURVE('',#9805,#9807,#9809,.T.);
#9805 = VERTEX_POINT('',#9806);
#9806 = CARTESIAN_POINT('',(3.135,-2.815,14.4));
#9807 = VERTEX_POINT('',#9808);
#9808 = CARTESIAN_POINT('',(1.474,-2.815,14.4));
#9809 = SURFACE_CURVE('',#9810,(#9814,#9821),.PCURVE_S1.);
#9810 = LINE('',#9811,#9812);
#9811 = CARTESIAN_POINT('',(3.175,-2.815,14.4));
#9812 = VECTOR('',#9813,1.);
#9813 = DIRECTION('',(-1.,-0.,0.));
#9814 = PCURVE('',#9785,#9815);
#9815 = DEFINITIONAL_REPRESENTATION('',(#9816),#9820);
#9816 = LINE('',#9817,#9818);
#9817 = CARTESIAN_POINT('',(-0.275,-0.315));
#9818 = VECTOR('',#9819,1.);
#9819 = DIRECTION('',(-1.,0.));
#9820 = ( GEOMETRIC_REPRESENTATION_CONTEXT(2) 
PARAMETRIC_REPRESENTATION_CONTEXT() REPRESENTATION_CONTEXT('2D SPACE',''
  ) );
#9821 = PCURVE('',#9822,#9827);
#9822 = CYLINDRICAL_SURFACE('',#9823,4.E-02);
#9823 = AXIS2_PLACEMENT_3D('',#9824,#9825,#9826);
#9824 = CARTESIAN_POINT('',(3.175,-2.815,14.36));
#9825 = DIRECTION('',(-1.,-0.,0.));
#9826 = DIRECTION('',(0.,0.,1.));
#9827 = DEFINITIONAL_REPRESENTATION('',(#9828),#9832);
#9828 = LINE('',#9829,#9830);
#9829 = CARTESIAN_POINT('',(0.,0.));
#9830 = VECTOR('',#9831,1.);
#9831 = DIRECTION('',(0.,1.));
#9832 = ( GEOMETRIC_REPRESENTATION_CONTEXT(2) 
PARAMETRIC_REPRESENTATION_CONTEXT() REPRESENTATION_CONTEXT('2D SPACE',''
  ) );
#9833 = ORIENTED_EDGE('',*,*,#9834,.T.);
#9834 = EDGE_CURVE('',#9807,#9835,#9837,.T.);
#9835 = VERTEX_POINT('',#9836);
#9836 = CARTESIAN_POINT('',(1.394,-2.735,14.4));
#9837 = SURFACE_CURVE('',#9838,(#9843,#9854),.PCURVE_S1.);
#9838 = CIRCLE('',#9839,8.E-02);
#9839 = AXIS2_PLACEMENT_3D('',#9840,#9841,#9842);
#9840 = CARTESIAN_POINT('',(1.474,-2.735,14.4));
#9841 = DIRECTION('',(-0.,-0.,-1.));
#9842 = DIRECTION('',(0.,-1.,0.));
#9843 = PCURVE('',#9785,#9844);
#9844 = DEFINITIONAL_REPRESENTATION('',(#9845),#9853);
#9845 = ( BOUNDED_CURVE() B_SPLINE_CURVE(2,(#9846,#9847,#9848,#9849,
#9850,#9851,#9852),.UNSPECIFIED.,.T.,.F.) B_SPLINE_CURVE_WITH_KNOTS((1,2
    ,2,2,2,1),(-2.094395102393,0.,2.094395102393,4.188790204786,
6.28318530718,8.377580409573),.UNSPECIFIED.) CURVE() 
GEOMETRIC_REPRESENTATION_ITEM() RATIONAL_B_SPLINE_CURVE((1.,0.5,1.,0.5,
1.,0.5,1.)) REPRESENTATION_ITEM('') );
#9846 = CARTESIAN_POINT('',(-1.976,-0.315));
#9847 = CARTESIAN_POINT('',(-2.114564064606,-0.315));
#9848 = CARTESIAN_POINT('',(-2.045282032303,-0.195));
#9849 = CARTESIAN_POINT('',(-1.976,-7.5E-02));
#9850 = CARTESIAN_POINT('',(-1.906717967697,-0.195));
#9851 = CARTESIAN_POINT('',(-1.837435935394,-0.315));
#9852 = CARTESIAN_POINT('',(-1.976,-0.315));
#9853 = ( GEOMETRIC_REPRESENTATION_CONTEXT(2) 
PARAMETRIC_REPRESENTATION_CONTEXT() REPRESENTATION_CONTEXT('2D SPACE',''
  ) );
#9854 = PCURVE('',#9855,#9860);
#9855 = TOROIDAL_SURFACE('',#9856,8.E-02,4.E-02);
#9856 = AXIS2_PLACEMENT_3D('',#9857,#9858,#9859);
#9857 = CARTESIAN_POINT('',(1.474,-2.735,14.36));
#9858 = DIRECTION('',(0.,0.,1.));
#9859 = DIRECTION('',(0.,-1.,0.));
#9860 = DEFINITIONAL_REPRESENTATION('',(#9861),#9865);
#9861 = LINE('',#9862,#9863);
#9862 = CARTESIAN_POINT('',(-0.,1.570796326795));
#9863 = VECTOR('',#9864,1.);
#9864 = DIRECTION('',(-1.,0.));
#9865 = ( GEOMETRIC_REPRESENTATION_CONTEXT(2) 
PARAMETRIC_REPRESENTATION_CONTEXT() REPRESENTATION_CONTEXT('2D SPACE',''
  ) );
#9866 = ORIENTED_EDGE('',*,*,#9867,.T.);
#9867 = EDGE_CURVE('',#9835,#9868,#9870,.T.);
#9868 = VERTEX_POINT('',#9869);
#9869 = CARTESIAN_POINT('',(1.394,-2.265,14.4));
#9870 = SURFACE_CURVE('',#9871,(#9875,#9882),.PCURVE_S1.);
#9871 = LINE('',#9872,#9873);
#9872 = CARTESIAN_POINT('',(1.394,-2.775,14.4));
#9873 = VECTOR('',#9874,1.);
#9874 = DIRECTION('',(-0.,1.,0.));
#9875 = PCURVE('',#9785,#9876);
#9876 = DEFINITIONAL_REPRESENTATION('',(#9877),#9881);
#9877 = LINE('',#9878,#9879);
#9878 = CARTESIAN_POINT('',(-2.056,-0.275));
#9879 = VECTOR('',#9880,1.);
#9880 = DIRECTION('',(0.,1.));
#9881 = ( GEOMETRIC_REPRESENTATION_CONTEXT(2) 
PARAMETRIC_REPRESENTATION_CONTEXT() REPRESENTATION_CONTEXT('2D SPACE',''
  ) );
#9882 = PCURVE('',#9883,#9888);
#9883 = CYLINDRICAL_SURFACE('',#9884,4.E-02);
#9884 = AXIS2_PLACEMENT_3D('',#9885,#9886,#9887);
#9885 = CARTESIAN_POINT('',(1.394,-2.775,14.36));
#9886 = DIRECTION('',(-0.,1.,0.));
#9887 = DIRECTION('',(0.,0.,1.));
#9888 = DEFINITIONAL_REPRESENTATION('',(#9889),#9893);
#9889 = LINE('',#9890,#9891);
#9890 = CARTESIAN_POINT('',(0.,0.));
#9891 = VECTOR('',#9892,1.);
#9892 = DIRECTION('',(0.,1.));
#9893 = ( GEOMETRIC_REPRESENTATION_CONTEXT(2) 
PARAMETRIC_REPRESENTATION_CONTEXT() REPRESENTATION_CONTEXT('2D SPACE',''
  ) );
#9894 = ORIENTED_EDGE('',*,*,#9895,.F.);
#9895 = EDGE_CURVE('',#9896,#9868,#9898,.T.);
#9896 = VERTEX_POINT('',#9897);
#9897 = CARTESIAN_POINT('',(1.474,-2.185,14.4));
#9898 = SURFACE_CURVE('',#9899,(#9904,#9911),.PCURVE_S1.);
#9899 = CIRCLE('',#9900,8.E-02);
#9900 = AXIS2_PLACEMENT_3D('',#9901,#9902,#9903);
#9901 = CARTESIAN_POINT('',(1.474,-2.265,14.4));
#9902 = DIRECTION('',(0.,0.,1.));
#9903 = DIRECTION('',(0.,1.,-0.));
#9904 = PCURVE('',#9785,#9905);
#9905 = DEFINITIONAL_REPRESENTATION('',(#9906),#9910);
#9906 = CIRCLE('',#9907,8.E-02);
#9907 = AXIS2_PLACEMENT_2D('',#9908,#9909);
#9908 = CARTESIAN_POINT('',(-1.976,0.235));
#9909 = DIRECTION('',(0.,1.));
#9910 = ( GEOMETRIC_REPRESENTATION_CONTEXT(2) 
PARAMETRIC_REPRESENTATION_CONTEXT() REPRESENTATION_CONTEXT('2D SPACE',''
  ) );
#9911 = PCURVE('',#9912,#9917);
#9912 = TOROIDAL_SURFACE('',#9913,8.E-02,4.E-02);
#9913 = AXIS2_PLACEMENT_3D('',#9914,#9915,#9916);
#9914 = CARTESIAN_POINT('',(1.474,-2.265,14.36));
#9915 = DIRECTION('',(0.,0.,1.));
#9916 = DIRECTION('',(0.,1.,-0.));
#9917 = DEFINITIONAL_REPRESENTATION('',(#9918),#9922);
#9918 = LINE('',#9919,#9920);
#9919 = CARTESIAN_POINT('',(0.,1.570796326795));
#9920 = VECTOR('',#9921,1.);
#9921 = DIRECTION('',(1.,0.));
#9922 = ( GEOMETRIC_REPRESENTATION_CONTEXT(2) 
PARAMETRIC_REPRESENTATION_CONTEXT() REPRESENTATION_CONTEXT('2D SPACE',''
  ) );
#9923 = ORIENTED_EDGE('',*,*,#9924,.F.);
#9924 = EDGE_CURVE('',#9925,#9896,#9927,.T.);
#9925 = VERTEX_POINT('',#9926);
#9926 = CARTESIAN_POINT('',(3.135,-2.185,14.4));
#9927 = SURFACE_CURVE('',#9928,(#9932,#9939),.PCURVE_S1.);
#9928 = LINE('',#9929,#9930);
#9929 = CARTESIAN_POINT('',(3.175,-2.185,14.4));
#9930 = VECTOR('',#9931,1.);
#9931 = DIRECTION('',(-1.,-0.,0.));
#9932 = PCURVE('',#9785,#9933);
#9933 = DEFINITIONAL_REPRESENTATION('',(#9934),#9938);
#9934 = LINE('',#9935,#9936);
#9935 = CARTESIAN_POINT('',(-0.275,0.315));
#9936 = VECTOR('',#9937,1.);
#9937 = DIRECTION('',(-1.,0.));
#9938 = ( GEOMETRIC_REPRESENTATION_CONTEXT(2) 
PARAMETRIC_REPRESENTATION_CONTEXT() REPRESENTATION_CONTEXT('2D SPACE',''
  ) );
#9939 = PCURVE('',#9940,#9945);
#9940 = CYLINDRICAL_SURFACE('',#9941,4.E-02);
#9941 = AXIS2_PLACEMENT_3D('',#9942,#9943,#9944);
#9942 = CARTESIAN_POINT('',(3.175,-2.185,14.36));
#9943 = DIRECTION('',(-1.,-0.,0.));
#9944 = DIRECTION('',(0.,0.,1.));
#9945 = DEFINITIONAL_REPRESENTATION('',(#9946),#9950);
#9946 = LINE('',#9947,#9948);
#9947 = CARTESIAN_POINT('',(-0.,0.));
#9948 = VECTOR('',#9949,1.);
#9949 = DIRECTION('',(-0.,1.));
#9950 = ( GEOMETRIC_REPRESENTATION_CONTEXT(2) 
PARAMETRIC_REPRESENTATION_CONTEXT() REPRESENTATION_CONTEXT('2D SPACE',''
  ) );
#9951 = ORIENTED_EDGE('',*,*,#9952,.T.);
#9952 = EDGE_CURVE('',#9925,#9953,#9955,.T.);
#9953 = VERTEX_POINT('',#9954);
#9954 = CARTESIAN_POINT('',(3.135,-0.524,14.4));
#9955 = SURFACE_CURVE('',#9956,(#9960,#9967),.PCURVE_S1.);
#9956 = LINE('',#9957,#9958);
#9957 = CARTESIAN_POINT('',(3.135,-2.225,14.4));
#9958 = VECTOR('',#9959,1.);
#9959 = DIRECTION('',(-0.,1.,0.));
#9960 = PCURVE('',#9785,#9961);
#9961 = DEFINITIONAL_REPRESENTATION('',(#9962),#9966);
#9962 = LINE('',#9963,#9964);
#9963 = CARTESIAN_POINT('',(-0.315,0.275));
#9964 = VECTOR('',#9965,1.);
#9965 = DIRECTION('',(0.,1.));
#9966 = ( GEOMETRIC_REPRESENTATION_CONTEXT(2) 
PARAMETRIC_REPRESENTATION_CONTEXT() REPRESENTATION_CONTEXT('2D SPACE',''
  ) );
#9967 = PCURVE('',#9968,#9973);
#9968 = CYLINDRICAL_SURFACE('',#9969,4.E-02);
#9969 = AXIS2_PLACEMENT_3D('',#9970,#9971,#9972);
#9970 = CARTESIAN_POINT('',(3.135,-2.225,14.36));
#9971 = DIRECTION('',(-0.,1.,0.));
#9972 = DIRECTION('',(0.,0.,1.));
#9973 = DEFINITIONAL_REPRESENTATION('',(#9974),#9978);
#9974 = LINE('',#9975,#9976);
#9975 = CARTESIAN_POINT('',(0.,0.));
#9976 = VECTOR('',#9977,1.);
#9977 = DIRECTION('',(0.,1.));
#9978 = ( GEOMETRIC_REPRESENTATION_CONTEXT(2) 
PARAMETRIC_REPRESENTATION_CONTEXT() REPRESENTATION_CONTEXT('2D SPACE',''
  ) );
#9979 = ORIENTED_EDGE('',*,*,#9980,.F.);
#9980 = EDGE_CURVE('',#9981,#9953,#9983,.T.);
#9981 = VERTEX_POINT('',#9982);
#9982 = CARTESIAN_POINT('',(3.215,-0.444,14.4));
#9983 = SURFACE_CURVE('',#9984,(#9989,#9996),.PCURVE_S1.);
#9984 = CIRCLE('',#9985,8.E-02);
#9985 = AXIS2_PLACEMENT_3D('',#9986,#9987,#9988);
#9986 = CARTESIAN_POINT('',(3.215,-0.524,14.4));
#9987 = DIRECTION('',(0.,0.,1.));
#9988 = DIRECTION('',(0.,1.,-0.));
#9989 = PCURVE('',#9785,#9990);
#9990 = DEFINITIONAL_REPRESENTATION('',(#9991),#9995);
#9991 = CIRCLE('',#9992,8.E-02);
#9992 = AXIS2_PLACEMENT_2D('',#9993,#9994);
#9993 = CARTESIAN_POINT('',(-0.235,1.976));
#9994 = DIRECTION('',(0.,1.));
#9995 = ( GEOMETRIC_REPRESENTATION_CONTEXT(2) 
PARAMETRIC_REPRESENTATION_CONTEXT() REPRESENTATION_CONTEXT('2D SPACE',''
  ) );
#9996 = PCURVE('',#9997,#10002);
#9997 = TOROIDAL_SURFACE('',#9998,8.E-02,4.E-02);
#9998 = AXIS2_PLACEMENT_3D('',#9999,#10000,#10001);
#9999 = CARTESIAN_POINT('',(3.215,-0.524,14.36));
#10000 = DIRECTION('',(0.,0.,1.));
#10001 = DIRECTION('',(0.,1.,-0.));
#10002 = DEFINITIONAL_REPRESENTATION('',(#10003),#10007);
#10003 = LINE('',#10004,#10005);
#10004 = CARTESIAN_POINT('',(0.,1.570796326795));
#10005 = VECTOR('',#10006,1.);
#10006 = DIRECTION('',(1.,0.));
#10007 = ( GEOMETRIC_REPRESENTATION_CONTEXT(2) 
PARAMETRIC_REPRESENTATION_CONTEXT() REPRESENTATION_CONTEXT('2D SPACE',''
  ) );
#10008 = ORIENTED_EDGE('',*,*,#10009,.F.);
#10009 = EDGE_CURVE('',#10010,#9981,#10012,.T.);
#10010 = VERTEX_POINT('',#10011);
#10011 = CARTESIAN_POINT('',(3.685,-0.444,14.4));
#10012 = SURFACE_CURVE('',#10013,(#10017,#10024),.PCURVE_S1.);
#10013 = LINE('',#10014,#10015);
#10014 = CARTESIAN_POINT('',(3.725,-0.444,14.4));
#10015 = VECTOR('',#10016,1.);
#10016 = DIRECTION('',(-1.,-0.,0.));
#10017 = PCURVE('',#9785,#10018);
#10018 = DEFINITIONAL_REPRESENTATION('',(#10019),#10023);
#10019 = LINE('',#10020,#10021);
#10020 = CARTESIAN_POINT('',(0.275,2.056));
#10021 = VECTOR('',#10022,1.);
#10022 = DIRECTION('',(-1.,0.));
#10023 = ( GEOMETRIC_REPRESENTATION_CONTEXT(2) 
PARAMETRIC_REPRESENTATION_CONTEXT() REPRESENTATION_CONTEXT('2D SPACE',''
  ) );
#10024 = PCURVE('',#10025,#10030);
#10025 = CYLINDRICAL_SURFACE('',#10026,4.E-02);
#10026 = AXIS2_PLACEMENT_3D('',#10027,#10028,#10029);
#10027 = CARTESIAN_POINT('',(3.725,-0.444,14.36));
#10028 = DIRECTION('',(-1.,-0.,0.));
#10029 = DIRECTION('',(0.,0.,1.));
#10030 = DEFINITIONAL_REPRESENTATION('',(#10031),#10035);
#10031 = LINE('',#10032,#10033);
#10032 = CARTESIAN_POINT('',(-0.,0.));
#10033 = VECTOR('',#10034,1.);
#10034 = DIRECTION('',(-0.,1.));
#10035 = ( GEOMETRIC_REPRESENTATION_CONTEXT(2) 
PARAMETRIC_REPRESENTATION_CONTEXT() REPRESENTATION_CONTEXT('2D SPACE',''
  ) );
#10036 = ORIENTED_EDGE('',*,*,#10037,.F.);
#10037 = EDGE_CURVE('',#10038,#10010,#10040,.T.);
#10038 = VERTEX_POINT('',#10039);
#10039 = CARTESIAN_POINT('',(3.765,-0.524,14.4));
#10040 = SURFACE_CURVE('',#10041,(#10046,#10053),.PCURVE_S1.);
#10041 = CIRCLE('',#10042,8.E-02);
#10042 = AXIS2_PLACEMENT_3D('',#10043,#10044,#10045);
#10043 = CARTESIAN_POINT('',(3.685,-0.524,14.4));
#10044 = DIRECTION('',(0.,0.,1.));
#10045 = DIRECTION('',(1.,0.,-0.));
#10046 = PCURVE('',#9785,#10047);
#10047 = DEFINITIONAL_REPRESENTATION('',(#10048),#10052);
#10048 = CIRCLE('',#10049,8.E-02);
#10049 = AXIS2_PLACEMENT_2D('',#10050,#10051);
#10050 = CARTESIAN_POINT('',(0.235,1.976));
#10051 = DIRECTION('',(1.,0.));
#10052 = ( GEOMETRIC_REPRESENTATION_CONTEXT(2) 
PARAMETRIC_REPRESENTATION_CONTEXT() REPRESENTATION_CONTEXT('2D SPACE',''
  ) );
#10053 = PCURVE('',#10054,#10059);
#10054 = TOROIDAL_SURFACE('',#10055,8.E-02,4.E-02);
#10055 = AXIS2_PLACEMENT_3D('',#10056,#10057,#10058);
#10056 = CARTESIAN_POINT('',(3.685,-0.524,14.36));
#10057 = DIRECTION('',(0.,0.,1.));
#10058 = DIRECTION('',(1.,0.,-0.));
#10059 = DEFINITIONAL_REPRESENTATION('',(#10060),#10064);
#10060 = LINE('',#10061,#10062);
#10061 = CARTESIAN_POINT('',(0.,1.570796326795));
#10062 = VECTOR('',#10063,1.);
#10063 = DIRECTION('',(1.,0.));
#10064 = ( GEOMETRIC_REPRESENTATION_CONTEXT(2) 
PARAMETRIC_REPRESENTATION_CONTEXT() REPRESENTATION_CONTEXT('2D SPACE',''
  ) );
#10065 = ORIENTED_EDGE('',*,*,#10066,.F.);
#10066 = EDGE_CURVE('',#10067,#10038,#10069,.T.);
#10067 = VERTEX_POINT('',#10068);
#10068 = CARTESIAN_POINT('',(3.765,-2.185,14.4));
#10069 = SURFACE_CURVE('',#10070,(#10074,#10081),.PCURVE_S1.);
#10070 = LINE('',#10071,#10072);
#10071 = CARTESIAN_POINT('',(3.765,-2.225,14.4));
#10072 = VECTOR('',#10073,1.);
#10073 = DIRECTION('',(-0.,1.,0.));
#10074 = PCURVE('',#9785,#10075);
#10075 = DEFINITIONAL_REPRESENTATION('',(#10076),#10080);
#10076 = LINE('',#10077,#10078);
#10077 = CARTESIAN_POINT('',(0.315,0.275));
#10078 = VECTOR('',#10079,1.);
#10079 = DIRECTION('',(0.,1.));
#10080 = ( GEOMETRIC_REPRESENTATION_CONTEXT(2) 
PARAMETRIC_REPRESENTATION_CONTEXT() REPRESENTATION_CONTEXT('2D SPACE',''
  ) );
#10081 = PCURVE('',#10082,#10087);
#10082 = CYLINDRICAL_SURFACE('',#10083,4.E-02);
#10083 = AXIS2_PLACEMENT_3D('',#10084,#10085,#10086);
#10084 = CARTESIAN_POINT('',(3.765,-2.225,14.36));
#10085 = DIRECTION('',(-0.,1.,0.));
#10086 = DIRECTION('',(0.,0.,1.));
#10087 = DEFINITIONAL_REPRESENTATION('',(#10088),#10092);
#10088 = LINE('',#10089,#10090);
#10089 = CARTESIAN_POINT('',(-0.,0.));
#10090 = VECTOR('',#10091,1.);
#10091 = DIRECTION('',(-0.,1.));
#10092 = ( GEOMETRIC_REPRESENTATION_CONTEXT(2) 
PARAMETRIC_REPRESENTATION_CONTEXT() REPRESENTATION_CONTEXT('2D SPACE',''
  ) );
#10093 = ORIENTED_EDGE('',*,*,#10094,.F.);
#10094 = EDGE_CURVE('',#10095,#10067,#10097,.T.);
#10095 = VERTEX_POINT('',#10096);
#10096 = CARTESIAN_POINT('',(5.426,-2.185,14.4));
#10097 = SURFACE_CURVE('',#10098,(#10102,#10109),.PCURVE_S1.);
#10098 = LINE('',#10099,#10100);
#10099 = CARTESIAN_POINT('',(5.466,-2.185,14.4));
#10100 = VECTOR('',#10101,1.);
#10101 = DIRECTION('',(-1.,-0.,0.));
#10102 = PCURVE('',#9785,#10103);
#10103 = DEFINITIONAL_REPRESENTATION('',(#10104),#10108);
#10104 = LINE('',#10105,#10106);
#10105 = CARTESIAN_POINT('',(2.016,0.315));
#10106 = VECTOR('',#10107,1.);
#10107 = DIRECTION('',(-1.,0.));
#10108 = ( GEOMETRIC_REPRESENTATION_CONTEXT(2) 
PARAMETRIC_REPRESENTATION_CONTEXT() REPRESENTATION_CONTEXT('2D SPACE',''
  ) );
#10109 = PCURVE('',#10110,#10115);
#10110 = CYLINDRICAL_SURFACE('',#10111,4.E-02);
#10111 = AXIS2_PLACEMENT_3D('',#10112,#10113,#10114);
#10112 = CARTESIAN_POINT('',(5.466,-2.185,14.36));
#10113 = DIRECTION('',(-1.,-0.,0.));
#10114 = DIRECTION('',(0.,0.,1.));
#10115 = DEFINITIONAL_REPRESENTATION('',(#10116),#10120);
#10116 = LINE('',#10117,#10118);
#10117 = CARTESIAN_POINT('',(-0.,0.));
#10118 = VECTOR('',#10119,1.);
#10119 = DIRECTION('',(-0.,1.));
#10120 = ( GEOMETRIC_REPRESENTATION_CONTEXT(2) 
PARAMETRIC_REPRESENTATION_CONTEXT() REPRESENTATION_CONTEXT('2D SPACE',''
  ) );
#10121 = ORIENTED_EDGE('',*,*,#10122,.F.);
#10122 = EDGE_CURVE('',#10123,#10095,#10125,.T.);
#10123 = VERTEX_POINT('',#10124);
#10124 = CARTESIAN_POINT('',(5.506,-2.265,14.4));
#10125 = SURFACE_CURVE('',#10126,(#10131,#10138),.PCURVE_S1.);
#10126 = CIRCLE('',#10127,8.E-02);
#10127 = AXIS2_PLACEMENT_3D('',#10128,#10129,#10130);
#10128 = CARTESIAN_POINT('',(5.426,-2.265,14.4));
#10129 = DIRECTION('',(0.,0.,1.));
#10130 = DIRECTION('',(1.,0.,-0.));
#10131 = PCURVE('',#9785,#10132);
#10132 = DEFINITIONAL_REPRESENTATION('',(#10133),#10137);
#10133 = CIRCLE('',#10134,8.E-02);
#10134 = AXIS2_PLACEMENT_2D('',#10135,#10136);
#10135 = CARTESIAN_POINT('',(1.976,0.235));
#10136 = DIRECTION('',(1.,0.));
#10137 = ( GEOMETRIC_REPRESENTATION_CONTEXT(2) 
PARAMETRIC_REPRESENTATION_CONTEXT() REPRESENTATION_CONTEXT('2D SPACE',''
  ) );
#10138 = PCURVE('',#10139,#10144);
#10139 = TOROIDAL_SURFACE('',#10140,8.E-02,4.E-02);
#10140 = AXIS2_PLACEMENT_3D('',#10141,#10142,#10143);
#10141 = CARTESIAN_POINT('',(5.426,-2.265,14.36));
#10142 = DIRECTION('',(0.,0.,1.));
#10143 = DIRECTION('',(1.,0.,-0.));
#10144 = DEFINITIONAL_REPRESENTATION('',(#10145),#10149);
#10145 = LINE('',#10146,#10147);
#10146 = CARTESIAN_POINT('',(0.,1.570796326795));
#10147 = VECTOR('',#10148,1.);
#10148 = DIRECTION('',(1.,0.));
#10149 = ( GEOMETRIC_REPRESENTATION_CONTEXT(2) 
PARAMETRIC_REPRESENTATION_CONTEXT() REPRESENTATION_CONTEXT('2D SPACE',''
  ) );
#10150 = ORIENTED_EDGE('',*,*,#10151,.F.);
#10151 = EDGE_CURVE('',#10152,#10123,#10154,.T.);
#10152 = VERTEX_POINT('',#10153);
#10153 = CARTESIAN_POINT('',(5.506,-2.735,14.4));
#10154 = SURFACE_CURVE('',#10155,(#10159,#10166),.PCURVE_S1.);
#10155 = LINE('',#10156,#10157);
#10156 = CARTESIAN_POINT('',(5.506,-2.775,14.4));
#10157 = VECTOR('',#10158,1.);
#10158 = DIRECTION('',(-0.,1.,0.));
#10159 = PCURVE('',#9785,#10160);
#10160 = DEFINITIONAL_REPRESENTATION('',(#10161),#10165);
#10161 = LINE('',#10162,#10163);
#10162 = CARTESIAN_POINT('',(2.056,-0.275));
#10163 = VECTOR('',#10164,1.);
#10164 = DIRECTION('',(0.,1.));
#10165 = ( GEOMETRIC_REPRESENTATION_CONTEXT(2) 
PARAMETRIC_REPRESENTATION_CONTEXT() REPRESENTATION_CONTEXT('2D SPACE',''
  ) );
#10166 = PCURVE('',#10167,#10172);
#10167 = CYLINDRICAL_SURFACE('',#10168,4.E-02);
#10168 = AXIS2_PLACEMENT_3D('',#10169,#10170,#10171);
#10169 = CARTESIAN_POINT('',(5.506,-2.775,14.36));
#10170 = DIRECTION('',(-0.,1.,0.));
#10171 = DIRECTION('',(0.,0.,1.));
#10172 = DEFINITIONAL_REPRESENTATION('',(#10173),#10177);
#10173 = LINE('',#10174,#10175);
#10174 = CARTESIAN_POINT('',(-0.,0.));
#10175 = VECTOR('',#10176,1.);
#10176 = DIRECTION('',(-0.,1.));
#10177 = ( GEOMETRIC_REPRESENTATION_CONTEXT(2) 
PARAMETRIC_REPRESENTATION_CONTEXT() REPRESENTATION_CONTEXT('2D SPACE',''
  ) );
#10178 = ORIENTED_EDGE('',*,*,#10179,.F.);
#10179 = EDGE_CURVE('',#10180,#10152,#10182,.T.);
#10180 = VERTEX_POINT('',#10181);
#10181 = CARTESIAN_POINT('',(5.426,-2.815,14.4));
#10182 = SURFACE_CURVE('',#10183,(#10188,#10195),.PCURVE_S1.);
#10183 = CIRCLE('',#10184,8.E-02);
#10184 = AXIS2_PLACEMENT_3D('',#10185,#10186,#10187);
#10185 = CARTESIAN_POINT('',(5.426,-2.735,14.4));
#10186 = DIRECTION('',(0.,0.,1.));
#10187 = DIRECTION('',(0.,-1.,0.));
#10188 = PCURVE('',#9785,#10189);
#10189 = DEFINITIONAL_REPRESENTATION('',(#10190),#10194);
#10190 = CIRCLE('',#10191,8.E-02);
#10191 = AXIS2_PLACEMENT_2D('',#10192,#10193);
#10192 = CARTESIAN_POINT('',(1.976,-0.235));
#10193 = DIRECTION('',(0.,-1.));
#10194 = ( GEOMETRIC_REPRESENTATION_CONTEXT(2) 
PARAMETRIC_REPRESENTATION_CONTEXT() REPRESENTATION_CONTEXT('2D SPACE',''
  ) );
#10195 = PCURVE('',#10196,#10201);
#10196 = TOROIDAL_SURFACE('',#10197,8.E-02,4.E-02);
#10197 = AXIS2_PLACEMENT_3D('',#10198,#10199,#10200);
#10198 = CARTESIAN_POINT('',(5.426,-2.735,14.36));
#10199 = DIRECTION('',(0.,0.,1.));
#10200 = DIRECTION('',(0.,-1.,0.));
#10201 = DEFINITIONAL_REPRESENTATION('',(#10202),#10206);
#10202 = LINE('',#10203,#10204);
#10203 = CARTESIAN_POINT('',(0.,1.570796326795));
#10204 = VECTOR('',#10205,1.);
#10205 = DIRECTION('',(1.,0.));
#10206 = ( GEOMETRIC_REPRESENTATION_CONTEXT(2) 
PARAMETRIC_REPRESENTATION_CONTEXT() REPRESENTATION_CONTEXT('2D SPACE',''
  ) );
#10207 = ORIENTED_EDGE('',*,*,#10208,.T.);
#10208 = EDGE_CURVE('',#10180,#10209,#10211,.T.);
#10209 = VERTEX_POINT('',#10210);
#10210 = CARTESIAN_POINT('',(3.765,-2.815,14.4));
#10211 = SURFACE_CURVE('',#10212,(#10216,#10223),.PCURVE_S1.);
#10212 = LINE('',#10213,#10214);
#10213 = CARTESIAN_POINT('',(5.466,-2.815,14.4));
#10214 = VECTOR('',#10215,1.);
#10215 = DIRECTION('',(-1.,-0.,0.));
#10216 = PCURVE('',#9785,#10217);
#10217 = DEFINITIONAL_REPRESENTATION('',(#10218),#10222);
#10218 = LINE('',#10219,#10220);
#10219 = CARTESIAN_POINT('',(2.016,-0.315));
#10220 = VECTOR('',#10221,1.);
#10221 = DIRECTION('',(-1.,0.));
#10222 = ( GEOMETRIC_REPRESENTATION_CONTEXT(2) 
PARAMETRIC_REPRESENTATION_CONTEXT() REPRESENTATION_CONTEXT('2D SPACE',''
  ) );
#10223 = PCURVE('',#10224,#10229);
#10224 = CYLINDRICAL_SURFACE('',#10225,4.E-02);
#10225 = AXIS2_PLACEMENT_3D('',#10226,#10227,#10228);
#10226 = CARTESIAN_POINT('',(5.466,-2.815,14.36));
#10227 = DIRECTION('',(-1.,-0.,0.));
#10228 = DIRECTION('',(0.,0.,1.));
#10229 = DEFINITIONAL_REPRESENTATION('',(#10230),#10234);
#10230 = LINE('',#10231,#10232);
#10231 = CARTESIAN_POINT('',(0.,0.));
#10232 = VECTOR('',#10233,1.);
#10233 = DIRECTION('',(0.,1.));
#10234 = ( GEOMETRIC_REPRESENTATION_CONTEXT(2) 
PARAMETRIC_REPRESENTATION_CONTEXT() REPRESENTATION_CONTEXT('2D SPACE',''
  ) );
#10235 = ORIENTED_EDGE('',*,*,#10236,.F.);
#10236 = EDGE_CURVE('',#10237,#10209,#10239,.T.);
#10237 = VERTEX_POINT('',#10238);
#10238 = CARTESIAN_POINT('',(3.765,-4.476,14.4));
#10239 = SURFACE_CURVE('',#10240,(#10244,#10251),.PCURVE_S1.);
#10240 = LINE('',#10241,#10242);
#10241 = CARTESIAN_POINT('',(3.765,-4.516,14.4));
#10242 = VECTOR('',#10243,1.);
#10243 = DIRECTION('',(-0.,1.,0.));
#10244 = PCURVE('',#9785,#10245);
#10245 = DEFINITIONAL_REPRESENTATION('',(#10246),#10250);
#10246 = LINE('',#10247,#10248);
#10247 = CARTESIAN_POINT('',(0.315,-2.016));
#10248 = VECTOR('',#10249,1.);
#10249 = DIRECTION('',(0.,1.));
#10250 = ( GEOMETRIC_REPRESENTATION_CONTEXT(2) 
PARAMETRIC_REPRESENTATION_CONTEXT() REPRESENTATION_CONTEXT('2D SPACE',''
  ) );
#10251 = PCURVE('',#10252,#10257);
#10252 = CYLINDRICAL_SURFACE('',#10253,4.E-02);
#10253 = AXIS2_PLACEMENT_3D('',#10254,#10255,#10256);
#10254 = CARTESIAN_POINT('',(3.765,-4.516,14.36));
#10255 = DIRECTION('',(-0.,1.,0.));
#10256 = DIRECTION('',(0.,0.,1.));
#10257 = DEFINITIONAL_REPRESENTATION('',(#10258),#10262);
#10258 = LINE('',#10259,#10260);
#10259 = CARTESIAN_POINT('',(-0.,0.));
#10260 = VECTOR('',#10261,1.);
#10261 = DIRECTION('',(-0.,1.));
#10262 = ( GEOMETRIC_REPRESENTATION_CONTEXT(2) 
PARAMETRIC_REPRESENTATION_CONTEXT() REPRESENTATION_CONTEXT('2D SPACE',''
  ) );
#10263 = ORIENTED_EDGE('',*,*,#10264,.F.);
#10264 = EDGE_CURVE('',#10265,#10237,#10267,.T.);
#10265 = VERTEX_POINT('',#10266);
#10266 = CARTESIAN_POINT('',(3.685,-4.556,14.4));
#10267 = SURFACE_CURVE('',#10268,(#10273,#10280),.PCURVE_S1.);
#10268 = CIRCLE('',#10269,8.E-02);
#10269 = AXIS2_PLACEMENT_3D('',#10270,#10271,#10272);
#10270 = CARTESIAN_POINT('',(3.685,-4.476,14.4));
#10271 = DIRECTION('',(0.,0.,1.));
#10272 = DIRECTION('',(0.,-1.,0.));
#10273 = PCURVE('',#9785,#10274);
#10274 = DEFINITIONAL_REPRESENTATION('',(#10275),#10279);
#10275 = CIRCLE('',#10276,8.E-02);
#10276 = AXIS2_PLACEMENT_2D('',#10277,#10278);
#10277 = CARTESIAN_POINT('',(0.235,-1.976));
#10278 = DIRECTION('',(0.,-1.));
#10279 = ( GEOMETRIC_REPRESENTATION_CONTEXT(2) 
PARAMETRIC_REPRESENTATION_CONTEXT() REPRESENTATION_CONTEXT('2D SPACE',''
  ) );
#10280 = PCURVE('',#10281,#10286);
#10281 = TOROIDAL_SURFACE('',#10282,8.E-02,4.E-02);
#10282 = AXIS2_PLACEMENT_3D('',#10283,#10284,#10285);
#10283 = CARTESIAN_POINT('',(3.685,-4.476,14.36));
#10284 = DIRECTION('',(0.,0.,1.));
#10285 = DIRECTION('',(0.,-1.,0.));
#10286 = DEFINITIONAL_REPRESENTATION('',(#10287),#10291);
#10287 = LINE('',#10288,#10289);
#10288 = CARTESIAN_POINT('',(0.,1.570796326795));
#10289 = VECTOR('',#10290,1.);
#10290 = DIRECTION('',(1.,0.));
#10291 = ( GEOMETRIC_REPRESENTATION_CONTEXT(2) 
PARAMETRIC_REPRESENTATION_CONTEXT() REPRESENTATION_CONTEXT('2D SPACE',''
  ) );
#10292 = ORIENTED_EDGE('',*,*,#10293,.T.);
#10293 = EDGE_CURVE('',#10265,#10294,#10296,.T.);
#10294 = VERTEX_POINT('',#10295);
#10295 = CARTESIAN_POINT('',(3.215,-4.556,14.4));
#10296 = SURFACE_CURVE('',#10297,(#10301,#10308),.PCURVE_S1.);
#10297 = LINE('',#10298,#10299);
#10298 = CARTESIAN_POINT('',(3.725,-4.556,14.4));
#10299 = VECTOR('',#10300,1.);
#10300 = DIRECTION('',(-1.,-0.,0.));
#10301 = PCURVE('',#9785,#10302);
#10302 = DEFINITIONAL_REPRESENTATION('',(#10303),#10307);
#10303 = LINE('',#10304,#10305);
#10304 = CARTESIAN_POINT('',(0.275,-2.056));
#10305 = VECTOR('',#10306,1.);
#10306 = DIRECTION('',(-1.,0.));
#10307 = ( GEOMETRIC_REPRESENTATION_CONTEXT(2) 
PARAMETRIC_REPRESENTATION_CONTEXT() REPRESENTATION_CONTEXT('2D SPACE',''
  ) );
#10308 = PCURVE('',#10309,#10314);
#10309 = CYLINDRICAL_SURFACE('',#10310,4.E-02);
#10310 = AXIS2_PLACEMENT_3D('',#10311,#10312,#10313);
#10311 = CARTESIAN_POINT('',(3.725,-4.556,14.36));
#10312 = DIRECTION('',(-1.,-0.,0.));
#10313 = DIRECTION('',(0.,0.,1.));
#10314 = DEFINITIONAL_REPRESENTATION('',(#10315),#10319);
#10315 = LINE('',#10316,#10317);
#10316 = CARTESIAN_POINT('',(0.,0.));
#10317 = VECTOR('',#10318,1.);
#10318 = DIRECTION('',(0.,1.));
#10319 = ( GEOMETRIC_REPRESENTATION_CONTEXT(2) 
PARAMETRIC_REPRESENTATION_CONTEXT() REPRESENTATION_CONTEXT('2D SPACE',''
  ) );
#10320 = ORIENTED_EDGE('',*,*,#10321,.F.);
#10321 = EDGE_CURVE('',#10322,#10294,#10324,.T.);
#10322 = VERTEX_POINT('',#10323);
#10323 = CARTESIAN_POINT('',(3.135,-4.476,14.4));
#10324 = SURFACE_CURVE('',#10325,(#10330,#10337),.PCURVE_S1.);
#10325 = CIRCLE('',#10326,8.E-02);
#10326 = AXIS2_PLACEMENT_3D('',#10327,#10328,#10329);
#10327 = CARTESIAN_POINT('',(3.215,-4.476,14.4));
#10328 = DIRECTION('',(0.,0.,1.));
#10329 = DIRECTION('',(-1.,0.,0.));
#10330 = PCURVE('',#9785,#10331);
#10331 = DEFINITIONAL_REPRESENTATION('',(#10332),#10336);
#10332 = CIRCLE('',#10333,8.E-02);
#10333 = AXIS2_PLACEMENT_2D('',#10334,#10335);
#10334 = CARTESIAN_POINT('',(-0.235,-1.976));
#10335 = DIRECTION('',(-1.,0.));
#10336 = ( GEOMETRIC_REPRESENTATION_CONTEXT(2) 
PARAMETRIC_REPRESENTATION_CONTEXT() REPRESENTATION_CONTEXT('2D SPACE',''
  ) );
#10337 = PCURVE('',#10338,#10343);
#10338 = TOROIDAL_SURFACE('',#10339,8.E-02,4.E-02);
#10339 = AXIS2_PLACEMENT_3D('',#10340,#10341,#10342);
#10340 = CARTESIAN_POINT('',(3.215,-4.476,14.36));
#10341 = DIRECTION('',(0.,0.,1.));
#10342 = DIRECTION('',(-1.,0.,0.));
#10343 = DEFINITIONAL_REPRESENTATION('',(#10344),#10348);
#10344 = LINE('',#10345,#10346);
#10345 = CARTESIAN_POINT('',(0.,1.570796326795));
#10346 = VECTOR('',#10347,1.);
#10347 = DIRECTION('',(1.,0.));
#10348 = ( GEOMETRIC_REPRESENTATION_CONTEXT(2) 
PARAMETRIC_REPRESENTATION_CONTEXT() REPRESENTATION_CONTEXT('2D SPACE',''
  ) );
#10349 = ORIENTED_EDGE('',*,*,#10350,.T.);
#10350 = EDGE_CURVE('',#10322,#9805,#10351,.T.);
#10351 = SURFACE_CURVE('',#10352,(#10356,#10363),.PCURVE_S1.);
#10352 = LINE('',#10353,#10354);
#10353 = CARTESIAN_POINT('',(3.135,-4.516,14.4));
#10354 = VECTOR('',#10355,1.);
#10355 = DIRECTION('',(-0.,1.,0.));
#10356 = PCURVE('',#9785,#10357);
#10357 = DEFINITIONAL_REPRESENTATION('',(#10358),#10362);
#10358 = LINE('',#10359,#10360);
#10359 = CARTESIAN_POINT('',(-0.315,-2.016));
#10360 = VECTOR('',#10361,1.);
#10361 = DIRECTION('',(0.,1.));
#10362 = ( GEOMETRIC_REPRESENTATION_CONTEXT(2) 
PARAMETRIC_REPRESENTATION_CONTEXT() REPRESENTATION_CONTEXT('2D SPACE',''
  ) );
#10363 = PCURVE('',#10364,#10369);
#10364 = CYLINDRICAL_SURFACE('',#10365,4.E-02);
#10365 = AXIS2_PLACEMENT_3D('',#10366,#10367,#10368);
#10366 = CARTESIAN_POINT('',(3.135,-4.516,14.36));
#10367 = DIRECTION('',(-0.,1.,0.));
#10368 = DIRECTION('',(0.,0.,1.));
#10369 = DEFINITIONAL_REPRESENTATION('',(#10370),#10374);
#10370 = LINE('',#10371,#10372);
#10371 = CARTESIAN_POINT('',(0.,0.));
#10372 = VECTOR('',#10373,1.);
#10373 = DIRECTION('',(0.,1.));
#10374 = ( GEOMETRIC_REPRESENTATION_CONTEXT(2) 
PARAMETRIC_REPRESENTATION_CONTEXT() REPRESENTATION_CONTEXT('2D SPACE',''
  ) );
#10375 = FACE_BOUND('',#10376,.T.);
#10376 = EDGE_LOOP('',(#10377));
#10377 = ORIENTED_EDGE('',*,*,#9770,.T.);
#10378 = ADVANCED_FACE('',(#10379),#9822,.T.);
#10379 = FACE_BOUND('',#10380,.T.);
#10380 = EDGE_LOOP('',(#10381,#10382,#10411,#10439));
#10381 = ORIENTED_EDGE('',*,*,#9804,.F.);
#10382 = ORIENTED_EDGE('',*,*,#10383,.T.);
#10383 = EDGE_CURVE('',#9805,#10384,#10386,.T.);
#10384 = VERTEX_POINT('',#10385);
#10385 = CARTESIAN_POINT('',(3.135,-2.775,14.36));
#10386 = SURFACE_CURVE('',#10387,(#10392,#10399),.PCURVE_S1.);
#10387 = CIRCLE('',#10388,4.E-02);
#10388 = AXIS2_PLACEMENT_3D('',#10389,#10390,#10391);
#10389 = CARTESIAN_POINT('',(3.135,-2.815,14.36));
#10390 = DIRECTION('',(-1.,-0.,0.));
#10391 = DIRECTION('',(0.,0.,1.));
#10392 = PCURVE('',#9822,#10393);
#10393 = DEFINITIONAL_REPRESENTATION('',(#10394),#10398);
#10394 = LINE('',#10395,#10396);
#10395 = CARTESIAN_POINT('',(0.,4.E-02));
#10396 = VECTOR('',#10397,1.);
#10397 = DIRECTION('',(1.,0.));
#10398 = ( GEOMETRIC_REPRESENTATION_CONTEXT(2) 
PARAMETRIC_REPRESENTATION_CONTEXT() REPRESENTATION_CONTEXT('2D SPACE',''
  ) );
#10399 = PCURVE('',#10400,#10405);
#10400 = SPHERICAL_SURFACE('',#10401,4.E-02);
#10401 = AXIS2_PLACEMENT_3D('',#10402,#10403,#10404);
#10402 = CARTESIAN_POINT('',(3.135,-2.815,14.36));
#10403 = DIRECTION('',(-1.,-0.,0.));
#10404 = DIRECTION('',(0.,0.,1.));
#10405 = DEFINITIONAL_REPRESENTATION('',(#10406),#10410);
#10406 = LINE('',#10407,#10408);
#10407 = CARTESIAN_POINT('',(0.,0.));
#10408 = VECTOR('',#10409,1.);
#10409 = DIRECTION('',(1.,0.));
#10410 = ( GEOMETRIC_REPRESENTATION_CONTEXT(2) 
PARAMETRIC_REPRESENTATION_CONTEXT() REPRESENTATION_CONTEXT('2D SPACE',''
  ) );
#10411 = ORIENTED_EDGE('',*,*,#10412,.T.);
#10412 = EDGE_CURVE('',#10384,#10413,#10415,.T.);
#10413 = VERTEX_POINT('',#10414);
#10414 = CARTESIAN_POINT('',(1.474,-2.775,14.36));
#10415 = SURFACE_CURVE('',#10416,(#10420,#10427),.PCURVE_S1.);
#10416 = LINE('',#10417,#10418);
#10417 = CARTESIAN_POINT('',(3.175,-2.775,14.36));
#10418 = VECTOR('',#10419,1.);
#10419 = DIRECTION('',(-1.,-0.,0.));
#10420 = PCURVE('',#9822,#10421);
#10421 = DEFINITIONAL_REPRESENTATION('',(#10422),#10426);
#10422 = LINE('',#10423,#10424);
#10423 = CARTESIAN_POINT('',(1.570796326795,0.));
#10424 = VECTOR('',#10425,1.);
#10425 = DIRECTION('',(0.,1.));
#10426 = ( GEOMETRIC_REPRESENTATION_CONTEXT(2) 
PARAMETRIC_REPRESENTATION_CONTEXT() REPRESENTATION_CONTEXT('2D SPACE',''
  ) );
#10427 = PCURVE('',#10428,#10433);
#10428 = PLANE('',#10429);
#10429 = AXIS2_PLACEMENT_3D('',#10430,#10431,#10432);
#10430 = CARTESIAN_POINT('',(1.434,-2.775,13.96));
#10431 = DIRECTION('',(-0.,1.,0.));
#10432 = DIRECTION('',(0.,0.,1.));
#10433 = DEFINITIONAL_REPRESENTATION('',(#10434),#10438);
#10434 = LINE('',#10435,#10436);
#10435 = CARTESIAN_POINT('',(0.4,1.741));
#10436 = VECTOR('',#10437,1.);
#10437 = DIRECTION('',(0.,-1.));
#10438 = ( GEOMETRIC_REPRESENTATION_CONTEXT(2) 
PARAMETRIC_REPRESENTATION_CONTEXT() REPRESENTATION_CONTEXT('2D SPACE',''
  ) );
#10439 = ORIENTED_EDGE('',*,*,#10440,.F.);
#10440 = EDGE_CURVE('',#9807,#10413,#10441,.T.);
#10441 = SURFACE_CURVE('',#10442,(#10447,#10453),.PCURVE_S1.);
#10442 = CIRCLE('',#10443,4.E-02);
#10443 = AXIS2_PLACEMENT_3D('',#10444,#10445,#10446);
#10444 = CARTESIAN_POINT('',(1.474,-2.815,14.36));
#10445 = DIRECTION('',(-1.,0.,0.));
#10446 = DIRECTION('',(0.,-1.,0.));
#10447 = PCURVE('',#9822,#10448);
#10448 = DEFINITIONAL_REPRESENTATION('',(#10449),#10452);
#10449 = B_SPLINE_CURVE_WITH_KNOTS('',1,(#10450,#10451),.UNSPECIFIED.,
  .F.,.F.,(2,2),(1.570796326795,3.14159265359),
  .PIECEWISE_BEZIER_KNOTS.);
#10450 = CARTESIAN_POINT('',(0.,1.701));
#10451 = CARTESIAN_POINT('',(1.570796326795,1.701));
#10452 = ( GEOMETRIC_REPRESENTATION_CONTEXT(2) 
PARAMETRIC_REPRESENTATION_CONTEXT() REPRESENTATION_CONTEXT('2D SPACE',''
  ) );
#10453 = PCURVE('',#9855,#10454);
#10454 = DEFINITIONAL_REPRESENTATION('',(#10455),#10458);
#10455 = B_SPLINE_CURVE_WITH_KNOTS('',1,(#10456,#10457),.UNSPECIFIED.,
  .F.,.F.,(2,2),(1.570796326795,3.14159265359),
  .PIECEWISE_BEZIER_KNOTS.);
#10456 = CARTESIAN_POINT('',(0.,1.570796326795));
#10457 = CARTESIAN_POINT('',(0.,3.14159265359));
#10458 = ( GEOMETRIC_REPRESENTATION_CONTEXT(2) 
PARAMETRIC_REPRESENTATION_CONTEXT() REPRESENTATION_CONTEXT('2D SPACE',''
  ) );
#10459 = ADVANCED_FACE('',(#10460),#10364,.T.);
#10460 = FACE_BOUND('',#10461,.T.);
#10461 = EDGE_LOOP('',(#10462,#10484,#10512,#10532));
#10462 = ORIENTED_EDGE('',*,*,#10463,.T.);
#10463 = EDGE_CURVE('',#10322,#10464,#10466,.T.);
#10464 = VERTEX_POINT('',#10465);
#10465 = CARTESIAN_POINT('',(3.175,-4.476,14.36));
#10466 = SURFACE_CURVE('',#10467,(#10472,#10478),.PCURVE_S1.);
#10467 = CIRCLE('',#10468,4.E-02);
#10468 = AXIS2_PLACEMENT_3D('',#10469,#10470,#10471);
#10469 = CARTESIAN_POINT('',(3.135,-4.476,14.36));
#10470 = DIRECTION('',(0.,1.,-0.));
#10471 = DIRECTION('',(-1.,0.,0.));
#10472 = PCURVE('',#10364,#10473);
#10473 = DEFINITIONAL_REPRESENTATION('',(#10474),#10477);
#10474 = B_SPLINE_CURVE_WITH_KNOTS('',1,(#10475,#10476),.UNSPECIFIED.,
  .F.,.F.,(2,2),(1.570796326795,3.14159265359),
  .PIECEWISE_BEZIER_KNOTS.);
#10475 = CARTESIAN_POINT('',(0.,4.E-02));
#10476 = CARTESIAN_POINT('',(1.570796326795,4.E-02));
#10477 = ( GEOMETRIC_REPRESENTATION_CONTEXT(2) 
PARAMETRIC_REPRESENTATION_CONTEXT() REPRESENTATION_CONTEXT('2D SPACE',''
  ) );
#10478 = PCURVE('',#10338,#10479);
#10479 = DEFINITIONAL_REPRESENTATION('',(#10480),#10483);
#10480 = B_SPLINE_CURVE_WITH_KNOTS('',1,(#10481,#10482),.UNSPECIFIED.,
  .F.,.F.,(2,2),(1.570796326795,3.14159265359),
  .PIECEWISE_BEZIER_KNOTS.);
#10481 = CARTESIAN_POINT('',(0.,1.570796326795));
#10482 = CARTESIAN_POINT('',(0.,3.14159265359));
#10483 = ( GEOMETRIC_REPRESENTATION_CONTEXT(2) 
PARAMETRIC_REPRESENTATION_CONTEXT() REPRESENTATION_CONTEXT('2D SPACE',''
  ) );
#10484 = ORIENTED_EDGE('',*,*,#10485,.T.);
#10485 = EDGE_CURVE('',#10464,#10486,#10488,.T.);
#10486 = VERTEX_POINT('',#10487);
#10487 = CARTESIAN_POINT('',(3.175,-2.815,14.36));
#10488 = SURFACE_CURVE('',#10489,(#10493,#10500),.PCURVE_S1.);
#10489 = LINE('',#10490,#10491);
#10490 = CARTESIAN_POINT('',(3.175,-4.516,14.36));
#10491 = VECTOR('',#10492,1.);
#10492 = DIRECTION('',(-0.,1.,0.));
#10493 = PCURVE('',#10364,#10494);
#10494 = DEFINITIONAL_REPRESENTATION('',(#10495),#10499);
#10495 = LINE('',#10496,#10497);
#10496 = CARTESIAN_POINT('',(1.570796326795,0.));
#10497 = VECTOR('',#10498,1.);
#10498 = DIRECTION('',(0.,1.));
#10499 = ( GEOMETRIC_REPRESENTATION_CONTEXT(2) 
PARAMETRIC_REPRESENTATION_CONTEXT() REPRESENTATION_CONTEXT('2D SPACE',''
  ) );
#10500 = PCURVE('',#10501,#10506);
#10501 = PLANE('',#10502);
#10502 = AXIS2_PLACEMENT_3D('',#10503,#10504,#10505);
#10503 = CARTESIAN_POINT('',(3.175,-4.516,13.96));
#10504 = DIRECTION('',(1.,0.,-0.));
#10505 = DIRECTION('',(0.,0.,1.));
#10506 = DEFINITIONAL_REPRESENTATION('',(#10507),#10511);
#10507 = LINE('',#10508,#10509);
#10508 = CARTESIAN_POINT('',(0.4,0.));
#10509 = VECTOR('',#10510,1.);
#10510 = DIRECTION('',(0.,-1.));
#10511 = ( GEOMETRIC_REPRESENTATION_CONTEXT(2) 
PARAMETRIC_REPRESENTATION_CONTEXT() REPRESENTATION_CONTEXT('2D SPACE',''
  ) );
#10512 = ORIENTED_EDGE('',*,*,#10513,.T.);
#10513 = EDGE_CURVE('',#10486,#9805,#10514,.T.);
#10514 = SURFACE_CURVE('',#10515,(#10520,#10526),.PCURVE_S1.);
#10515 = CIRCLE('',#10516,4.E-02);
#10516 = AXIS2_PLACEMENT_3D('',#10517,#10518,#10519);
#10517 = CARTESIAN_POINT('',(3.135,-2.815,14.36));
#10518 = DIRECTION('',(0.,-1.,0.));
#10519 = DIRECTION('',(0.,0.,1.));
#10520 = PCURVE('',#10364,#10521);
#10521 = DEFINITIONAL_REPRESENTATION('',(#10522),#10525);
#10522 = B_SPLINE_CURVE_WITH_KNOTS('',1,(#10523,#10524),.UNSPECIFIED.,
  .F.,.F.,(2,2),(4.712388980385,6.28318530718),
  .PIECEWISE_BEZIER_KNOTS.);
#10523 = CARTESIAN_POINT('',(1.570796326795,1.701));
#10524 = CARTESIAN_POINT('',(0.,1.701));
#10525 = ( GEOMETRIC_REPRESENTATION_CONTEXT(2) 
PARAMETRIC_REPRESENTATION_CONTEXT() REPRESENTATION_CONTEXT('2D SPACE',''
  ) );
#10526 = PCURVE('',#10400,#10527);
#10527 = DEFINITIONAL_REPRESENTATION('',(#10528),#10531);
#10528 = B_SPLINE_CURVE_WITH_KNOTS('',1,(#10529,#10530),.UNSPECIFIED.,
  .F.,.F.,(2,2),(4.712388980385,6.28318530718),
  .PIECEWISE_BEZIER_KNOTS.);
#10529 = CARTESIAN_POINT('',(0.,-1.570796326795));
#10530 = CARTESIAN_POINT('',(0.,0.));
#10531 = ( GEOMETRIC_REPRESENTATION_CONTEXT(2) 
PARAMETRIC_REPRESENTATION_CONTEXT() REPRESENTATION_CONTEXT('2D SPACE',''
  ) );
#10532 = ORIENTED_EDGE('',*,*,#10350,.F.);
#10533 = ADVANCED_FACE('',(#10534),#9855,.T.);
#10534 = FACE_BOUND('',#10535,.F.);
#10535 = EDGE_LOOP('',(#10536,#10537,#10538,#10560));
#10536 = ORIENTED_EDGE('',*,*,#10440,.F.);
#10537 = ORIENTED_EDGE('',*,*,#9834,.T.);
#10538 = ORIENTED_EDGE('',*,*,#10539,.T.);
#10539 = EDGE_CURVE('',#9835,#10540,#10542,.T.);
#10540 = VERTEX_POINT('',#10541);
#10541 = CARTESIAN_POINT('',(1.434,-2.735,14.36));
#10542 = SURFACE_CURVE('',#10543,(#10548,#10554),.PCURVE_S1.);
#10543 = CIRCLE('',#10544,4.E-02);
#10544 = AXIS2_PLACEMENT_3D('',#10545,#10546,#10547);
#10545 = CARTESIAN_POINT('',(1.394,-2.735,14.36));
#10546 = DIRECTION('',(-6.123233995737E-17,1.,0.));
#10547 = DIRECTION('',(-1.,-6.123233995737E-17,0.));
#10548 = PCURVE('',#9855,#10549);
#10549 = DEFINITIONAL_REPRESENTATION('',(#10550),#10553);
#10550 = B_SPLINE_CURVE_WITH_KNOTS('',1,(#10551,#10552),.UNSPECIFIED.,
  .F.,.F.,(2,2),(1.570796326795,3.14159265359),
  .PIECEWISE_BEZIER_KNOTS.);
#10551 = CARTESIAN_POINT('',(-1.570796326795,1.570796326795));
#10552 = CARTESIAN_POINT('',(-1.570796326795,3.14159265359));
#10553 = ( GEOMETRIC_REPRESENTATION_CONTEXT(2) 
PARAMETRIC_REPRESENTATION_CONTEXT() REPRESENTATION_CONTEXT('2D SPACE',''
  ) );
#10554 = PCURVE('',#9883,#10555);
#10555 = DEFINITIONAL_REPRESENTATION('',(#10556),#10559);
#10556 = B_SPLINE_CURVE_WITH_KNOTS('',1,(#10557,#10558),.UNSPECIFIED.,
  .F.,.F.,(2,2),(1.570796326795,3.14159265359),
  .PIECEWISE_BEZIER_KNOTS.);
#10557 = CARTESIAN_POINT('',(0.,4.E-02));
#10558 = CARTESIAN_POINT('',(1.570796326795,4.E-02));
#10559 = ( GEOMETRIC_REPRESENTATION_CONTEXT(2) 
PARAMETRIC_REPRESENTATION_CONTEXT() REPRESENTATION_CONTEXT('2D SPACE',''
  ) );
#10560 = ORIENTED_EDGE('',*,*,#10561,.F.);
#10561 = EDGE_CURVE('',#10413,#10540,#10562,.T.);
#10562 = SURFACE_CURVE('',#10563,(#10568,#10575),.PCURVE_S1.);
#10563 = CIRCLE('',#10564,4.E-02);
#10564 = AXIS2_PLACEMENT_3D('',#10565,#10566,#10567);
#10565 = CARTESIAN_POINT('',(1.474,-2.735,14.36));
#10566 = DIRECTION('',(-0.,-0.,-1.));
#10567 = DIRECTION('',(0.,-1.,0.));
#10568 = PCURVE('',#9855,#10569);
#10569 = DEFINITIONAL_REPRESENTATION('',(#10570),#10574);
#10570 = LINE('',#10571,#10572);
#10571 = CARTESIAN_POINT('',(-0.,3.14159265359));
#10572 = VECTOR('',#10573,1.);
#10573 = DIRECTION('',(-1.,0.));
#10574 = ( GEOMETRIC_REPRESENTATION_CONTEXT(2) 
PARAMETRIC_REPRESENTATION_CONTEXT() REPRESENTATION_CONTEXT('2D SPACE',''
  ) );
#10575 = PCURVE('',#10576,#10581);
#10576 = CYLINDRICAL_SURFACE('',#10577,4.E-02);
#10577 = AXIS2_PLACEMENT_3D('',#10578,#10579,#10580);
#10578 = CARTESIAN_POINT('',(1.474,-2.735,13.96));
#10579 = DIRECTION('',(0.,0.,1.));
#10580 = DIRECTION('',(0.,-1.,0.));
#10581 = DEFINITIONAL_REPRESENTATION('',(#10582),#10586);
#10582 = LINE('',#10583,#10584);
#10583 = CARTESIAN_POINT('',(-0.,0.4));
#10584 = VECTOR('',#10585,1.);
#10585 = DIRECTION('',(-1.,0.));
#10586 = ( GEOMETRIC_REPRESENTATION_CONTEXT(2) 
PARAMETRIC_REPRESENTATION_CONTEXT() REPRESENTATION_CONTEXT('2D SPACE',''
  ) );
#10587 = ADVANCED_FACE('',(#10588),#10338,.T.);
#10588 = FACE_BOUND('',#10589,.T.);
#10589 = EDGE_LOOP('',(#10590,#10591,#10592,#10614));
#10590 = ORIENTED_EDGE('',*,*,#10463,.F.);
#10591 = ORIENTED_EDGE('',*,*,#10321,.T.);
#10592 = ORIENTED_EDGE('',*,*,#10593,.T.);
#10593 = EDGE_CURVE('',#10294,#10594,#10596,.T.);
#10594 = VERTEX_POINT('',#10595);
#10595 = CARTESIAN_POINT('',(3.215,-4.516,14.36));
#10596 = SURFACE_CURVE('',#10597,(#10602,#10608),.PCURVE_S1.);
#10597 = CIRCLE('',#10598,4.E-02);
#10598 = AXIS2_PLACEMENT_3D('',#10599,#10600,#10601);
#10599 = CARTESIAN_POINT('',(3.215,-4.556,14.36));
#10600 = DIRECTION('',(-1.,6.123233995737E-17,0.));
#10601 = DIRECTION('',(-6.123233995737E-17,-1.,0.));
#10602 = PCURVE('',#10338,#10603);
#10603 = DEFINITIONAL_REPRESENTATION('',(#10604),#10607);
#10604 = B_SPLINE_CURVE_WITH_KNOTS('',1,(#10605,#10606),.UNSPECIFIED.,
  .F.,.F.,(2,2),(1.570796326795,3.14159265359),
  .PIECEWISE_BEZIER_KNOTS.);
#10605 = CARTESIAN_POINT('',(1.570796326795,1.570796326795));
#10606 = CARTESIAN_POINT('',(1.570796326795,3.14159265359));
#10607 = ( GEOMETRIC_REPRESENTATION_CONTEXT(2) 
PARAMETRIC_REPRESENTATION_CONTEXT() REPRESENTATION_CONTEXT('2D SPACE',''
  ) );
#10608 = PCURVE('',#10309,#10609);
#10609 = DEFINITIONAL_REPRESENTATION('',(#10610),#10613);
#10610 = B_SPLINE_CURVE_WITH_KNOTS('',1,(#10611,#10612),.UNSPECIFIED.,
  .F.,.F.,(2,2),(1.570796326795,3.14159265359),
  .PIECEWISE_BEZIER_KNOTS.);
#10611 = CARTESIAN_POINT('',(0.,0.51));
#10612 = CARTESIAN_POINT('',(1.570796326795,0.51));
#10613 = ( GEOMETRIC_REPRESENTATION_CONTEXT(2) 
PARAMETRIC_REPRESENTATION_CONTEXT() REPRESENTATION_CONTEXT('2D SPACE',''
  ) );
#10614 = ORIENTED_EDGE('',*,*,#10615,.F.);
#10615 = EDGE_CURVE('',#10464,#10594,#10616,.T.);
#10616 = SURFACE_CURVE('',#10617,(#10622,#10629),.PCURVE_S1.);
#10617 = CIRCLE('',#10618,4.E-02);
#10618 = AXIS2_PLACEMENT_3D('',#10619,#10620,#10621);
#10619 = CARTESIAN_POINT('',(3.215,-4.476,14.36));
#10620 = DIRECTION('',(0.,0.,1.));
#10621 = DIRECTION('',(-1.,0.,0.));
#10622 = PCURVE('',#10338,#10623);
#10623 = DEFINITIONAL_REPRESENTATION('',(#10624),#10628);
#10624 = LINE('',#10625,#10626);
#10625 = CARTESIAN_POINT('',(0.,3.14159265359));
#10626 = VECTOR('',#10627,1.);
#10627 = DIRECTION('',(1.,0.));
#10628 = ( GEOMETRIC_REPRESENTATION_CONTEXT(2) 
PARAMETRIC_REPRESENTATION_CONTEXT() REPRESENTATION_CONTEXT('2D SPACE',''
  ) );
#10629 = PCURVE('',#10630,#10635);
#10630 = CYLINDRICAL_SURFACE('',#10631,4.E-02);
#10631 = AXIS2_PLACEMENT_3D('',#10632,#10633,#10634);
#10632 = CARTESIAN_POINT('',(3.215,-4.476,13.96));
#10633 = DIRECTION('',(0.,0.,1.));
#10634 = DIRECTION('',(-1.,-0.,0.));
#10635 = DEFINITIONAL_REPRESENTATION('',(#10636),#10640);
#10636 = LINE('',#10637,#10638);
#10637 = CARTESIAN_POINT('',(0.,0.4));
#10638 = VECTOR('',#10639,1.);
#10639 = DIRECTION('',(1.,0.));
#10640 = ( GEOMETRIC_REPRESENTATION_CONTEXT(2) 
PARAMETRIC_REPRESENTATION_CONTEXT() REPRESENTATION_CONTEXT('2D SPACE',''
  ) );
#10641 = ADVANCED_FACE('',(#10642),#9883,.T.);
#10642 = FACE_BOUND('',#10643,.T.);
#10643 = EDGE_LOOP('',(#10644,#10645,#10673,#10693));
#10644 = ORIENTED_EDGE('',*,*,#10539,.T.);
#10645 = ORIENTED_EDGE('',*,*,#10646,.T.);
#10646 = EDGE_CURVE('',#10540,#10647,#10649,.T.);
#10647 = VERTEX_POINT('',#10648);
#10648 = CARTESIAN_POINT('',(1.434,-2.265,14.36));
#10649 = SURFACE_CURVE('',#10650,(#10654,#10661),.PCURVE_S1.);
#10650 = LINE('',#10651,#10652);
#10651 = CARTESIAN_POINT('',(1.434,-2.775,14.36));
#10652 = VECTOR('',#10653,1.);
#10653 = DIRECTION('',(-0.,1.,0.));
#10654 = PCURVE('',#9883,#10655);
#10655 = DEFINITIONAL_REPRESENTATION('',(#10656),#10660);
#10656 = LINE('',#10657,#10658);
#10657 = CARTESIAN_POINT('',(1.570796326795,0.));
#10658 = VECTOR('',#10659,1.);
#10659 = DIRECTION('',(0.,1.));
#10660 = ( GEOMETRIC_REPRESENTATION_CONTEXT(2) 
PARAMETRIC_REPRESENTATION_CONTEXT() REPRESENTATION_CONTEXT('2D SPACE',''
  ) );
#10661 = PCURVE('',#10662,#10667);
#10662 = PLANE('',#10663);
#10663 = AXIS2_PLACEMENT_3D('',#10664,#10665,#10666);
#10664 = CARTESIAN_POINT('',(1.434,-2.775,13.96));
#10665 = DIRECTION('',(1.,0.,-0.));
#10666 = DIRECTION('',(0.,0.,1.));
#10667 = DEFINITIONAL_REPRESENTATION('',(#10668),#10672);
#10668 = LINE('',#10669,#10670);
#10669 = CARTESIAN_POINT('',(0.4,0.));
#10670 = VECTOR('',#10671,1.);
#10671 = DIRECTION('',(0.,-1.));
#10672 = ( GEOMETRIC_REPRESENTATION_CONTEXT(2) 
PARAMETRIC_REPRESENTATION_CONTEXT() REPRESENTATION_CONTEXT('2D SPACE',''
  ) );
#10673 = ORIENTED_EDGE('',*,*,#10674,.F.);
#10674 = EDGE_CURVE('',#9868,#10647,#10675,.T.);
#10675 = SURFACE_CURVE('',#10676,(#10681,#10687),.PCURVE_S1.);
#10676 = CIRCLE('',#10677,4.E-02);
#10677 = AXIS2_PLACEMENT_3D('',#10678,#10679,#10680);
#10678 = CARTESIAN_POINT('',(1.394,-2.265,14.36));
#10679 = DIRECTION('',(6.123233995737E-17,1.,-0.));
#10680 = DIRECTION('',(-1.,6.123233995737E-17,0.));
#10681 = PCURVE('',#9883,#10682);
#10682 = DEFINITIONAL_REPRESENTATION('',(#10683),#10686);
#10683 = B_SPLINE_CURVE_WITH_KNOTS('',1,(#10684,#10685),.UNSPECIFIED.,
  .F.,.F.,(2,2),(1.570796326795,3.14159265359),
  .PIECEWISE_BEZIER_KNOTS.);
#10684 = CARTESIAN_POINT('',(0.,0.51));
#10685 = CARTESIAN_POINT('',(1.570796326795,0.51));
#10686 = ( GEOMETRIC_REPRESENTATION_CONTEXT(2) 
PARAMETRIC_REPRESENTATION_CONTEXT() REPRESENTATION_CONTEXT('2D SPACE',''
  ) );
#10687 = PCURVE('',#9912,#10688);
#10688 = DEFINITIONAL_REPRESENTATION('',(#10689),#10692);
#10689 = B_SPLINE_CURVE_WITH_KNOTS('',1,(#10690,#10691),.UNSPECIFIED.,
  .F.,.F.,(2,2),(1.570796326795,3.14159265359),
  .PIECEWISE_BEZIER_KNOTS.);
#10690 = CARTESIAN_POINT('',(1.570796326795,1.570796326795));
#10691 = CARTESIAN_POINT('',(1.570796326795,3.14159265359));
#10692 = ( GEOMETRIC_REPRESENTATION_CONTEXT(2) 
PARAMETRIC_REPRESENTATION_CONTEXT() REPRESENTATION_CONTEXT('2D SPACE',''
  ) );
#10693 = ORIENTED_EDGE('',*,*,#9867,.F.);
#10694 = ADVANCED_FACE('',(#10695),#10309,.T.);
#10695 = FACE_BOUND('',#10696,.T.);
#10696 = EDGE_LOOP('',(#10697,#10719,#10745,#10746));
#10697 = ORIENTED_EDGE('',*,*,#10698,.T.);
#10698 = EDGE_CURVE('',#10265,#10699,#10701,.T.);
#10699 = VERTEX_POINT('',#10700);
#10700 = CARTESIAN_POINT('',(3.685,-4.516,14.36));
#10701 = SURFACE_CURVE('',#10702,(#10707,#10713),.PCURVE_S1.);
#10702 = CIRCLE('',#10703,4.E-02);
#10703 = AXIS2_PLACEMENT_3D('',#10704,#10705,#10706);
#10704 = CARTESIAN_POINT('',(3.685,-4.556,14.36));
#10705 = DIRECTION('',(-1.,0.,0.));
#10706 = DIRECTION('',(0.,-1.,0.));
#10707 = PCURVE('',#10309,#10708);
#10708 = DEFINITIONAL_REPRESENTATION('',(#10709),#10712);
#10709 = B_SPLINE_CURVE_WITH_KNOTS('',1,(#10710,#10711),.UNSPECIFIED.,
  .F.,.F.,(2,2),(1.570796326795,3.14159265359),
  .PIECEWISE_BEZIER_KNOTS.);
#10710 = CARTESIAN_POINT('',(0.,4.E-02));
#10711 = CARTESIAN_POINT('',(1.570796326795,4.E-02));
#10712 = ( GEOMETRIC_REPRESENTATION_CONTEXT(2) 
PARAMETRIC_REPRESENTATION_CONTEXT() REPRESENTATION_CONTEXT('2D SPACE',''
  ) );
#10713 = PCURVE('',#10281,#10714);
#10714 = DEFINITIONAL_REPRESENTATION('',(#10715),#10718);
#10715 = B_SPLINE_CURVE_WITH_KNOTS('',1,(#10716,#10717),.UNSPECIFIED.,
  .F.,.F.,(2,2),(1.570796326795,3.14159265359),
  .PIECEWISE_BEZIER_KNOTS.);
#10716 = CARTESIAN_POINT('',(0.,1.570796326795));
#10717 = CARTESIAN_POINT('',(0.,3.14159265359));
#10718 = ( GEOMETRIC_REPRESENTATION_CONTEXT(2) 
PARAMETRIC_REPRESENTATION_CONTEXT() REPRESENTATION_CONTEXT('2D SPACE',''
  ) );
#10719 = ORIENTED_EDGE('',*,*,#10720,.T.);
#10720 = EDGE_CURVE('',#10699,#10594,#10721,.T.);
#10721 = SURFACE_CURVE('',#10722,(#10726,#10733),.PCURVE_S1.);
#10722 = LINE('',#10723,#10724);
#10723 = CARTESIAN_POINT('',(3.725,-4.516,14.36));
#10724 = VECTOR('',#10725,1.);
#10725 = DIRECTION('',(-1.,-0.,0.));
#10726 = PCURVE('',#10309,#10727);
#10727 = DEFINITIONAL_REPRESENTATION('',(#10728),#10732);
#10728 = LINE('',#10729,#10730);
#10729 = CARTESIAN_POINT('',(1.570796326795,0.));
#10730 = VECTOR('',#10731,1.);
#10731 = DIRECTION('',(0.,1.));
#10732 = ( GEOMETRIC_REPRESENTATION_CONTEXT(2) 
PARAMETRIC_REPRESENTATION_CONTEXT() REPRESENTATION_CONTEXT('2D SPACE',''
  ) );
#10733 = PCURVE('',#10734,#10739);
#10734 = PLANE('',#10735);
#10735 = AXIS2_PLACEMENT_3D('',#10736,#10737,#10738);
#10736 = CARTESIAN_POINT('',(3.175,-4.516,13.96));
#10737 = DIRECTION('',(-0.,1.,0.));
#10738 = DIRECTION('',(0.,0.,1.));
#10739 = DEFINITIONAL_REPRESENTATION('',(#10740),#10744);
#10740 = LINE('',#10741,#10742);
#10741 = CARTESIAN_POINT('',(0.4,0.55));
#10742 = VECTOR('',#10743,1.);
#10743 = DIRECTION('',(0.,-1.));
#10744 = ( GEOMETRIC_REPRESENTATION_CONTEXT(2) 
PARAMETRIC_REPRESENTATION_CONTEXT() REPRESENTATION_CONTEXT('2D SPACE',''
  ) );
#10745 = ORIENTED_EDGE('',*,*,#10593,.F.);
#10746 = ORIENTED_EDGE('',*,*,#10293,.F.);
#10747 = ADVANCED_FACE('',(#10748),#9912,.T.);
#10748 = FACE_BOUND('',#10749,.T.);
#10749 = EDGE_LOOP('',(#10750,#10772,#10773,#10774));
#10750 = ORIENTED_EDGE('',*,*,#10751,.F.);
#10751 = EDGE_CURVE('',#9896,#10752,#10754,.T.);
#10752 = VERTEX_POINT('',#10753);
#10753 = CARTESIAN_POINT('',(1.474,-2.225,14.36));
#10754 = SURFACE_CURVE('',#10755,(#10760,#10766),.PCURVE_S1.);
#10755 = CIRCLE('',#10756,4.E-02);
#10756 = AXIS2_PLACEMENT_3D('',#10757,#10758,#10759);
#10757 = CARTESIAN_POINT('',(1.474,-2.185,14.36));
#10758 = DIRECTION('',(1.,0.,0.));
#10759 = DIRECTION('',(-0.,1.,0.));
#10760 = PCURVE('',#9912,#10761);
#10761 = DEFINITIONAL_REPRESENTATION('',(#10762),#10765);
#10762 = B_SPLINE_CURVE_WITH_KNOTS('',1,(#10763,#10764),.UNSPECIFIED.,
  .F.,.F.,(2,2),(1.570796326795,3.14159265359),
  .PIECEWISE_BEZIER_KNOTS.);
#10763 = CARTESIAN_POINT('',(0.,1.570796326795));
#10764 = CARTESIAN_POINT('',(0.,3.14159265359));
#10765 = ( GEOMETRIC_REPRESENTATION_CONTEXT(2) 
PARAMETRIC_REPRESENTATION_CONTEXT() REPRESENTATION_CONTEXT('2D SPACE',''
  ) );
#10766 = PCURVE('',#9940,#10767);
#10767 = DEFINITIONAL_REPRESENTATION('',(#10768),#10771);
#10768 = B_SPLINE_CURVE_WITH_KNOTS('',1,(#10769,#10770),.UNSPECIFIED.,
  .F.,.F.,(2,2),(1.570796326795,3.14159265359),
  .PIECEWISE_BEZIER_KNOTS.);
#10769 = CARTESIAN_POINT('',(0.,1.701));
#10770 = CARTESIAN_POINT('',(-1.570796326795,1.701));
#10771 = ( GEOMETRIC_REPRESENTATION_CONTEXT(2) 
PARAMETRIC_REPRESENTATION_CONTEXT() REPRESENTATION_CONTEXT('2D SPACE',''
  ) );
#10772 = ORIENTED_EDGE('',*,*,#9895,.T.);
#10773 = ORIENTED_EDGE('',*,*,#10674,.T.);
#10774 = ORIENTED_EDGE('',*,*,#10775,.F.);
#10775 = EDGE_CURVE('',#10752,#10647,#10776,.T.);
#10776 = SURFACE_CURVE('',#10777,(#10782,#10789),.PCURVE_S1.);
#10777 = CIRCLE('',#10778,4.E-02);
#10778 = AXIS2_PLACEMENT_3D('',#10779,#10780,#10781);
#10779 = CARTESIAN_POINT('',(1.474,-2.265,14.36));
#10780 = DIRECTION('',(0.,0.,1.));
#10781 = DIRECTION('',(0.,1.,-0.));
#10782 = PCURVE('',#9912,#10783);
#10783 = DEFINITIONAL_REPRESENTATION('',(#10784),#10788);
#10784 = LINE('',#10785,#10786);
#10785 = CARTESIAN_POINT('',(0.,3.14159265359));
#10786 = VECTOR('',#10787,1.);
#10787 = DIRECTION('',(1.,0.));
#10788 = ( GEOMETRIC_REPRESENTATION_CONTEXT(2) 
PARAMETRIC_REPRESENTATION_CONTEXT() REPRESENTATION_CONTEXT('2D SPACE',''
  ) );
#10789 = PCURVE('',#10790,#10795);
#10790 = CYLINDRICAL_SURFACE('',#10791,4.E-02);
#10791 = AXIS2_PLACEMENT_3D('',#10792,#10793,#10794);
#10792 = CARTESIAN_POINT('',(1.474,-2.265,13.96));
#10793 = DIRECTION('',(0.,0.,1.));
#10794 = DIRECTION('',(-0.,1.,0.));
#10795 = DEFINITIONAL_REPRESENTATION('',(#10796),#10800);
#10796 = LINE('',#10797,#10798);
#10797 = CARTESIAN_POINT('',(0.,0.4));
#10798 = VECTOR('',#10799,1.);
#10799 = DIRECTION('',(1.,0.));
#10800 = ( GEOMETRIC_REPRESENTATION_CONTEXT(2) 
PARAMETRIC_REPRESENTATION_CONTEXT() REPRESENTATION_CONTEXT('2D SPACE',''
  ) );
#10801 = ADVANCED_FACE('',(#10802),#10281,.T.);
#10802 = FACE_BOUND('',#10803,.T.);
#10803 = EDGE_LOOP('',(#10804,#10805,#10806,#10828));
#10804 = ORIENTED_EDGE('',*,*,#10698,.F.);
#10805 = ORIENTED_EDGE('',*,*,#10264,.T.);
#10806 = ORIENTED_EDGE('',*,*,#10807,.T.);
#10807 = EDGE_CURVE('',#10237,#10808,#10810,.T.);
#10808 = VERTEX_POINT('',#10809);
#10809 = CARTESIAN_POINT('',(3.725,-4.476,14.36));
#10810 = SURFACE_CURVE('',#10811,(#10816,#10822),.PCURVE_S1.);
#10811 = CIRCLE('',#10812,4.E-02);
#10812 = AXIS2_PLACEMENT_3D('',#10813,#10814,#10815);
#10813 = CARTESIAN_POINT('',(3.765,-4.476,14.36));
#10814 = DIRECTION('',(-6.123233995737E-17,-1.,0.));
#10815 = DIRECTION('',(1.,-6.123233995737E-17,0.));
#10816 = PCURVE('',#10281,#10817);
#10817 = DEFINITIONAL_REPRESENTATION('',(#10818),#10821);
#10818 = B_SPLINE_CURVE_WITH_KNOTS('',1,(#10819,#10820),.UNSPECIFIED.,
  .F.,.F.,(2,2),(1.570796326795,3.14159265359),
  .PIECEWISE_BEZIER_KNOTS.);
#10819 = CARTESIAN_POINT('',(1.570796326795,1.570796326795));
#10820 = CARTESIAN_POINT('',(1.570796326795,3.14159265359));
#10821 = ( GEOMETRIC_REPRESENTATION_CONTEXT(2) 
PARAMETRIC_REPRESENTATION_CONTEXT() REPRESENTATION_CONTEXT('2D SPACE',''
  ) );
#10822 = PCURVE('',#10252,#10823);
#10823 = DEFINITIONAL_REPRESENTATION('',(#10824),#10827);
#10824 = B_SPLINE_CURVE_WITH_KNOTS('',1,(#10825,#10826),.UNSPECIFIED.,
  .F.,.F.,(2,2),(1.570796326795,3.14159265359),
  .PIECEWISE_BEZIER_KNOTS.);
#10825 = CARTESIAN_POINT('',(0.,4.E-02));
#10826 = CARTESIAN_POINT('',(-1.570796326795,4.E-02));
#10827 = ( GEOMETRIC_REPRESENTATION_CONTEXT(2) 
PARAMETRIC_REPRESENTATION_CONTEXT() REPRESENTATION_CONTEXT('2D SPACE',''
  ) );
#10828 = ORIENTED_EDGE('',*,*,#10829,.F.);
#10829 = EDGE_CURVE('',#10699,#10808,#10830,.T.);
#10830 = SURFACE_CURVE('',#10831,(#10836,#10843),.PCURVE_S1.);
#10831 = CIRCLE('',#10832,4.E-02);
#10832 = AXIS2_PLACEMENT_3D('',#10833,#10834,#10835);
#10833 = CARTESIAN_POINT('',(3.685,-4.476,14.36));
#10834 = DIRECTION('',(0.,0.,1.));
#10835 = DIRECTION('',(0.,-1.,0.));
#10836 = PCURVE('',#10281,#10837);
#10837 = DEFINITIONAL_REPRESENTATION('',(#10838),#10842);
#10838 = LINE('',#10839,#10840);
#10839 = CARTESIAN_POINT('',(0.,3.14159265359));
#10840 = VECTOR('',#10841,1.);
#10841 = DIRECTION('',(1.,0.));
#10842 = ( GEOMETRIC_REPRESENTATION_CONTEXT(2) 
PARAMETRIC_REPRESENTATION_CONTEXT() REPRESENTATION_CONTEXT('2D SPACE',''
  ) );
#10843 = PCURVE('',#10844,#10849);
#10844 = CYLINDRICAL_SURFACE('',#10845,4.E-02);
#10845 = AXIS2_PLACEMENT_3D('',#10846,#10847,#10848);
#10846 = CARTESIAN_POINT('',(3.685,-4.476,13.96));
#10847 = DIRECTION('',(0.,0.,1.));
#10848 = DIRECTION('',(0.,-1.,0.));
#10849 = DEFINITIONAL_REPRESENTATION('',(#10850),#10854);
#10850 = LINE('',#10851,#10852);
#10851 = CARTESIAN_POINT('',(0.,0.4));
#10852 = VECTOR('',#10853,1.);
#10853 = DIRECTION('',(1.,0.));
#10854 = ( GEOMETRIC_REPRESENTATION_CONTEXT(2) 
PARAMETRIC_REPRESENTATION_CONTEXT() REPRESENTATION_CONTEXT('2D SPACE',''
  ) );
#10855 = ADVANCED_FACE('',(#10856),#9940,.T.);
#10856 = FACE_BOUND('',#10857,.F.);
#10857 = EDGE_LOOP('',(#10858,#10885,#10911,#10912));
#10858 = ORIENTED_EDGE('',*,*,#10859,.F.);
#10859 = EDGE_CURVE('',#10860,#9925,#10862,.T.);
#10860 = VERTEX_POINT('',#10861);
#10861 = CARTESIAN_POINT('',(3.135,-2.225,14.36));
#10862 = SURFACE_CURVE('',#10863,(#10868,#10874),.PCURVE_S1.);
#10863 = CIRCLE('',#10864,4.E-02);
#10864 = AXIS2_PLACEMENT_3D('',#10865,#10866,#10867);
#10865 = CARTESIAN_POINT('',(3.135,-2.185,14.36));
#10866 = DIRECTION('',(-1.,-0.,0.));
#10867 = DIRECTION('',(0.,0.,1.));
#10868 = PCURVE('',#9940,#10869);
#10869 = DEFINITIONAL_REPRESENTATION('',(#10870),#10873);
#10870 = B_SPLINE_CURVE_WITH_KNOTS('',1,(#10871,#10872),.UNSPECIFIED.,
  .F.,.F.,(2,2),(4.712388980385,6.28318530718),
  .PIECEWISE_BEZIER_KNOTS.);
#10871 = CARTESIAN_POINT('',(-1.570796326795,4.E-02));
#10872 = CARTESIAN_POINT('',(0.,4.E-02));
#10873 = ( GEOMETRIC_REPRESENTATION_CONTEXT(2) 
PARAMETRIC_REPRESENTATION_CONTEXT() REPRESENTATION_CONTEXT('2D SPACE',''
  ) );
#10874 = PCURVE('',#10875,#10880);
#10875 = SPHERICAL_SURFACE('',#10876,4.E-02);
#10876 = AXIS2_PLACEMENT_3D('',#10877,#10878,#10879);
#10877 = CARTESIAN_POINT('',(3.135,-2.185,14.36));
#10878 = DIRECTION('',(-0.,1.,0.));
#10879 = DIRECTION('',(0.,0.,1.));
#10880 = DEFINITIONAL_REPRESENTATION('',(#10881),#10884);
#10881 = B_SPLINE_CURVE_WITH_KNOTS('',1,(#10882,#10883),.UNSPECIFIED.,
  .F.,.F.,(2,2),(4.712388980385,6.28318530718),
  .PIECEWISE_BEZIER_KNOTS.);
#10882 = CARTESIAN_POINT('',(0.,-1.570796326795));
#10883 = CARTESIAN_POINT('',(0.,0.));
#10884 = ( GEOMETRIC_REPRESENTATION_CONTEXT(2) 
PARAMETRIC_REPRESENTATION_CONTEXT() REPRESENTATION_CONTEXT('2D SPACE',''
  ) );
#10885 = ORIENTED_EDGE('',*,*,#10886,.T.);
#10886 = EDGE_CURVE('',#10860,#10752,#10887,.T.);
#10887 = SURFACE_CURVE('',#10888,(#10892,#10899),.PCURVE_S1.);
#10888 = LINE('',#10889,#10890);
#10889 = CARTESIAN_POINT('',(3.175,-2.225,14.36));
#10890 = VECTOR('',#10891,1.);
#10891 = DIRECTION('',(-1.,-0.,0.));
#10892 = PCURVE('',#9940,#10893);
#10893 = DEFINITIONAL_REPRESENTATION('',(#10894),#10898);
#10894 = LINE('',#10895,#10896);
#10895 = CARTESIAN_POINT('',(-1.570796326795,0.));
#10896 = VECTOR('',#10897,1.);
#10897 = DIRECTION('',(-0.,1.));
#10898 = ( GEOMETRIC_REPRESENTATION_CONTEXT(2) 
PARAMETRIC_REPRESENTATION_CONTEXT() REPRESENTATION_CONTEXT('2D SPACE',''
  ) );
#10899 = PCURVE('',#10900,#10905);
#10900 = PLANE('',#10901);
#10901 = AXIS2_PLACEMENT_3D('',#10902,#10903,#10904);
#10902 = CARTESIAN_POINT('',(1.434,-2.225,13.96));
#10903 = DIRECTION('',(-0.,1.,0.));
#10904 = DIRECTION('',(0.,0.,1.));
#10905 = DEFINITIONAL_REPRESENTATION('',(#10906),#10910);
#10906 = LINE('',#10907,#10908);
#10907 = CARTESIAN_POINT('',(0.4,1.741));
#10908 = VECTOR('',#10909,1.);
#10909 = DIRECTION('',(0.,-1.));
#10910 = ( GEOMETRIC_REPRESENTATION_CONTEXT(2) 
PARAMETRIC_REPRESENTATION_CONTEXT() REPRESENTATION_CONTEXT('2D SPACE',''
  ) );
#10911 = ORIENTED_EDGE('',*,*,#10751,.F.);
#10912 = ORIENTED_EDGE('',*,*,#9924,.F.);
#10913 = ADVANCED_FACE('',(#10914),#10252,.T.);
#10914 = FACE_BOUND('',#10915,.F.);
#10915 = EDGE_LOOP('',(#10916,#10917,#10945,#10972));
#10916 = ORIENTED_EDGE('',*,*,#10807,.T.);
#10917 = ORIENTED_EDGE('',*,*,#10918,.T.);
#10918 = EDGE_CURVE('',#10808,#10919,#10921,.T.);
#10919 = VERTEX_POINT('',#10920);
#10920 = CARTESIAN_POINT('',(3.725,-2.815,14.36));
#10921 = SURFACE_CURVE('',#10922,(#10926,#10933),.PCURVE_S1.);
#10922 = LINE('',#10923,#10924);
#10923 = CARTESIAN_POINT('',(3.725,-4.516,14.36));
#10924 = VECTOR('',#10925,1.);
#10925 = DIRECTION('',(-0.,1.,0.));
#10926 = PCURVE('',#10252,#10927);
#10927 = DEFINITIONAL_REPRESENTATION('',(#10928),#10932);
#10928 = LINE('',#10929,#10930);
#10929 = CARTESIAN_POINT('',(-1.570796326795,0.));
#10930 = VECTOR('',#10931,1.);
#10931 = DIRECTION('',(-0.,1.));
#10932 = ( GEOMETRIC_REPRESENTATION_CONTEXT(2) 
PARAMETRIC_REPRESENTATION_CONTEXT() REPRESENTATION_CONTEXT('2D SPACE',''
  ) );
#10933 = PCURVE('',#10934,#10939);
#10934 = PLANE('',#10935);
#10935 = AXIS2_PLACEMENT_3D('',#10936,#10937,#10938);
#10936 = CARTESIAN_POINT('',(3.725,-4.516,13.96));
#10937 = DIRECTION('',(1.,0.,-0.));
#10938 = DIRECTION('',(0.,0.,1.));
#10939 = DEFINITIONAL_REPRESENTATION('',(#10940),#10944);
#10940 = LINE('',#10941,#10942);
#10941 = CARTESIAN_POINT('',(0.4,0.));
#10942 = VECTOR('',#10943,1.);
#10943 = DIRECTION('',(0.,-1.));
#10944 = ( GEOMETRIC_REPRESENTATION_CONTEXT(2) 
PARAMETRIC_REPRESENTATION_CONTEXT() REPRESENTATION_CONTEXT('2D SPACE',''
  ) );
#10945 = ORIENTED_EDGE('',*,*,#10946,.F.);
#10946 = EDGE_CURVE('',#10209,#10919,#10947,.T.);
#10947 = SURFACE_CURVE('',#10948,(#10953,#10960),.PCURVE_S1.);
#10948 = CIRCLE('',#10949,4.E-02);
#10949 = AXIS2_PLACEMENT_3D('',#10950,#10951,#10952);
#10950 = CARTESIAN_POINT('',(3.765,-2.815,14.36));
#10951 = DIRECTION('',(0.,-1.,0.));
#10952 = DIRECTION('',(0.,0.,1.));
#10953 = PCURVE('',#10252,#10954);
#10954 = DEFINITIONAL_REPRESENTATION('',(#10955),#10959);
#10955 = LINE('',#10956,#10957);
#10956 = CARTESIAN_POINT('',(-0.,1.701));
#10957 = VECTOR('',#10958,1.);
#10958 = DIRECTION('',(-1.,0.));
#10959 = ( GEOMETRIC_REPRESENTATION_CONTEXT(2) 
PARAMETRIC_REPRESENTATION_CONTEXT() REPRESENTATION_CONTEXT('2D SPACE',''
  ) );
#10960 = PCURVE('',#10961,#10966);
#10961 = SPHERICAL_SURFACE('',#10962,4.E-02);
#10962 = AXIS2_PLACEMENT_3D('',#10963,#10964,#10965);
#10963 = CARTESIAN_POINT('',(3.765,-2.815,14.36));
#10964 = DIRECTION('',(0.,-1.,-0.));
#10965 = DIRECTION('',(0.,0.,1.));
#10966 = DEFINITIONAL_REPRESENTATION('',(#10967),#10971);
#10967 = LINE('',#10968,#10969);
#10968 = CARTESIAN_POINT('',(0.,0.));
#10969 = VECTOR('',#10970,1.);
#10970 = DIRECTION('',(1.,0.));
#10971 = ( GEOMETRIC_REPRESENTATION_CONTEXT(2) 
PARAMETRIC_REPRESENTATION_CONTEXT() REPRESENTATION_CONTEXT('2D SPACE',''
  ) );
#10972 = ORIENTED_EDGE('',*,*,#10236,.F.);
#10973 = ADVANCED_FACE('',(#10974),#9968,.T.);
#10974 = FACE_BOUND('',#10975,.T.);
#10975 = EDGE_LOOP('',(#10976,#10977,#11001,#11029));
#10976 = ORIENTED_EDGE('',*,*,#9952,.F.);
#10977 = ORIENTED_EDGE('',*,*,#10978,.T.);
#10978 = EDGE_CURVE('',#9925,#10979,#10981,.T.);
#10979 = VERTEX_POINT('',#10980);
#10980 = CARTESIAN_POINT('',(3.175,-2.185,14.36));
#10981 = SURFACE_CURVE('',#10982,(#10987,#10994),.PCURVE_S1.);
#10982 = CIRCLE('',#10983,4.E-02);
#10983 = AXIS2_PLACEMENT_3D('',#10984,#10985,#10986);
#10984 = CARTESIAN_POINT('',(3.135,-2.185,14.36));
#10985 = DIRECTION('',(-0.,1.,0.));
#10986 = DIRECTION('',(0.,0.,1.));
#10987 = PCURVE('',#9968,#10988);
#10988 = DEFINITIONAL_REPRESENTATION('',(#10989),#10993);
#10989 = LINE('',#10990,#10991);
#10990 = CARTESIAN_POINT('',(0.,4.E-02));
#10991 = VECTOR('',#10992,1.);
#10992 = DIRECTION('',(1.,0.));
#10993 = ( GEOMETRIC_REPRESENTATION_CONTEXT(2) 
PARAMETRIC_REPRESENTATION_CONTEXT() REPRESENTATION_CONTEXT('2D SPACE',''
  ) );
#10994 = PCURVE('',#10875,#10995);
#10995 = DEFINITIONAL_REPRESENTATION('',(#10996),#11000);
#10996 = LINE('',#10997,#10998);
#10997 = CARTESIAN_POINT('',(0.,0.));
#10998 = VECTOR('',#10999,1.);
#10999 = DIRECTION('',(1.,0.));
#11000 = ( GEOMETRIC_REPRESENTATION_CONTEXT(2) 
PARAMETRIC_REPRESENTATION_CONTEXT() REPRESENTATION_CONTEXT('2D SPACE',''
  ) );
#11001 = ORIENTED_EDGE('',*,*,#11002,.T.);
#11002 = EDGE_CURVE('',#10979,#11003,#11005,.T.);
#11003 = VERTEX_POINT('',#11004);
#11004 = CARTESIAN_POINT('',(3.175,-0.524,14.36));
#11005 = SURFACE_CURVE('',#11006,(#11010,#11017),.PCURVE_S1.);
#11006 = LINE('',#11007,#11008);
#11007 = CARTESIAN_POINT('',(3.175,-2.225,14.36));
#11008 = VECTOR('',#11009,1.);
#11009 = DIRECTION('',(-0.,1.,0.));
#11010 = PCURVE('',#9968,#11011);
#11011 = DEFINITIONAL_REPRESENTATION('',(#11012),#11016);
#11012 = LINE('',#11013,#11014);
#11013 = CARTESIAN_POINT('',(1.570796326795,0.));
#11014 = VECTOR('',#11015,1.);
#11015 = DIRECTION('',(0.,1.));
#11016 = ( GEOMETRIC_REPRESENTATION_CONTEXT(2) 
PARAMETRIC_REPRESENTATION_CONTEXT() REPRESENTATION_CONTEXT('2D SPACE',''
  ) );
#11017 = PCURVE('',#11018,#11023);
#11018 = PLANE('',#11019);
#11019 = AXIS2_PLACEMENT_3D('',#11020,#11021,#11022);
#11020 = CARTESIAN_POINT('',(3.175,-4.516,13.96));
#11021 = DIRECTION('',(1.,0.,-0.));
#11022 = DIRECTION('',(0.,0.,1.));
#11023 = DEFINITIONAL_REPRESENTATION('',(#11024),#11028);
#11024 = LINE('',#11025,#11026);
#11025 = CARTESIAN_POINT('',(0.4,-2.291));
#11026 = VECTOR('',#11027,1.);
#11027 = DIRECTION('',(0.,-1.));
#11028 = ( GEOMETRIC_REPRESENTATION_CONTEXT(2) 
PARAMETRIC_REPRESENTATION_CONTEXT() REPRESENTATION_CONTEXT('2D SPACE',''
  ) );
#11029 = ORIENTED_EDGE('',*,*,#11030,.F.);
#11030 = EDGE_CURVE('',#9953,#11003,#11031,.T.);
#11031 = SURFACE_CURVE('',#11032,(#11037,#11043),.PCURVE_S1.);
#11032 = CIRCLE('',#11033,4.E-02);
#11033 = AXIS2_PLACEMENT_3D('',#11034,#11035,#11036);
#11034 = CARTESIAN_POINT('',(3.135,-0.524,14.36));
#11035 = DIRECTION('',(6.123233995737E-17,1.,-0.));
#11036 = DIRECTION('',(-1.,6.123233995737E-17,0.));
#11037 = PCURVE('',#9968,#11038);
#11038 = DEFINITIONAL_REPRESENTATION('',(#11039),#11042);
#11039 = B_SPLINE_CURVE_WITH_KNOTS('',1,(#11040,#11041),.UNSPECIFIED.,
  .F.,.F.,(2,2),(1.570796326795,3.14159265359),
  .PIECEWISE_BEZIER_KNOTS.);
#11040 = CARTESIAN_POINT('',(0.,1.701));
#11041 = CARTESIAN_POINT('',(1.570796326795,1.701));
#11042 = ( GEOMETRIC_REPRESENTATION_CONTEXT(2) 
PARAMETRIC_REPRESENTATION_CONTEXT() REPRESENTATION_CONTEXT('2D SPACE',''
  ) );
#11043 = PCURVE('',#9997,#11044);
#11044 = DEFINITIONAL_REPRESENTATION('',(#11045),#11048);
#11045 = B_SPLINE_CURVE_WITH_KNOTS('',1,(#11046,#11047),.UNSPECIFIED.,
  .F.,.F.,(2,2),(1.570796326795,3.14159265359),
  .PIECEWISE_BEZIER_KNOTS.);
#11046 = CARTESIAN_POINT('',(1.570796326795,1.570796326795));
#11047 = CARTESIAN_POINT('',(1.570796326795,3.14159265359));
#11048 = ( GEOMETRIC_REPRESENTATION_CONTEXT(2) 
PARAMETRIC_REPRESENTATION_CONTEXT() REPRESENTATION_CONTEXT('2D SPACE',''
  ) );
#11049 = ADVANCED_FACE('',(#11050),#10224,.T.);
#11050 = FACE_BOUND('',#11051,.T.);
#11051 = EDGE_LOOP('',(#11052,#11074,#11102,#11122));
#11052 = ORIENTED_EDGE('',*,*,#11053,.T.);
#11053 = EDGE_CURVE('',#10180,#11054,#11056,.T.);
#11054 = VERTEX_POINT('',#11055);
#11055 = CARTESIAN_POINT('',(5.426,-2.775,14.36));
#11056 = SURFACE_CURVE('',#11057,(#11062,#11068),.PCURVE_S1.);
#11057 = CIRCLE('',#11058,4.E-02);
#11058 = AXIS2_PLACEMENT_3D('',#11059,#11060,#11061);
#11059 = CARTESIAN_POINT('',(5.426,-2.815,14.36));
#11060 = DIRECTION('',(-1.,0.,0.));
#11061 = DIRECTION('',(0.,-1.,0.));
#11062 = PCURVE('',#10224,#11063);
#11063 = DEFINITIONAL_REPRESENTATION('',(#11064),#11067);
#11064 = B_SPLINE_CURVE_WITH_KNOTS('',1,(#11065,#11066),.UNSPECIFIED.,
  .F.,.F.,(2,2),(1.570796326795,3.14159265359),
  .PIECEWISE_BEZIER_KNOTS.);
#11065 = CARTESIAN_POINT('',(0.,4.E-02));
#11066 = CARTESIAN_POINT('',(1.570796326795,4.E-02));
#11067 = ( GEOMETRIC_REPRESENTATION_CONTEXT(2) 
PARAMETRIC_REPRESENTATION_CONTEXT() REPRESENTATION_CONTEXT('2D SPACE',''
  ) );
#11068 = PCURVE('',#10196,#11069);
#11069 = DEFINITIONAL_REPRESENTATION('',(#11070),#11073);
#11070 = B_SPLINE_CURVE_WITH_KNOTS('',1,(#11071,#11072),.UNSPECIFIED.,
  .F.,.F.,(2,2),(1.570796326795,3.14159265359),
  .PIECEWISE_BEZIER_KNOTS.);
#11071 = CARTESIAN_POINT('',(0.,1.570796326795));
#11072 = CARTESIAN_POINT('',(0.,3.14159265359));
#11073 = ( GEOMETRIC_REPRESENTATION_CONTEXT(2) 
PARAMETRIC_REPRESENTATION_CONTEXT() REPRESENTATION_CONTEXT('2D SPACE',''
  ) );
#11074 = ORIENTED_EDGE('',*,*,#11075,.T.);
#11075 = EDGE_CURVE('',#11054,#11076,#11078,.T.);
#11076 = VERTEX_POINT('',#11077);
#11077 = CARTESIAN_POINT('',(3.765,-2.775,14.36));
#11078 = SURFACE_CURVE('',#11079,(#11083,#11090),.PCURVE_S1.);
#11079 = LINE('',#11080,#11081);
#11080 = CARTESIAN_POINT('',(5.466,-2.775,14.36));
#11081 = VECTOR('',#11082,1.);
#11082 = DIRECTION('',(-1.,-0.,0.));
#11083 = PCURVE('',#10224,#11084);
#11084 = DEFINITIONAL_REPRESENTATION('',(#11085),#11089);
#11085 = LINE('',#11086,#11087);
#11086 = CARTESIAN_POINT('',(1.570796326795,0.));
#11087 = VECTOR('',#11088,1.);
#11088 = DIRECTION('',(0.,1.));
#11089 = ( GEOMETRIC_REPRESENTATION_CONTEXT(2) 
PARAMETRIC_REPRESENTATION_CONTEXT() REPRESENTATION_CONTEXT('2D SPACE',''
  ) );
#11090 = PCURVE('',#11091,#11096);
#11091 = PLANE('',#11092);
#11092 = AXIS2_PLACEMENT_3D('',#11093,#11094,#11095);
#11093 = CARTESIAN_POINT('',(1.434,-2.775,13.96));
#11094 = DIRECTION('',(-0.,1.,0.));
#11095 = DIRECTION('',(0.,0.,1.));
#11096 = DEFINITIONAL_REPRESENTATION('',(#11097),#11101);
#11097 = LINE('',#11098,#11099);
#11098 = CARTESIAN_POINT('',(0.4,4.032));
#11099 = VECTOR('',#11100,1.);
#11100 = DIRECTION('',(0.,-1.));
#11101 = ( GEOMETRIC_REPRESENTATION_CONTEXT(2) 
PARAMETRIC_REPRESENTATION_CONTEXT() REPRESENTATION_CONTEXT('2D SPACE',''
  ) );
#11102 = ORIENTED_EDGE('',*,*,#11103,.T.);
#11103 = EDGE_CURVE('',#11076,#10209,#11104,.T.);
#11104 = SURFACE_CURVE('',#11105,(#11110,#11116),.PCURVE_S1.);
#11105 = CIRCLE('',#11106,4.E-02);
#11106 = AXIS2_PLACEMENT_3D('',#11107,#11108,#11109);
#11107 = CARTESIAN_POINT('',(3.765,-2.815,14.36));
#11108 = DIRECTION('',(1.,0.,-0.));
#11109 = DIRECTION('',(0.,0.,1.));
#11110 = PCURVE('',#10224,#11111);
#11111 = DEFINITIONAL_REPRESENTATION('',(#11112),#11115);
#11112 = B_SPLINE_CURVE_WITH_KNOTS('',1,(#11113,#11114),.UNSPECIFIED.,
  .F.,.F.,(2,2),(4.712388980385,6.28318530718),
  .PIECEWISE_BEZIER_KNOTS.);
#11113 = CARTESIAN_POINT('',(1.570796326795,1.701));
#11114 = CARTESIAN_POINT('',(0.,1.701));
#11115 = ( GEOMETRIC_REPRESENTATION_CONTEXT(2) 
PARAMETRIC_REPRESENTATION_CONTEXT() REPRESENTATION_CONTEXT('2D SPACE',''
  ) );
#11116 = PCURVE('',#10961,#11117);
#11117 = DEFINITIONAL_REPRESENTATION('',(#11118),#11121);
#11118 = B_SPLINE_CURVE_WITH_KNOTS('',1,(#11119,#11120),.UNSPECIFIED.,
  .F.,.F.,(2,2),(4.712388980385,6.28318530718),
  .PIECEWISE_BEZIER_KNOTS.);
#11119 = CARTESIAN_POINT('',(0.,-1.570796326795));
#11120 = CARTESIAN_POINT('',(0.,0.));
#11121 = ( GEOMETRIC_REPRESENTATION_CONTEXT(2) 
PARAMETRIC_REPRESENTATION_CONTEXT() REPRESENTATION_CONTEXT('2D SPACE',''
  ) );
#11122 = ORIENTED_EDGE('',*,*,#10208,.F.);
#11123 = ADVANCED_FACE('',(#11124),#9997,.T.);
#11124 = FACE_BOUND('',#11125,.T.);
#11125 = EDGE_LOOP('',(#11126,#11148,#11149,#11150));
#11126 = ORIENTED_EDGE('',*,*,#11127,.F.);
#11127 = EDGE_CURVE('',#9981,#11128,#11130,.T.);
#11128 = VERTEX_POINT('',#11129);
#11129 = CARTESIAN_POINT('',(3.215,-0.484,14.36));
#11130 = SURFACE_CURVE('',#11131,(#11136,#11142),.PCURVE_S1.);
#11131 = CIRCLE('',#11132,4.E-02);
#11132 = AXIS2_PLACEMENT_3D('',#11133,#11134,#11135);
#11133 = CARTESIAN_POINT('',(3.215,-0.444,14.36));
#11134 = DIRECTION('',(1.,0.,0.));
#11135 = DIRECTION('',(-0.,1.,0.));
#11136 = PCURVE('',#9997,#11137);
#11137 = DEFINITIONAL_REPRESENTATION('',(#11138),#11141);
#11138 = B_SPLINE_CURVE_WITH_KNOTS('',1,(#11139,#11140),.UNSPECIFIED.,
  .F.,.F.,(2,2),(1.570796326795,3.14159265359),
  .PIECEWISE_BEZIER_KNOTS.);
#11139 = CARTESIAN_POINT('',(0.,1.570796326795));
#11140 = CARTESIAN_POINT('',(0.,3.14159265359));
#11141 = ( GEOMETRIC_REPRESENTATION_CONTEXT(2) 
PARAMETRIC_REPRESENTATION_CONTEXT() REPRESENTATION_CONTEXT('2D SPACE',''
  ) );
#11142 = PCURVE('',#10025,#11143);
#11143 = DEFINITIONAL_REPRESENTATION('',(#11144),#11147);
#11144 = B_SPLINE_CURVE_WITH_KNOTS('',1,(#11145,#11146),.UNSPECIFIED.,
  .F.,.F.,(2,2),(1.570796326795,3.14159265359),
  .PIECEWISE_BEZIER_KNOTS.);
#11145 = CARTESIAN_POINT('',(0.,0.51));
#11146 = CARTESIAN_POINT('',(-1.570796326795,0.51));
#11147 = ( GEOMETRIC_REPRESENTATION_CONTEXT(2) 
PARAMETRIC_REPRESENTATION_CONTEXT() REPRESENTATION_CONTEXT('2D SPACE',''
  ) );
#11148 = ORIENTED_EDGE('',*,*,#9980,.T.);
#11149 = ORIENTED_EDGE('',*,*,#11030,.T.);
#11150 = ORIENTED_EDGE('',*,*,#11151,.F.);
#11151 = EDGE_CURVE('',#11128,#11003,#11152,.T.);
#11152 = SURFACE_CURVE('',#11153,(#11158,#11165),.PCURVE_S1.);
#11153 = CIRCLE('',#11154,4.E-02);
#11154 = AXIS2_PLACEMENT_3D('',#11155,#11156,#11157);
#11155 = CARTESIAN_POINT('',(3.215,-0.524,14.36));
#11156 = DIRECTION('',(0.,0.,1.));
#11157 = DIRECTION('',(0.,1.,-0.));
#11158 = PCURVE('',#9997,#11159);
#11159 = DEFINITIONAL_REPRESENTATION('',(#11160),#11164);
#11160 = LINE('',#11161,#11162);
#11161 = CARTESIAN_POINT('',(0.,3.14159265359));
#11162 = VECTOR('',#11163,1.);
#11163 = DIRECTION('',(1.,0.));
#11164 = ( GEOMETRIC_REPRESENTATION_CONTEXT(2) 
PARAMETRIC_REPRESENTATION_CONTEXT() REPRESENTATION_CONTEXT('2D SPACE',''
  ) );
#11165 = PCURVE('',#11166,#11171);
#11166 = CYLINDRICAL_SURFACE('',#11167,4.E-02);
#11167 = AXIS2_PLACEMENT_3D('',#11168,#11169,#11170);
#11168 = CARTESIAN_POINT('',(3.215,-0.524,13.96));
#11169 = DIRECTION('',(0.,0.,1.));
#11170 = DIRECTION('',(-0.,1.,0.));
#11171 = DEFINITIONAL_REPRESENTATION('',(#11172),#11176);
#11172 = LINE('',#11173,#11174);
#11173 = CARTESIAN_POINT('',(0.,0.4));
#11174 = VECTOR('',#11175,1.);
#11175 = DIRECTION('',(1.,0.));
#11176 = ( GEOMETRIC_REPRESENTATION_CONTEXT(2) 
PARAMETRIC_REPRESENTATION_CONTEXT() REPRESENTATION_CONTEXT('2D SPACE',''
  ) );
#11177 = ADVANCED_FACE('',(#11178),#10196,.T.);
#11178 = FACE_BOUND('',#11179,.T.);
#11179 = EDGE_LOOP('',(#11180,#11181,#11182,#11204));
#11180 = ORIENTED_EDGE('',*,*,#11053,.F.);
#11181 = ORIENTED_EDGE('',*,*,#10179,.T.);
#11182 = ORIENTED_EDGE('',*,*,#11183,.T.);
#11183 = EDGE_CURVE('',#10152,#11184,#11186,.T.);
#11184 = VERTEX_POINT('',#11185);
#11185 = CARTESIAN_POINT('',(5.466,-2.735,14.36));
#11186 = SURFACE_CURVE('',#11187,(#11192,#11198),.PCURVE_S1.);
#11187 = CIRCLE('',#11188,4.E-02);
#11188 = AXIS2_PLACEMENT_3D('',#11189,#11190,#11191);
#11189 = CARTESIAN_POINT('',(5.506,-2.735,14.36));
#11190 = DIRECTION('',(-6.123233995737E-17,-1.,0.));
#11191 = DIRECTION('',(1.,-6.123233995737E-17,0.));
#11192 = PCURVE('',#10196,#11193);
#11193 = DEFINITIONAL_REPRESENTATION('',(#11194),#11197);
#11194 = B_SPLINE_CURVE_WITH_KNOTS('',1,(#11195,#11196),.UNSPECIFIED.,
  .F.,.F.,(2,2),(1.570796326795,3.14159265359),
  .PIECEWISE_BEZIER_KNOTS.);
#11195 = CARTESIAN_POINT('',(1.570796326795,1.570796326795));
#11196 = CARTESIAN_POINT('',(1.570796326795,3.14159265359));
#11197 = ( GEOMETRIC_REPRESENTATION_CONTEXT(2) 
PARAMETRIC_REPRESENTATION_CONTEXT() REPRESENTATION_CONTEXT('2D SPACE',''
  ) );
#11198 = PCURVE('',#10167,#11199);
#11199 = DEFINITIONAL_REPRESENTATION('',(#11200),#11203);
#11200 = B_SPLINE_CURVE_WITH_KNOTS('',1,(#11201,#11202),.UNSPECIFIED.,
  .F.,.F.,(2,2),(1.570796326795,3.14159265359),
  .PIECEWISE_BEZIER_KNOTS.);
#11201 = CARTESIAN_POINT('',(0.,4.E-02));
#11202 = CARTESIAN_POINT('',(-1.570796326795,4.E-02));
#11203 = ( GEOMETRIC_REPRESENTATION_CONTEXT(2) 
PARAMETRIC_REPRESENTATION_CONTEXT() REPRESENTATION_CONTEXT('2D SPACE',''
  ) );
#11204 = ORIENTED_EDGE('',*,*,#11205,.F.);
#11205 = EDGE_CURVE('',#11054,#11184,#11206,.T.);
#11206 = SURFACE_CURVE('',#11207,(#11212,#11219),.PCURVE_S1.);
#11207 = CIRCLE('',#11208,4.E-02);
#11208 = AXIS2_PLACEMENT_3D('',#11209,#11210,#11211);
#11209 = CARTESIAN_POINT('',(5.426,-2.735,14.36));
#11210 = DIRECTION('',(0.,0.,1.));
#11211 = DIRECTION('',(0.,-1.,0.));
#11212 = PCURVE('',#10196,#11213);
#11213 = DEFINITIONAL_REPRESENTATION('',(#11214),#11218);
#11214 = LINE('',#11215,#11216);
#11215 = CARTESIAN_POINT('',(0.,3.14159265359));
#11216 = VECTOR('',#11217,1.);
#11217 = DIRECTION('',(1.,0.));
#11218 = ( GEOMETRIC_REPRESENTATION_CONTEXT(2) 
PARAMETRIC_REPRESENTATION_CONTEXT() REPRESENTATION_CONTEXT('2D SPACE',''
  ) );
#11219 = PCURVE('',#11220,#11225);
#11220 = CYLINDRICAL_SURFACE('',#11221,4.E-02);
#11221 = AXIS2_PLACEMENT_3D('',#11222,#11223,#11224);
#11222 = CARTESIAN_POINT('',(5.426,-2.735,13.96));
#11223 = DIRECTION('',(0.,0.,1.));
#11224 = DIRECTION('',(0.,-1.,0.));
#11225 = DEFINITIONAL_REPRESENTATION('',(#11226),#11230);
#11226 = LINE('',#11227,#11228);
#11227 = CARTESIAN_POINT('',(0.,0.4));
#11228 = VECTOR('',#11229,1.);
#11229 = DIRECTION('',(1.,0.));
#11230 = ( GEOMETRIC_REPRESENTATION_CONTEXT(2) 
PARAMETRIC_REPRESENTATION_CONTEXT() REPRESENTATION_CONTEXT('2D SPACE',''
  ) );
#11231 = ADVANCED_FACE('',(#11232),#10025,.T.);
#11232 = FACE_BOUND('',#11233,.F.);
#11233 = EDGE_LOOP('',(#11234,#11256,#11282,#11283));
#11234 = ORIENTED_EDGE('',*,*,#11235,.T.);
#11235 = EDGE_CURVE('',#10010,#11236,#11238,.T.);
#11236 = VERTEX_POINT('',#11237);
#11237 = CARTESIAN_POINT('',(3.685,-0.484,14.36));
#11238 = SURFACE_CURVE('',#11239,(#11244,#11250),.PCURVE_S1.);
#11239 = CIRCLE('',#11240,4.E-02);
#11240 = AXIS2_PLACEMENT_3D('',#11241,#11242,#11243);
#11241 = CARTESIAN_POINT('',(3.685,-0.444,14.36));
#11242 = DIRECTION('',(1.,-6.123233995737E-17,0.));
#11243 = DIRECTION('',(6.123233995737E-17,1.,0.));
#11244 = PCURVE('',#10025,#11245);
#11245 = DEFINITIONAL_REPRESENTATION('',(#11246),#11249);
#11246 = B_SPLINE_CURVE_WITH_KNOTS('',1,(#11247,#11248),.UNSPECIFIED.,
  .F.,.F.,(2,2),(1.570796326795,3.14159265359),
  .PIECEWISE_BEZIER_KNOTS.);
#11247 = CARTESIAN_POINT('',(0.,4.E-02));
#11248 = CARTESIAN_POINT('',(-1.570796326795,4.E-02));
#11249 = ( GEOMETRIC_REPRESENTATION_CONTEXT(2) 
PARAMETRIC_REPRESENTATION_CONTEXT() REPRESENTATION_CONTEXT('2D SPACE',''
  ) );
#11250 = PCURVE('',#10054,#11251);
#11251 = DEFINITIONAL_REPRESENTATION('',(#11252),#11255);
#11252 = B_SPLINE_CURVE_WITH_KNOTS('',1,(#11253,#11254),.UNSPECIFIED.,
  .F.,.F.,(2,2),(1.570796326795,3.14159265359),
  .PIECEWISE_BEZIER_KNOTS.);
#11253 = CARTESIAN_POINT('',(1.570796326795,1.570796326795));
#11254 = CARTESIAN_POINT('',(1.570796326795,3.14159265359));
#11255 = ( GEOMETRIC_REPRESENTATION_CONTEXT(2) 
PARAMETRIC_REPRESENTATION_CONTEXT() REPRESENTATION_CONTEXT('2D SPACE',''
  ) );
#11256 = ORIENTED_EDGE('',*,*,#11257,.T.);
#11257 = EDGE_CURVE('',#11236,#11128,#11258,.T.);
#11258 = SURFACE_CURVE('',#11259,(#11263,#11270),.PCURVE_S1.);
#11259 = LINE('',#11260,#11261);
#11260 = CARTESIAN_POINT('',(3.725,-0.484,14.36));
#11261 = VECTOR('',#11262,1.);
#11262 = DIRECTION('',(-1.,-0.,0.));
#11263 = PCURVE('',#10025,#11264);
#11264 = DEFINITIONAL_REPRESENTATION('',(#11265),#11269);
#11265 = LINE('',#11266,#11267);
#11266 = CARTESIAN_POINT('',(-1.570796326795,0.));
#11267 = VECTOR('',#11268,1.);
#11268 = DIRECTION('',(-0.,1.));
#11269 = ( GEOMETRIC_REPRESENTATION_CONTEXT(2) 
PARAMETRIC_REPRESENTATION_CONTEXT() REPRESENTATION_CONTEXT('2D SPACE',''
  ) );
#11270 = PCURVE('',#11271,#11276);
#11271 = PLANE('',#11272);
#11272 = AXIS2_PLACEMENT_3D('',#11273,#11274,#11275);
#11273 = CARTESIAN_POINT('',(3.175,-0.484,13.96));
#11274 = DIRECTION('',(-0.,1.,0.));
#11275 = DIRECTION('',(0.,0.,1.));
#11276 = DEFINITIONAL_REPRESENTATION('',(#11277),#11281);
#11277 = LINE('',#11278,#11279);
#11278 = CARTESIAN_POINT('',(0.4,0.55));
#11279 = VECTOR('',#11280,1.);
#11280 = DIRECTION('',(0.,-1.));
#11281 = ( GEOMETRIC_REPRESENTATION_CONTEXT(2) 
PARAMETRIC_REPRESENTATION_CONTEXT() REPRESENTATION_CONTEXT('2D SPACE',''
  ) );
#11282 = ORIENTED_EDGE('',*,*,#11127,.F.);
#11283 = ORIENTED_EDGE('',*,*,#10009,.F.);
#11284 = ADVANCED_FACE('',(#11285),#10167,.T.);
#11285 = FACE_BOUND('',#11286,.F.);
#11286 = EDGE_LOOP('',(#11287,#11288,#11316,#11336));
#11287 = ORIENTED_EDGE('',*,*,#11183,.T.);
#11288 = ORIENTED_EDGE('',*,*,#11289,.T.);
#11289 = EDGE_CURVE('',#11184,#11290,#11292,.T.);
#11290 = VERTEX_POINT('',#11291);
#11291 = CARTESIAN_POINT('',(5.466,-2.265,14.36));
#11292 = SURFACE_CURVE('',#11293,(#11297,#11304),.PCURVE_S1.);
#11293 = LINE('',#11294,#11295);
#11294 = CARTESIAN_POINT('',(5.466,-2.775,14.36));
#11295 = VECTOR('',#11296,1.);
#11296 = DIRECTION('',(-0.,1.,0.));
#11297 = PCURVE('',#10167,#11298);
#11298 = DEFINITIONAL_REPRESENTATION('',(#11299),#11303);
#11299 = LINE('',#11300,#11301);
#11300 = CARTESIAN_POINT('',(-1.570796326795,0.));
#11301 = VECTOR('',#11302,1.);
#11302 = DIRECTION('',(-0.,1.));
#11303 = ( GEOMETRIC_REPRESENTATION_CONTEXT(2) 
PARAMETRIC_REPRESENTATION_CONTEXT() REPRESENTATION_CONTEXT('2D SPACE',''
  ) );
#11304 = PCURVE('',#11305,#11310);
#11305 = PLANE('',#11306);
#11306 = AXIS2_PLACEMENT_3D('',#11307,#11308,#11309);
#11307 = CARTESIAN_POINT('',(5.466,-2.775,13.96));
#11308 = DIRECTION('',(1.,0.,-0.));
#11309 = DIRECTION('',(0.,0.,1.));
#11310 = DEFINITIONAL_REPRESENTATION('',(#11311),#11315);
#11311 = LINE('',#11312,#11313);
#11312 = CARTESIAN_POINT('',(0.4,0.));
#11313 = VECTOR('',#11314,1.);
#11314 = DIRECTION('',(0.,-1.));
#11315 = ( GEOMETRIC_REPRESENTATION_CONTEXT(2) 
PARAMETRIC_REPRESENTATION_CONTEXT() REPRESENTATION_CONTEXT('2D SPACE',''
  ) );
#11316 = ORIENTED_EDGE('',*,*,#11317,.F.);
#11317 = EDGE_CURVE('',#10123,#11290,#11318,.T.);
#11318 = SURFACE_CURVE('',#11319,(#11324,#11330),.PCURVE_S1.);
#11319 = CIRCLE('',#11320,4.E-02);
#11320 = AXIS2_PLACEMENT_3D('',#11321,#11322,#11323);
#11321 = CARTESIAN_POINT('',(5.506,-2.265,14.36));
#11322 = DIRECTION('',(0.,-1.,0.));
#11323 = DIRECTION('',(1.,0.,0.));
#11324 = PCURVE('',#10167,#11325);
#11325 = DEFINITIONAL_REPRESENTATION('',(#11326),#11329);
#11326 = B_SPLINE_CURVE_WITH_KNOTS('',1,(#11327,#11328),.UNSPECIFIED.,
  .F.,.F.,(2,2),(1.570796326795,3.14159265359),
  .PIECEWISE_BEZIER_KNOTS.);
#11327 = CARTESIAN_POINT('',(0.,0.51));
#11328 = CARTESIAN_POINT('',(-1.570796326795,0.51));
#11329 = ( GEOMETRIC_REPRESENTATION_CONTEXT(2) 
PARAMETRIC_REPRESENTATION_CONTEXT() REPRESENTATION_CONTEXT('2D SPACE',''
  ) );
#11330 = PCURVE('',#10139,#11331);
#11331 = DEFINITIONAL_REPRESENTATION('',(#11332),#11335);
#11332 = B_SPLINE_CURVE_WITH_KNOTS('',1,(#11333,#11334),.UNSPECIFIED.,
  .F.,.F.,(2,2),(1.570796326795,3.14159265359),
  .PIECEWISE_BEZIER_KNOTS.);
#11333 = CARTESIAN_POINT('',(0.,1.570796326795));
#11334 = CARTESIAN_POINT('',(0.,3.14159265359));
#11335 = ( GEOMETRIC_REPRESENTATION_CONTEXT(2) 
PARAMETRIC_REPRESENTATION_CONTEXT() REPRESENTATION_CONTEXT('2D SPACE',''
  ) );
#11336 = ORIENTED_EDGE('',*,*,#10151,.F.);
#11337 = ADVANCED_FACE('',(#11338),#10054,.T.);
#11338 = FACE_BOUND('',#11339,.T.);
#11339 = EDGE_LOOP('',(#11340,#11362,#11363,#11364));
#11340 = ORIENTED_EDGE('',*,*,#11341,.F.);
#11341 = EDGE_CURVE('',#10038,#11342,#11344,.T.);
#11342 = VERTEX_POINT('',#11343);
#11343 = CARTESIAN_POINT('',(3.725,-0.524,14.36));
#11344 = SURFACE_CURVE('',#11345,(#11350,#11356),.PCURVE_S1.);
#11345 = CIRCLE('',#11346,4.E-02);
#11346 = AXIS2_PLACEMENT_3D('',#11347,#11348,#11349);
#11347 = CARTESIAN_POINT('',(3.765,-0.524,14.36));
#11348 = DIRECTION('',(0.,-1.,0.));
#11349 = DIRECTION('',(1.,0.,0.));
#11350 = PCURVE('',#10054,#11351);
#11351 = DEFINITIONAL_REPRESENTATION('',(#11352),#11355);
#11352 = B_SPLINE_CURVE_WITH_KNOTS('',1,(#11353,#11354),.UNSPECIFIED.,
  .F.,.F.,(2,2),(1.570796326795,3.14159265359),
  .PIECEWISE_BEZIER_KNOTS.);
#11353 = CARTESIAN_POINT('',(0.,1.570796326795));
#11354 = CARTESIAN_POINT('',(0.,3.14159265359));
#11355 = ( GEOMETRIC_REPRESENTATION_CONTEXT(2) 
PARAMETRIC_REPRESENTATION_CONTEXT() REPRESENTATION_CONTEXT('2D SPACE',''
  ) );
#11356 = PCURVE('',#10082,#11357);
#11357 = DEFINITIONAL_REPRESENTATION('',(#11358),#11361);
#11358 = B_SPLINE_CURVE_WITH_KNOTS('',1,(#11359,#11360),.UNSPECIFIED.,
  .F.,.F.,(2,2),(1.570796326795,3.14159265359),
  .PIECEWISE_BEZIER_KNOTS.);
#11359 = CARTESIAN_POINT('',(0.,1.701));
#11360 = CARTESIAN_POINT('',(-1.570796326795,1.701));
#11361 = ( GEOMETRIC_REPRESENTATION_CONTEXT(2) 
PARAMETRIC_REPRESENTATION_CONTEXT() REPRESENTATION_CONTEXT('2D SPACE',''
  ) );
#11362 = ORIENTED_EDGE('',*,*,#10037,.T.);
#11363 = ORIENTED_EDGE('',*,*,#11235,.T.);
#11364 = ORIENTED_EDGE('',*,*,#11365,.F.);
#11365 = EDGE_CURVE('',#11342,#11236,#11366,.T.);
#11366 = SURFACE_CURVE('',#11367,(#11372,#11379),.PCURVE_S1.);
#11367 = CIRCLE('',#11368,4.E-02);
#11368 = AXIS2_PLACEMENT_3D('',#11369,#11370,#11371);
#11369 = CARTESIAN_POINT('',(3.685,-0.524,14.36));
#11370 = DIRECTION('',(0.,0.,1.));
#11371 = DIRECTION('',(1.,0.,-0.));
#11372 = PCURVE('',#10054,#11373);
#11373 = DEFINITIONAL_REPRESENTATION('',(#11374),#11378);
#11374 = LINE('',#11375,#11376);
#11375 = CARTESIAN_POINT('',(0.,3.14159265359));
#11376 = VECTOR('',#11377,1.);
#11377 = DIRECTION('',(1.,0.));
#11378 = ( GEOMETRIC_REPRESENTATION_CONTEXT(2) 
PARAMETRIC_REPRESENTATION_CONTEXT() REPRESENTATION_CONTEXT('2D SPACE',''
  ) );
#11379 = PCURVE('',#11380,#11385);
#11380 = CYLINDRICAL_SURFACE('',#11381,4.E-02);
#11381 = AXIS2_PLACEMENT_3D('',#11382,#11383,#11384);
#11382 = CARTESIAN_POINT('',(3.685,-0.524,13.96));
#11383 = DIRECTION('',(0.,0.,1.));
#11384 = DIRECTION('',(1.,0.,-0.));
#11385 = DEFINITIONAL_REPRESENTATION('',(#11386),#11390);
#11386 = LINE('',#11387,#11388);
#11387 = CARTESIAN_POINT('',(0.,0.4));
#11388 = VECTOR('',#11389,1.);
#11389 = DIRECTION('',(1.,0.));
#11390 = ( GEOMETRIC_REPRESENTATION_CONTEXT(2) 
PARAMETRIC_REPRESENTATION_CONTEXT() REPRESENTATION_CONTEXT('2D SPACE',''
  ) );
#11391 = ADVANCED_FACE('',(#11392),#10139,.T.);
#11392 = FACE_BOUND('',#11393,.T.);
#11393 = EDGE_LOOP('',(#11394,#11395,#11396,#11418));
#11394 = ORIENTED_EDGE('',*,*,#11317,.F.);
#11395 = ORIENTED_EDGE('',*,*,#10122,.T.);
#11396 = ORIENTED_EDGE('',*,*,#11397,.T.);
#11397 = EDGE_CURVE('',#10095,#11398,#11400,.T.);
#11398 = VERTEX_POINT('',#11399);
#11399 = CARTESIAN_POINT('',(5.426,-2.225,14.36));
#11400 = SURFACE_CURVE('',#11401,(#11406,#11412),.PCURVE_S1.);
#11401 = CIRCLE('',#11402,4.E-02);
#11402 = AXIS2_PLACEMENT_3D('',#11403,#11404,#11405);
#11403 = CARTESIAN_POINT('',(5.426,-2.185,14.36));
#11404 = DIRECTION('',(1.,-6.123233995737E-17,0.));
#11405 = DIRECTION('',(6.123233995737E-17,1.,0.));
#11406 = PCURVE('',#10139,#11407);
#11407 = DEFINITIONAL_REPRESENTATION('',(#11408),#11411);
#11408 = B_SPLINE_CURVE_WITH_KNOTS('',1,(#11409,#11410),.UNSPECIFIED.,
  .F.,.F.,(2,2),(1.570796326795,3.14159265359),
  .PIECEWISE_BEZIER_KNOTS.);
#11409 = CARTESIAN_POINT('',(1.570796326795,1.570796326795));
#11410 = CARTESIAN_POINT('',(1.570796326795,3.14159265359));
#11411 = ( GEOMETRIC_REPRESENTATION_CONTEXT(2) 
PARAMETRIC_REPRESENTATION_CONTEXT() REPRESENTATION_CONTEXT('2D SPACE',''
  ) );
#11412 = PCURVE('',#10110,#11413);
#11413 = DEFINITIONAL_REPRESENTATION('',(#11414),#11417);
#11414 = B_SPLINE_CURVE_WITH_KNOTS('',1,(#11415,#11416),.UNSPECIFIED.,
  .F.,.F.,(2,2),(1.570796326795,3.14159265359),
  .PIECEWISE_BEZIER_KNOTS.);
#11415 = CARTESIAN_POINT('',(0.,4.E-02));
#11416 = CARTESIAN_POINT('',(-1.570796326795,4.E-02));
#11417 = ( GEOMETRIC_REPRESENTATION_CONTEXT(2) 
PARAMETRIC_REPRESENTATION_CONTEXT() REPRESENTATION_CONTEXT('2D SPACE',''
  ) );
#11418 = ORIENTED_EDGE('',*,*,#11419,.F.);
#11419 = EDGE_CURVE('',#11290,#11398,#11420,.T.);
#11420 = SURFACE_CURVE('',#11421,(#11426,#11433),.PCURVE_S1.);
#11421 = CIRCLE('',#11422,4.E-02);
#11422 = AXIS2_PLACEMENT_3D('',#11423,#11424,#11425);
#11423 = CARTESIAN_POINT('',(5.426,-2.265,14.36));
#11424 = DIRECTION('',(0.,0.,1.));
#11425 = DIRECTION('',(1.,0.,-0.));
#11426 = PCURVE('',#10139,#11427);
#11427 = DEFINITIONAL_REPRESENTATION('',(#11428),#11432);
#11428 = LINE('',#11429,#11430);
#11429 = CARTESIAN_POINT('',(0.,3.14159265359));
#11430 = VECTOR('',#11431,1.);
#11431 = DIRECTION('',(1.,0.));
#11432 = ( GEOMETRIC_REPRESENTATION_CONTEXT(2) 
PARAMETRIC_REPRESENTATION_CONTEXT() REPRESENTATION_CONTEXT('2D SPACE',''
  ) );
#11433 = PCURVE('',#11434,#11439);
#11434 = CYLINDRICAL_SURFACE('',#11435,4.E-02);
#11435 = AXIS2_PLACEMENT_3D('',#11436,#11437,#11438);
#11436 = CARTESIAN_POINT('',(5.426,-2.265,13.96));
#11437 = DIRECTION('',(0.,0.,1.));
#11438 = DIRECTION('',(1.,0.,-0.));
#11439 = DEFINITIONAL_REPRESENTATION('',(#11440),#11444);
#11440 = LINE('',#11441,#11442);
#11441 = CARTESIAN_POINT('',(0.,0.4));
#11442 = VECTOR('',#11443,1.);
#11443 = DIRECTION('',(1.,0.));
#11444 = ( GEOMETRIC_REPRESENTATION_CONTEXT(2) 
PARAMETRIC_REPRESENTATION_CONTEXT() REPRESENTATION_CONTEXT('2D SPACE',''
  ) );
#11445 = ADVANCED_FACE('',(#11446),#10082,.T.);
#11446 = FACE_BOUND('',#11447,.F.);
#11447 = EDGE_LOOP('',(#11448,#11475,#11501,#11502));
#11448 = ORIENTED_EDGE('',*,*,#11449,.F.);
#11449 = EDGE_CURVE('',#11450,#10067,#11452,.T.);
#11450 = VERTEX_POINT('',#11451);
#11451 = CARTESIAN_POINT('',(3.725,-2.185,14.36));
#11452 = SURFACE_CURVE('',#11453,(#11458,#11464),.PCURVE_S1.);
#11453 = CIRCLE('',#11454,4.E-02);
#11454 = AXIS2_PLACEMENT_3D('',#11455,#11456,#11457);
#11455 = CARTESIAN_POINT('',(3.765,-2.185,14.36));
#11456 = DIRECTION('',(-0.,1.,0.));
#11457 = DIRECTION('',(0.,0.,1.));
#11458 = PCURVE('',#10082,#11459);
#11459 = DEFINITIONAL_REPRESENTATION('',(#11460),#11463);
#11460 = B_SPLINE_CURVE_WITH_KNOTS('',1,(#11461,#11462),.UNSPECIFIED.,
  .F.,.F.,(2,2),(4.712388980385,6.28318530718),
  .PIECEWISE_BEZIER_KNOTS.);
#11461 = CARTESIAN_POINT('',(-1.570796326795,4.E-02));
#11462 = CARTESIAN_POINT('',(0.,4.E-02));
#11463 = ( GEOMETRIC_REPRESENTATION_CONTEXT(2) 
PARAMETRIC_REPRESENTATION_CONTEXT() REPRESENTATION_CONTEXT('2D SPACE',''
  ) );
#11464 = PCURVE('',#11465,#11470);
#11465 = SPHERICAL_SURFACE('',#11466,4.E-02);
#11466 = AXIS2_PLACEMENT_3D('',#11467,#11468,#11469);
#11467 = CARTESIAN_POINT('',(3.765,-2.185,14.36));
#11468 = DIRECTION('',(1.,0.,-0.));
#11469 = DIRECTION('',(0.,0.,1.));
#11470 = DEFINITIONAL_REPRESENTATION('',(#11471),#11474);
#11471 = B_SPLINE_CURVE_WITH_KNOTS('',1,(#11472,#11473),.UNSPECIFIED.,
  .F.,.F.,(2,2),(4.712388980385,6.28318530718),
  .PIECEWISE_BEZIER_KNOTS.);
#11472 = CARTESIAN_POINT('',(0.,-1.570796326795));
#11473 = CARTESIAN_POINT('',(0.,0.));
#11474 = ( GEOMETRIC_REPRESENTATION_CONTEXT(2) 
PARAMETRIC_REPRESENTATION_CONTEXT() REPRESENTATION_CONTEXT('2D SPACE',''
  ) );
#11475 = ORIENTED_EDGE('',*,*,#11476,.T.);
#11476 = EDGE_CURVE('',#11450,#11342,#11477,.T.);
#11477 = SURFACE_CURVE('',#11478,(#11482,#11489),.PCURVE_S1.);
#11478 = LINE('',#11479,#11480);
#11479 = CARTESIAN_POINT('',(3.725,-2.225,14.36));
#11480 = VECTOR('',#11481,1.);
#11481 = DIRECTION('',(-0.,1.,0.));
#11482 = PCURVE('',#10082,#11483);
#11483 = DEFINITIONAL_REPRESENTATION('',(#11484),#11488);
#11484 = LINE('',#11485,#11486);
#11485 = CARTESIAN_POINT('',(-1.570796326795,0.));
#11486 = VECTOR('',#11487,1.);
#11487 = DIRECTION('',(-0.,1.));
#11488 = ( GEOMETRIC_REPRESENTATION_CONTEXT(2) 
PARAMETRIC_REPRESENTATION_CONTEXT() REPRESENTATION_CONTEXT('2D SPACE',''
  ) );
#11489 = PCURVE('',#11490,#11495);
#11490 = PLANE('',#11491);
#11491 = AXIS2_PLACEMENT_3D('',#11492,#11493,#11494);
#11492 = CARTESIAN_POINT('',(3.725,-4.516,13.96));
#11493 = DIRECTION('',(1.,0.,-0.));
#11494 = DIRECTION('',(0.,0.,1.));
#11495 = DEFINITIONAL_REPRESENTATION('',(#11496),#11500);
#11496 = LINE('',#11497,#11498);
#11497 = CARTESIAN_POINT('',(0.4,-2.291));
#11498 = VECTOR('',#11499,1.);
#11499 = DIRECTION('',(0.,-1.));
#11500 = ( GEOMETRIC_REPRESENTATION_CONTEXT(2) 
PARAMETRIC_REPRESENTATION_CONTEXT() REPRESENTATION_CONTEXT('2D SPACE',''
  ) );
#11501 = ORIENTED_EDGE('',*,*,#11341,.F.);
#11502 = ORIENTED_EDGE('',*,*,#10066,.F.);
#11503 = ADVANCED_FACE('',(#11504),#10110,.T.);
#11504 = FACE_BOUND('',#11505,.F.);
#11505 = EDGE_LOOP('',(#11506,#11507,#11535,#11557));
#11506 = ORIENTED_EDGE('',*,*,#11397,.T.);
#11507 = ORIENTED_EDGE('',*,*,#11508,.T.);
#11508 = EDGE_CURVE('',#11398,#11509,#11511,.T.);
#11509 = VERTEX_POINT('',#11510);
#11510 = CARTESIAN_POINT('',(3.765,-2.225,14.36));
#11511 = SURFACE_CURVE('',#11512,(#11516,#11523),.PCURVE_S1.);
#11512 = LINE('',#11513,#11514);
#11513 = CARTESIAN_POINT('',(5.466,-2.225,14.36));
#11514 = VECTOR('',#11515,1.);
#11515 = DIRECTION('',(-1.,-0.,0.));
#11516 = PCURVE('',#10110,#11517);
#11517 = DEFINITIONAL_REPRESENTATION('',(#11518),#11522);
#11518 = LINE('',#11519,#11520);
#11519 = CARTESIAN_POINT('',(-1.570796326795,0.));
#11520 = VECTOR('',#11521,1.);
#11521 = DIRECTION('',(-0.,1.));
#11522 = ( GEOMETRIC_REPRESENTATION_CONTEXT(2) 
PARAMETRIC_REPRESENTATION_CONTEXT() REPRESENTATION_CONTEXT('2D SPACE',''
  ) );
#11523 = PCURVE('',#11524,#11529);
#11524 = PLANE('',#11525);
#11525 = AXIS2_PLACEMENT_3D('',#11526,#11527,#11528);
#11526 = CARTESIAN_POINT('',(1.434,-2.225,13.96));
#11527 = DIRECTION('',(-0.,1.,0.));
#11528 = DIRECTION('',(0.,0.,1.));
#11529 = DEFINITIONAL_REPRESENTATION('',(#11530),#11534);
#11530 = LINE('',#11531,#11532);
#11531 = CARTESIAN_POINT('',(0.4,4.032));
#11532 = VECTOR('',#11533,1.);
#11533 = DIRECTION('',(0.,-1.));
#11534 = ( GEOMETRIC_REPRESENTATION_CONTEXT(2) 
PARAMETRIC_REPRESENTATION_CONTEXT() REPRESENTATION_CONTEXT('2D SPACE',''
  ) );
#11535 = ORIENTED_EDGE('',*,*,#11536,.F.);
#11536 = EDGE_CURVE('',#10067,#11509,#11537,.T.);
#11537 = SURFACE_CURVE('',#11538,(#11543,#11550),.PCURVE_S1.);
#11538 = CIRCLE('',#11539,4.E-02);
#11539 = AXIS2_PLACEMENT_3D('',#11540,#11541,#11542);
#11540 = CARTESIAN_POINT('',(3.765,-2.185,14.36));
#11541 = DIRECTION('',(1.,0.,-0.));
#11542 = DIRECTION('',(0.,0.,1.));
#11543 = PCURVE('',#10110,#11544);
#11544 = DEFINITIONAL_REPRESENTATION('',(#11545),#11549);
#11545 = LINE('',#11546,#11547);
#11546 = CARTESIAN_POINT('',(-0.,1.701));
#11547 = VECTOR('',#11548,1.);
#11548 = DIRECTION('',(-1.,0.));
#11549 = ( GEOMETRIC_REPRESENTATION_CONTEXT(2) 
PARAMETRIC_REPRESENTATION_CONTEXT() REPRESENTATION_CONTEXT('2D SPACE',''
  ) );
#11550 = PCURVE('',#11465,#11551);
#11551 = DEFINITIONAL_REPRESENTATION('',(#11552),#11556);
#11552 = LINE('',#11553,#11554);
#11553 = CARTESIAN_POINT('',(0.,0.));
#11554 = VECTOR('',#11555,1.);
#11555 = DIRECTION('',(1.,0.));
#11556 = ( GEOMETRIC_REPRESENTATION_CONTEXT(2) 
PARAMETRIC_REPRESENTATION_CONTEXT() REPRESENTATION_CONTEXT('2D SPACE',''
  ) );
#11557 = ORIENTED_EDGE('',*,*,#10094,.F.);
#11558 = ADVANCED_FACE('',(#11559),#10400,.T.);
#11559 = FACE_BOUND('',#11560,.T.);
#11560 = EDGE_LOOP('',(#11561,#11562,#11587));
#11561 = ORIENTED_EDGE('',*,*,#10513,.F.);
#11562 = ORIENTED_EDGE('',*,*,#11563,.T.);
#11563 = EDGE_CURVE('',#10486,#10384,#11564,.T.);
#11564 = SURFACE_CURVE('',#11565,(#11570,#11576),.PCURVE_S1.);
#11565 = CIRCLE('',#11566,4.E-02);
#11566 = AXIS2_PLACEMENT_3D('',#11567,#11568,#11569);
#11567 = CARTESIAN_POINT('',(3.135,-2.815,14.36));
#11568 = DIRECTION('',(0.,-6.123233995737E-17,1.));
#11569 = DIRECTION('',(0.,1.,6.123233995737E-17));
#11570 = PCURVE('',#10400,#11571);
#11571 = DEFINITIONAL_REPRESENTATION('',(#11572),#11575);
#11572 = B_SPLINE_CURVE_WITH_KNOTS('',1,(#11573,#11574),.UNSPECIFIED.,
  .F.,.F.,(2,2),(4.712388980385,6.28318530718),
  .PIECEWISE_BEZIER_KNOTS.);
#11573 = CARTESIAN_POINT('',(1.570796326795,-1.570796326795));
#11574 = CARTESIAN_POINT('',(1.570796326795,0.));
#11575 = ( GEOMETRIC_REPRESENTATION_CONTEXT(2) 
PARAMETRIC_REPRESENTATION_CONTEXT() REPRESENTATION_CONTEXT('2D SPACE',''
  ) );
#11576 = PCURVE('',#11577,#11582);
#11577 = CYLINDRICAL_SURFACE('',#11578,4.E-02);
#11578 = AXIS2_PLACEMENT_3D('',#11579,#11580,#11581);
#11579 = CARTESIAN_POINT('',(3.135,-2.815,14.4));
#11580 = DIRECTION('',(-0.,0.,-1.));
#11581 = DIRECTION('',(0.,1.,0.));
#11582 = DEFINITIONAL_REPRESENTATION('',(#11583),#11586);
#11583 = B_SPLINE_CURVE_WITH_KNOTS('',1,(#11584,#11585),.UNSPECIFIED.,
  .F.,.F.,(2,2),(4.712388980385,6.28318530718),
  .PIECEWISE_BEZIER_KNOTS.);
#11584 = CARTESIAN_POINT('',(1.570796326795,4.E-02));
#11585 = CARTESIAN_POINT('',(0.,4.E-02));
#11586 = ( GEOMETRIC_REPRESENTATION_CONTEXT(2) 
PARAMETRIC_REPRESENTATION_CONTEXT() REPRESENTATION_CONTEXT('2D SPACE',''
  ) );
#11587 = ORIENTED_EDGE('',*,*,#10383,.F.);
#11588 = ADVANCED_FACE('',(#11589),#10428,.T.);
#11589 = FACE_BOUND('',#11590,.T.);
#11590 = EDGE_LOOP('',(#11591,#11592,#11615,#11643));
#11591 = ORIENTED_EDGE('',*,*,#10412,.F.);
#11592 = ORIENTED_EDGE('',*,*,#11593,.T.);
#11593 = EDGE_CURVE('',#10384,#11594,#11596,.T.);
#11594 = VERTEX_POINT('',#11595);
#11595 = CARTESIAN_POINT('',(3.135,-2.775,14.));
#11596 = SURFACE_CURVE('',#11597,(#11601,#11608),.PCURVE_S1.);
#11597 = LINE('',#11598,#11599);
#11598 = CARTESIAN_POINT('',(3.135,-2.775,14.4));
#11599 = VECTOR('',#11600,1.);
#11600 = DIRECTION('',(-0.,0.,-1.));
#11601 = PCURVE('',#10428,#11602);
#11602 = DEFINITIONAL_REPRESENTATION('',(#11603),#11607);
#11603 = LINE('',#11604,#11605);
#11604 = CARTESIAN_POINT('',(0.44,1.701));
#11605 = VECTOR('',#11606,1.);
#11606 = DIRECTION('',(-1.,0.));
#11607 = ( GEOMETRIC_REPRESENTATION_CONTEXT(2) 
PARAMETRIC_REPRESENTATION_CONTEXT() REPRESENTATION_CONTEXT('2D SPACE',''
  ) );
#11608 = PCURVE('',#11577,#11609);
#11609 = DEFINITIONAL_REPRESENTATION('',(#11610),#11614);
#11610 = LINE('',#11611,#11612);
#11611 = CARTESIAN_POINT('',(0.,0.));
#11612 = VECTOR('',#11613,1.);
#11613 = DIRECTION('',(0.,1.));
#11614 = ( GEOMETRIC_REPRESENTATION_CONTEXT(2) 
PARAMETRIC_REPRESENTATION_CONTEXT() REPRESENTATION_CONTEXT('2D SPACE',''
  ) );
#11615 = ORIENTED_EDGE('',*,*,#11616,.F.);
#11616 = EDGE_CURVE('',#11617,#11594,#11619,.T.);
#11617 = VERTEX_POINT('',#11618);
#11618 = CARTESIAN_POINT('',(1.474,-2.775,14.));
#11619 = SURFACE_CURVE('',#11620,(#11624,#11631),.PCURVE_S1.);
#11620 = LINE('',#11621,#11622);
#11621 = CARTESIAN_POINT('',(1.434,-2.775,14.));
#11622 = VECTOR('',#11623,1.);
#11623 = DIRECTION('',(1.,0.,-0.));
#11624 = PCURVE('',#10428,#11625);
#11625 = DEFINITIONAL_REPRESENTATION('',(#11626),#11630);
#11626 = LINE('',#11627,#11628);
#11627 = CARTESIAN_POINT('',(4.E-02,0.));
#11628 = VECTOR('',#11629,1.);
#11629 = DIRECTION('',(0.,1.));
#11630 = ( GEOMETRIC_REPRESENTATION_CONTEXT(2) 
PARAMETRIC_REPRESENTATION_CONTEXT() REPRESENTATION_CONTEXT('2D SPACE',''
  ) );
#11631 = PCURVE('',#11632,#11637);
#11632 = CYLINDRICAL_SURFACE('',#11633,4.E-02);
#11633 = AXIS2_PLACEMENT_3D('',#11634,#11635,#11636);
#11634 = CARTESIAN_POINT('',(1.434,-2.735,14.));
#11635 = DIRECTION('',(1.,0.,-0.));
#11636 = DIRECTION('',(0.,-1.,0.));
#11637 = DEFINITIONAL_REPRESENTATION('',(#11638),#11642);
#11638 = LINE('',#11639,#11640);
#11639 = CARTESIAN_POINT('',(0.,0.));
#11640 = VECTOR('',#11641,1.);
#11641 = DIRECTION('',(0.,1.));
#11642 = ( GEOMETRIC_REPRESENTATION_CONTEXT(2) 
PARAMETRIC_REPRESENTATION_CONTEXT() REPRESENTATION_CONTEXT('2D SPACE',''
  ) );
#11643 = ORIENTED_EDGE('',*,*,#11644,.T.);
#11644 = EDGE_CURVE('',#11617,#10413,#11645,.T.);
#11645 = SURFACE_CURVE('',#11646,(#11650,#11657),.PCURVE_S1.);
#11646 = LINE('',#11647,#11648);
#11647 = CARTESIAN_POINT('',(1.474,-2.775,13.96));
#11648 = VECTOR('',#11649,1.);
#11649 = DIRECTION('',(0.,0.,1.));
#11650 = PCURVE('',#10428,#11651);
#11651 = DEFINITIONAL_REPRESENTATION('',(#11652),#11656);
#11652 = LINE('',#11653,#11654);
#11653 = CARTESIAN_POINT('',(0.,4.E-02));
#11654 = VECTOR('',#11655,1.);
#11655 = DIRECTION('',(1.,0.));
#11656 = ( GEOMETRIC_REPRESENTATION_CONTEXT(2) 
PARAMETRIC_REPRESENTATION_CONTEXT() REPRESENTATION_CONTEXT('2D SPACE',''
  ) );
#11657 = PCURVE('',#10576,#11658);
#11658 = DEFINITIONAL_REPRESENTATION('',(#11659),#11663);
#11659 = LINE('',#11660,#11661);
#11660 = CARTESIAN_POINT('',(-0.,0.));
#11661 = VECTOR('',#11662,1.);
#11662 = DIRECTION('',(-0.,1.));
#11663 = ( GEOMETRIC_REPRESENTATION_CONTEXT(2) 
PARAMETRIC_REPRESENTATION_CONTEXT() REPRESENTATION_CONTEXT('2D SPACE',''
  ) );
#11664 = ADVANCED_FACE('',(#11665),#10501,.T.);
#11665 = FACE_BOUND('',#11666,.T.);
#11666 = EDGE_LOOP('',(#11667,#11668,#11691,#11719));
#11667 = ORIENTED_EDGE('',*,*,#10485,.F.);
#11668 = ORIENTED_EDGE('',*,*,#11669,.F.);
#11669 = EDGE_CURVE('',#11670,#10464,#11672,.T.);
#11670 = VERTEX_POINT('',#11671);
#11671 = CARTESIAN_POINT('',(3.175,-4.476,14.));
#11672 = SURFACE_CURVE('',#11673,(#11677,#11684),.PCURVE_S1.);
#11673 = LINE('',#11674,#11675);
#11674 = CARTESIAN_POINT('',(3.175,-4.476,13.96));
#11675 = VECTOR('',#11676,1.);
#11676 = DIRECTION('',(0.,0.,1.));
#11677 = PCURVE('',#10501,#11678);
#11678 = DEFINITIONAL_REPRESENTATION('',(#11679),#11683);
#11679 = LINE('',#11680,#11681);
#11680 = CARTESIAN_POINT('',(0.,-4.E-02));
#11681 = VECTOR('',#11682,1.);
#11682 = DIRECTION('',(1.,0.));
#11683 = ( GEOMETRIC_REPRESENTATION_CONTEXT(2) 
PARAMETRIC_REPRESENTATION_CONTEXT() REPRESENTATION_CONTEXT('2D SPACE',''
  ) );
#11684 = PCURVE('',#10630,#11685);
#11685 = DEFINITIONAL_REPRESENTATION('',(#11686),#11690);
#11686 = LINE('',#11687,#11688);
#11687 = CARTESIAN_POINT('',(0.,0.));
#11688 = VECTOR('',#11689,1.);
#11689 = DIRECTION('',(0.,1.));
#11690 = ( GEOMETRIC_REPRESENTATION_CONTEXT(2) 
PARAMETRIC_REPRESENTATION_CONTEXT() REPRESENTATION_CONTEXT('2D SPACE',''
  ) );
#11691 = ORIENTED_EDGE('',*,*,#11692,.T.);
#11692 = EDGE_CURVE('',#11670,#11693,#11695,.T.);
#11693 = VERTEX_POINT('',#11694);
#11694 = CARTESIAN_POINT('',(3.175,-2.815,14.));
#11695 = SURFACE_CURVE('',#11696,(#11700,#11707),.PCURVE_S1.);
#11696 = LINE('',#11697,#11698);
#11697 = CARTESIAN_POINT('',(3.175,-4.516,14.));
#11698 = VECTOR('',#11699,1.);
#11699 = DIRECTION('',(-0.,1.,0.));
#11700 = PCURVE('',#10501,#11701);
#11701 = DEFINITIONAL_REPRESENTATION('',(#11702),#11706);
#11702 = LINE('',#11703,#11704);
#11703 = CARTESIAN_POINT('',(4.E-02,0.));
#11704 = VECTOR('',#11705,1.);
#11705 = DIRECTION('',(0.,-1.));
#11706 = ( GEOMETRIC_REPRESENTATION_CONTEXT(2) 
PARAMETRIC_REPRESENTATION_CONTEXT() REPRESENTATION_CONTEXT('2D SPACE',''
  ) );
#11707 = PCURVE('',#11708,#11713);
#11708 = CYLINDRICAL_SURFACE('',#11709,4.E-02);
#11709 = AXIS2_PLACEMENT_3D('',#11710,#11711,#11712);
#11710 = CARTESIAN_POINT('',(3.215,-4.516,14.));
#11711 = DIRECTION('',(-0.,1.,0.));
#11712 = DIRECTION('',(-1.,-0.,0.));
#11713 = DEFINITIONAL_REPRESENTATION('',(#11714),#11718);
#11714 = LINE('',#11715,#11716);
#11715 = CARTESIAN_POINT('',(-0.,0.));
#11716 = VECTOR('',#11717,1.);
#11717 = DIRECTION('',(-0.,1.));
#11718 = ( GEOMETRIC_REPRESENTATION_CONTEXT(2) 
PARAMETRIC_REPRESENTATION_CONTEXT() REPRESENTATION_CONTEXT('2D SPACE',''
  ) );
#11719 = ORIENTED_EDGE('',*,*,#11720,.F.);
#11720 = EDGE_CURVE('',#10486,#11693,#11721,.T.);
#11721 = SURFACE_CURVE('',#11722,(#11726,#11733),.PCURVE_S1.);
#11722 = LINE('',#11723,#11724);
#11723 = CARTESIAN_POINT('',(3.175,-2.815,14.4));
#11724 = VECTOR('',#11725,1.);
#11725 = DIRECTION('',(-0.,0.,-1.));
#11726 = PCURVE('',#10501,#11727);
#11727 = DEFINITIONAL_REPRESENTATION('',(#11728),#11732);
#11728 = LINE('',#11729,#11730);
#11729 = CARTESIAN_POINT('',(0.44,-1.701));
#11730 = VECTOR('',#11731,1.);
#11731 = DIRECTION('',(-1.,-0.));
#11732 = ( GEOMETRIC_REPRESENTATION_CONTEXT(2) 
PARAMETRIC_REPRESENTATION_CONTEXT() REPRESENTATION_CONTEXT('2D SPACE',''
  ) );
#11733 = PCURVE('',#11577,#11734);
#11734 = DEFINITIONAL_REPRESENTATION('',(#11735),#11739);
#11735 = LINE('',#11736,#11737);
#11736 = CARTESIAN_POINT('',(1.570796326795,0.));
#11737 = VECTOR('',#11738,1.);
#11738 = DIRECTION('',(0.,1.));
#11739 = ( GEOMETRIC_REPRESENTATION_CONTEXT(2) 
PARAMETRIC_REPRESENTATION_CONTEXT() REPRESENTATION_CONTEXT('2D SPACE',''
  ) );
#11740 = ADVANCED_FACE('',(#11741),#10576,.F.);
#11741 = FACE_BOUND('',#11742,.T.);
#11742 = EDGE_LOOP('',(#11743,#11770,#11791,#11792));
#11743 = ORIENTED_EDGE('',*,*,#11744,.F.);
#11744 = EDGE_CURVE('',#11745,#11617,#11747,.T.);
#11745 = VERTEX_POINT('',#11746);
#11746 = CARTESIAN_POINT('',(1.434,-2.735,14.));
#11747 = SURFACE_CURVE('',#11748,(#11753,#11759),.PCURVE_S1.);
#11748 = CIRCLE('',#11749,4.E-02);
#11749 = AXIS2_PLACEMENT_3D('',#11750,#11751,#11752);
#11750 = CARTESIAN_POINT('',(1.474,-2.735,14.));
#11751 = DIRECTION('',(0.,0.,1.));
#11752 = DIRECTION('',(0.,-1.,0.));
#11753 = PCURVE('',#10576,#11754);
#11754 = DEFINITIONAL_REPRESENTATION('',(#11755),#11758);
#11755 = B_SPLINE_CURVE_WITH_KNOTS('',1,(#11756,#11757),.UNSPECIFIED.,
  .F.,.F.,(2,2),(4.712388980385,6.28318530718),
  .PIECEWISE_BEZIER_KNOTS.);
#11756 = CARTESIAN_POINT('',(-1.570796326795,4.E-02));
#11757 = CARTESIAN_POINT('',(0.,4.E-02));
#11758 = ( GEOMETRIC_REPRESENTATION_CONTEXT(2) 
PARAMETRIC_REPRESENTATION_CONTEXT() REPRESENTATION_CONTEXT('2D SPACE',''
  ) );
#11759 = PCURVE('',#11760,#11765);
#11760 = SPHERICAL_SURFACE('',#11761,4.E-02);
#11761 = AXIS2_PLACEMENT_3D('',#11762,#11763,#11764);
#11762 = CARTESIAN_POINT('',(1.474,-2.735,14.));
#11763 = DIRECTION('',(1.,0.,-0.));
#11764 = DIRECTION('',(0.,-1.,0.));
#11765 = DEFINITIONAL_REPRESENTATION('',(#11766),#11769);
#11766 = B_SPLINE_CURVE_WITH_KNOTS('',1,(#11767,#11768),.UNSPECIFIED.,
  .F.,.F.,(2,2),(4.712388980385,6.28318530718),
  .PIECEWISE_BEZIER_KNOTS.);
#11767 = CARTESIAN_POINT('',(0.,-1.570796326795));
#11768 = CARTESIAN_POINT('',(0.,0.));
#11769 = ( GEOMETRIC_REPRESENTATION_CONTEXT(2) 
PARAMETRIC_REPRESENTATION_CONTEXT() REPRESENTATION_CONTEXT('2D SPACE',''
  ) );
#11770 = ORIENTED_EDGE('',*,*,#11771,.T.);
#11771 = EDGE_CURVE('',#11745,#10540,#11772,.T.);
#11772 = SURFACE_CURVE('',#11773,(#11777,#11784),.PCURVE_S1.);
#11773 = LINE('',#11774,#11775);
#11774 = CARTESIAN_POINT('',(1.434,-2.735,13.96));
#11775 = VECTOR('',#11776,1.);
#11776 = DIRECTION('',(0.,0.,1.));
#11777 = PCURVE('',#10576,#11778);
#11778 = DEFINITIONAL_REPRESENTATION('',(#11779),#11783);
#11779 = LINE('',#11780,#11781);
#11780 = CARTESIAN_POINT('',(-1.570796326795,0.));
#11781 = VECTOR('',#11782,1.);
#11782 = DIRECTION('',(-0.,1.));
#11783 = ( GEOMETRIC_REPRESENTATION_CONTEXT(2) 
PARAMETRIC_REPRESENTATION_CONTEXT() REPRESENTATION_CONTEXT('2D SPACE',''
  ) );
#11784 = PCURVE('',#10662,#11785);
#11785 = DEFINITIONAL_REPRESENTATION('',(#11786),#11790);
#11786 = LINE('',#11787,#11788);
#11787 = CARTESIAN_POINT('',(0.,-4.E-02));
#11788 = VECTOR('',#11789,1.);
#11789 = DIRECTION('',(1.,0.));
#11790 = ( GEOMETRIC_REPRESENTATION_CONTEXT(2) 
PARAMETRIC_REPRESENTATION_CONTEXT() REPRESENTATION_CONTEXT('2D SPACE',''
  ) );
#11791 = ORIENTED_EDGE('',*,*,#10561,.F.);
#11792 = ORIENTED_EDGE('',*,*,#11644,.F.);
#11793 = ADVANCED_FACE('',(#11794),#10630,.F.);
#11794 = FACE_BOUND('',#11795,.F.);
#11795 = EDGE_LOOP('',(#11796,#11823,#11844,#11845));
#11796 = ORIENTED_EDGE('',*,*,#11797,.F.);
#11797 = EDGE_CURVE('',#11798,#11670,#11800,.T.);
#11798 = VERTEX_POINT('',#11799);
#11799 = CARTESIAN_POINT('',(3.215,-4.516,14.));
#11800 = SURFACE_CURVE('',#11801,(#11806,#11812),.PCURVE_S1.);
#11801 = CIRCLE('',#11802,4.E-02);
#11802 = AXIS2_PLACEMENT_3D('',#11803,#11804,#11805);
#11803 = CARTESIAN_POINT('',(3.215,-4.476,14.));
#11804 = DIRECTION('',(0.,0.,-1.));
#11805 = DIRECTION('',(-1.,0.,-0.));
#11806 = PCURVE('',#10630,#11807);
#11807 = DEFINITIONAL_REPRESENTATION('',(#11808),#11811);
#11808 = B_SPLINE_CURVE_WITH_KNOTS('',1,(#11809,#11810),.UNSPECIFIED.,
  .F.,.F.,(2,2),(4.712388980385,6.28318530718),
  .PIECEWISE_BEZIER_KNOTS.);
#11809 = CARTESIAN_POINT('',(1.570796326795,4.E-02));
#11810 = CARTESIAN_POINT('',(0.,4.E-02));
#11811 = ( GEOMETRIC_REPRESENTATION_CONTEXT(2) 
PARAMETRIC_REPRESENTATION_CONTEXT() REPRESENTATION_CONTEXT('2D SPACE',''
  ) );
#11812 = PCURVE('',#11813,#11818);
#11813 = SPHERICAL_SURFACE('',#11814,4.E-02);
#11814 = AXIS2_PLACEMENT_3D('',#11815,#11816,#11817);
#11815 = CARTESIAN_POINT('',(3.215,-4.476,14.));
#11816 = DIRECTION('',(-0.,1.,0.));
#11817 = DIRECTION('',(-1.,0.,-0.));
#11818 = DEFINITIONAL_REPRESENTATION('',(#11819),#11822);
#11819 = B_SPLINE_CURVE_WITH_KNOTS('',1,(#11820,#11821),.UNSPECIFIED.,
  .F.,.F.,(2,2),(4.712388980385,6.28318530718),
  .PIECEWISE_BEZIER_KNOTS.);
#11820 = CARTESIAN_POINT('',(0.,-1.570796326795));
#11821 = CARTESIAN_POINT('',(0.,0.));
#11822 = ( GEOMETRIC_REPRESENTATION_CONTEXT(2) 
PARAMETRIC_REPRESENTATION_CONTEXT() REPRESENTATION_CONTEXT('2D SPACE',''
  ) );
#11823 = ORIENTED_EDGE('',*,*,#11824,.T.);
#11824 = EDGE_CURVE('',#11798,#10594,#11825,.T.);
#11825 = SURFACE_CURVE('',#11826,(#11830,#11837),.PCURVE_S1.);
#11826 = LINE('',#11827,#11828);
#11827 = CARTESIAN_POINT('',(3.215,-4.516,13.96));
#11828 = VECTOR('',#11829,1.);
#11829 = DIRECTION('',(0.,0.,1.));
#11830 = PCURVE('',#10630,#11831);
#11831 = DEFINITIONAL_REPRESENTATION('',(#11832),#11836);
#11832 = LINE('',#11833,#11834);
#11833 = CARTESIAN_POINT('',(1.570796326795,0.));
#11834 = VECTOR('',#11835,1.);
#11835 = DIRECTION('',(0.,1.));
#11836 = ( GEOMETRIC_REPRESENTATION_CONTEXT(2) 
PARAMETRIC_REPRESENTATION_CONTEXT() REPRESENTATION_CONTEXT('2D SPACE',''
  ) );
#11837 = PCURVE('',#10734,#11838);
#11838 = DEFINITIONAL_REPRESENTATION('',(#11839),#11843);
#11839 = LINE('',#11840,#11841);
#11840 = CARTESIAN_POINT('',(0.,4.E-02));
#11841 = VECTOR('',#11842,1.);
#11842 = DIRECTION('',(1.,0.));
#11843 = ( GEOMETRIC_REPRESENTATION_CONTEXT(2) 
PARAMETRIC_REPRESENTATION_CONTEXT() REPRESENTATION_CONTEXT('2D SPACE',''
  ) );
#11844 = ORIENTED_EDGE('',*,*,#10615,.F.);
#11845 = ORIENTED_EDGE('',*,*,#11669,.F.);
#11846 = ADVANCED_FACE('',(#11847),#10662,.T.);
#11847 = FACE_BOUND('',#11848,.T.);
#11848 = EDGE_LOOP('',(#11849,#11850,#11851,#11879));
#11849 = ORIENTED_EDGE('',*,*,#10646,.F.);
#11850 = ORIENTED_EDGE('',*,*,#11771,.F.);
#11851 = ORIENTED_EDGE('',*,*,#11852,.T.);
#11852 = EDGE_CURVE('',#11745,#11853,#11855,.T.);
#11853 = VERTEX_POINT('',#11854);
#11854 = CARTESIAN_POINT('',(1.434,-2.265,14.));
#11855 = SURFACE_CURVE('',#11856,(#11860,#11867),.PCURVE_S1.);
#11856 = LINE('',#11857,#11858);
#11857 = CARTESIAN_POINT('',(1.434,-2.775,14.));
#11858 = VECTOR('',#11859,1.);
#11859 = DIRECTION('',(-0.,1.,0.));
#11860 = PCURVE('',#10662,#11861);
#11861 = DEFINITIONAL_REPRESENTATION('',(#11862),#11866);
#11862 = LINE('',#11863,#11864);
#11863 = CARTESIAN_POINT('',(4.E-02,0.));
#11864 = VECTOR('',#11865,1.);
#11865 = DIRECTION('',(0.,-1.));
#11866 = ( GEOMETRIC_REPRESENTATION_CONTEXT(2) 
PARAMETRIC_REPRESENTATION_CONTEXT() REPRESENTATION_CONTEXT('2D SPACE',''
  ) );
#11867 = PCURVE('',#11868,#11873);
#11868 = CYLINDRICAL_SURFACE('',#11869,4.E-02);
#11869 = AXIS2_PLACEMENT_3D('',#11870,#11871,#11872);
#11870 = CARTESIAN_POINT('',(1.474,-2.775,14.));
#11871 = DIRECTION('',(-0.,1.,0.));
#11872 = DIRECTION('',(-1.,-0.,0.));
#11873 = DEFINITIONAL_REPRESENTATION('',(#11874),#11878);
#11874 = LINE('',#11875,#11876);
#11875 = CARTESIAN_POINT('',(-0.,0.));
#11876 = VECTOR('',#11877,1.);
#11877 = DIRECTION('',(-0.,1.));
#11878 = ( GEOMETRIC_REPRESENTATION_CONTEXT(2) 
PARAMETRIC_REPRESENTATION_CONTEXT() REPRESENTATION_CONTEXT('2D SPACE',''
  ) );
#11879 = ORIENTED_EDGE('',*,*,#11880,.T.);
#11880 = EDGE_CURVE('',#11853,#10647,#11881,.T.);
#11881 = SURFACE_CURVE('',#11882,(#11886,#11893),.PCURVE_S1.);
#11882 = LINE('',#11883,#11884);
#11883 = CARTESIAN_POINT('',(1.434,-2.265,13.96));
#11884 = VECTOR('',#11885,1.);
#11885 = DIRECTION('',(0.,0.,1.));
#11886 = PCURVE('',#10662,#11887);
#11887 = DEFINITIONAL_REPRESENTATION('',(#11888),#11892);
#11888 = LINE('',#11889,#11890);
#11889 = CARTESIAN_POINT('',(0.,-0.51));
#11890 = VECTOR('',#11891,1.);
#11891 = DIRECTION('',(1.,0.));
#11892 = ( GEOMETRIC_REPRESENTATION_CONTEXT(2) 
PARAMETRIC_REPRESENTATION_CONTEXT() REPRESENTATION_CONTEXT('2D SPACE',''
  ) );
#11893 = PCURVE('',#10790,#11894);
#11894 = DEFINITIONAL_REPRESENTATION('',(#11895),#11899);
#11895 = LINE('',#11896,#11897);
#11896 = CARTESIAN_POINT('',(1.570796326795,0.));
#11897 = VECTOR('',#11898,1.);
#11898 = DIRECTION('',(0.,1.));
#11899 = ( GEOMETRIC_REPRESENTATION_CONTEXT(2) 
PARAMETRIC_REPRESENTATION_CONTEXT() REPRESENTATION_CONTEXT('2D SPACE',''
  ) );
#11900 = ADVANCED_FACE('',(#11901),#10734,.T.);
#11901 = FACE_BOUND('',#11902,.T.);
#11902 = EDGE_LOOP('',(#11903,#11904,#11927,#11953));
#11903 = ORIENTED_EDGE('',*,*,#10720,.F.);
#11904 = ORIENTED_EDGE('',*,*,#11905,.F.);
#11905 = EDGE_CURVE('',#11906,#10699,#11908,.T.);
#11906 = VERTEX_POINT('',#11907);
#11907 = CARTESIAN_POINT('',(3.685,-4.516,14.));
#11908 = SURFACE_CURVE('',#11909,(#11913,#11920),.PCURVE_S1.);
#11909 = LINE('',#11910,#11911);
#11910 = CARTESIAN_POINT('',(3.685,-4.516,13.96));
#11911 = VECTOR('',#11912,1.);
#11912 = DIRECTION('',(0.,0.,1.));
#11913 = PCURVE('',#10734,#11914);
#11914 = DEFINITIONAL_REPRESENTATION('',(#11915),#11919);
#11915 = LINE('',#11916,#11917);
#11916 = CARTESIAN_POINT('',(0.,0.51));
#11917 = VECTOR('',#11918,1.);
#11918 = DIRECTION('',(1.,0.));
#11919 = ( GEOMETRIC_REPRESENTATION_CONTEXT(2) 
PARAMETRIC_REPRESENTATION_CONTEXT() REPRESENTATION_CONTEXT('2D SPACE',''
  ) );
#11920 = PCURVE('',#10844,#11921);
#11921 = DEFINITIONAL_REPRESENTATION('',(#11922),#11926);
#11922 = LINE('',#11923,#11924);
#11923 = CARTESIAN_POINT('',(0.,0.));
#11924 = VECTOR('',#11925,1.);
#11925 = DIRECTION('',(0.,1.));
#11926 = ( GEOMETRIC_REPRESENTATION_CONTEXT(2) 
PARAMETRIC_REPRESENTATION_CONTEXT() REPRESENTATION_CONTEXT('2D SPACE',''
  ) );
#11927 = ORIENTED_EDGE('',*,*,#11928,.F.);
#11928 = EDGE_CURVE('',#11798,#11906,#11929,.T.);
#11929 = SURFACE_CURVE('',#11930,(#11934,#11941),.PCURVE_S1.);
#11930 = LINE('',#11931,#11932);
#11931 = CARTESIAN_POINT('',(3.175,-4.516,14.));
#11932 = VECTOR('',#11933,1.);
#11933 = DIRECTION('',(1.,0.,-0.));
#11934 = PCURVE('',#10734,#11935);
#11935 = DEFINITIONAL_REPRESENTATION('',(#11936),#11940);
#11936 = LINE('',#11937,#11938);
#11937 = CARTESIAN_POINT('',(4.E-02,0.));
#11938 = VECTOR('',#11939,1.);
#11939 = DIRECTION('',(0.,1.));
#11940 = ( GEOMETRIC_REPRESENTATION_CONTEXT(2) 
PARAMETRIC_REPRESENTATION_CONTEXT() REPRESENTATION_CONTEXT('2D SPACE',''
  ) );
#11941 = PCURVE('',#11942,#11947);
#11942 = CYLINDRICAL_SURFACE('',#11943,4.E-02);
#11943 = AXIS2_PLACEMENT_3D('',#11944,#11945,#11946);
#11944 = CARTESIAN_POINT('',(3.175,-4.476,14.));
#11945 = DIRECTION('',(1.,0.,-0.));
#11946 = DIRECTION('',(0.,-1.,0.));
#11947 = DEFINITIONAL_REPRESENTATION('',(#11948),#11952);
#11948 = LINE('',#11949,#11950);
#11949 = CARTESIAN_POINT('',(0.,0.));
#11950 = VECTOR('',#11951,1.);
#11951 = DIRECTION('',(0.,1.));
#11952 = ( GEOMETRIC_REPRESENTATION_CONTEXT(2) 
PARAMETRIC_REPRESENTATION_CONTEXT() REPRESENTATION_CONTEXT('2D SPACE',''
  ) );
#11953 = ORIENTED_EDGE('',*,*,#11824,.T.);
#11954 = ADVANCED_FACE('',(#11955),#10790,.F.);
#11955 = FACE_BOUND('',#11956,.F.);
#11956 = EDGE_LOOP('',(#11957,#11984,#11985,#11986));
#11957 = ORIENTED_EDGE('',*,*,#11958,.F.);
#11958 = EDGE_CURVE('',#11853,#11959,#11961,.T.);
#11959 = VERTEX_POINT('',#11960);
#11960 = CARTESIAN_POINT('',(1.474,-2.225,14.));
#11961 = SURFACE_CURVE('',#11962,(#11967,#11973),.PCURVE_S1.);
#11962 = CIRCLE('',#11963,4.E-02);
#11963 = AXIS2_PLACEMENT_3D('',#11964,#11965,#11966);
#11964 = CARTESIAN_POINT('',(1.474,-2.265,14.));
#11965 = DIRECTION('',(-0.,0.,-1.));
#11966 = DIRECTION('',(0.,1.,0.));
#11967 = PCURVE('',#10790,#11968);
#11968 = DEFINITIONAL_REPRESENTATION('',(#11969),#11972);
#11969 = B_SPLINE_CURVE_WITH_KNOTS('',1,(#11970,#11971),.UNSPECIFIED.,
  .F.,.F.,(2,2),(4.712388980385,6.28318530718),
  .PIECEWISE_BEZIER_KNOTS.);
#11970 = CARTESIAN_POINT('',(1.570796326795,4.E-02));
#11971 = CARTESIAN_POINT('',(0.,4.E-02));
#11972 = ( GEOMETRIC_REPRESENTATION_CONTEXT(2) 
PARAMETRIC_REPRESENTATION_CONTEXT() REPRESENTATION_CONTEXT('2D SPACE',''
  ) );
#11973 = PCURVE('',#11974,#11979);
#11974 = SPHERICAL_SURFACE('',#11975,4.E-02);
#11975 = AXIS2_PLACEMENT_3D('',#11976,#11977,#11978);
#11976 = CARTESIAN_POINT('',(1.474,-2.265,14.));
#11977 = DIRECTION('',(1.,0.,-0.));
#11978 = DIRECTION('',(0.,1.,0.));
#11979 = DEFINITIONAL_REPRESENTATION('',(#11980),#11983);
#11980 = B_SPLINE_CURVE_WITH_KNOTS('',1,(#11981,#11982),.UNSPECIFIED.,
  .F.,.F.,(2,2),(4.712388980385,6.28318530718),
  .PIECEWISE_BEZIER_KNOTS.);
#11981 = CARTESIAN_POINT('',(0.,-1.570796326795));
#11982 = CARTESIAN_POINT('',(0.,0.));
#11983 = ( GEOMETRIC_REPRESENTATION_CONTEXT(2) 
PARAMETRIC_REPRESENTATION_CONTEXT() REPRESENTATION_CONTEXT('2D SPACE',''
  ) );
#11984 = ORIENTED_EDGE('',*,*,#11880,.T.);
#11985 = ORIENTED_EDGE('',*,*,#10775,.F.);
#11986 = ORIENTED_EDGE('',*,*,#11987,.F.);
#11987 = EDGE_CURVE('',#11959,#10752,#11988,.T.);
#11988 = SURFACE_CURVE('',#11989,(#11993,#12000),.PCURVE_S1.);
#11989 = LINE('',#11990,#11991);
#11990 = CARTESIAN_POINT('',(1.474,-2.225,13.96));
#11991 = VECTOR('',#11992,1.);
#11992 = DIRECTION('',(0.,0.,1.));
#11993 = PCURVE('',#10790,#11994);
#11994 = DEFINITIONAL_REPRESENTATION('',(#11995),#11999);
#11995 = LINE('',#11996,#11997);
#11996 = CARTESIAN_POINT('',(0.,0.));
#11997 = VECTOR('',#11998,1.);
#11998 = DIRECTION('',(0.,1.));
#11999 = ( GEOMETRIC_REPRESENTATION_CONTEXT(2) 
PARAMETRIC_REPRESENTATION_CONTEXT() REPRESENTATION_CONTEXT('2D SPACE',''
  ) );
#12000 = PCURVE('',#10900,#12001);
#12001 = DEFINITIONAL_REPRESENTATION('',(#12002),#12006);
#12002 = LINE('',#12003,#12004);
#12003 = CARTESIAN_POINT('',(0.,4.E-02));
#12004 = VECTOR('',#12005,1.);
#12005 = DIRECTION('',(1.,0.));
#12006 = ( GEOMETRIC_REPRESENTATION_CONTEXT(2) 
PARAMETRIC_REPRESENTATION_CONTEXT() REPRESENTATION_CONTEXT('2D SPACE',''
  ) );
#12007 = ADVANCED_FACE('',(#12008),#10844,.F.);
#12008 = FACE_BOUND('',#12009,.F.);
#12009 = EDGE_LOOP('',(#12010,#12011,#12040,#12061));
#12010 = ORIENTED_EDGE('',*,*,#11905,.F.);
#12011 = ORIENTED_EDGE('',*,*,#12012,.T.);
#12012 = EDGE_CURVE('',#11906,#12013,#12015,.T.);
#12013 = VERTEX_POINT('',#12014);
#12014 = CARTESIAN_POINT('',(3.725,-4.476,14.));
#12015 = SURFACE_CURVE('',#12016,(#12021,#12028),.PCURVE_S1.);
#12016 = CIRCLE('',#12017,4.E-02);
#12017 = AXIS2_PLACEMENT_3D('',#12018,#12019,#12020);
#12018 = CARTESIAN_POINT('',(3.685,-4.476,14.));
#12019 = DIRECTION('',(0.,0.,1.));
#12020 = DIRECTION('',(0.,-1.,0.));
#12021 = PCURVE('',#10844,#12022);
#12022 = DEFINITIONAL_REPRESENTATION('',(#12023),#12027);
#12023 = LINE('',#12024,#12025);
#12024 = CARTESIAN_POINT('',(0.,4.E-02));
#12025 = VECTOR('',#12026,1.);
#12026 = DIRECTION('',(1.,0.));
#12027 = ( GEOMETRIC_REPRESENTATION_CONTEXT(2) 
PARAMETRIC_REPRESENTATION_CONTEXT() REPRESENTATION_CONTEXT('2D SPACE',''
  ) );
#12028 = PCURVE('',#12029,#12034);
#12029 = SPHERICAL_SURFACE('',#12030,4.E-02);
#12030 = AXIS2_PLACEMENT_3D('',#12031,#12032,#12033);
#12031 = CARTESIAN_POINT('',(3.685,-4.476,14.));
#12032 = DIRECTION('',(0.,0.,1.));
#12033 = DIRECTION('',(0.,-1.,0.));
#12034 = DEFINITIONAL_REPRESENTATION('',(#12035),#12039);
#12035 = LINE('',#12036,#12037);
#12036 = CARTESIAN_POINT('',(0.,0.));
#12037 = VECTOR('',#12038,1.);
#12038 = DIRECTION('',(1.,0.));
#12039 = ( GEOMETRIC_REPRESENTATION_CONTEXT(2) 
PARAMETRIC_REPRESENTATION_CONTEXT() REPRESENTATION_CONTEXT('2D SPACE',''
  ) );
#12040 = ORIENTED_EDGE('',*,*,#12041,.T.);
#12041 = EDGE_CURVE('',#12013,#10808,#12042,.T.);
#12042 = SURFACE_CURVE('',#12043,(#12047,#12054),.PCURVE_S1.);
#12043 = LINE('',#12044,#12045);
#12044 = CARTESIAN_POINT('',(3.725,-4.476,13.96));
#12045 = VECTOR('',#12046,1.);
#12046 = DIRECTION('',(0.,0.,1.));
#12047 = PCURVE('',#10844,#12048);
#12048 = DEFINITIONAL_REPRESENTATION('',(#12049),#12053);
#12049 = LINE('',#12050,#12051);
#12050 = CARTESIAN_POINT('',(1.570796326795,0.));
#12051 = VECTOR('',#12052,1.);
#12052 = DIRECTION('',(0.,1.));
#12053 = ( GEOMETRIC_REPRESENTATION_CONTEXT(2) 
PARAMETRIC_REPRESENTATION_CONTEXT() REPRESENTATION_CONTEXT('2D SPACE',''
  ) );
#12054 = PCURVE('',#10934,#12055);
#12055 = DEFINITIONAL_REPRESENTATION('',(#12056),#12060);
#12056 = LINE('',#12057,#12058);
#12057 = CARTESIAN_POINT('',(0.,-4.E-02));
#12058 = VECTOR('',#12059,1.);
#12059 = DIRECTION('',(1.,0.));
#12060 = ( GEOMETRIC_REPRESENTATION_CONTEXT(2) 
PARAMETRIC_REPRESENTATION_CONTEXT() REPRESENTATION_CONTEXT('2D SPACE',''
  ) );
#12061 = ORIENTED_EDGE('',*,*,#10829,.F.);
#12062 = ADVANCED_FACE('',(#12063),#10875,.T.);
#12063 = FACE_BOUND('',#12064,.T.);
#12064 = EDGE_LOOP('',(#12065,#12066,#12091));
#12065 = ORIENTED_EDGE('',*,*,#10859,.F.);
#12066 = ORIENTED_EDGE('',*,*,#12067,.T.);
#12067 = EDGE_CURVE('',#10860,#10979,#12068,.T.);
#12068 = SURFACE_CURVE('',#12069,(#12074,#12080),.PCURVE_S1.);
#12069 = CIRCLE('',#12070,4.E-02);
#12070 = AXIS2_PLACEMENT_3D('',#12071,#12072,#12073);
#12071 = CARTESIAN_POINT('',(3.135,-2.185,14.36));
#12072 = DIRECTION('',(-6.123233995737E-17,-0.,1.));
#12073 = DIRECTION('',(1.,0.,6.123233995737E-17));
#12074 = PCURVE('',#10875,#12075);
#12075 = DEFINITIONAL_REPRESENTATION('',(#12076),#12079);
#12076 = B_SPLINE_CURVE_WITH_KNOTS('',1,(#12077,#12078),.UNSPECIFIED.,
  .F.,.F.,(2,2),(4.712388980385,6.28318530718),
  .PIECEWISE_BEZIER_KNOTS.);
#12077 = CARTESIAN_POINT('',(1.570796326795,-1.570796326795));
#12078 = CARTESIAN_POINT('',(1.570796326795,0.));
#12079 = ( GEOMETRIC_REPRESENTATION_CONTEXT(2) 
PARAMETRIC_REPRESENTATION_CONTEXT() REPRESENTATION_CONTEXT('2D SPACE',''
  ) );
#12080 = PCURVE('',#12081,#12086);
#12081 = CYLINDRICAL_SURFACE('',#12082,4.E-02);
#12082 = AXIS2_PLACEMENT_3D('',#12083,#12084,#12085);
#12083 = CARTESIAN_POINT('',(3.135,-2.185,14.4));
#12084 = DIRECTION('',(-0.,0.,-1.));
#12085 = DIRECTION('',(1.,0.,-0.));
#12086 = DEFINITIONAL_REPRESENTATION('',(#12087),#12090);
#12087 = B_SPLINE_CURVE_WITH_KNOTS('',1,(#12088,#12089),.UNSPECIFIED.,
  .F.,.F.,(2,2),(4.712388980385,6.28318530718),
  .PIECEWISE_BEZIER_KNOTS.);
#12088 = CARTESIAN_POINT('',(1.570796326795,4.E-02));
#12089 = CARTESIAN_POINT('',(0.,4.E-02));
#12090 = ( GEOMETRIC_REPRESENTATION_CONTEXT(2) 
PARAMETRIC_REPRESENTATION_CONTEXT() REPRESENTATION_CONTEXT('2D SPACE',''
  ) );
#12091 = ORIENTED_EDGE('',*,*,#10978,.F.);
#12092 = ADVANCED_FACE('',(#12093),#10900,.F.);
#12093 = FACE_BOUND('',#12094,.F.);
#12094 = EDGE_LOOP('',(#12095,#12096,#12119,#12145));
#12095 = ORIENTED_EDGE('',*,*,#10886,.F.);
#12096 = ORIENTED_EDGE('',*,*,#12097,.T.);
#12097 = EDGE_CURVE('',#10860,#12098,#12100,.T.);
#12098 = VERTEX_POINT('',#12099);
#12099 = CARTESIAN_POINT('',(3.135,-2.225,14.));
#12100 = SURFACE_CURVE('',#12101,(#12105,#12112),.PCURVE_S1.);
#12101 = LINE('',#12102,#12103);
#12102 = CARTESIAN_POINT('',(3.135,-2.225,14.4));
#12103 = VECTOR('',#12104,1.);
#12104 = DIRECTION('',(-0.,0.,-1.));
#12105 = PCURVE('',#10900,#12106);
#12106 = DEFINITIONAL_REPRESENTATION('',(#12107),#12111);
#12107 = LINE('',#12108,#12109);
#12108 = CARTESIAN_POINT('',(0.44,1.701));
#12109 = VECTOR('',#12110,1.);
#12110 = DIRECTION('',(-1.,0.));
#12111 = ( GEOMETRIC_REPRESENTATION_CONTEXT(2) 
PARAMETRIC_REPRESENTATION_CONTEXT() REPRESENTATION_CONTEXT('2D SPACE',''
  ) );
#12112 = PCURVE('',#12081,#12113);
#12113 = DEFINITIONAL_REPRESENTATION('',(#12114),#12118);
#12114 = LINE('',#12115,#12116);
#12115 = CARTESIAN_POINT('',(1.570796326795,0.));
#12116 = VECTOR('',#12117,1.);
#12117 = DIRECTION('',(0.,1.));
#12118 = ( GEOMETRIC_REPRESENTATION_CONTEXT(2) 
PARAMETRIC_REPRESENTATION_CONTEXT() REPRESENTATION_CONTEXT('2D SPACE',''
  ) );
#12119 = ORIENTED_EDGE('',*,*,#12120,.F.);
#12120 = EDGE_CURVE('',#11959,#12098,#12121,.T.);
#12121 = SURFACE_CURVE('',#12122,(#12126,#12133),.PCURVE_S1.);
#12122 = LINE('',#12123,#12124);
#12123 = CARTESIAN_POINT('',(1.434,-2.225,14.));
#12124 = VECTOR('',#12125,1.);
#12125 = DIRECTION('',(1.,0.,-0.));
#12126 = PCURVE('',#10900,#12127);
#12127 = DEFINITIONAL_REPRESENTATION('',(#12128),#12132);
#12128 = LINE('',#12129,#12130);
#12129 = CARTESIAN_POINT('',(4.E-02,0.));
#12130 = VECTOR('',#12131,1.);
#12131 = DIRECTION('',(0.,1.));
#12132 = ( GEOMETRIC_REPRESENTATION_CONTEXT(2) 
PARAMETRIC_REPRESENTATION_CONTEXT() REPRESENTATION_CONTEXT('2D SPACE',''
  ) );
#12133 = PCURVE('',#12134,#12139);
#12134 = CYLINDRICAL_SURFACE('',#12135,4.E-02);
#12135 = AXIS2_PLACEMENT_3D('',#12136,#12137,#12138);
#12136 = CARTESIAN_POINT('',(1.434,-2.265,14.));
#12137 = DIRECTION('',(1.,0.,-0.));
#12138 = DIRECTION('',(0.,1.,0.));
#12139 = DEFINITIONAL_REPRESENTATION('',(#12140),#12144);
#12140 = LINE('',#12141,#12142);
#12141 = CARTESIAN_POINT('',(-0.,0.));
#12142 = VECTOR('',#12143,1.);
#12143 = DIRECTION('',(-0.,1.));
#12144 = ( GEOMETRIC_REPRESENTATION_CONTEXT(2) 
PARAMETRIC_REPRESENTATION_CONTEXT() REPRESENTATION_CONTEXT('2D SPACE',''
  ) );
#12145 = ORIENTED_EDGE('',*,*,#11987,.T.);
#12146 = ADVANCED_FACE('',(#12147),#10934,.F.);
#12147 = FACE_BOUND('',#12148,.F.);
#12148 = EDGE_LOOP('',(#12149,#12150,#12151,#12179));
#12149 = ORIENTED_EDGE('',*,*,#10918,.F.);
#12150 = ORIENTED_EDGE('',*,*,#12041,.F.);
#12151 = ORIENTED_EDGE('',*,*,#12152,.T.);
#12152 = EDGE_CURVE('',#12013,#12153,#12155,.T.);
#12153 = VERTEX_POINT('',#12154);
#12154 = CARTESIAN_POINT('',(3.725,-2.815,14.));
#12155 = SURFACE_CURVE('',#12156,(#12160,#12167),.PCURVE_S1.);
#12156 = LINE('',#12157,#12158);
#12157 = CARTESIAN_POINT('',(3.725,-4.516,14.));
#12158 = VECTOR('',#12159,1.);
#12159 = DIRECTION('',(-0.,1.,0.));
#12160 = PCURVE('',#10934,#12161);
#12161 = DEFINITIONAL_REPRESENTATION('',(#12162),#12166);
#12162 = LINE('',#12163,#12164);
#12163 = CARTESIAN_POINT('',(4.E-02,0.));
#12164 = VECTOR('',#12165,1.);
#12165 = DIRECTION('',(0.,-1.));
#12166 = ( GEOMETRIC_REPRESENTATION_CONTEXT(2) 
PARAMETRIC_REPRESENTATION_CONTEXT() REPRESENTATION_CONTEXT('2D SPACE',''
  ) );
#12167 = PCURVE('',#12168,#12173);
#12168 = CYLINDRICAL_SURFACE('',#12169,4.E-02);
#12169 = AXIS2_PLACEMENT_3D('',#12170,#12171,#12172);
#12170 = CARTESIAN_POINT('',(3.685,-4.516,14.));
#12171 = DIRECTION('',(-0.,1.,0.));
#12172 = DIRECTION('',(1.,0.,-0.));
#12173 = DEFINITIONAL_REPRESENTATION('',(#12174),#12178);
#12174 = LINE('',#12175,#12176);
#12175 = CARTESIAN_POINT('',(0.,0.));
#12176 = VECTOR('',#12177,1.);
#12177 = DIRECTION('',(0.,1.));
#12178 = ( GEOMETRIC_REPRESENTATION_CONTEXT(2) 
PARAMETRIC_REPRESENTATION_CONTEXT() REPRESENTATION_CONTEXT('2D SPACE',''
  ) );
#12179 = ORIENTED_EDGE('',*,*,#12180,.F.);
#12180 = EDGE_CURVE('',#10919,#12153,#12181,.T.);
#12181 = SURFACE_CURVE('',#12182,(#12186,#12193),.PCURVE_S1.);
#12182 = LINE('',#12183,#12184);
#12183 = CARTESIAN_POINT('',(3.725,-2.815,14.4));
#12184 = VECTOR('',#12185,1.);
#12185 = DIRECTION('',(-0.,0.,-1.));
#12186 = PCURVE('',#10934,#12187);
#12187 = DEFINITIONAL_REPRESENTATION('',(#12188),#12192);
#12188 = LINE('',#12189,#12190);
#12189 = CARTESIAN_POINT('',(0.44,-1.701));
#12190 = VECTOR('',#12191,1.);
#12191 = DIRECTION('',(-1.,-0.));
#12192 = ( GEOMETRIC_REPRESENTATION_CONTEXT(2) 
PARAMETRIC_REPRESENTATION_CONTEXT() REPRESENTATION_CONTEXT('2D SPACE',''
  ) );
#12193 = PCURVE('',#12194,#12199);
#12194 = CYLINDRICAL_SURFACE('',#12195,4.E-02);
#12195 = AXIS2_PLACEMENT_3D('',#12196,#12197,#12198);
#12196 = CARTESIAN_POINT('',(3.765,-2.815,14.4));
#12197 = DIRECTION('',(-0.,0.,-1.));
#12198 = DIRECTION('',(-1.,-0.,0.));
#12199 = DEFINITIONAL_REPRESENTATION('',(#12200),#12204);
#12200 = LINE('',#12201,#12202);
#12201 = CARTESIAN_POINT('',(0.,0.));
#12202 = VECTOR('',#12203,1.);
#12203 = DIRECTION('',(0.,1.));
#12204 = ( GEOMETRIC_REPRESENTATION_CONTEXT(2) 
PARAMETRIC_REPRESENTATION_CONTEXT() REPRESENTATION_CONTEXT('2D SPACE',''
  ) );
#12205 = ADVANCED_FACE('',(#12206),#10961,.T.);
#12206 = FACE_BOUND('',#12207,.T.);
#12207 = EDGE_LOOP('',(#12208,#12209,#12229));
#12208 = ORIENTED_EDGE('',*,*,#11103,.F.);
#12209 = ORIENTED_EDGE('',*,*,#12210,.T.);
#12210 = EDGE_CURVE('',#11076,#10919,#12211,.T.);
#12211 = SURFACE_CURVE('',#12212,(#12217,#12223),.PCURVE_S1.);
#12212 = CIRCLE('',#12213,4.E-02);
#12213 = AXIS2_PLACEMENT_3D('',#12214,#12215,#12216);
#12214 = CARTESIAN_POINT('',(3.765,-2.815,14.36));
#12215 = DIRECTION('',(6.123233995737E-17,0.,1.));
#12216 = DIRECTION('',(-1.,0.,6.123233995737E-17));
#12217 = PCURVE('',#10961,#12218);
#12218 = DEFINITIONAL_REPRESENTATION('',(#12219),#12222);
#12219 = B_SPLINE_CURVE_WITH_KNOTS('',1,(#12220,#12221),.UNSPECIFIED.,
  .F.,.F.,(2,2),(4.712388980385,6.28318530718),
  .PIECEWISE_BEZIER_KNOTS.);
#12220 = CARTESIAN_POINT('',(1.570796326795,-1.570796326795));
#12221 = CARTESIAN_POINT('',(1.570796326795,0.));
#12222 = ( GEOMETRIC_REPRESENTATION_CONTEXT(2) 
PARAMETRIC_REPRESENTATION_CONTEXT() REPRESENTATION_CONTEXT('2D SPACE',''
  ) );
#12223 = PCURVE('',#12194,#12224);
#12224 = DEFINITIONAL_REPRESENTATION('',(#12225),#12228);
#12225 = B_SPLINE_CURVE_WITH_KNOTS('',1,(#12226,#12227),.UNSPECIFIED.,
  .F.,.F.,(2,2),(4.712388980385,6.28318530718),
  .PIECEWISE_BEZIER_KNOTS.);
#12226 = CARTESIAN_POINT('',(1.570796326795,4.E-02));
#12227 = CARTESIAN_POINT('',(0.,4.E-02));
#12228 = ( GEOMETRIC_REPRESENTATION_CONTEXT(2) 
PARAMETRIC_REPRESENTATION_CONTEXT() REPRESENTATION_CONTEXT('2D SPACE',''
  ) );
#12229 = ORIENTED_EDGE('',*,*,#10946,.F.);
#12230 = ADVANCED_FACE('',(#12231),#11018,.T.);
#12231 = FACE_BOUND('',#12232,.T.);
#12232 = EDGE_LOOP('',(#12233,#12234,#12257,#12285));
#12233 = ORIENTED_EDGE('',*,*,#11002,.F.);
#12234 = ORIENTED_EDGE('',*,*,#12235,.T.);
#12235 = EDGE_CURVE('',#10979,#12236,#12238,.T.);
#12236 = VERTEX_POINT('',#12237);
#12237 = CARTESIAN_POINT('',(3.175,-2.185,14.));
#12238 = SURFACE_CURVE('',#12239,(#12243,#12250),.PCURVE_S1.);
#12239 = LINE('',#12240,#12241);
#12240 = CARTESIAN_POINT('',(3.175,-2.185,14.4));
#12241 = VECTOR('',#12242,1.);
#12242 = DIRECTION('',(-0.,0.,-1.));
#12243 = PCURVE('',#11018,#12244);
#12244 = DEFINITIONAL_REPRESENTATION('',(#12245),#12249);
#12245 = LINE('',#12246,#12247);
#12246 = CARTESIAN_POINT('',(0.44,-2.331));
#12247 = VECTOR('',#12248,1.);
#12248 = DIRECTION('',(-1.,-0.));
#12249 = ( GEOMETRIC_REPRESENTATION_CONTEXT(2) 
PARAMETRIC_REPRESENTATION_CONTEXT() REPRESENTATION_CONTEXT('2D SPACE',''
  ) );
#12250 = PCURVE('',#12081,#12251);
#12251 = DEFINITIONAL_REPRESENTATION('',(#12252),#12256);
#12252 = LINE('',#12253,#12254);
#12253 = CARTESIAN_POINT('',(0.,0.));
#12254 = VECTOR('',#12255,1.);
#12255 = DIRECTION('',(0.,1.));
#12256 = ( GEOMETRIC_REPRESENTATION_CONTEXT(2) 
PARAMETRIC_REPRESENTATION_CONTEXT() REPRESENTATION_CONTEXT('2D SPACE',''
  ) );
#12257 = ORIENTED_EDGE('',*,*,#12258,.T.);
#12258 = EDGE_CURVE('',#12236,#12259,#12261,.T.);
#12259 = VERTEX_POINT('',#12260);
#12260 = CARTESIAN_POINT('',(3.175,-0.524,14.));
#12261 = SURFACE_CURVE('',#12262,(#12266,#12273),.PCURVE_S1.);
#12262 = LINE('',#12263,#12264);
#12263 = CARTESIAN_POINT('',(3.175,-2.225,14.));
#12264 = VECTOR('',#12265,1.);
#12265 = DIRECTION('',(-0.,1.,0.));
#12266 = PCURVE('',#11018,#12267);
#12267 = DEFINITIONAL_REPRESENTATION('',(#12268),#12272);
#12268 = LINE('',#12269,#12270);
#12269 = CARTESIAN_POINT('',(4.E-02,-2.291));
#12270 = VECTOR('',#12271,1.);
#12271 = DIRECTION('',(0.,-1.));
#12272 = ( GEOMETRIC_REPRESENTATION_CONTEXT(2) 
PARAMETRIC_REPRESENTATION_CONTEXT() REPRESENTATION_CONTEXT('2D SPACE',''
  ) );
#12273 = PCURVE('',#12274,#12279);
#12274 = CYLINDRICAL_SURFACE('',#12275,4.E-02);
#12275 = AXIS2_PLACEMENT_3D('',#12276,#12277,#12278);
#12276 = CARTESIAN_POINT('',(3.215,-2.225,14.));
#12277 = DIRECTION('',(-0.,1.,0.));
#12278 = DIRECTION('',(-1.,-0.,0.));
#12279 = DEFINITIONAL_REPRESENTATION('',(#12280),#12284);
#12280 = LINE('',#12281,#12282);
#12281 = CARTESIAN_POINT('',(-0.,0.));
#12282 = VECTOR('',#12283,1.);
#12283 = DIRECTION('',(-0.,1.));
#12284 = ( GEOMETRIC_REPRESENTATION_CONTEXT(2) 
PARAMETRIC_REPRESENTATION_CONTEXT() REPRESENTATION_CONTEXT('2D SPACE',''
  ) );
#12285 = ORIENTED_EDGE('',*,*,#12286,.T.);
#12286 = EDGE_CURVE('',#12259,#11003,#12287,.T.);
#12287 = SURFACE_CURVE('',#12288,(#12292,#12299),.PCURVE_S1.);
#12288 = LINE('',#12289,#12290);
#12289 = CARTESIAN_POINT('',(3.175,-0.524,13.96));
#12290 = VECTOR('',#12291,1.);
#12291 = DIRECTION('',(0.,0.,1.));
#12292 = PCURVE('',#11018,#12293);
#12293 = DEFINITIONAL_REPRESENTATION('',(#12294),#12298);
#12294 = LINE('',#12295,#12296);
#12295 = CARTESIAN_POINT('',(0.,-3.992));
#12296 = VECTOR('',#12297,1.);
#12297 = DIRECTION('',(1.,0.));
#12298 = ( GEOMETRIC_REPRESENTATION_CONTEXT(2) 
PARAMETRIC_REPRESENTATION_CONTEXT() REPRESENTATION_CONTEXT('2D SPACE',''
  ) );
#12299 = PCURVE('',#11166,#12300);
#12300 = DEFINITIONAL_REPRESENTATION('',(#12301),#12305);
#12301 = LINE('',#12302,#12303);
#12302 = CARTESIAN_POINT('',(1.570796326795,0.));
#12303 = VECTOR('',#12304,1.);
#12304 = DIRECTION('',(0.,1.));
#12305 = ( GEOMETRIC_REPRESENTATION_CONTEXT(2) 
PARAMETRIC_REPRESENTATION_CONTEXT() REPRESENTATION_CONTEXT('2D SPACE',''
  ) );
#12306 = ADVANCED_FACE('',(#12307),#11091,.T.);
#12307 = FACE_BOUND('',#12308,.T.);
#12308 = EDGE_LOOP('',(#12309,#12310,#12333,#12361));
#12309 = ORIENTED_EDGE('',*,*,#11075,.F.);
#12310 = ORIENTED_EDGE('',*,*,#12311,.F.);
#12311 = EDGE_CURVE('',#12312,#11054,#12314,.T.);
#12312 = VERTEX_POINT('',#12313);
#12313 = CARTESIAN_POINT('',(5.426,-2.775,14.));
#12314 = SURFACE_CURVE('',#12315,(#12319,#12326),.PCURVE_S1.);
#12315 = LINE('',#12316,#12317);
#12316 = CARTESIAN_POINT('',(5.426,-2.775,13.96));
#12317 = VECTOR('',#12318,1.);
#12318 = DIRECTION('',(0.,0.,1.));
#12319 = PCURVE('',#11091,#12320);
#12320 = DEFINITIONAL_REPRESENTATION('',(#12321),#12325);
#12321 = LINE('',#12322,#12323);
#12322 = CARTESIAN_POINT('',(0.,3.992));
#12323 = VECTOR('',#12324,1.);
#12324 = DIRECTION('',(1.,0.));
#12325 = ( GEOMETRIC_REPRESENTATION_CONTEXT(2) 
PARAMETRIC_REPRESENTATION_CONTEXT() REPRESENTATION_CONTEXT('2D SPACE',''
  ) );
#12326 = PCURVE('',#11220,#12327);
#12327 = DEFINITIONAL_REPRESENTATION('',(#12328),#12332);
#12328 = LINE('',#12329,#12330);
#12329 = CARTESIAN_POINT('',(0.,0.));
#12330 = VECTOR('',#12331,1.);
#12331 = DIRECTION('',(0.,1.));
#12332 = ( GEOMETRIC_REPRESENTATION_CONTEXT(2) 
PARAMETRIC_REPRESENTATION_CONTEXT() REPRESENTATION_CONTEXT('2D SPACE',''
  ) );
#12333 = ORIENTED_EDGE('',*,*,#12334,.F.);
#12334 = EDGE_CURVE('',#12335,#12312,#12337,.T.);
#12335 = VERTEX_POINT('',#12336);
#12336 = CARTESIAN_POINT('',(3.765,-2.775,14.));
#12337 = SURFACE_CURVE('',#12338,(#12342,#12349),.PCURVE_S1.);
#12338 = LINE('',#12339,#12340);
#12339 = CARTESIAN_POINT('',(3.725,-2.775,14.));
#12340 = VECTOR('',#12341,1.);
#12341 = DIRECTION('',(1.,0.,-0.));
#12342 = PCURVE('',#11091,#12343);
#12343 = DEFINITIONAL_REPRESENTATION('',(#12344),#12348);
#12344 = LINE('',#12345,#12346);
#12345 = CARTESIAN_POINT('',(4.E-02,2.291));
#12346 = VECTOR('',#12347,1.);
#12347 = DIRECTION('',(0.,1.));
#12348 = ( GEOMETRIC_REPRESENTATION_CONTEXT(2) 
PARAMETRIC_REPRESENTATION_CONTEXT() REPRESENTATION_CONTEXT('2D SPACE',''
  ) );
#12349 = PCURVE('',#12350,#12355);
#12350 = CYLINDRICAL_SURFACE('',#12351,4.E-02);
#12351 = AXIS2_PLACEMENT_3D('',#12352,#12353,#12354);
#12352 = CARTESIAN_POINT('',(3.725,-2.735,14.));
#12353 = DIRECTION('',(1.,0.,-0.));
#12354 = DIRECTION('',(0.,-1.,0.));
#12355 = DEFINITIONAL_REPRESENTATION('',(#12356),#12360);
#12356 = LINE('',#12357,#12358);
#12357 = CARTESIAN_POINT('',(0.,0.));
#12358 = VECTOR('',#12359,1.);
#12359 = DIRECTION('',(0.,1.));
#12360 = ( GEOMETRIC_REPRESENTATION_CONTEXT(2) 
PARAMETRIC_REPRESENTATION_CONTEXT() REPRESENTATION_CONTEXT('2D SPACE',''
  ) );
#12361 = ORIENTED_EDGE('',*,*,#12362,.F.);
#12362 = EDGE_CURVE('',#11076,#12335,#12363,.T.);
#12363 = SURFACE_CURVE('',#12364,(#12368,#12375),.PCURVE_S1.);
#12364 = LINE('',#12365,#12366);
#12365 = CARTESIAN_POINT('',(3.765,-2.775,14.4));
#12366 = VECTOR('',#12367,1.);
#12367 = DIRECTION('',(-0.,0.,-1.));
#12368 = PCURVE('',#11091,#12369);
#12369 = DEFINITIONAL_REPRESENTATION('',(#12370),#12374);
#12370 = LINE('',#12371,#12372);
#12371 = CARTESIAN_POINT('',(0.44,2.331));
#12372 = VECTOR('',#12373,1.);
#12373 = DIRECTION('',(-1.,0.));
#12374 = ( GEOMETRIC_REPRESENTATION_CONTEXT(2) 
PARAMETRIC_REPRESENTATION_CONTEXT() REPRESENTATION_CONTEXT('2D SPACE',''
  ) );
#12375 = PCURVE('',#12194,#12376);
#12376 = DEFINITIONAL_REPRESENTATION('',(#12377),#12381);
#12377 = LINE('',#12378,#12379);
#12378 = CARTESIAN_POINT('',(1.570796326795,0.));
#12379 = VECTOR('',#12380,1.);
#12380 = DIRECTION('',(0.,1.));
#12381 = ( GEOMETRIC_REPRESENTATION_CONTEXT(2) 
PARAMETRIC_REPRESENTATION_CONTEXT() REPRESENTATION_CONTEXT('2D SPACE',''
  ) );
#12382 = ADVANCED_FACE('',(#12383),#11166,.F.);
#12383 = FACE_BOUND('',#12384,.F.);
#12384 = EDGE_LOOP('',(#12385,#12408,#12435,#12436));
#12385 = ORIENTED_EDGE('',*,*,#12386,.F.);
#12386 = EDGE_CURVE('',#12387,#11128,#12389,.T.);
#12387 = VERTEX_POINT('',#12388);
#12388 = CARTESIAN_POINT('',(3.215,-0.484,14.));
#12389 = SURFACE_CURVE('',#12390,(#12394,#12401),.PCURVE_S1.);
#12390 = LINE('',#12391,#12392);
#12391 = CARTESIAN_POINT('',(3.215,-0.484,13.96));
#12392 = VECTOR('',#12393,1.);
#12393 = DIRECTION('',(0.,0.,1.));
#12394 = PCURVE('',#11166,#12395);
#12395 = DEFINITIONAL_REPRESENTATION('',(#12396),#12400);
#12396 = LINE('',#12397,#12398);
#12397 = CARTESIAN_POINT('',(0.,0.));
#12398 = VECTOR('',#12399,1.);
#12399 = DIRECTION('',(0.,1.));
#12400 = ( GEOMETRIC_REPRESENTATION_CONTEXT(2) 
PARAMETRIC_REPRESENTATION_CONTEXT() REPRESENTATION_CONTEXT('2D SPACE',''
  ) );
#12401 = PCURVE('',#11271,#12402);
#12402 = DEFINITIONAL_REPRESENTATION('',(#12403),#12407);
#12403 = LINE('',#12404,#12405);
#12404 = CARTESIAN_POINT('',(0.,4.E-02));
#12405 = VECTOR('',#12406,1.);
#12406 = DIRECTION('',(1.,0.));
#12407 = ( GEOMETRIC_REPRESENTATION_CONTEXT(2) 
PARAMETRIC_REPRESENTATION_CONTEXT() REPRESENTATION_CONTEXT('2D SPACE',''
  ) );
#12408 = ORIENTED_EDGE('',*,*,#12409,.T.);
#12409 = EDGE_CURVE('',#12387,#12259,#12410,.T.);
#12410 = SURFACE_CURVE('',#12411,(#12416,#12423),.PCURVE_S1.);
#12411 = CIRCLE('',#12412,4.E-02);
#12412 = AXIS2_PLACEMENT_3D('',#12413,#12414,#12415);
#12413 = CARTESIAN_POINT('',(3.215,-0.524,14.));
#12414 = DIRECTION('',(0.,-0.,1.));
#12415 = DIRECTION('',(0.,1.,0.));
#12416 = PCURVE('',#11166,#12417);
#12417 = DEFINITIONAL_REPRESENTATION('',(#12418),#12422);
#12418 = LINE('',#12419,#12420);
#12419 = CARTESIAN_POINT('',(0.,4.E-02));
#12420 = VECTOR('',#12421,1.);
#12421 = DIRECTION('',(1.,0.));
#12422 = ( GEOMETRIC_REPRESENTATION_CONTEXT(2) 
PARAMETRIC_REPRESENTATION_CONTEXT() REPRESENTATION_CONTEXT('2D SPACE',''
  ) );
#12423 = PCURVE('',#12424,#12429);
#12424 = SPHERICAL_SURFACE('',#12425,4.E-02);
#12425 = AXIS2_PLACEMENT_3D('',#12426,#12427,#12428);
#12426 = CARTESIAN_POINT('',(3.215,-0.524,14.));
#12427 = DIRECTION('',(0.,0.,1.));
#12428 = DIRECTION('',(0.,1.,0.));
#12429 = DEFINITIONAL_REPRESENTATION('',(#12430),#12434);
#12430 = LINE('',#12431,#12432);
#12431 = CARTESIAN_POINT('',(0.,0.));
#12432 = VECTOR('',#12433,1.);
#12433 = DIRECTION('',(1.,0.));
#12434 = ( GEOMETRIC_REPRESENTATION_CONTEXT(2) 
PARAMETRIC_REPRESENTATION_CONTEXT() REPRESENTATION_CONTEXT('2D SPACE',''
  ) );
#12435 = ORIENTED_EDGE('',*,*,#12286,.T.);
#12436 = ORIENTED_EDGE('',*,*,#11151,.F.);
#12437 = ADVANCED_FACE('',(#12438),#11220,.F.);
#12438 = FACE_BOUND('',#12439,.F.);
#12439 = EDGE_LOOP('',(#12440,#12467,#12488,#12489));
#12440 = ORIENTED_EDGE('',*,*,#12441,.F.);
#12441 = EDGE_CURVE('',#12442,#12312,#12444,.T.);
#12442 = VERTEX_POINT('',#12443);
#12443 = CARTESIAN_POINT('',(5.466,-2.735,14.));
#12444 = SURFACE_CURVE('',#12445,(#12450,#12456),.PCURVE_S1.);
#12445 = CIRCLE('',#12446,4.E-02);
#12446 = AXIS2_PLACEMENT_3D('',#12447,#12448,#12449);
#12447 = CARTESIAN_POINT('',(5.426,-2.735,14.));
#12448 = DIRECTION('',(0.,-0.,-1.));
#12449 = DIRECTION('',(0.,-1.,0.));
#12450 = PCURVE('',#11220,#12451);
#12451 = DEFINITIONAL_REPRESENTATION('',(#12452),#12455);
#12452 = B_SPLINE_CURVE_WITH_KNOTS('',1,(#12453,#12454),.UNSPECIFIED.,
  .F.,.F.,(2,2),(4.712388980385,6.28318530718),
  .PIECEWISE_BEZIER_KNOTS.);
#12453 = CARTESIAN_POINT('',(1.570796326795,4.E-02));
#12454 = CARTESIAN_POINT('',(0.,4.E-02));
#12455 = ( GEOMETRIC_REPRESENTATION_CONTEXT(2) 
PARAMETRIC_REPRESENTATION_CONTEXT() REPRESENTATION_CONTEXT('2D SPACE',''
  ) );
#12456 = PCURVE('',#12457,#12462);
#12457 = SPHERICAL_SURFACE('',#12458,4.E-02);
#12458 = AXIS2_PLACEMENT_3D('',#12459,#12460,#12461);
#12459 = CARTESIAN_POINT('',(5.426,-2.735,14.));
#12460 = DIRECTION('',(-1.,-0.,0.));
#12461 = DIRECTION('',(0.,-1.,0.));
#12462 = DEFINITIONAL_REPRESENTATION('',(#12463),#12466);
#12463 = B_SPLINE_CURVE_WITH_KNOTS('',1,(#12464,#12465),.UNSPECIFIED.,
  .F.,.F.,(2,2),(4.712388980385,6.28318530718),
  .PIECEWISE_BEZIER_KNOTS.);
#12464 = CARTESIAN_POINT('',(0.,-1.570796326795));
#12465 = CARTESIAN_POINT('',(0.,0.));
#12466 = ( GEOMETRIC_REPRESENTATION_CONTEXT(2) 
PARAMETRIC_REPRESENTATION_CONTEXT() REPRESENTATION_CONTEXT('2D SPACE',''
  ) );
#12467 = ORIENTED_EDGE('',*,*,#12468,.T.);
#12468 = EDGE_CURVE('',#12442,#11184,#12469,.T.);
#12469 = SURFACE_CURVE('',#12470,(#12474,#12481),.PCURVE_S1.);
#12470 = LINE('',#12471,#12472);
#12471 = CARTESIAN_POINT('',(5.466,-2.735,13.96));
#12472 = VECTOR('',#12473,1.);
#12473 = DIRECTION('',(0.,0.,1.));
#12474 = PCURVE('',#11220,#12475);
#12475 = DEFINITIONAL_REPRESENTATION('',(#12476),#12480);
#12476 = LINE('',#12477,#12478);
#12477 = CARTESIAN_POINT('',(1.570796326795,0.));
#12478 = VECTOR('',#12479,1.);
#12479 = DIRECTION('',(0.,1.));
#12480 = ( GEOMETRIC_REPRESENTATION_CONTEXT(2) 
PARAMETRIC_REPRESENTATION_CONTEXT() REPRESENTATION_CONTEXT('2D SPACE',''
  ) );
#12481 = PCURVE('',#11305,#12482);
#12482 = DEFINITIONAL_REPRESENTATION('',(#12483),#12487);
#12483 = LINE('',#12484,#12485);
#12484 = CARTESIAN_POINT('',(0.,-4.E-02));
#12485 = VECTOR('',#12486,1.);
#12486 = DIRECTION('',(1.,0.));
#12487 = ( GEOMETRIC_REPRESENTATION_CONTEXT(2) 
PARAMETRIC_REPRESENTATION_CONTEXT() REPRESENTATION_CONTEXT('2D SPACE',''
  ) );
#12488 = ORIENTED_EDGE('',*,*,#11205,.F.);
#12489 = ORIENTED_EDGE('',*,*,#12311,.F.);
#12490 = ADVANCED_FACE('',(#12491),#11271,.F.);
#12491 = FACE_BOUND('',#12492,.F.);
#12492 = EDGE_LOOP('',(#12493,#12494,#12517,#12543));
#12493 = ORIENTED_EDGE('',*,*,#11257,.F.);
#12494 = ORIENTED_EDGE('',*,*,#12495,.F.);
#12495 = EDGE_CURVE('',#12496,#11236,#12498,.T.);
#12496 = VERTEX_POINT('',#12497);
#12497 = CARTESIAN_POINT('',(3.685,-0.484,14.));
#12498 = SURFACE_CURVE('',#12499,(#12503,#12510),.PCURVE_S1.);
#12499 = LINE('',#12500,#12501);
#12500 = CARTESIAN_POINT('',(3.685,-0.484,13.96));
#12501 = VECTOR('',#12502,1.);
#12502 = DIRECTION('',(0.,0.,1.));
#12503 = PCURVE('',#11271,#12504);
#12504 = DEFINITIONAL_REPRESENTATION('',(#12505),#12509);
#12505 = LINE('',#12506,#12507);
#12506 = CARTESIAN_POINT('',(0.,0.51));
#12507 = VECTOR('',#12508,1.);
#12508 = DIRECTION('',(1.,0.));
#12509 = ( GEOMETRIC_REPRESENTATION_CONTEXT(2) 
PARAMETRIC_REPRESENTATION_CONTEXT() REPRESENTATION_CONTEXT('2D SPACE',''
  ) );
#12510 = PCURVE('',#11380,#12511);
#12511 = DEFINITIONAL_REPRESENTATION('',(#12512),#12516);
#12512 = LINE('',#12513,#12514);
#12513 = CARTESIAN_POINT('',(1.570796326795,0.));
#12514 = VECTOR('',#12515,1.);
#12515 = DIRECTION('',(0.,1.));
#12516 = ( GEOMETRIC_REPRESENTATION_CONTEXT(2) 
PARAMETRIC_REPRESENTATION_CONTEXT() REPRESENTATION_CONTEXT('2D SPACE',''
  ) );
#12517 = ORIENTED_EDGE('',*,*,#12518,.F.);
#12518 = EDGE_CURVE('',#12387,#12496,#12519,.T.);
#12519 = SURFACE_CURVE('',#12520,(#12524,#12531),.PCURVE_S1.);
#12520 = LINE('',#12521,#12522);
#12521 = CARTESIAN_POINT('',(3.175,-0.484,14.));
#12522 = VECTOR('',#12523,1.);
#12523 = DIRECTION('',(1.,0.,-0.));
#12524 = PCURVE('',#11271,#12525);
#12525 = DEFINITIONAL_REPRESENTATION('',(#12526),#12530);
#12526 = LINE('',#12527,#12528);
#12527 = CARTESIAN_POINT('',(4.E-02,0.));
#12528 = VECTOR('',#12529,1.);
#12529 = DIRECTION('',(0.,1.));
#12530 = ( GEOMETRIC_REPRESENTATION_CONTEXT(2) 
PARAMETRIC_REPRESENTATION_CONTEXT() REPRESENTATION_CONTEXT('2D SPACE',''
  ) );
#12531 = PCURVE('',#12532,#12537);
#12532 = CYLINDRICAL_SURFACE('',#12533,4.E-02);
#12533 = AXIS2_PLACEMENT_3D('',#12534,#12535,#12536);
#12534 = CARTESIAN_POINT('',(3.175,-0.524,14.));
#12535 = DIRECTION('',(1.,0.,-0.));
#12536 = DIRECTION('',(0.,1.,0.));
#12537 = DEFINITIONAL_REPRESENTATION('',(#12538),#12542);
#12538 = LINE('',#12539,#12540);
#12539 = CARTESIAN_POINT('',(-0.,0.));
#12540 = VECTOR('',#12541,1.);
#12541 = DIRECTION('',(-0.,1.));
#12542 = ( GEOMETRIC_REPRESENTATION_CONTEXT(2) 
PARAMETRIC_REPRESENTATION_CONTEXT() REPRESENTATION_CONTEXT('2D SPACE',''
  ) );
#12543 = ORIENTED_EDGE('',*,*,#12386,.T.);
#12544 = ADVANCED_FACE('',(#12545),#11305,.F.);
#12545 = FACE_BOUND('',#12546,.F.);
#12546 = EDGE_LOOP('',(#12547,#12548,#12549,#12577));
#12547 = ORIENTED_EDGE('',*,*,#11289,.F.);
#12548 = ORIENTED_EDGE('',*,*,#12468,.F.);
#12549 = ORIENTED_EDGE('',*,*,#12550,.T.);
#12550 = EDGE_CURVE('',#12442,#12551,#12553,.T.);
#12551 = VERTEX_POINT('',#12552);
#12552 = CARTESIAN_POINT('',(5.466,-2.265,14.));
#12553 = SURFACE_CURVE('',#12554,(#12558,#12565),.PCURVE_S1.);
#12554 = LINE('',#12555,#12556);
#12555 = CARTESIAN_POINT('',(5.466,-2.775,14.));
#12556 = VECTOR('',#12557,1.);
#12557 = DIRECTION('',(-0.,1.,0.));
#12558 = PCURVE('',#11305,#12559);
#12559 = DEFINITIONAL_REPRESENTATION('',(#12560),#12564);
#12560 = LINE('',#12561,#12562);
#12561 = CARTESIAN_POINT('',(4.E-02,0.));
#12562 = VECTOR('',#12563,1.);
#12563 = DIRECTION('',(0.,-1.));
#12564 = ( GEOMETRIC_REPRESENTATION_CONTEXT(2) 
PARAMETRIC_REPRESENTATION_CONTEXT() REPRESENTATION_CONTEXT('2D SPACE',''
  ) );
#12565 = PCURVE('',#12566,#12571);
#12566 = CYLINDRICAL_SURFACE('',#12567,4.E-02);
#12567 = AXIS2_PLACEMENT_3D('',#12568,#12569,#12570);
#12568 = CARTESIAN_POINT('',(5.426,-2.775,14.));
#12569 = DIRECTION('',(-0.,1.,0.));
#12570 = DIRECTION('',(1.,0.,-0.));
#12571 = DEFINITIONAL_REPRESENTATION('',(#12572),#12576);
#12572 = LINE('',#12573,#12574);
#12573 = CARTESIAN_POINT('',(0.,0.));
#12574 = VECTOR('',#12575,1.);
#12575 = DIRECTION('',(0.,1.));
#12576 = ( GEOMETRIC_REPRESENTATION_CONTEXT(2) 
PARAMETRIC_REPRESENTATION_CONTEXT() REPRESENTATION_CONTEXT('2D SPACE',''
  ) );
#12577 = ORIENTED_EDGE('',*,*,#12578,.T.);
#12578 = EDGE_CURVE('',#12551,#11290,#12579,.T.);
#12579 = SURFACE_CURVE('',#12580,(#12584,#12591),.PCURVE_S1.);
#12580 = LINE('',#12581,#12582);
#12581 = CARTESIAN_POINT('',(5.466,-2.265,13.96));
#12582 = VECTOR('',#12583,1.);
#12583 = DIRECTION('',(0.,0.,1.));
#12584 = PCURVE('',#11305,#12585);
#12585 = DEFINITIONAL_REPRESENTATION('',(#12586),#12590);
#12586 = LINE('',#12587,#12588);
#12587 = CARTESIAN_POINT('',(0.,-0.51));
#12588 = VECTOR('',#12589,1.);
#12589 = DIRECTION('',(1.,0.));
#12590 = ( GEOMETRIC_REPRESENTATION_CONTEXT(2) 
PARAMETRIC_REPRESENTATION_CONTEXT() REPRESENTATION_CONTEXT('2D SPACE',''
  ) );
#12591 = PCURVE('',#11434,#12592);
#12592 = DEFINITIONAL_REPRESENTATION('',(#12593),#12597);
#12593 = LINE('',#12594,#12595);
#12594 = CARTESIAN_POINT('',(0.,0.));
#12595 = VECTOR('',#12596,1.);
#12596 = DIRECTION('',(0.,1.));
#12597 = ( GEOMETRIC_REPRESENTATION_CONTEXT(2) 
PARAMETRIC_REPRESENTATION_CONTEXT() REPRESENTATION_CONTEXT('2D SPACE',''
  ) );
#12598 = ADVANCED_FACE('',(#12599),#11380,.F.);
#12599 = FACE_BOUND('',#12600,.F.);
#12600 = EDGE_LOOP('',(#12601,#12624,#12651,#12652));
#12601 = ORIENTED_EDGE('',*,*,#12602,.F.);
#12602 = EDGE_CURVE('',#12603,#11342,#12605,.T.);
#12603 = VERTEX_POINT('',#12604);
#12604 = CARTESIAN_POINT('',(3.725,-0.524,14.));
#12605 = SURFACE_CURVE('',#12606,(#12610,#12617),.PCURVE_S1.);
#12606 = LINE('',#12607,#12608);
#12607 = CARTESIAN_POINT('',(3.725,-0.524,13.96));
#12608 = VECTOR('',#12609,1.);
#12609 = DIRECTION('',(0.,0.,1.));
#12610 = PCURVE('',#11380,#12611);
#12611 = DEFINITIONAL_REPRESENTATION('',(#12612),#12616);
#12612 = LINE('',#12613,#12614);
#12613 = CARTESIAN_POINT('',(0.,0.));
#12614 = VECTOR('',#12615,1.);
#12615 = DIRECTION('',(0.,1.));
#12616 = ( GEOMETRIC_REPRESENTATION_CONTEXT(2) 
PARAMETRIC_REPRESENTATION_CONTEXT() REPRESENTATION_CONTEXT('2D SPACE',''
  ) );
#12617 = PCURVE('',#11490,#12618);
#12618 = DEFINITIONAL_REPRESENTATION('',(#12619),#12623);
#12619 = LINE('',#12620,#12621);
#12620 = CARTESIAN_POINT('',(0.,-3.992));
#12621 = VECTOR('',#12622,1.);
#12622 = DIRECTION('',(1.,0.));
#12623 = ( GEOMETRIC_REPRESENTATION_CONTEXT(2) 
PARAMETRIC_REPRESENTATION_CONTEXT() REPRESENTATION_CONTEXT('2D SPACE',''
  ) );
#12624 = ORIENTED_EDGE('',*,*,#12625,.T.);
#12625 = EDGE_CURVE('',#12603,#12496,#12626,.T.);
#12626 = SURFACE_CURVE('',#12627,(#12632,#12639),.PCURVE_S1.);
#12627 = CIRCLE('',#12628,4.E-02);
#12628 = AXIS2_PLACEMENT_3D('',#12629,#12630,#12631);
#12629 = CARTESIAN_POINT('',(3.685,-0.524,14.));
#12630 = DIRECTION('',(0.,0.,1.));
#12631 = DIRECTION('',(1.,0.,-0.));
#12632 = PCURVE('',#11380,#12633);
#12633 = DEFINITIONAL_REPRESENTATION('',(#12634),#12638);
#12634 = LINE('',#12635,#12636);
#12635 = CARTESIAN_POINT('',(0.,4.E-02));
#12636 = VECTOR('',#12637,1.);
#12637 = DIRECTION('',(1.,0.));
#12638 = ( GEOMETRIC_REPRESENTATION_CONTEXT(2) 
PARAMETRIC_REPRESENTATION_CONTEXT() REPRESENTATION_CONTEXT('2D SPACE',''
  ) );
#12639 = PCURVE('',#12640,#12645);
#12640 = SPHERICAL_SURFACE('',#12641,4.E-02);
#12641 = AXIS2_PLACEMENT_3D('',#12642,#12643,#12644);
#12642 = CARTESIAN_POINT('',(3.685,-0.524,14.));
#12643 = DIRECTION('',(0.,0.,1.));
#12644 = DIRECTION('',(1.,0.,-0.));
#12645 = DEFINITIONAL_REPRESENTATION('',(#12646),#12650);
#12646 = LINE('',#12647,#12648);
#12647 = CARTESIAN_POINT('',(0.,0.));
#12648 = VECTOR('',#12649,1.);
#12649 = DIRECTION('',(1.,0.));
#12650 = ( GEOMETRIC_REPRESENTATION_CONTEXT(2) 
PARAMETRIC_REPRESENTATION_CONTEXT() REPRESENTATION_CONTEXT('2D SPACE',''
  ) );
#12651 = ORIENTED_EDGE('',*,*,#12495,.T.);
#12652 = ORIENTED_EDGE('',*,*,#11365,.F.);
#12653 = ADVANCED_FACE('',(#12654),#11434,.F.);
#12654 = FACE_BOUND('',#12655,.F.);
#12655 = EDGE_LOOP('',(#12656,#12657,#12686,#12707));
#12656 = ORIENTED_EDGE('',*,*,#12578,.F.);
#12657 = ORIENTED_EDGE('',*,*,#12658,.T.);
#12658 = EDGE_CURVE('',#12551,#12659,#12661,.T.);
#12659 = VERTEX_POINT('',#12660);
#12660 = CARTESIAN_POINT('',(5.426,-2.225,14.));
#12661 = SURFACE_CURVE('',#12662,(#12667,#12674),.PCURVE_S1.);
#12662 = CIRCLE('',#12663,4.E-02);
#12663 = AXIS2_PLACEMENT_3D('',#12664,#12665,#12666);
#12664 = CARTESIAN_POINT('',(5.426,-2.265,14.));
#12665 = DIRECTION('',(0.,0.,1.));
#12666 = DIRECTION('',(1.,0.,-0.));
#12667 = PCURVE('',#11434,#12668);
#12668 = DEFINITIONAL_REPRESENTATION('',(#12669),#12673);
#12669 = LINE('',#12670,#12671);
#12670 = CARTESIAN_POINT('',(0.,4.E-02));
#12671 = VECTOR('',#12672,1.);
#12672 = DIRECTION('',(1.,0.));
#12673 = ( GEOMETRIC_REPRESENTATION_CONTEXT(2) 
PARAMETRIC_REPRESENTATION_CONTEXT() REPRESENTATION_CONTEXT('2D SPACE',''
  ) );
#12674 = PCURVE('',#12675,#12680);
#12675 = SPHERICAL_SURFACE('',#12676,4.E-02);
#12676 = AXIS2_PLACEMENT_3D('',#12677,#12678,#12679);
#12677 = CARTESIAN_POINT('',(5.426,-2.265,14.));
#12678 = DIRECTION('',(0.,0.,1.));
#12679 = DIRECTION('',(1.,0.,-0.));
#12680 = DEFINITIONAL_REPRESENTATION('',(#12681),#12685);
#12681 = LINE('',#12682,#12683);
#12682 = CARTESIAN_POINT('',(0.,0.));
#12683 = VECTOR('',#12684,1.);
#12684 = DIRECTION('',(1.,0.));
#12685 = ( GEOMETRIC_REPRESENTATION_CONTEXT(2) 
PARAMETRIC_REPRESENTATION_CONTEXT() REPRESENTATION_CONTEXT('2D SPACE',''
  ) );
#12686 = ORIENTED_EDGE('',*,*,#12687,.T.);
#12687 = EDGE_CURVE('',#12659,#11398,#12688,.T.);
#12688 = SURFACE_CURVE('',#12689,(#12693,#12700),.PCURVE_S1.);
#12689 = LINE('',#12690,#12691);
#12690 = CARTESIAN_POINT('',(5.426,-2.225,13.96));
#12691 = VECTOR('',#12692,1.);
#12692 = DIRECTION('',(0.,0.,1.));
#12693 = PCURVE('',#11434,#12694);
#12694 = DEFINITIONAL_REPRESENTATION('',(#12695),#12699);
#12695 = LINE('',#12696,#12697);
#12696 = CARTESIAN_POINT('',(1.570796326795,0.));
#12697 = VECTOR('',#12698,1.);
#12698 = DIRECTION('',(0.,1.));
#12699 = ( GEOMETRIC_REPRESENTATION_CONTEXT(2) 
PARAMETRIC_REPRESENTATION_CONTEXT() REPRESENTATION_CONTEXT('2D SPACE',''
  ) );
#12700 = PCURVE('',#11524,#12701);
#12701 = DEFINITIONAL_REPRESENTATION('',(#12702),#12706);
#12702 = LINE('',#12703,#12704);
#12703 = CARTESIAN_POINT('',(0.,3.992));
#12704 = VECTOR('',#12705,1.);
#12705 = DIRECTION('',(1.,0.));
#12706 = ( GEOMETRIC_REPRESENTATION_CONTEXT(2) 
PARAMETRIC_REPRESENTATION_CONTEXT() REPRESENTATION_CONTEXT('2D SPACE',''
  ) );
#12707 = ORIENTED_EDGE('',*,*,#11419,.F.);
#12708 = ADVANCED_FACE('',(#12709),#11465,.T.);
#12709 = FACE_BOUND('',#12710,.T.);
#12710 = EDGE_LOOP('',(#12711,#12712,#12737));
#12711 = ORIENTED_EDGE('',*,*,#11449,.F.);
#12712 = ORIENTED_EDGE('',*,*,#12713,.T.);
#12713 = EDGE_CURVE('',#11450,#11509,#12714,.T.);
#12714 = SURFACE_CURVE('',#12715,(#12720,#12726),.PCURVE_S1.);
#12715 = CIRCLE('',#12716,4.E-02);
#12716 = AXIS2_PLACEMENT_3D('',#12717,#12718,#12719);
#12717 = CARTESIAN_POINT('',(3.765,-2.185,14.36));
#12718 = DIRECTION('',(0.,6.123233995737E-17,1.));
#12719 = DIRECTION('',(0.,-1.,6.123233995737E-17));
#12720 = PCURVE('',#11465,#12721);
#12721 = DEFINITIONAL_REPRESENTATION('',(#12722),#12725);
#12722 = B_SPLINE_CURVE_WITH_KNOTS('',1,(#12723,#12724),.UNSPECIFIED.,
  .F.,.F.,(2,2),(4.712388980385,6.28318530718),
  .PIECEWISE_BEZIER_KNOTS.);
#12723 = CARTESIAN_POINT('',(1.570796326795,-1.570796326795));
#12724 = CARTESIAN_POINT('',(1.570796326795,0.));
#12725 = ( GEOMETRIC_REPRESENTATION_CONTEXT(2) 
PARAMETRIC_REPRESENTATION_CONTEXT() REPRESENTATION_CONTEXT('2D SPACE',''
  ) );
#12726 = PCURVE('',#12727,#12732);
#12727 = CYLINDRICAL_SURFACE('',#12728,4.E-02);
#12728 = AXIS2_PLACEMENT_3D('',#12729,#12730,#12731);
#12729 = CARTESIAN_POINT('',(3.765,-2.185,14.4));
#12730 = DIRECTION('',(-0.,0.,-1.));
#12731 = DIRECTION('',(0.,-1.,-0.));
#12732 = DEFINITIONAL_REPRESENTATION('',(#12733),#12736);
#12733 = B_SPLINE_CURVE_WITH_KNOTS('',1,(#12734,#12735),.UNSPECIFIED.,
  .F.,.F.,(2,2),(4.712388980385,6.28318530718),
  .PIECEWISE_BEZIER_KNOTS.);
#12734 = CARTESIAN_POINT('',(1.570796326795,4.E-02));
#12735 = CARTESIAN_POINT('',(0.,4.E-02));
#12736 = ( GEOMETRIC_REPRESENTATION_CONTEXT(2) 
PARAMETRIC_REPRESENTATION_CONTEXT() REPRESENTATION_CONTEXT('2D SPACE',''
  ) );
#12737 = ORIENTED_EDGE('',*,*,#11536,.F.);
#12738 = ADVANCED_FACE('',(#12739),#11490,.F.);
#12739 = FACE_BOUND('',#12740,.F.);
#12740 = EDGE_LOOP('',(#12741,#12742,#12765,#12791));
#12741 = ORIENTED_EDGE('',*,*,#11476,.F.);
#12742 = ORIENTED_EDGE('',*,*,#12743,.T.);
#12743 = EDGE_CURVE('',#11450,#12744,#12746,.T.);
#12744 = VERTEX_POINT('',#12745);
#12745 = CARTESIAN_POINT('',(3.725,-2.185,14.));
#12746 = SURFACE_CURVE('',#12747,(#12751,#12758),.PCURVE_S1.);
#12747 = LINE('',#12748,#12749);
#12748 = CARTESIAN_POINT('',(3.725,-2.185,14.4));
#12749 = VECTOR('',#12750,1.);
#12750 = DIRECTION('',(-0.,0.,-1.));
#12751 = PCURVE('',#11490,#12752);
#12752 = DEFINITIONAL_REPRESENTATION('',(#12753),#12757);
#12753 = LINE('',#12754,#12755);
#12754 = CARTESIAN_POINT('',(0.44,-2.331));
#12755 = VECTOR('',#12756,1.);
#12756 = DIRECTION('',(-1.,-0.));
#12757 = ( GEOMETRIC_REPRESENTATION_CONTEXT(2) 
PARAMETRIC_REPRESENTATION_CONTEXT() REPRESENTATION_CONTEXT('2D SPACE',''
  ) );
#12758 = PCURVE('',#12727,#12759);
#12759 = DEFINITIONAL_REPRESENTATION('',(#12760),#12764);
#12760 = LINE('',#12761,#12762);
#12761 = CARTESIAN_POINT('',(1.570796326795,0.));
#12762 = VECTOR('',#12763,1.);
#12763 = DIRECTION('',(0.,1.));
#12764 = ( GEOMETRIC_REPRESENTATION_CONTEXT(2) 
PARAMETRIC_REPRESENTATION_CONTEXT() REPRESENTATION_CONTEXT('2D SPACE',''
  ) );
#12765 = ORIENTED_EDGE('',*,*,#12766,.T.);
#12766 = EDGE_CURVE('',#12744,#12603,#12767,.T.);
#12767 = SURFACE_CURVE('',#12768,(#12772,#12779),.PCURVE_S1.);
#12768 = LINE('',#12769,#12770);
#12769 = CARTESIAN_POINT('',(3.725,-2.225,14.));
#12770 = VECTOR('',#12771,1.);
#12771 = DIRECTION('',(-0.,1.,0.));
#12772 = PCURVE('',#11490,#12773);
#12773 = DEFINITIONAL_REPRESENTATION('',(#12774),#12778);
#12774 = LINE('',#12775,#12776);
#12775 = CARTESIAN_POINT('',(4.E-02,-2.291));
#12776 = VECTOR('',#12777,1.);
#12777 = DIRECTION('',(0.,-1.));
#12778 = ( GEOMETRIC_REPRESENTATION_CONTEXT(2) 
PARAMETRIC_REPRESENTATION_CONTEXT() REPRESENTATION_CONTEXT('2D SPACE',''
  ) );
#12779 = PCURVE('',#12780,#12785);
#12780 = CYLINDRICAL_SURFACE('',#12781,4.E-02);
#12781 = AXIS2_PLACEMENT_3D('',#12782,#12783,#12784);
#12782 = CARTESIAN_POINT('',(3.685,-2.225,14.));
#12783 = DIRECTION('',(-0.,1.,0.));
#12784 = DIRECTION('',(1.,0.,-0.));
#12785 = DEFINITIONAL_REPRESENTATION('',(#12786),#12790);
#12786 = LINE('',#12787,#12788);
#12787 = CARTESIAN_POINT('',(0.,0.));
#12788 = VECTOR('',#12789,1.);
#12789 = DIRECTION('',(0.,1.));
#12790 = ( GEOMETRIC_REPRESENTATION_CONTEXT(2) 
PARAMETRIC_REPRESENTATION_CONTEXT() REPRESENTATION_CONTEXT('2D SPACE',''
  ) );
#12791 = ORIENTED_EDGE('',*,*,#12602,.T.);
#12792 = ADVANCED_FACE('',(#12793),#11524,.F.);
#12793 = FACE_BOUND('',#12794,.F.);
#12794 = EDGE_LOOP('',(#12795,#12796,#12797,#12825));
#12795 = ORIENTED_EDGE('',*,*,#11508,.F.);
#12796 = ORIENTED_EDGE('',*,*,#12687,.F.);
#12797 = ORIENTED_EDGE('',*,*,#12798,.F.);
#12798 = EDGE_CURVE('',#12799,#12659,#12801,.T.);
#12799 = VERTEX_POINT('',#12800);
#12800 = CARTESIAN_POINT('',(3.765,-2.225,14.));
#12801 = SURFACE_CURVE('',#12802,(#12806,#12813),.PCURVE_S1.);
#12802 = LINE('',#12803,#12804);
#12803 = CARTESIAN_POINT('',(3.725,-2.225,14.));
#12804 = VECTOR('',#12805,1.);
#12805 = DIRECTION('',(1.,0.,-0.));
#12806 = PCURVE('',#11524,#12807);
#12807 = DEFINITIONAL_REPRESENTATION('',(#12808),#12812);
#12808 = LINE('',#12809,#12810);
#12809 = CARTESIAN_POINT('',(4.E-02,2.291));
#12810 = VECTOR('',#12811,1.);
#12811 = DIRECTION('',(0.,1.));
#12812 = ( GEOMETRIC_REPRESENTATION_CONTEXT(2) 
PARAMETRIC_REPRESENTATION_CONTEXT() REPRESENTATION_CONTEXT('2D SPACE',''
  ) );
#12813 = PCURVE('',#12814,#12819);
#12814 = CYLINDRICAL_SURFACE('',#12815,4.E-02);
#12815 = AXIS2_PLACEMENT_3D('',#12816,#12817,#12818);
#12816 = CARTESIAN_POINT('',(3.725,-2.265,14.));
#12817 = DIRECTION('',(1.,0.,-0.));
#12818 = DIRECTION('',(0.,1.,0.));
#12819 = DEFINITIONAL_REPRESENTATION('',(#12820),#12824);
#12820 = LINE('',#12821,#12822);
#12821 = CARTESIAN_POINT('',(-0.,0.));
#12822 = VECTOR('',#12823,1.);
#12823 = DIRECTION('',(-0.,1.));
#12824 = ( GEOMETRIC_REPRESENTATION_CONTEXT(2) 
PARAMETRIC_REPRESENTATION_CONTEXT() REPRESENTATION_CONTEXT('2D SPACE',''
  ) );
#12825 = ORIENTED_EDGE('',*,*,#12826,.F.);
#12826 = EDGE_CURVE('',#11509,#12799,#12827,.T.);
#12827 = SURFACE_CURVE('',#12828,(#12832,#12839),.PCURVE_S1.);
#12828 = LINE('',#12829,#12830);
#12829 = CARTESIAN_POINT('',(3.765,-2.225,14.4));
#12830 = VECTOR('',#12831,1.);
#12831 = DIRECTION('',(-0.,0.,-1.));
#12832 = PCURVE('',#11524,#12833);
#12833 = DEFINITIONAL_REPRESENTATION('',(#12834),#12838);
#12834 = LINE('',#12835,#12836);
#12835 = CARTESIAN_POINT('',(0.44,2.331));
#12836 = VECTOR('',#12837,1.);
#12837 = DIRECTION('',(-1.,0.));
#12838 = ( GEOMETRIC_REPRESENTATION_CONTEXT(2) 
PARAMETRIC_REPRESENTATION_CONTEXT() REPRESENTATION_CONTEXT('2D SPACE',''
  ) );
#12839 = PCURVE('',#12727,#12840);
#12840 = DEFINITIONAL_REPRESENTATION('',(#12841),#12845);
#12841 = LINE('',#12842,#12843);
#12842 = CARTESIAN_POINT('',(0.,0.));
#12843 = VECTOR('',#12844,1.);
#12844 = DIRECTION('',(0.,1.));
#12845 = ( GEOMETRIC_REPRESENTATION_CONTEXT(2) 
PARAMETRIC_REPRESENTATION_CONTEXT() REPRESENTATION_CONTEXT('2D SPACE',''
  ) );
#12846 = ADVANCED_FACE('',(#12847),#11577,.T.);
#12847 = FACE_BOUND('',#12848,.T.);
#12848 = EDGE_LOOP('',(#12849,#12850,#12851,#12878));
#12849 = ORIENTED_EDGE('',*,*,#11563,.F.);
#12850 = ORIENTED_EDGE('',*,*,#11720,.T.);
#12851 = ORIENTED_EDGE('',*,*,#12852,.T.);
#12852 = EDGE_CURVE('',#11693,#11594,#12853,.T.);
#12853 = SURFACE_CURVE('',#12854,(#12859,#12866),.PCURVE_S1.);
#12854 = CIRCLE('',#12855,4.E-02);
#12855 = AXIS2_PLACEMENT_3D('',#12856,#12857,#12858);
#12856 = CARTESIAN_POINT('',(3.135,-2.815,14.));
#12857 = DIRECTION('',(0.,0.,1.));
#12858 = DIRECTION('',(1.,0.,-0.));
#12859 = PCURVE('',#11577,#12860);
#12860 = DEFINITIONAL_REPRESENTATION('',(#12861),#12865);
#12861 = LINE('',#12862,#12863);
#12862 = CARTESIAN_POINT('',(1.570796326795,0.4));
#12863 = VECTOR('',#12864,1.);
#12864 = DIRECTION('',(-1.,-0.));
#12865 = ( GEOMETRIC_REPRESENTATION_CONTEXT(2) 
PARAMETRIC_REPRESENTATION_CONTEXT() REPRESENTATION_CONTEXT('2D SPACE',''
  ) );
#12866 = PCURVE('',#12867,#12872);
#12867 = TOROIDAL_SURFACE('',#12868,8.E-02,4.E-02);
#12868 = AXIS2_PLACEMENT_3D('',#12869,#12870,#12871);
#12869 = CARTESIAN_POINT('',(3.135,-2.815,14.));
#12870 = DIRECTION('',(-0.,-0.,-1.));
#12871 = DIRECTION('',(1.,0.,-0.));
#12872 = DEFINITIONAL_REPRESENTATION('',(#12873),#12877);
#12873 = LINE('',#12874,#12875);
#12874 = CARTESIAN_POINT('',(-0.,3.14159265359));
#12875 = VECTOR('',#12876,1.);
#12876 = DIRECTION('',(-1.,0.));
#12877 = ( GEOMETRIC_REPRESENTATION_CONTEXT(2) 
PARAMETRIC_REPRESENTATION_CONTEXT() REPRESENTATION_CONTEXT('2D SPACE',''
  ) );
#12878 = ORIENTED_EDGE('',*,*,#11593,.F.);
#12879 = ADVANCED_FACE('',(#12880),#11632,.F.);
#12880 = FACE_BOUND('',#12881,.F.);
#12881 = EDGE_LOOP('',(#12882,#12883,#12907,#12935));
#12882 = ORIENTED_EDGE('',*,*,#11616,.F.);
#12883 = ORIENTED_EDGE('',*,*,#12884,.T.);
#12884 = EDGE_CURVE('',#11617,#12885,#12887,.T.);
#12885 = VERTEX_POINT('',#12886);
#12886 = CARTESIAN_POINT('',(1.474,-2.735,13.96));
#12887 = SURFACE_CURVE('',#12888,(#12893,#12900),.PCURVE_S1.);
#12888 = CIRCLE('',#12889,4.E-02);
#12889 = AXIS2_PLACEMENT_3D('',#12890,#12891,#12892);
#12890 = CARTESIAN_POINT('',(1.474,-2.735,14.));
#12891 = DIRECTION('',(1.,0.,0.));
#12892 = DIRECTION('',(0.,-1.,0.));
#12893 = PCURVE('',#11632,#12894);
#12894 = DEFINITIONAL_REPRESENTATION('',(#12895),#12899);
#12895 = LINE('',#12896,#12897);
#12896 = CARTESIAN_POINT('',(0.,4.E-02));
#12897 = VECTOR('',#12898,1.);
#12898 = DIRECTION('',(1.,0.));
#12899 = ( GEOMETRIC_REPRESENTATION_CONTEXT(2) 
PARAMETRIC_REPRESENTATION_CONTEXT() REPRESENTATION_CONTEXT('2D SPACE',''
  ) );
#12900 = PCURVE('',#11760,#12901);
#12901 = DEFINITIONAL_REPRESENTATION('',(#12902),#12906);
#12902 = LINE('',#12903,#12904);
#12903 = CARTESIAN_POINT('',(0.,0.));
#12904 = VECTOR('',#12905,1.);
#12905 = DIRECTION('',(1.,0.));
#12906 = ( GEOMETRIC_REPRESENTATION_CONTEXT(2) 
PARAMETRIC_REPRESENTATION_CONTEXT() REPRESENTATION_CONTEXT('2D SPACE',''
  ) );
#12907 = ORIENTED_EDGE('',*,*,#12908,.T.);
#12908 = EDGE_CURVE('',#12885,#12909,#12911,.T.);
#12909 = VERTEX_POINT('',#12910);
#12910 = CARTESIAN_POINT('',(3.135,-2.735,13.96));
#12911 = SURFACE_CURVE('',#12912,(#12916,#12923),.PCURVE_S1.);
#12912 = LINE('',#12913,#12914);
#12913 = CARTESIAN_POINT('',(1.434,-2.735,13.96));
#12914 = VECTOR('',#12915,1.);
#12915 = DIRECTION('',(1.,0.,-0.));
#12916 = PCURVE('',#11632,#12917);
#12917 = DEFINITIONAL_REPRESENTATION('',(#12918),#12922);
#12918 = LINE('',#12919,#12920);
#12919 = CARTESIAN_POINT('',(1.570796326795,0.));
#12920 = VECTOR('',#12921,1.);
#12921 = DIRECTION('',(0.,1.));
#12922 = ( GEOMETRIC_REPRESENTATION_CONTEXT(2) 
PARAMETRIC_REPRESENTATION_CONTEXT() REPRESENTATION_CONTEXT('2D SPACE',''
  ) );
#12923 = PCURVE('',#12924,#12929);
#12924 = PLANE('',#12925);
#12925 = AXIS2_PLACEMENT_3D('',#12926,#12927,#12928);
#12926 = CARTESIAN_POINT('',(1.434,-2.775,13.96));
#12927 = DIRECTION('',(0.,0.,1.));
#12928 = DIRECTION('',(1.,0.,-0.));
#12929 = DEFINITIONAL_REPRESENTATION('',(#12930),#12934);
#12930 = LINE('',#12931,#12932);
#12931 = CARTESIAN_POINT('',(0.,4.E-02));
#12932 = VECTOR('',#12933,1.);
#12933 = DIRECTION('',(1.,0.));
#12934 = ( GEOMETRIC_REPRESENTATION_CONTEXT(2) 
PARAMETRIC_REPRESENTATION_CONTEXT() REPRESENTATION_CONTEXT('2D SPACE',''
  ) );
#12935 = ORIENTED_EDGE('',*,*,#12936,.T.);
#12936 = EDGE_CURVE('',#12909,#11594,#12937,.T.);
#12937 = SURFACE_CURVE('',#12938,(#12943,#12949),.PCURVE_S1.);
#12938 = CIRCLE('',#12939,4.E-02);
#12939 = AXIS2_PLACEMENT_3D('',#12940,#12941,#12942);
#12940 = CARTESIAN_POINT('',(3.135,-2.735,14.));
#12941 = DIRECTION('',(-1.,6.123233995737E-17,0.));
#12942 = DIRECTION('',(6.123233995737E-17,1.,-0.));
#12943 = PCURVE('',#11632,#12944);
#12944 = DEFINITIONAL_REPRESENTATION('',(#12945),#12948);
#12945 = B_SPLINE_CURVE_WITH_KNOTS('',1,(#12946,#12947),.UNSPECIFIED.,
  .F.,.F.,(2,2),(1.570796326795,3.14159265359),
  .PIECEWISE_BEZIER_KNOTS.);
#12946 = CARTESIAN_POINT('',(1.570796326795,1.701));
#12947 = CARTESIAN_POINT('',(0.,1.701));
#12948 = ( GEOMETRIC_REPRESENTATION_CONTEXT(2) 
PARAMETRIC_REPRESENTATION_CONTEXT() REPRESENTATION_CONTEXT('2D SPACE',''
  ) );
#12949 = PCURVE('',#12867,#12950);
#12950 = DEFINITIONAL_REPRESENTATION('',(#12951),#12954);
#12951 = B_SPLINE_CURVE_WITH_KNOTS('',1,(#12952,#12953),.UNSPECIFIED.,
  .F.,.F.,(2,2),(1.570796326795,3.14159265359),
  .PIECEWISE_BEZIER_KNOTS.);
#12952 = CARTESIAN_POINT('',(-1.570796326795,1.570796326795));
#12953 = CARTESIAN_POINT('',(-1.570796326795,3.14159265359));
#12954 = ( GEOMETRIC_REPRESENTATION_CONTEXT(2) 
PARAMETRIC_REPRESENTATION_CONTEXT() REPRESENTATION_CONTEXT('2D SPACE',''
  ) );
#12955 = ADVANCED_FACE('',(#12956),#11708,.F.);
#12956 = FACE_BOUND('',#12957,.T.);
#12957 = EDGE_LOOP('',(#12958,#12959,#12983,#13006));
#12958 = ORIENTED_EDGE('',*,*,#11692,.F.);
#12959 = ORIENTED_EDGE('',*,*,#12960,.T.);
#12960 = EDGE_CURVE('',#11670,#12961,#12963,.T.);
#12961 = VERTEX_POINT('',#12962);
#12962 = CARTESIAN_POINT('',(3.215,-4.476,13.96));
#12963 = SURFACE_CURVE('',#12964,(#12969,#12976),.PCURVE_S1.);
#12964 = CIRCLE('',#12965,4.E-02);
#12965 = AXIS2_PLACEMENT_3D('',#12966,#12967,#12968);
#12966 = CARTESIAN_POINT('',(3.215,-4.476,14.));
#12967 = DIRECTION('',(0.,-1.,-0.));
#12968 = DIRECTION('',(-1.,0.,-0.));
#12969 = PCURVE('',#11708,#12970);
#12970 = DEFINITIONAL_REPRESENTATION('',(#12971),#12975);
#12971 = LINE('',#12972,#12973);
#12972 = CARTESIAN_POINT('',(-0.,4.E-02));
#12973 = VECTOR('',#12974,1.);
#12974 = DIRECTION('',(-1.,0.));
#12975 = ( GEOMETRIC_REPRESENTATION_CONTEXT(2) 
PARAMETRIC_REPRESENTATION_CONTEXT() REPRESENTATION_CONTEXT('2D SPACE',''
  ) );
#12976 = PCURVE('',#11813,#12977);
#12977 = DEFINITIONAL_REPRESENTATION('',(#12978),#12982);
#12978 = LINE('',#12979,#12980);
#12979 = CARTESIAN_POINT('',(-0.,0.));
#12980 = VECTOR('',#12981,1.);
#12981 = DIRECTION('',(-1.,0.));
#12982 = ( GEOMETRIC_REPRESENTATION_CONTEXT(2) 
PARAMETRIC_REPRESENTATION_CONTEXT() REPRESENTATION_CONTEXT('2D SPACE',''
  ) );
#12983 = ORIENTED_EDGE('',*,*,#12984,.T.);
#12984 = EDGE_CURVE('',#12961,#12985,#12987,.T.);
#12985 = VERTEX_POINT('',#12986);
#12986 = CARTESIAN_POINT('',(3.215,-2.815,13.96));
#12987 = SURFACE_CURVE('',#12988,(#12992,#12999),.PCURVE_S1.);
#12988 = LINE('',#12989,#12990);
#12989 = CARTESIAN_POINT('',(3.215,-4.516,13.96));
#12990 = VECTOR('',#12991,1.);
#12991 = DIRECTION('',(-0.,1.,0.));
#12992 = PCURVE('',#11708,#12993);
#12993 = DEFINITIONAL_REPRESENTATION('',(#12994),#12998);
#12994 = LINE('',#12995,#12996);
#12995 = CARTESIAN_POINT('',(-1.570796326795,0.));
#12996 = VECTOR('',#12997,1.);
#12997 = DIRECTION('',(-0.,1.));
#12998 = ( GEOMETRIC_REPRESENTATION_CONTEXT(2) 
PARAMETRIC_REPRESENTATION_CONTEXT() REPRESENTATION_CONTEXT('2D SPACE',''
  ) );
#12999 = PCURVE('',#12924,#13000);
#13000 = DEFINITIONAL_REPRESENTATION('',(#13001),#13005);
#13001 = LINE('',#13002,#13003);
#13002 = CARTESIAN_POINT('',(1.781,-1.741));
#13003 = VECTOR('',#13004,1.);
#13004 = DIRECTION('',(0.,1.));
#13005 = ( GEOMETRIC_REPRESENTATION_CONTEXT(2) 
PARAMETRIC_REPRESENTATION_CONTEXT() REPRESENTATION_CONTEXT('2D SPACE',''
  ) );
#13006 = ORIENTED_EDGE('',*,*,#13007,.T.);
#13007 = EDGE_CURVE('',#12985,#11693,#13008,.T.);
#13008 = SURFACE_CURVE('',#13009,(#13014,#13020),.PCURVE_S1.);
#13009 = CIRCLE('',#13010,4.E-02);
#13010 = AXIS2_PLACEMENT_3D('',#13011,#13012,#13013);
#13011 = CARTESIAN_POINT('',(3.215,-2.815,14.));
#13012 = DIRECTION('',(0.,1.,0.));
#13013 = DIRECTION('',(1.,0.,-0.));
#13014 = PCURVE('',#11708,#13015);
#13015 = DEFINITIONAL_REPRESENTATION('',(#13016),#13019);
#13016 = B_SPLINE_CURVE_WITH_KNOTS('',1,(#13017,#13018),.UNSPECIFIED.,
  .F.,.F.,(2,2),(1.570796326795,3.14159265359),
  .PIECEWISE_BEZIER_KNOTS.);
#13017 = CARTESIAN_POINT('',(-1.570796326795,1.701));
#13018 = CARTESIAN_POINT('',(0.,1.701));
#13019 = ( GEOMETRIC_REPRESENTATION_CONTEXT(2) 
PARAMETRIC_REPRESENTATION_CONTEXT() REPRESENTATION_CONTEXT('2D SPACE',''
  ) );
#13020 = PCURVE('',#12867,#13021);
#13021 = DEFINITIONAL_REPRESENTATION('',(#13022),#13025);
#13022 = B_SPLINE_CURVE_WITH_KNOTS('',1,(#13023,#13024),.UNSPECIFIED.,
  .F.,.F.,(2,2),(1.570796326795,3.14159265359),
  .PIECEWISE_BEZIER_KNOTS.);
#13023 = CARTESIAN_POINT('',(0.,1.570796326795));
#13024 = CARTESIAN_POINT('',(0.,3.14159265359));
#13025 = ( GEOMETRIC_REPRESENTATION_CONTEXT(2) 
PARAMETRIC_REPRESENTATION_CONTEXT() REPRESENTATION_CONTEXT('2D SPACE',''
  ) );
#13026 = ADVANCED_FACE('',(#13027),#11760,.F.);
#13027 = FACE_BOUND('',#13028,.F.);
#13028 = EDGE_LOOP('',(#13029,#13030,#13050));
#13029 = ORIENTED_EDGE('',*,*,#11744,.F.);
#13030 = ORIENTED_EDGE('',*,*,#13031,.T.);
#13031 = EDGE_CURVE('',#11745,#12885,#13032,.T.);
#13032 = SURFACE_CURVE('',#13033,(#13038,#13044),.PCURVE_S1.);
#13033 = CIRCLE('',#13034,4.E-02);
#13034 = AXIS2_PLACEMENT_3D('',#13035,#13036,#13037);
#13035 = CARTESIAN_POINT('',(1.474,-2.735,14.));
#13036 = DIRECTION('',(0.,-1.,6.123233995737E-17));
#13037 = DIRECTION('',(0.,-6.123233995737E-17,-1.));
#13038 = PCURVE('',#11760,#13039);
#13039 = DEFINITIONAL_REPRESENTATION('',(#13040),#13043);
#13040 = B_SPLINE_CURVE_WITH_KNOTS('',1,(#13041,#13042),.UNSPECIFIED.,
  .F.,.F.,(2,2),(4.712388980385,6.28318530718),
  .PIECEWISE_BEZIER_KNOTS.);
#13041 = CARTESIAN_POINT('',(1.570796326795,-1.570796326795));
#13042 = CARTESIAN_POINT('',(1.570796326795,0.));
#13043 = ( GEOMETRIC_REPRESENTATION_CONTEXT(2) 
PARAMETRIC_REPRESENTATION_CONTEXT() REPRESENTATION_CONTEXT('2D SPACE',''
  ) );
#13044 = PCURVE('',#11868,#13045);
#13045 = DEFINITIONAL_REPRESENTATION('',(#13046),#13049);
#13046 = B_SPLINE_CURVE_WITH_KNOTS('',1,(#13047,#13048),.UNSPECIFIED.,
  .F.,.F.,(2,2),(4.712388980385,6.28318530718),
  .PIECEWISE_BEZIER_KNOTS.);
#13047 = CARTESIAN_POINT('',(0.,4.E-02));
#13048 = CARTESIAN_POINT('',(-1.570796326795,4.E-02));
#13049 = ( GEOMETRIC_REPRESENTATION_CONTEXT(2) 
PARAMETRIC_REPRESENTATION_CONTEXT() REPRESENTATION_CONTEXT('2D SPACE',''
  ) );
#13050 = ORIENTED_EDGE('',*,*,#12884,.F.);
#13051 = ADVANCED_FACE('',(#13052),#11813,.F.);
#13052 = FACE_BOUND('',#13053,.T.);
#13053 = EDGE_LOOP('',(#13054,#13055,#13075));
#13054 = ORIENTED_EDGE('',*,*,#11797,.F.);
#13055 = ORIENTED_EDGE('',*,*,#13056,.T.);
#13056 = EDGE_CURVE('',#11798,#12961,#13057,.T.);
#13057 = SURFACE_CURVE('',#13058,(#13063,#13069),.PCURVE_S1.);
#13058 = CIRCLE('',#13059,4.E-02);
#13059 = AXIS2_PLACEMENT_3D('',#13060,#13061,#13062);
#13060 = CARTESIAN_POINT('',(3.215,-4.476,14.));
#13061 = DIRECTION('',(1.,0.,-6.123233995737E-17));
#13062 = DIRECTION('',(-6.123233995737E-17,0.,-1.));
#13063 = PCURVE('',#11813,#13064);
#13064 = DEFINITIONAL_REPRESENTATION('',(#13065),#13068);
#13065 = B_SPLINE_CURVE_WITH_KNOTS('',1,(#13066,#13067),.UNSPECIFIED.,
  .F.,.F.,(2,2),(4.712388980385,6.28318530718),
  .PIECEWISE_BEZIER_KNOTS.);
#13066 = CARTESIAN_POINT('',(-1.570796326795,-1.570796326795));
#13067 = CARTESIAN_POINT('',(-1.570796326795,0.));
#13068 = ( GEOMETRIC_REPRESENTATION_CONTEXT(2) 
PARAMETRIC_REPRESENTATION_CONTEXT() REPRESENTATION_CONTEXT('2D SPACE',''
  ) );
#13069 = PCURVE('',#11942,#13070);
#13070 = DEFINITIONAL_REPRESENTATION('',(#13071),#13074);
#13071 = B_SPLINE_CURVE_WITH_KNOTS('',1,(#13072,#13073),.UNSPECIFIED.,
  .F.,.F.,(2,2),(4.712388980385,6.28318530718),
  .PIECEWISE_BEZIER_KNOTS.);
#13072 = CARTESIAN_POINT('',(0.,4.E-02));
#13073 = CARTESIAN_POINT('',(1.570796326795,4.E-02));
#13074 = ( GEOMETRIC_REPRESENTATION_CONTEXT(2) 
PARAMETRIC_REPRESENTATION_CONTEXT() REPRESENTATION_CONTEXT('2D SPACE',''
  ) );
#13075 = ORIENTED_EDGE('',*,*,#12960,.F.);
#13076 = ADVANCED_FACE('',(#13077),#11868,.F.);
#13077 = FACE_BOUND('',#13078,.T.);
#13078 = EDGE_LOOP('',(#13079,#13080,#13103,#13123));
#13079 = ORIENTED_EDGE('',*,*,#13031,.T.);
#13080 = ORIENTED_EDGE('',*,*,#13081,.T.);
#13081 = EDGE_CURVE('',#12885,#13082,#13084,.T.);
#13082 = VERTEX_POINT('',#13083);
#13083 = CARTESIAN_POINT('',(1.474,-2.265,13.96));
#13084 = SURFACE_CURVE('',#13085,(#13089,#13096),.PCURVE_S1.);
#13085 = LINE('',#13086,#13087);
#13086 = CARTESIAN_POINT('',(1.474,-2.775,13.96));
#13087 = VECTOR('',#13088,1.);
#13088 = DIRECTION('',(-0.,1.,0.));
#13089 = PCURVE('',#11868,#13090);
#13090 = DEFINITIONAL_REPRESENTATION('',(#13091),#13095);
#13091 = LINE('',#13092,#13093);
#13092 = CARTESIAN_POINT('',(-1.570796326795,0.));
#13093 = VECTOR('',#13094,1.);
#13094 = DIRECTION('',(-0.,1.));
#13095 = ( GEOMETRIC_REPRESENTATION_CONTEXT(2) 
PARAMETRIC_REPRESENTATION_CONTEXT() REPRESENTATION_CONTEXT('2D SPACE',''
  ) );
#13096 = PCURVE('',#12924,#13097);
#13097 = DEFINITIONAL_REPRESENTATION('',(#13098),#13102);
#13098 = LINE('',#13099,#13100);
#13099 = CARTESIAN_POINT('',(4.E-02,0.));
#13100 = VECTOR('',#13101,1.);
#13101 = DIRECTION('',(0.,1.));
#13102 = ( GEOMETRIC_REPRESENTATION_CONTEXT(2) 
PARAMETRIC_REPRESENTATION_CONTEXT() REPRESENTATION_CONTEXT('2D SPACE',''
  ) );
#13103 = ORIENTED_EDGE('',*,*,#13104,.F.);
#13104 = EDGE_CURVE('',#11853,#13082,#13105,.T.);
#13105 = SURFACE_CURVE('',#13106,(#13111,#13117),.PCURVE_S1.);
#13106 = CIRCLE('',#13107,4.E-02);
#13107 = AXIS2_PLACEMENT_3D('',#13108,#13109,#13110);
#13108 = CARTESIAN_POINT('',(1.474,-2.265,14.));
#13109 = DIRECTION('',(0.,-1.,-6.123233995737E-17));
#13110 = DIRECTION('',(0.,6.123233995737E-17,-1.));
#13111 = PCURVE('',#11868,#13112);
#13112 = DEFINITIONAL_REPRESENTATION('',(#13113),#13116);
#13113 = B_SPLINE_CURVE_WITH_KNOTS('',1,(#13114,#13115),.UNSPECIFIED.,
  .F.,.F.,(2,2),(4.712388980385,6.28318530718),
  .PIECEWISE_BEZIER_KNOTS.);
#13114 = CARTESIAN_POINT('',(0.,0.51));
#13115 = CARTESIAN_POINT('',(-1.570796326795,0.51));
#13116 = ( GEOMETRIC_REPRESENTATION_CONTEXT(2) 
PARAMETRIC_REPRESENTATION_CONTEXT() REPRESENTATION_CONTEXT('2D SPACE',''
  ) );
#13117 = PCURVE('',#11974,#13118);
#13118 = DEFINITIONAL_REPRESENTATION('',(#13119),#13122);
#13119 = B_SPLINE_CURVE_WITH_KNOTS('',1,(#13120,#13121),.UNSPECIFIED.,
  .F.,.F.,(2,2),(4.712388980385,6.28318530718),
  .PIECEWISE_BEZIER_KNOTS.);
#13120 = CARTESIAN_POINT('',(-1.570796326795,-1.570796326795));
#13121 = CARTESIAN_POINT('',(-1.570796326795,0.));
#13122 = ( GEOMETRIC_REPRESENTATION_CONTEXT(2) 
PARAMETRIC_REPRESENTATION_CONTEXT() REPRESENTATION_CONTEXT('2D SPACE',''
  ) );
#13123 = ORIENTED_EDGE('',*,*,#11852,.F.);
#13124 = ADVANCED_FACE('',(#13125),#11942,.F.);
#13125 = FACE_BOUND('',#13126,.F.);
#13126 = EDGE_LOOP('',(#13127,#13128,#13151,#13171));
#13127 = ORIENTED_EDGE('',*,*,#13056,.T.);
#13128 = ORIENTED_EDGE('',*,*,#13129,.T.);
#13129 = EDGE_CURVE('',#12961,#13130,#13132,.T.);
#13130 = VERTEX_POINT('',#13131);
#13131 = CARTESIAN_POINT('',(3.685,-4.476,13.96));
#13132 = SURFACE_CURVE('',#13133,(#13137,#13144),.PCURVE_S1.);
#13133 = LINE('',#13134,#13135);
#13134 = CARTESIAN_POINT('',(3.175,-4.476,13.96));
#13135 = VECTOR('',#13136,1.);
#13136 = DIRECTION('',(1.,0.,-0.));
#13137 = PCURVE('',#11942,#13138);
#13138 = DEFINITIONAL_REPRESENTATION('',(#13139),#13143);
#13139 = LINE('',#13140,#13141);
#13140 = CARTESIAN_POINT('',(1.570796326795,0.));
#13141 = VECTOR('',#13142,1.);
#13142 = DIRECTION('',(0.,1.));
#13143 = ( GEOMETRIC_REPRESENTATION_CONTEXT(2) 
PARAMETRIC_REPRESENTATION_CONTEXT() REPRESENTATION_CONTEXT('2D SPACE',''
  ) );
#13144 = PCURVE('',#12924,#13145);
#13145 = DEFINITIONAL_REPRESENTATION('',(#13146),#13150);
#13146 = LINE('',#13147,#13148);
#13147 = CARTESIAN_POINT('',(1.741,-1.701));
#13148 = VECTOR('',#13149,1.);
#13149 = DIRECTION('',(1.,0.));
#13150 = ( GEOMETRIC_REPRESENTATION_CONTEXT(2) 
PARAMETRIC_REPRESENTATION_CONTEXT() REPRESENTATION_CONTEXT('2D SPACE',''
  ) );
#13151 = ORIENTED_EDGE('',*,*,#13152,.T.);
#13152 = EDGE_CURVE('',#13130,#11906,#13153,.T.);
#13153 = SURFACE_CURVE('',#13154,(#13159,#13165),.PCURVE_S1.);
#13154 = CIRCLE('',#13155,4.E-02);
#13155 = AXIS2_PLACEMENT_3D('',#13156,#13157,#13158);
#13156 = CARTESIAN_POINT('',(3.685,-4.476,14.));
#13157 = DIRECTION('',(-1.,0.,0.));
#13158 = DIRECTION('',(0.,-1.,0.));
#13159 = PCURVE('',#11942,#13160);
#13160 = DEFINITIONAL_REPRESENTATION('',(#13161),#13164);
#13161 = B_SPLINE_CURVE_WITH_KNOTS('',1,(#13162,#13163),.UNSPECIFIED.,
  .F.,.F.,(2,2),(4.712388980385,6.28318530718),
  .PIECEWISE_BEZIER_KNOTS.);
#13162 = CARTESIAN_POINT('',(1.570796326795,0.51));
#13163 = CARTESIAN_POINT('',(0.,0.51));
#13164 = ( GEOMETRIC_REPRESENTATION_CONTEXT(2) 
PARAMETRIC_REPRESENTATION_CONTEXT() REPRESENTATION_CONTEXT('2D SPACE',''
  ) );
#13165 = PCURVE('',#12029,#13166);
#13166 = DEFINITIONAL_REPRESENTATION('',(#13167),#13170);
#13167 = B_SPLINE_CURVE_WITH_KNOTS('',1,(#13168,#13169),.UNSPECIFIED.,
  .F.,.F.,(2,2),(4.712388980385,6.28318530718),
  .PIECEWISE_BEZIER_KNOTS.);
#13168 = CARTESIAN_POINT('',(0.,-1.570796326795));
#13169 = CARTESIAN_POINT('',(0.,0.));
#13170 = ( GEOMETRIC_REPRESENTATION_CONTEXT(2) 
PARAMETRIC_REPRESENTATION_CONTEXT() REPRESENTATION_CONTEXT('2D SPACE',''
  ) );
#13171 = ORIENTED_EDGE('',*,*,#11928,.F.);
#13172 = ADVANCED_FACE('',(#13173),#11974,.F.);
#13173 = FACE_BOUND('',#13174,.T.);
#13174 = EDGE_LOOP('',(#13175,#13176,#13177));
#13175 = ORIENTED_EDGE('',*,*,#11958,.F.);
#13176 = ORIENTED_EDGE('',*,*,#13104,.T.);
#13177 = ORIENTED_EDGE('',*,*,#13178,.F.);
#13178 = EDGE_CURVE('',#11959,#13082,#13179,.T.);
#13179 = SURFACE_CURVE('',#13180,(#13185,#13192),.PCURVE_S1.);
#13180 = CIRCLE('',#13181,4.E-02);
#13181 = AXIS2_PLACEMENT_3D('',#13182,#13183,#13184);
#13182 = CARTESIAN_POINT('',(1.474,-2.265,14.));
#13183 = DIRECTION('',(-1.,0.,0.));
#13184 = DIRECTION('',(0.,1.,0.));
#13185 = PCURVE('',#11974,#13186);
#13186 = DEFINITIONAL_REPRESENTATION('',(#13187),#13191);
#13187 = LINE('',#13188,#13189);
#13188 = CARTESIAN_POINT('',(-0.,0.));
#13189 = VECTOR('',#13190,1.);
#13190 = DIRECTION('',(-1.,0.));
#13191 = ( GEOMETRIC_REPRESENTATION_CONTEXT(2) 
PARAMETRIC_REPRESENTATION_CONTEXT() REPRESENTATION_CONTEXT('2D SPACE',''
  ) );
#13192 = PCURVE('',#12134,#13193);
#13193 = DEFINITIONAL_REPRESENTATION('',(#13194),#13198);
#13194 = LINE('',#13195,#13196);
#13195 = CARTESIAN_POINT('',(-0.,4.E-02));
#13196 = VECTOR('',#13197,1.);
#13197 = DIRECTION('',(-1.,0.));
#13198 = ( GEOMETRIC_REPRESENTATION_CONTEXT(2) 
PARAMETRIC_REPRESENTATION_CONTEXT() REPRESENTATION_CONTEXT('2D SPACE',''
  ) );
#13199 = ADVANCED_FACE('',(#13200),#12029,.F.);
#13200 = FACE_BOUND('',#13201,.F.);
#13201 = EDGE_LOOP('',(#13202,#13203,#13223));
#13202 = ORIENTED_EDGE('',*,*,#13152,.F.);
#13203 = ORIENTED_EDGE('',*,*,#13204,.T.);
#13204 = EDGE_CURVE('',#13130,#12013,#13205,.T.);
#13205 = SURFACE_CURVE('',#13206,(#13211,#13217),.PCURVE_S1.);
#13206 = CIRCLE('',#13207,4.E-02);
#13207 = AXIS2_PLACEMENT_3D('',#13208,#13209,#13210);
#13208 = CARTESIAN_POINT('',(3.685,-4.476,14.));
#13209 = DIRECTION('',(-6.123233995737E-17,-1.,0.));
#13210 = DIRECTION('',(1.,-6.123233995737E-17,0.));
#13211 = PCURVE('',#12029,#13212);
#13212 = DEFINITIONAL_REPRESENTATION('',(#13213),#13216);
#13213 = B_SPLINE_CURVE_WITH_KNOTS('',1,(#13214,#13215),.UNSPECIFIED.,
  .F.,.F.,(2,2),(4.712388980385,6.28318530718),
  .PIECEWISE_BEZIER_KNOTS.);
#13214 = CARTESIAN_POINT('',(1.570796326795,-1.570796326795));
#13215 = CARTESIAN_POINT('',(1.570796326795,0.));
#13216 = ( GEOMETRIC_REPRESENTATION_CONTEXT(2) 
PARAMETRIC_REPRESENTATION_CONTEXT() REPRESENTATION_CONTEXT('2D SPACE',''
  ) );
#13217 = PCURVE('',#12168,#13218);
#13218 = DEFINITIONAL_REPRESENTATION('',(#13219),#13222);
#13219 = B_SPLINE_CURVE_WITH_KNOTS('',1,(#13220,#13221),.UNSPECIFIED.,
  .F.,.F.,(2,2),(4.712388980385,6.28318530718),
  .PIECEWISE_BEZIER_KNOTS.);
#13220 = CARTESIAN_POINT('',(1.570796326795,4.E-02));
#13221 = CARTESIAN_POINT('',(0.,4.E-02));
#13222 = ( GEOMETRIC_REPRESENTATION_CONTEXT(2) 
PARAMETRIC_REPRESENTATION_CONTEXT() REPRESENTATION_CONTEXT('2D SPACE',''
  ) );
#13223 = ORIENTED_EDGE('',*,*,#12012,.F.);
#13224 = ADVANCED_FACE('',(#13225),#12081,.T.);
#13225 = FACE_BOUND('',#13226,.T.);
#13226 = EDGE_LOOP('',(#13227,#13228,#13229,#13256));
#13227 = ORIENTED_EDGE('',*,*,#12067,.F.);
#13228 = ORIENTED_EDGE('',*,*,#12097,.T.);
#13229 = ORIENTED_EDGE('',*,*,#13230,.T.);
#13230 = EDGE_CURVE('',#12098,#12236,#13231,.T.);
#13231 = SURFACE_CURVE('',#13232,(#13237,#13244),.PCURVE_S1.);
#13232 = CIRCLE('',#13233,4.E-02);
#13233 = AXIS2_PLACEMENT_3D('',#13234,#13235,#13236);
#13234 = CARTESIAN_POINT('',(3.135,-2.185,14.));
#13235 = DIRECTION('',(0.,0.,1.));
#13236 = DIRECTION('',(0.,-1.,0.));
#13237 = PCURVE('',#12081,#13238);
#13238 = DEFINITIONAL_REPRESENTATION('',(#13239),#13243);
#13239 = LINE('',#13240,#13241);
#13240 = CARTESIAN_POINT('',(1.570796326795,0.4));
#13241 = VECTOR('',#13242,1.);
#13242 = DIRECTION('',(-1.,-0.));
#13243 = ( GEOMETRIC_REPRESENTATION_CONTEXT(2) 
PARAMETRIC_REPRESENTATION_CONTEXT() REPRESENTATION_CONTEXT('2D SPACE',''
  ) );
#13244 = PCURVE('',#13245,#13250);
#13245 = TOROIDAL_SURFACE('',#13246,8.E-02,4.E-02);
#13246 = AXIS2_PLACEMENT_3D('',#13247,#13248,#13249);
#13247 = CARTESIAN_POINT('',(3.135,-2.185,14.));
#13248 = DIRECTION('',(-0.,-0.,-1.));
#13249 = DIRECTION('',(0.,-1.,0.));
#13250 = DEFINITIONAL_REPRESENTATION('',(#13251),#13255);
#13251 = LINE('',#13252,#13253);
#13252 = CARTESIAN_POINT('',(-0.,3.14159265359));
#13253 = VECTOR('',#13254,1.);
#13254 = DIRECTION('',(-1.,0.));
#13255 = ( GEOMETRIC_REPRESENTATION_CONTEXT(2) 
PARAMETRIC_REPRESENTATION_CONTEXT() REPRESENTATION_CONTEXT('2D SPACE',''
  ) );
#13256 = ORIENTED_EDGE('',*,*,#12235,.F.);
#13257 = ADVANCED_FACE('',(#13258),#12134,.F.);
#13258 = FACE_BOUND('',#13259,.T.);
#13259 = EDGE_LOOP('',(#13260,#13261,#13262,#13285));
#13260 = ORIENTED_EDGE('',*,*,#12120,.F.);
#13261 = ORIENTED_EDGE('',*,*,#13178,.T.);
#13262 = ORIENTED_EDGE('',*,*,#13263,.T.);
#13263 = EDGE_CURVE('',#13082,#13264,#13266,.T.);
#13264 = VERTEX_POINT('',#13265);
#13265 = CARTESIAN_POINT('',(3.135,-2.265,13.96));
#13266 = SURFACE_CURVE('',#13267,(#13271,#13278),.PCURVE_S1.);
#13267 = LINE('',#13268,#13269);
#13268 = CARTESIAN_POINT('',(1.434,-2.265,13.96));
#13269 = VECTOR('',#13270,1.);
#13270 = DIRECTION('',(1.,0.,-0.));
#13271 = PCURVE('',#12134,#13272);
#13272 = DEFINITIONAL_REPRESENTATION('',(#13273),#13277);
#13273 = LINE('',#13274,#13275);
#13274 = CARTESIAN_POINT('',(-1.570796326795,0.));
#13275 = VECTOR('',#13276,1.);
#13276 = DIRECTION('',(-0.,1.));
#13277 = ( GEOMETRIC_REPRESENTATION_CONTEXT(2) 
PARAMETRIC_REPRESENTATION_CONTEXT() REPRESENTATION_CONTEXT('2D SPACE',''
  ) );
#13278 = PCURVE('',#12924,#13279);
#13279 = DEFINITIONAL_REPRESENTATION('',(#13280),#13284);
#13280 = LINE('',#13281,#13282);
#13281 = CARTESIAN_POINT('',(0.,0.51));
#13282 = VECTOR('',#13283,1.);
#13283 = DIRECTION('',(1.,0.));
#13284 = ( GEOMETRIC_REPRESENTATION_CONTEXT(2) 
PARAMETRIC_REPRESENTATION_CONTEXT() REPRESENTATION_CONTEXT('2D SPACE',''
  ) );
#13285 = ORIENTED_EDGE('',*,*,#13286,.T.);
#13286 = EDGE_CURVE('',#13264,#12098,#13287,.T.);
#13287 = SURFACE_CURVE('',#13288,(#13293,#13299),.PCURVE_S1.);
#13288 = CIRCLE('',#13289,4.E-02);
#13289 = AXIS2_PLACEMENT_3D('',#13290,#13291,#13292);
#13290 = CARTESIAN_POINT('',(3.135,-2.265,14.));
#13291 = DIRECTION('',(1.,0.,0.));
#13292 = DIRECTION('',(0.,-1.,0.));
#13293 = PCURVE('',#12134,#13294);
#13294 = DEFINITIONAL_REPRESENTATION('',(#13295),#13298);
#13295 = B_SPLINE_CURVE_WITH_KNOTS('',1,(#13296,#13297),.UNSPECIFIED.,
  .F.,.F.,(2,2),(1.570796326795,3.14159265359),
  .PIECEWISE_BEZIER_KNOTS.);
#13296 = CARTESIAN_POINT('',(-1.570796326795,1.701));
#13297 = CARTESIAN_POINT('',(0.,1.701));
#13298 = ( GEOMETRIC_REPRESENTATION_CONTEXT(2) 
PARAMETRIC_REPRESENTATION_CONTEXT() REPRESENTATION_CONTEXT('2D SPACE',''
  ) );
#13299 = PCURVE('',#13245,#13300);
#13300 = DEFINITIONAL_REPRESENTATION('',(#13301),#13304);
#13301 = B_SPLINE_CURVE_WITH_KNOTS('',1,(#13302,#13303),.UNSPECIFIED.,
  .F.,.F.,(2,2),(1.570796326795,3.14159265359),
  .PIECEWISE_BEZIER_KNOTS.);
#13302 = CARTESIAN_POINT('',(0.,1.570796326795));
#13303 = CARTESIAN_POINT('',(0.,3.14159265359));
#13304 = ( GEOMETRIC_REPRESENTATION_CONTEXT(2) 
PARAMETRIC_REPRESENTATION_CONTEXT() REPRESENTATION_CONTEXT('2D SPACE',''
  ) );
#13305 = ADVANCED_FACE('',(#13306),#12194,.T.);
#13306 = FACE_BOUND('',#13307,.T.);
#13307 = EDGE_LOOP('',(#13308,#13309,#13310,#13337));
#13308 = ORIENTED_EDGE('',*,*,#12210,.F.);
#13309 = ORIENTED_EDGE('',*,*,#12362,.T.);
#13310 = ORIENTED_EDGE('',*,*,#13311,.F.);
#13311 = EDGE_CURVE('',#12153,#12335,#13312,.T.);
#13312 = SURFACE_CURVE('',#13313,(#13318,#13325),.PCURVE_S1.);
#13313 = CIRCLE('',#13314,4.E-02);
#13314 = AXIS2_PLACEMENT_3D('',#13315,#13316,#13317);
#13315 = CARTESIAN_POINT('',(3.765,-2.815,14.));
#13316 = DIRECTION('',(-0.,0.,-1.));
#13317 = DIRECTION('',(-1.,0.,0.));
#13318 = PCURVE('',#12194,#13319);
#13319 = DEFINITIONAL_REPRESENTATION('',(#13320),#13324);
#13320 = LINE('',#13321,#13322);
#13321 = CARTESIAN_POINT('',(0.,0.4));
#13322 = VECTOR('',#13323,1.);
#13323 = DIRECTION('',(1.,0.));
#13324 = ( GEOMETRIC_REPRESENTATION_CONTEXT(2) 
PARAMETRIC_REPRESENTATION_CONTEXT() REPRESENTATION_CONTEXT('2D SPACE',''
  ) );
#13325 = PCURVE('',#13326,#13331);
#13326 = TOROIDAL_SURFACE('',#13327,8.E-02,4.E-02);
#13327 = AXIS2_PLACEMENT_3D('',#13328,#13329,#13330);
#13328 = CARTESIAN_POINT('',(3.765,-2.815,14.));
#13329 = DIRECTION('',(-0.,-0.,-1.));
#13330 = DIRECTION('',(-1.,0.,0.));
#13331 = DEFINITIONAL_REPRESENTATION('',(#13332),#13336);
#13332 = LINE('',#13333,#13334);
#13333 = CARTESIAN_POINT('',(0.,3.14159265359));
#13334 = VECTOR('',#13335,1.);
#13335 = DIRECTION('',(1.,0.));
#13336 = ( GEOMETRIC_REPRESENTATION_CONTEXT(2) 
PARAMETRIC_REPRESENTATION_CONTEXT() REPRESENTATION_CONTEXT('2D SPACE',''
  ) );
#13337 = ORIENTED_EDGE('',*,*,#12180,.F.);
#13338 = ADVANCED_FACE('',(#13339),#12168,.F.);
#13339 = FACE_BOUND('',#13340,.F.);
#13340 = EDGE_LOOP('',(#13341,#13342,#13365,#13385));
#13341 = ORIENTED_EDGE('',*,*,#13204,.F.);
#13342 = ORIENTED_EDGE('',*,*,#13343,.T.);
#13343 = EDGE_CURVE('',#13130,#13344,#13346,.T.);
#13344 = VERTEX_POINT('',#13345);
#13345 = CARTESIAN_POINT('',(3.685,-2.815,13.96));
#13346 = SURFACE_CURVE('',#13347,(#13351,#13358),.PCURVE_S1.);
#13347 = LINE('',#13348,#13349);
#13348 = CARTESIAN_POINT('',(3.685,-4.516,13.96));
#13349 = VECTOR('',#13350,1.);
#13350 = DIRECTION('',(-0.,1.,0.));
#13351 = PCURVE('',#12168,#13352);
#13352 = DEFINITIONAL_REPRESENTATION('',(#13353),#13357);
#13353 = LINE('',#13354,#13355);
#13354 = CARTESIAN_POINT('',(1.570796326795,0.));
#13355 = VECTOR('',#13356,1.);
#13356 = DIRECTION('',(0.,1.));
#13357 = ( GEOMETRIC_REPRESENTATION_CONTEXT(2) 
PARAMETRIC_REPRESENTATION_CONTEXT() REPRESENTATION_CONTEXT('2D SPACE',''
  ) );
#13358 = PCURVE('',#12924,#13359);
#13359 = DEFINITIONAL_REPRESENTATION('',(#13360),#13364);
#13360 = LINE('',#13361,#13362);
#13361 = CARTESIAN_POINT('',(2.251,-1.741));
#13362 = VECTOR('',#13363,1.);
#13363 = DIRECTION('',(0.,1.));
#13364 = ( GEOMETRIC_REPRESENTATION_CONTEXT(2) 
PARAMETRIC_REPRESENTATION_CONTEXT() REPRESENTATION_CONTEXT('2D SPACE',''
  ) );
#13365 = ORIENTED_EDGE('',*,*,#13366,.T.);
#13366 = EDGE_CURVE('',#13344,#12153,#13367,.T.);
#13367 = SURFACE_CURVE('',#13368,(#13373,#13379),.PCURVE_S1.);
#13368 = CIRCLE('',#13369,4.E-02);
#13369 = AXIS2_PLACEMENT_3D('',#13370,#13371,#13372);
#13370 = CARTESIAN_POINT('',(3.685,-2.815,14.));
#13371 = DIRECTION('',(0.,-1.,0.));
#13372 = DIRECTION('',(-1.,0.,0.));
#13373 = PCURVE('',#12168,#13374);
#13374 = DEFINITIONAL_REPRESENTATION('',(#13375),#13378);
#13375 = B_SPLINE_CURVE_WITH_KNOTS('',1,(#13376,#13377),.UNSPECIFIED.,
  .F.,.F.,(2,2),(1.570796326795,3.14159265359),
  .PIECEWISE_BEZIER_KNOTS.);
#13376 = CARTESIAN_POINT('',(1.570796326795,1.701));
#13377 = CARTESIAN_POINT('',(0.,1.701));
#13378 = ( GEOMETRIC_REPRESENTATION_CONTEXT(2) 
PARAMETRIC_REPRESENTATION_CONTEXT() REPRESENTATION_CONTEXT('2D SPACE',''
  ) );
#13379 = PCURVE('',#13326,#13380);
#13380 = DEFINITIONAL_REPRESENTATION('',(#13381),#13384);
#13381 = B_SPLINE_CURVE_WITH_KNOTS('',1,(#13382,#13383),.UNSPECIFIED.,
  .F.,.F.,(2,2),(1.570796326795,3.14159265359),
  .PIECEWISE_BEZIER_KNOTS.);
#13382 = CARTESIAN_POINT('',(0.,1.570796326795));
#13383 = CARTESIAN_POINT('',(0.,3.14159265359));
#13384 = ( GEOMETRIC_REPRESENTATION_CONTEXT(2) 
PARAMETRIC_REPRESENTATION_CONTEXT() REPRESENTATION_CONTEXT('2D SPACE',''
  ) );
#13385 = ORIENTED_EDGE('',*,*,#12152,.F.);
#13386 = ADVANCED_FACE('',(#13387),#12274,.F.);
#13387 = FACE_BOUND('',#13388,.T.);
#13388 = EDGE_LOOP('',(#13389,#13411,#13434,#13454));
#13389 = ORIENTED_EDGE('',*,*,#13390,.F.);
#13390 = EDGE_CURVE('',#13391,#12236,#13393,.T.);
#13391 = VERTEX_POINT('',#13392);
#13392 = CARTESIAN_POINT('',(3.215,-2.185,13.96));
#13393 = SURFACE_CURVE('',#13394,(#13399,#13405),.PCURVE_S1.);
#13394 = CIRCLE('',#13395,4.E-02);
#13395 = AXIS2_PLACEMENT_3D('',#13396,#13397,#13398);
#13396 = CARTESIAN_POINT('',(3.215,-2.185,14.));
#13397 = DIRECTION('',(6.123233995737E-17,1.,0.));
#13398 = DIRECTION('',(1.,-6.123233995737E-17,0.));
#13399 = PCURVE('',#12274,#13400);
#13400 = DEFINITIONAL_REPRESENTATION('',(#13401),#13404);
#13401 = B_SPLINE_CURVE_WITH_KNOTS('',1,(#13402,#13403),.UNSPECIFIED.,
  .F.,.F.,(2,2),(1.570796326795,3.14159265359),
  .PIECEWISE_BEZIER_KNOTS.);
#13402 = CARTESIAN_POINT('',(-1.570796326795,4.E-02));
#13403 = CARTESIAN_POINT('',(0.,4.E-02));
#13404 = ( GEOMETRIC_REPRESENTATION_CONTEXT(2) 
PARAMETRIC_REPRESENTATION_CONTEXT() REPRESENTATION_CONTEXT('2D SPACE',''
  ) );
#13405 = PCURVE('',#13245,#13406);
#13406 = DEFINITIONAL_REPRESENTATION('',(#13407),#13410);
#13407 = B_SPLINE_CURVE_WITH_KNOTS('',1,(#13408,#13409),.UNSPECIFIED.,
  .F.,.F.,(2,2),(1.570796326795,3.14159265359),
  .PIECEWISE_BEZIER_KNOTS.);
#13408 = CARTESIAN_POINT('',(-1.570796326795,1.570796326795));
#13409 = CARTESIAN_POINT('',(-1.570796326795,3.14159265359));
#13410 = ( GEOMETRIC_REPRESENTATION_CONTEXT(2) 
PARAMETRIC_REPRESENTATION_CONTEXT() REPRESENTATION_CONTEXT('2D SPACE',''
  ) );
#13411 = ORIENTED_EDGE('',*,*,#13412,.T.);
#13412 = EDGE_CURVE('',#13391,#13413,#13415,.T.);
#13413 = VERTEX_POINT('',#13414);
#13414 = CARTESIAN_POINT('',(3.215,-0.524,13.96));
#13415 = SURFACE_CURVE('',#13416,(#13420,#13427),.PCURVE_S1.);
#13416 = LINE('',#13417,#13418);
#13417 = CARTESIAN_POINT('',(3.215,-2.225,13.96));
#13418 = VECTOR('',#13419,1.);
#13419 = DIRECTION('',(-0.,1.,0.));
#13420 = PCURVE('',#12274,#13421);
#13421 = DEFINITIONAL_REPRESENTATION('',(#13422),#13426);
#13422 = LINE('',#13423,#13424);
#13423 = CARTESIAN_POINT('',(-1.570796326795,0.));
#13424 = VECTOR('',#13425,1.);
#13425 = DIRECTION('',(-0.,1.));
#13426 = ( GEOMETRIC_REPRESENTATION_CONTEXT(2) 
PARAMETRIC_REPRESENTATION_CONTEXT() REPRESENTATION_CONTEXT('2D SPACE',''
  ) );
#13427 = PCURVE('',#12924,#13428);
#13428 = DEFINITIONAL_REPRESENTATION('',(#13429),#13433);
#13429 = LINE('',#13430,#13431);
#13430 = CARTESIAN_POINT('',(1.781,0.55));
#13431 = VECTOR('',#13432,1.);
#13432 = DIRECTION('',(0.,1.));
#13433 = ( GEOMETRIC_REPRESENTATION_CONTEXT(2) 
PARAMETRIC_REPRESENTATION_CONTEXT() REPRESENTATION_CONTEXT('2D SPACE',''
  ) );
#13434 = ORIENTED_EDGE('',*,*,#13435,.T.);
#13435 = EDGE_CURVE('',#13413,#12259,#13436,.T.);
#13436 = SURFACE_CURVE('',#13437,(#13442,#13448),.PCURVE_S1.);
#13437 = CIRCLE('',#13438,4.E-02);
#13438 = AXIS2_PLACEMENT_3D('',#13439,#13440,#13441);
#13439 = CARTESIAN_POINT('',(3.215,-0.524,14.));
#13440 = DIRECTION('',(6.123233995737E-17,1.,-0.));
#13441 = DIRECTION('',(-1.,6.123233995737E-17,0.));
#13442 = PCURVE('',#12274,#13443);
#13443 = DEFINITIONAL_REPRESENTATION('',(#13444),#13447);
#13444 = B_SPLINE_CURVE_WITH_KNOTS('',1,(#13445,#13446),.UNSPECIFIED.,
  .F.,.F.,(2,2),(4.712388980385,6.28318530718),
  .PIECEWISE_BEZIER_KNOTS.);
#13445 = CARTESIAN_POINT('',(-1.570796326795,1.701));
#13446 = CARTESIAN_POINT('',(0.,1.701));
#13447 = ( GEOMETRIC_REPRESENTATION_CONTEXT(2) 
PARAMETRIC_REPRESENTATION_CONTEXT() REPRESENTATION_CONTEXT('2D SPACE',''
  ) );
#13448 = PCURVE('',#12424,#13449);
#13449 = DEFINITIONAL_REPRESENTATION('',(#13450),#13453);
#13450 = B_SPLINE_CURVE_WITH_KNOTS('',1,(#13451,#13452),.UNSPECIFIED.,
  .F.,.F.,(2,2),(4.712388980385,6.28318530718),
  .PIECEWISE_BEZIER_KNOTS.);
#13451 = CARTESIAN_POINT('',(1.570796326795,-1.570796326795));
#13452 = CARTESIAN_POINT('',(1.570796326795,0.));
#13453 = ( GEOMETRIC_REPRESENTATION_CONTEXT(2) 
PARAMETRIC_REPRESENTATION_CONTEXT() REPRESENTATION_CONTEXT('2D SPACE',''
  ) );
#13454 = ORIENTED_EDGE('',*,*,#12258,.F.);
#13455 = ADVANCED_FACE('',(#13456),#12350,.F.);
#13456 = FACE_BOUND('',#13457,.F.);
#13457 = EDGE_LOOP('',(#13458,#13480,#13503,#13525));
#13458 = ORIENTED_EDGE('',*,*,#13459,.F.);
#13459 = EDGE_CURVE('',#13460,#12335,#13462,.T.);
#13460 = VERTEX_POINT('',#13461);
#13461 = CARTESIAN_POINT('',(3.765,-2.735,13.96));
#13462 = SURFACE_CURVE('',#13463,(#13468,#13474),.PCURVE_S1.);
#13463 = CIRCLE('',#13464,4.E-02);
#13464 = AXIS2_PLACEMENT_3D('',#13465,#13466,#13467);
#13465 = CARTESIAN_POINT('',(3.765,-2.735,14.));
#13466 = DIRECTION('',(-1.,-6.123233995737E-17,0.));
#13467 = DIRECTION('',(-6.123233995737E-17,1.,0.));
#13468 = PCURVE('',#12350,#13469);
#13469 = DEFINITIONAL_REPRESENTATION('',(#13470),#13473);
#13470 = B_SPLINE_CURVE_WITH_KNOTS('',1,(#13471,#13472),.UNSPECIFIED.,
  .F.,.F.,(2,2),(1.570796326795,3.14159265359),
  .PIECEWISE_BEZIER_KNOTS.);
#13471 = CARTESIAN_POINT('',(1.570796326795,4.E-02));
#13472 = CARTESIAN_POINT('',(0.,4.E-02));
#13473 = ( GEOMETRIC_REPRESENTATION_CONTEXT(2) 
PARAMETRIC_REPRESENTATION_CONTEXT() REPRESENTATION_CONTEXT('2D SPACE',''
  ) );
#13474 = PCURVE('',#13326,#13475);
#13475 = DEFINITIONAL_REPRESENTATION('',(#13476),#13479);
#13476 = B_SPLINE_CURVE_WITH_KNOTS('',1,(#13477,#13478),.UNSPECIFIED.,
  .F.,.F.,(2,2),(1.570796326795,3.14159265359),
  .PIECEWISE_BEZIER_KNOTS.);
#13477 = CARTESIAN_POINT('',(1.570796326795,1.570796326795));
#13478 = CARTESIAN_POINT('',(1.570796326795,3.14159265359));
#13479 = ( GEOMETRIC_REPRESENTATION_CONTEXT(2) 
PARAMETRIC_REPRESENTATION_CONTEXT() REPRESENTATION_CONTEXT('2D SPACE',''
  ) );
#13480 = ORIENTED_EDGE('',*,*,#13481,.T.);
#13481 = EDGE_CURVE('',#13460,#13482,#13484,.T.);
#13482 = VERTEX_POINT('',#13483);
#13483 = CARTESIAN_POINT('',(5.426,-2.735,13.96));
#13484 = SURFACE_CURVE('',#13485,(#13489,#13496),.PCURVE_S1.);
#13485 = LINE('',#13486,#13487);
#13486 = CARTESIAN_POINT('',(3.725,-2.735,13.96));
#13487 = VECTOR('',#13488,1.);
#13488 = DIRECTION('',(1.,0.,-0.));
#13489 = PCURVE('',#12350,#13490);
#13490 = DEFINITIONAL_REPRESENTATION('',(#13491),#13495);
#13491 = LINE('',#13492,#13493);
#13492 = CARTESIAN_POINT('',(1.570796326795,0.));
#13493 = VECTOR('',#13494,1.);
#13494 = DIRECTION('',(0.,1.));
#13495 = ( GEOMETRIC_REPRESENTATION_CONTEXT(2) 
PARAMETRIC_REPRESENTATION_CONTEXT() REPRESENTATION_CONTEXT('2D SPACE',''
  ) );
#13496 = PCURVE('',#12924,#13497);
#13497 = DEFINITIONAL_REPRESENTATION('',(#13498),#13502);
#13498 = LINE('',#13499,#13500);
#13499 = CARTESIAN_POINT('',(2.291,4.E-02));
#13500 = VECTOR('',#13501,1.);
#13501 = DIRECTION('',(1.,0.));
#13502 = ( GEOMETRIC_REPRESENTATION_CONTEXT(2) 
PARAMETRIC_REPRESENTATION_CONTEXT() REPRESENTATION_CONTEXT('2D SPACE',''
  ) );
#13503 = ORIENTED_EDGE('',*,*,#13504,.F.);
#13504 = EDGE_CURVE('',#12312,#13482,#13505,.T.);
#13505 = SURFACE_CURVE('',#13506,(#13511,#13518),.PCURVE_S1.);
#13506 = CIRCLE('',#13507,4.E-02);
#13507 = AXIS2_PLACEMENT_3D('',#13508,#13509,#13510);
#13508 = CARTESIAN_POINT('',(5.426,-2.735,14.));
#13509 = DIRECTION('',(1.,0.,0.));
#13510 = DIRECTION('',(0.,-1.,0.));
#13511 = PCURVE('',#12350,#13512);
#13512 = DEFINITIONAL_REPRESENTATION('',(#13513),#13517);
#13513 = LINE('',#13514,#13515);
#13514 = CARTESIAN_POINT('',(0.,1.701));
#13515 = VECTOR('',#13516,1.);
#13516 = DIRECTION('',(1.,0.));
#13517 = ( GEOMETRIC_REPRESENTATION_CONTEXT(2) 
PARAMETRIC_REPRESENTATION_CONTEXT() REPRESENTATION_CONTEXT('2D SPACE',''
  ) );
#13518 = PCURVE('',#12457,#13519);
#13519 = DEFINITIONAL_REPRESENTATION('',(#13520),#13524);
#13520 = LINE('',#13521,#13522);
#13521 = CARTESIAN_POINT('',(-0.,0.));
#13522 = VECTOR('',#13523,1.);
#13523 = DIRECTION('',(-1.,0.));
#13524 = ( GEOMETRIC_REPRESENTATION_CONTEXT(2) 
PARAMETRIC_REPRESENTATION_CONTEXT() REPRESENTATION_CONTEXT('2D SPACE',''
  ) );
#13525 = ORIENTED_EDGE('',*,*,#12334,.F.);
#13526 = ADVANCED_FACE('',(#13527),#12424,.F.);
#13527 = FACE_BOUND('',#13528,.F.);
#13528 = EDGE_LOOP('',(#13529,#13549,#13550));
#13529 = ORIENTED_EDGE('',*,*,#13530,.F.);
#13530 = EDGE_CURVE('',#13413,#12387,#13531,.T.);
#13531 = SURFACE_CURVE('',#13532,(#13537,#13543),.PCURVE_S1.);
#13532 = CIRCLE('',#13533,4.E-02);
#13533 = AXIS2_PLACEMENT_3D('',#13534,#13535,#13536);
#13534 = CARTESIAN_POINT('',(3.215,-0.524,14.));
#13535 = DIRECTION('',(1.,0.,0.));
#13536 = DIRECTION('',(-0.,1.,0.));
#13537 = PCURVE('',#12424,#13538);
#13538 = DEFINITIONAL_REPRESENTATION('',(#13539),#13542);
#13539 = B_SPLINE_CURVE_WITH_KNOTS('',1,(#13540,#13541),.UNSPECIFIED.,
  .F.,.F.,(2,2),(4.712388980385,6.28318530718),
  .PIECEWISE_BEZIER_KNOTS.);
#13540 = CARTESIAN_POINT('',(0.,-1.570796326795));
#13541 = CARTESIAN_POINT('',(0.,0.));
#13542 = ( GEOMETRIC_REPRESENTATION_CONTEXT(2) 
PARAMETRIC_REPRESENTATION_CONTEXT() REPRESENTATION_CONTEXT('2D SPACE',''
  ) );
#13543 = PCURVE('',#12532,#13544);
#13544 = DEFINITIONAL_REPRESENTATION('',(#13545),#13548);
#13545 = B_SPLINE_CURVE_WITH_KNOTS('',1,(#13546,#13547),.UNSPECIFIED.,
  .F.,.F.,(2,2),(4.712388980385,6.28318530718),
  .PIECEWISE_BEZIER_KNOTS.);
#13546 = CARTESIAN_POINT('',(-1.570796326795,4.E-02));
#13547 = CARTESIAN_POINT('',(0.,4.E-02));
#13548 = ( GEOMETRIC_REPRESENTATION_CONTEXT(2) 
PARAMETRIC_REPRESENTATION_CONTEXT() REPRESENTATION_CONTEXT('2D SPACE',''
  ) );
#13549 = ORIENTED_EDGE('',*,*,#13435,.T.);
#13550 = ORIENTED_EDGE('',*,*,#12409,.F.);
#13551 = ADVANCED_FACE('',(#13552),#12457,.F.);
#13552 = FACE_BOUND('',#13553,.T.);
#13553 = EDGE_LOOP('',(#13554,#13555,#13575));
#13554 = ORIENTED_EDGE('',*,*,#12441,.F.);
#13555 = ORIENTED_EDGE('',*,*,#13556,.T.);
#13556 = EDGE_CURVE('',#12442,#13482,#13557,.T.);
#13557 = SURFACE_CURVE('',#13558,(#13563,#13569),.PCURVE_S1.);
#13558 = CIRCLE('',#13559,4.E-02);
#13559 = AXIS2_PLACEMENT_3D('',#13560,#13561,#13562);
#13560 = CARTESIAN_POINT('',(5.426,-2.735,14.));
#13561 = DIRECTION('',(-0.,1.,-6.123233995737E-17));
#13562 = DIRECTION('',(0.,-6.123233995737E-17,-1.));
#13563 = PCURVE('',#12457,#13564);
#13564 = DEFINITIONAL_REPRESENTATION('',(#13565),#13568);
#13565 = B_SPLINE_CURVE_WITH_KNOTS('',1,(#13566,#13567),.UNSPECIFIED.,
  .F.,.F.,(2,2),(4.712388980385,6.28318530718),
  .PIECEWISE_BEZIER_KNOTS.);
#13566 = CARTESIAN_POINT('',(-1.570796326795,-1.570796326795));
#13567 = CARTESIAN_POINT('',(-1.570796326795,0.));
#13568 = ( GEOMETRIC_REPRESENTATION_CONTEXT(2) 
PARAMETRIC_REPRESENTATION_CONTEXT() REPRESENTATION_CONTEXT('2D SPACE',''
  ) );
#13569 = PCURVE('',#12566,#13570);
#13570 = DEFINITIONAL_REPRESENTATION('',(#13571),#13574);
#13571 = B_SPLINE_CURVE_WITH_KNOTS('',1,(#13572,#13573),.UNSPECIFIED.,
  .F.,.F.,(2,2),(4.712388980385,6.28318530718),
  .PIECEWISE_BEZIER_KNOTS.);
#13572 = CARTESIAN_POINT('',(0.,4.E-02));
#13573 = CARTESIAN_POINT('',(1.570796326795,4.E-02));
#13574 = ( GEOMETRIC_REPRESENTATION_CONTEXT(2) 
PARAMETRIC_REPRESENTATION_CONTEXT() REPRESENTATION_CONTEXT('2D SPACE',''
  ) );
#13575 = ORIENTED_EDGE('',*,*,#13504,.F.);
#13576 = ADVANCED_FACE('',(#13577),#12532,.F.);
#13577 = FACE_BOUND('',#13578,.T.);
#13578 = EDGE_LOOP('',(#13579,#13580,#13603,#13623));
#13579 = ORIENTED_EDGE('',*,*,#13530,.F.);
#13580 = ORIENTED_EDGE('',*,*,#13581,.T.);
#13581 = EDGE_CURVE('',#13413,#13582,#13584,.T.);
#13582 = VERTEX_POINT('',#13583);
#13583 = CARTESIAN_POINT('',(3.685,-0.524,13.96));
#13584 = SURFACE_CURVE('',#13585,(#13589,#13596),.PCURVE_S1.);
#13585 = LINE('',#13586,#13587);
#13586 = CARTESIAN_POINT('',(3.175,-0.524,13.96));
#13587 = VECTOR('',#13588,1.);
#13588 = DIRECTION('',(1.,0.,-0.));
#13589 = PCURVE('',#12532,#13590);
#13590 = DEFINITIONAL_REPRESENTATION('',(#13591),#13595);
#13591 = LINE('',#13592,#13593);
#13592 = CARTESIAN_POINT('',(-1.570796326795,0.));
#13593 = VECTOR('',#13594,1.);
#13594 = DIRECTION('',(-0.,1.));
#13595 = ( GEOMETRIC_REPRESENTATION_CONTEXT(2) 
PARAMETRIC_REPRESENTATION_CONTEXT() REPRESENTATION_CONTEXT('2D SPACE',''
  ) );
#13596 = PCURVE('',#12924,#13597);
#13597 = DEFINITIONAL_REPRESENTATION('',(#13598),#13602);
#13598 = LINE('',#13599,#13600);
#13599 = CARTESIAN_POINT('',(1.741,2.251));
#13600 = VECTOR('',#13601,1.);
#13601 = DIRECTION('',(1.,0.));
#13602 = ( GEOMETRIC_REPRESENTATION_CONTEXT(2) 
PARAMETRIC_REPRESENTATION_CONTEXT() REPRESENTATION_CONTEXT('2D SPACE',''
  ) );
#13603 = ORIENTED_EDGE('',*,*,#13604,.T.);
#13604 = EDGE_CURVE('',#13582,#12496,#13605,.T.);
#13605 = SURFACE_CURVE('',#13606,(#13611,#13617),.PCURVE_S1.);
#13606 = CIRCLE('',#13607,4.E-02);
#13607 = AXIS2_PLACEMENT_3D('',#13608,#13609,#13610);
#13608 = CARTESIAN_POINT('',(3.685,-0.524,14.));
#13609 = DIRECTION('',(1.,-6.123233995737E-17,0.));
#13610 = DIRECTION('',(6.123233995737E-17,1.,0.));
#13611 = PCURVE('',#12532,#13612);
#13612 = DEFINITIONAL_REPRESENTATION('',(#13613),#13616);
#13613 = B_SPLINE_CURVE_WITH_KNOTS('',1,(#13614,#13615),.UNSPECIFIED.,
  .F.,.F.,(2,2),(4.712388980385,6.28318530718),
  .PIECEWISE_BEZIER_KNOTS.);
#13614 = CARTESIAN_POINT('',(-1.570796326795,0.51));
#13615 = CARTESIAN_POINT('',(0.,0.51));
#13616 = ( GEOMETRIC_REPRESENTATION_CONTEXT(2) 
PARAMETRIC_REPRESENTATION_CONTEXT() REPRESENTATION_CONTEXT('2D SPACE',''
  ) );
#13617 = PCURVE('',#12640,#13618);
#13618 = DEFINITIONAL_REPRESENTATION('',(#13619),#13622);
#13619 = B_SPLINE_CURVE_WITH_KNOTS('',1,(#13620,#13621),.UNSPECIFIED.,
  .F.,.F.,(2,2),(4.712388980385,6.28318530718),
  .PIECEWISE_BEZIER_KNOTS.);
#13620 = CARTESIAN_POINT('',(1.570796326795,-1.570796326795));
#13621 = CARTESIAN_POINT('',(1.570796326795,0.));
#13622 = ( GEOMETRIC_REPRESENTATION_CONTEXT(2) 
PARAMETRIC_REPRESENTATION_CONTEXT() REPRESENTATION_CONTEXT('2D SPACE',''
  ) );
#13623 = ORIENTED_EDGE('',*,*,#12518,.F.);
#13624 = ADVANCED_FACE('',(#13625),#12566,.F.);
#13625 = FACE_BOUND('',#13626,.F.);
#13626 = EDGE_LOOP('',(#13627,#13628,#13651,#13671));
#13627 = ORIENTED_EDGE('',*,*,#13556,.T.);
#13628 = ORIENTED_EDGE('',*,*,#13629,.T.);
#13629 = EDGE_CURVE('',#13482,#13630,#13632,.T.);
#13630 = VERTEX_POINT('',#13631);
#13631 = CARTESIAN_POINT('',(5.426,-2.265,13.96));
#13632 = SURFACE_CURVE('',#13633,(#13637,#13644),.PCURVE_S1.);
#13633 = LINE('',#13634,#13635);
#13634 = CARTESIAN_POINT('',(5.426,-2.775,13.96));
#13635 = VECTOR('',#13636,1.);
#13636 = DIRECTION('',(-0.,1.,0.));
#13637 = PCURVE('',#12566,#13638);
#13638 = DEFINITIONAL_REPRESENTATION('',(#13639),#13643);
#13639 = LINE('',#13640,#13641);
#13640 = CARTESIAN_POINT('',(1.570796326795,0.));
#13641 = VECTOR('',#13642,1.);
#13642 = DIRECTION('',(0.,1.));
#13643 = ( GEOMETRIC_REPRESENTATION_CONTEXT(2) 
PARAMETRIC_REPRESENTATION_CONTEXT() REPRESENTATION_CONTEXT('2D SPACE',''
  ) );
#13644 = PCURVE('',#12924,#13645);
#13645 = DEFINITIONAL_REPRESENTATION('',(#13646),#13650);
#13646 = LINE('',#13647,#13648);
#13647 = CARTESIAN_POINT('',(3.992,0.));
#13648 = VECTOR('',#13649,1.);
#13649 = DIRECTION('',(0.,1.));
#13650 = ( GEOMETRIC_REPRESENTATION_CONTEXT(2) 
PARAMETRIC_REPRESENTATION_CONTEXT() REPRESENTATION_CONTEXT('2D SPACE',''
  ) );
#13651 = ORIENTED_EDGE('',*,*,#13652,.T.);
#13652 = EDGE_CURVE('',#13630,#12551,#13653,.T.);
#13653 = SURFACE_CURVE('',#13654,(#13659,#13665),.PCURVE_S1.);
#13654 = CIRCLE('',#13655,4.E-02);
#13655 = AXIS2_PLACEMENT_3D('',#13656,#13657,#13658);
#13656 = CARTESIAN_POINT('',(5.426,-2.265,14.));
#13657 = DIRECTION('',(0.,-1.,0.));
#13658 = DIRECTION('',(1.,0.,0.));
#13659 = PCURVE('',#12566,#13660);
#13660 = DEFINITIONAL_REPRESENTATION('',(#13661),#13664);
#13661 = B_SPLINE_CURVE_WITH_KNOTS('',1,(#13662,#13663),.UNSPECIFIED.,
  .F.,.F.,(2,2),(4.712388980385,6.28318530718),
  .PIECEWISE_BEZIER_KNOTS.);
#13662 = CARTESIAN_POINT('',(1.570796326795,0.51));
#13663 = CARTESIAN_POINT('',(0.,0.51));
#13664 = ( GEOMETRIC_REPRESENTATION_CONTEXT(2) 
PARAMETRIC_REPRESENTATION_CONTEXT() REPRESENTATION_CONTEXT('2D SPACE',''
  ) );
#13665 = PCURVE('',#12675,#13666);
#13666 = DEFINITIONAL_REPRESENTATION('',(#13667),#13670);
#13667 = B_SPLINE_CURVE_WITH_KNOTS('',1,(#13668,#13669),.UNSPECIFIED.,
  .F.,.F.,(2,2),(4.712388980385,6.28318530718),
  .PIECEWISE_BEZIER_KNOTS.);
#13668 = CARTESIAN_POINT('',(0.,-1.570796326795));
#13669 = CARTESIAN_POINT('',(0.,0.));
#13670 = ( GEOMETRIC_REPRESENTATION_CONTEXT(2) 
PARAMETRIC_REPRESENTATION_CONTEXT() REPRESENTATION_CONTEXT('2D SPACE',''
  ) );
#13671 = ORIENTED_EDGE('',*,*,#12550,.F.);
#13672 = ADVANCED_FACE('',(#13673),#12640,.F.);
#13673 = FACE_BOUND('',#13674,.F.);
#13674 = EDGE_LOOP('',(#13675,#13695,#13696));
#13675 = ORIENTED_EDGE('',*,*,#13676,.F.);
#13676 = EDGE_CURVE('',#13582,#12603,#13677,.T.);
#13677 = SURFACE_CURVE('',#13678,(#13683,#13689),.PCURVE_S1.);
#13678 = CIRCLE('',#13679,4.E-02);
#13679 = AXIS2_PLACEMENT_3D('',#13680,#13681,#13682);
#13680 = CARTESIAN_POINT('',(3.685,-0.524,14.));
#13681 = DIRECTION('',(0.,-1.,0.));
#13682 = DIRECTION('',(1.,0.,0.));
#13683 = PCURVE('',#12640,#13684);
#13684 = DEFINITIONAL_REPRESENTATION('',(#13685),#13688);
#13685 = B_SPLINE_CURVE_WITH_KNOTS('',1,(#13686,#13687),.UNSPECIFIED.,
  .F.,.F.,(2,2),(4.712388980385,6.28318530718),
  .PIECEWISE_BEZIER_KNOTS.);
#13686 = CARTESIAN_POINT('',(0.,-1.570796326795));
#13687 = CARTESIAN_POINT('',(0.,0.));
#13688 = ( GEOMETRIC_REPRESENTATION_CONTEXT(2) 
PARAMETRIC_REPRESENTATION_CONTEXT() REPRESENTATION_CONTEXT('2D SPACE',''
  ) );
#13689 = PCURVE('',#12780,#13690);
#13690 = DEFINITIONAL_REPRESENTATION('',(#13691),#13694);
#13691 = B_SPLINE_CURVE_WITH_KNOTS('',1,(#13692,#13693),.UNSPECIFIED.,
  .F.,.F.,(2,2),(4.712388980385,6.28318530718),
  .PIECEWISE_BEZIER_KNOTS.);
#13692 = CARTESIAN_POINT('',(1.570796326795,1.701));
#13693 = CARTESIAN_POINT('',(0.,1.701));
#13694 = ( GEOMETRIC_REPRESENTATION_CONTEXT(2) 
PARAMETRIC_REPRESENTATION_CONTEXT() REPRESENTATION_CONTEXT('2D SPACE',''
  ) );
#13695 = ORIENTED_EDGE('',*,*,#13604,.T.);
#13696 = ORIENTED_EDGE('',*,*,#12625,.F.);
#13697 = ADVANCED_FACE('',(#13698),#12675,.F.);
#13698 = FACE_BOUND('',#13699,.F.);
#13699 = EDGE_LOOP('',(#13700,#13701,#13721));
#13700 = ORIENTED_EDGE('',*,*,#13652,.F.);
#13701 = ORIENTED_EDGE('',*,*,#13702,.T.);
#13702 = EDGE_CURVE('',#13630,#12659,#13703,.T.);
#13703 = SURFACE_CURVE('',#13704,(#13709,#13715),.PCURVE_S1.);
#13704 = CIRCLE('',#13705,4.E-02);
#13705 = AXIS2_PLACEMENT_3D('',#13706,#13707,#13708);
#13706 = CARTESIAN_POINT('',(5.426,-2.265,14.));
#13707 = DIRECTION('',(1.,-6.123233995737E-17,0.));
#13708 = DIRECTION('',(6.123233995737E-17,1.,0.));
#13709 = PCURVE('',#12675,#13710);
#13710 = DEFINITIONAL_REPRESENTATION('',(#13711),#13714);
#13711 = B_SPLINE_CURVE_WITH_KNOTS('',1,(#13712,#13713),.UNSPECIFIED.,
  .F.,.F.,(2,2),(4.712388980385,6.28318530718),
  .PIECEWISE_BEZIER_KNOTS.);
#13712 = CARTESIAN_POINT('',(1.570796326795,-1.570796326795));
#13713 = CARTESIAN_POINT('',(1.570796326795,0.));
#13714 = ( GEOMETRIC_REPRESENTATION_CONTEXT(2) 
PARAMETRIC_REPRESENTATION_CONTEXT() REPRESENTATION_CONTEXT('2D SPACE',''
  ) );
#13715 = PCURVE('',#12814,#13716);
#13716 = DEFINITIONAL_REPRESENTATION('',(#13717),#13720);
#13717 = B_SPLINE_CURVE_WITH_KNOTS('',1,(#13718,#13719),.UNSPECIFIED.,
  .F.,.F.,(2,2),(4.712388980385,6.28318530718),
  .PIECEWISE_BEZIER_KNOTS.);
#13718 = CARTESIAN_POINT('',(-1.570796326795,1.701));
#13719 = CARTESIAN_POINT('',(0.,1.701));
#13720 = ( GEOMETRIC_REPRESENTATION_CONTEXT(2) 
PARAMETRIC_REPRESENTATION_CONTEXT() REPRESENTATION_CONTEXT('2D SPACE',''
  ) );
#13721 = ORIENTED_EDGE('',*,*,#12658,.F.);
#13722 = ADVANCED_FACE('',(#13723),#12727,.T.);
#13723 = FACE_BOUND('',#13724,.T.);
#13724 = EDGE_LOOP('',(#13725,#13726,#13727,#13754));
#13725 = ORIENTED_EDGE('',*,*,#12713,.F.);
#13726 = ORIENTED_EDGE('',*,*,#12743,.T.);
#13727 = ORIENTED_EDGE('',*,*,#13728,.T.);
#13728 = EDGE_CURVE('',#12744,#12799,#13729,.T.);
#13729 = SURFACE_CURVE('',#13730,(#13735,#13742),.PCURVE_S1.);
#13730 = CIRCLE('',#13731,4.E-02);
#13731 = AXIS2_PLACEMENT_3D('',#13732,#13733,#13734);
#13732 = CARTESIAN_POINT('',(3.765,-2.185,14.));
#13733 = DIRECTION('',(0.,0.,1.));
#13734 = DIRECTION('',(-1.,0.,0.));
#13735 = PCURVE('',#12727,#13736);
#13736 = DEFINITIONAL_REPRESENTATION('',(#13737),#13741);
#13737 = LINE('',#13738,#13739);
#13738 = CARTESIAN_POINT('',(1.570796326795,0.4));
#13739 = VECTOR('',#13740,1.);
#13740 = DIRECTION('',(-1.,-0.));
#13741 = ( GEOMETRIC_REPRESENTATION_CONTEXT(2) 
PARAMETRIC_REPRESENTATION_CONTEXT() REPRESENTATION_CONTEXT('2D SPACE',''
  ) );
#13742 = PCURVE('',#13743,#13748);
#13743 = TOROIDAL_SURFACE('',#13744,8.E-02,4.E-02);
#13744 = AXIS2_PLACEMENT_3D('',#13745,#13746,#13747);
#13745 = CARTESIAN_POINT('',(3.765,-2.185,14.));
#13746 = DIRECTION('',(-0.,-0.,-1.));
#13747 = DIRECTION('',(-1.,0.,0.));
#13748 = DEFINITIONAL_REPRESENTATION('',(#13749),#13753);
#13749 = LINE('',#13750,#13751);
#13750 = CARTESIAN_POINT('',(-0.,3.14159265359));
#13751 = VECTOR('',#13752,1.);
#13752 = DIRECTION('',(-1.,0.));
#13753 = ( GEOMETRIC_REPRESENTATION_CONTEXT(2) 
PARAMETRIC_REPRESENTATION_CONTEXT() REPRESENTATION_CONTEXT('2D SPACE',''
  ) );
#13754 = ORIENTED_EDGE('',*,*,#12826,.F.);
#13755 = ADVANCED_FACE('',(#13756),#12780,.F.);
#13756 = FACE_BOUND('',#13757,.F.);
#13757 = EDGE_LOOP('',(#13758,#13780,#13801,#13802));
#13758 = ORIENTED_EDGE('',*,*,#13759,.F.);
#13759 = EDGE_CURVE('',#13760,#12744,#13762,.T.);
#13760 = VERTEX_POINT('',#13761);
#13761 = CARTESIAN_POINT('',(3.685,-2.185,13.96));
#13762 = SURFACE_CURVE('',#13763,(#13768,#13774),.PCURVE_S1.);
#13763 = CIRCLE('',#13764,4.E-02);
#13764 = AXIS2_PLACEMENT_3D('',#13765,#13766,#13767);
#13765 = CARTESIAN_POINT('',(3.685,-2.185,14.));
#13766 = DIRECTION('',(0.,-1.,0.));
#13767 = DIRECTION('',(-1.,0.,0.));
#13768 = PCURVE('',#12780,#13769);
#13769 = DEFINITIONAL_REPRESENTATION('',(#13770),#13773);
#13770 = B_SPLINE_CURVE_WITH_KNOTS('',1,(#13771,#13772),.UNSPECIFIED.,
  .F.,.F.,(2,2),(1.570796326795,3.14159265359),
  .PIECEWISE_BEZIER_KNOTS.);
#13771 = CARTESIAN_POINT('',(1.570796326795,4.E-02));
#13772 = CARTESIAN_POINT('',(0.,4.E-02));
#13773 = ( GEOMETRIC_REPRESENTATION_CONTEXT(2) 
PARAMETRIC_REPRESENTATION_CONTEXT() REPRESENTATION_CONTEXT('2D SPACE',''
  ) );
#13774 = PCURVE('',#13743,#13775);
#13775 = DEFINITIONAL_REPRESENTATION('',(#13776),#13779);
#13776 = B_SPLINE_CURVE_WITH_KNOTS('',1,(#13777,#13778),.UNSPECIFIED.,
  .F.,.F.,(2,2),(1.570796326795,3.14159265359),
  .PIECEWISE_BEZIER_KNOTS.);
#13777 = CARTESIAN_POINT('',(0.,1.570796326795));
#13778 = CARTESIAN_POINT('',(0.,3.14159265359));
#13779 = ( GEOMETRIC_REPRESENTATION_CONTEXT(2) 
PARAMETRIC_REPRESENTATION_CONTEXT() REPRESENTATION_CONTEXT('2D SPACE',''
  ) );
#13780 = ORIENTED_EDGE('',*,*,#13781,.T.);
#13781 = EDGE_CURVE('',#13760,#13582,#13782,.T.);
#13782 = SURFACE_CURVE('',#13783,(#13787,#13794),.PCURVE_S1.);
#13783 = LINE('',#13784,#13785);
#13784 = CARTESIAN_POINT('',(3.685,-2.225,13.96));
#13785 = VECTOR('',#13786,1.);
#13786 = DIRECTION('',(-0.,1.,0.));
#13787 = PCURVE('',#12780,#13788);
#13788 = DEFINITIONAL_REPRESENTATION('',(#13789),#13793);
#13789 = LINE('',#13790,#13791);
#13790 = CARTESIAN_POINT('',(1.570796326795,0.));
#13791 = VECTOR('',#13792,1.);
#13792 = DIRECTION('',(0.,1.));
#13793 = ( GEOMETRIC_REPRESENTATION_CONTEXT(2) 
PARAMETRIC_REPRESENTATION_CONTEXT() REPRESENTATION_CONTEXT('2D SPACE',''
  ) );
#13794 = PCURVE('',#12924,#13795);
#13795 = DEFINITIONAL_REPRESENTATION('',(#13796),#13800);
#13796 = LINE('',#13797,#13798);
#13797 = CARTESIAN_POINT('',(2.251,0.55));
#13798 = VECTOR('',#13799,1.);
#13799 = DIRECTION('',(0.,1.));
#13800 = ( GEOMETRIC_REPRESENTATION_CONTEXT(2) 
PARAMETRIC_REPRESENTATION_CONTEXT() REPRESENTATION_CONTEXT('2D SPACE',''
  ) );
#13801 = ORIENTED_EDGE('',*,*,#13676,.T.);
#13802 = ORIENTED_EDGE('',*,*,#12766,.F.);
#13803 = ADVANCED_FACE('',(#13804),#12814,.F.);
#13804 = FACE_BOUND('',#13805,.T.);
#13805 = EDGE_LOOP('',(#13806,#13828,#13849,#13850));
#13806 = ORIENTED_EDGE('',*,*,#13807,.F.);
#13807 = EDGE_CURVE('',#13808,#12799,#13810,.T.);
#13808 = VERTEX_POINT('',#13809);
#13809 = CARTESIAN_POINT('',(3.765,-2.265,13.96));
#13810 = SURFACE_CURVE('',#13811,(#13816,#13822),.PCURVE_S1.);
#13811 = CIRCLE('',#13812,4.E-02);
#13812 = AXIS2_PLACEMENT_3D('',#13813,#13814,#13815);
#13813 = CARTESIAN_POINT('',(3.765,-2.265,14.));
#13814 = DIRECTION('',(1.,-6.123233995737E-17,0.));
#13815 = DIRECTION('',(-6.123233995737E-17,-1.,0.));
#13816 = PCURVE('',#12814,#13817);
#13817 = DEFINITIONAL_REPRESENTATION('',(#13818),#13821);
#13818 = B_SPLINE_CURVE_WITH_KNOTS('',1,(#13819,#13820),.UNSPECIFIED.,
  .F.,.F.,(2,2),(1.570796326795,3.14159265359),
  .PIECEWISE_BEZIER_KNOTS.);
#13819 = CARTESIAN_POINT('',(-1.570796326795,4.E-02));
#13820 = CARTESIAN_POINT('',(0.,4.E-02));
#13821 = ( GEOMETRIC_REPRESENTATION_CONTEXT(2) 
PARAMETRIC_REPRESENTATION_CONTEXT() REPRESENTATION_CONTEXT('2D SPACE',''
  ) );
#13822 = PCURVE('',#13743,#13823);
#13823 = DEFINITIONAL_REPRESENTATION('',(#13824),#13827);
#13824 = B_SPLINE_CURVE_WITH_KNOTS('',1,(#13825,#13826),.UNSPECIFIED.,
  .F.,.F.,(2,2),(1.570796326795,3.14159265359),
  .PIECEWISE_BEZIER_KNOTS.);
#13825 = CARTESIAN_POINT('',(-1.570796326795,1.570796326795));
#13826 = CARTESIAN_POINT('',(-1.570796326795,3.14159265359));
#13827 = ( GEOMETRIC_REPRESENTATION_CONTEXT(2) 
PARAMETRIC_REPRESENTATION_CONTEXT() REPRESENTATION_CONTEXT('2D SPACE',''
  ) );
#13828 = ORIENTED_EDGE('',*,*,#13829,.T.);
#13829 = EDGE_CURVE('',#13808,#13630,#13830,.T.);
#13830 = SURFACE_CURVE('',#13831,(#13835,#13842),.PCURVE_S1.);
#13831 = LINE('',#13832,#13833);
#13832 = CARTESIAN_POINT('',(3.725,-2.265,13.96));
#13833 = VECTOR('',#13834,1.);
#13834 = DIRECTION('',(1.,0.,-0.));
#13835 = PCURVE('',#12814,#13836);
#13836 = DEFINITIONAL_REPRESENTATION('',(#13837),#13841);
#13837 = LINE('',#13838,#13839);
#13838 = CARTESIAN_POINT('',(-1.570796326795,0.));
#13839 = VECTOR('',#13840,1.);
#13840 = DIRECTION('',(-0.,1.));
#13841 = ( GEOMETRIC_REPRESENTATION_CONTEXT(2) 
PARAMETRIC_REPRESENTATION_CONTEXT() REPRESENTATION_CONTEXT('2D SPACE',''
  ) );
#13842 = PCURVE('',#12924,#13843);
#13843 = DEFINITIONAL_REPRESENTATION('',(#13844),#13848);
#13844 = LINE('',#13845,#13846);
#13845 = CARTESIAN_POINT('',(2.291,0.51));
#13846 = VECTOR('',#13847,1.);
#13847 = DIRECTION('',(1.,0.));
#13848 = ( GEOMETRIC_REPRESENTATION_CONTEXT(2) 
PARAMETRIC_REPRESENTATION_CONTEXT() REPRESENTATION_CONTEXT('2D SPACE',''
  ) );
#13849 = ORIENTED_EDGE('',*,*,#13702,.T.);
#13850 = ORIENTED_EDGE('',*,*,#12798,.F.);
#13851 = ADVANCED_FACE('',(#13852),#12867,.F.);
#13852 = FACE_BOUND('',#13853,.T.);
#13853 = EDGE_LOOP('',(#13854,#13855,#13877,#13878));
#13854 = ORIENTED_EDGE('',*,*,#13007,.F.);
#13855 = ORIENTED_EDGE('',*,*,#13856,.T.);
#13856 = EDGE_CURVE('',#12985,#12909,#13857,.T.);
#13857 = SURFACE_CURVE('',#13858,(#13863,#13870),.PCURVE_S1.);
#13858 = CIRCLE('',#13859,8.E-02);
#13859 = AXIS2_PLACEMENT_3D('',#13860,#13861,#13862);
#13860 = CARTESIAN_POINT('',(3.135,-2.815,13.96));
#13861 = DIRECTION('',(0.,0.,1.));
#13862 = DIRECTION('',(1.,0.,-0.));
#13863 = PCURVE('',#12867,#13864);
#13864 = DEFINITIONAL_REPRESENTATION('',(#13865),#13869);
#13865 = LINE('',#13866,#13867);
#13866 = CARTESIAN_POINT('',(-0.,1.570796326795));
#13867 = VECTOR('',#13868,1.);
#13868 = DIRECTION('',(-1.,0.));
#13869 = ( GEOMETRIC_REPRESENTATION_CONTEXT(2) 
PARAMETRIC_REPRESENTATION_CONTEXT() REPRESENTATION_CONTEXT('2D SPACE',''
  ) );
#13870 = PCURVE('',#12924,#13871);
#13871 = DEFINITIONAL_REPRESENTATION('',(#13872),#13876);
#13872 = CIRCLE('',#13873,8.E-02);
#13873 = AXIS2_PLACEMENT_2D('',#13874,#13875);
#13874 = CARTESIAN_POINT('',(1.701,-4.E-02));
#13875 = DIRECTION('',(1.,0.));
#13876 = ( GEOMETRIC_REPRESENTATION_CONTEXT(2) 
PARAMETRIC_REPRESENTATION_CONTEXT() REPRESENTATION_CONTEXT('2D SPACE',''
  ) );
#13877 = ORIENTED_EDGE('',*,*,#12936,.T.);
#13878 = ORIENTED_EDGE('',*,*,#12852,.F.);
#13879 = ADVANCED_FACE('',(#13880),#12924,.T.);
#13880 = FACE_BOUND('',#13881,.T.);
#13881 = EDGE_LOOP('',(#13882,#13883,#13884,#13885,#13886,#13887,#13913,
    #13914,#13915,#13916,#13938,#13939,#13940,#13941,#13963,#13964));
#13882 = ORIENTED_EDGE('',*,*,#12908,.T.);
#13883 = ORIENTED_EDGE('',*,*,#13856,.F.);
#13884 = ORIENTED_EDGE('',*,*,#12984,.F.);
#13885 = ORIENTED_EDGE('',*,*,#13129,.T.);
#13886 = ORIENTED_EDGE('',*,*,#13343,.T.);
#13887 = ORIENTED_EDGE('',*,*,#13888,.T.);
#13888 = EDGE_CURVE('',#13344,#13460,#13889,.T.);
#13889 = SURFACE_CURVE('',#13890,(#13895,#13906),.PCURVE_S1.);
#13890 = CIRCLE('',#13891,8.E-02);
#13891 = AXIS2_PLACEMENT_3D('',#13892,#13893,#13894);
#13892 = CARTESIAN_POINT('',(3.765,-2.815,13.96));
#13893 = DIRECTION('',(-0.,0.,-1.));
#13894 = DIRECTION('',(-1.,0.,0.));
#13895 = PCURVE('',#12924,#13896);
#13896 = DEFINITIONAL_REPRESENTATION('',(#13897),#13905);
#13897 = ( BOUNDED_CURVE() B_SPLINE_CURVE(2,(#13898,#13899,#13900,#13901
    ,#13902,#13903,#13904),.UNSPECIFIED.,.T.,.F.) 
B_SPLINE_CURVE_WITH_KNOTS((1,2,2,2,2,1),(-2.094395102393,0.,
    2.094395102393,4.188790204786,6.28318530718,8.377580409573),
.UNSPECIFIED.) CURVE() GEOMETRIC_REPRESENTATION_ITEM() 
RATIONAL_B_SPLINE_CURVE((1.,0.5,1.,0.5,1.,0.5,1.)) REPRESENTATION_ITEM(
  '') );
#13898 = CARTESIAN_POINT('',(2.251,-4.E-02));
#13899 = CARTESIAN_POINT('',(2.251,9.856406460551E-02));
#13900 = CARTESIAN_POINT('',(2.371,2.928203230276E-02));
#13901 = CARTESIAN_POINT('',(2.491,-4.E-02));
#13902 = CARTESIAN_POINT('',(2.371,-0.109282032303));
#13903 = CARTESIAN_POINT('',(2.251,-0.178564064606));
#13904 = CARTESIAN_POINT('',(2.251,-4.E-02));
#13905 = ( GEOMETRIC_REPRESENTATION_CONTEXT(2) 
PARAMETRIC_REPRESENTATION_CONTEXT() REPRESENTATION_CONTEXT('2D SPACE',''
  ) );
#13906 = PCURVE('',#13326,#13907);
#13907 = DEFINITIONAL_REPRESENTATION('',(#13908),#13912);
#13908 = LINE('',#13909,#13910);
#13909 = CARTESIAN_POINT('',(0.,1.570796326795));
#13910 = VECTOR('',#13911,1.);
#13911 = DIRECTION('',(1.,0.));
#13912 = ( GEOMETRIC_REPRESENTATION_CONTEXT(2) 
PARAMETRIC_REPRESENTATION_CONTEXT() REPRESENTATION_CONTEXT('2D SPACE',''
  ) );
#13913 = ORIENTED_EDGE('',*,*,#13481,.T.);
#13914 = ORIENTED_EDGE('',*,*,#13629,.T.);
#13915 = ORIENTED_EDGE('',*,*,#13829,.F.);
#13916 = ORIENTED_EDGE('',*,*,#13917,.F.);
#13917 = EDGE_CURVE('',#13760,#13808,#13918,.T.);
#13918 = SURFACE_CURVE('',#13919,(#13924,#13931),.PCURVE_S1.);
#13919 = CIRCLE('',#13920,8.E-02);
#13920 = AXIS2_PLACEMENT_3D('',#13921,#13922,#13923);
#13921 = CARTESIAN_POINT('',(3.765,-2.185,13.96));
#13922 = DIRECTION('',(0.,0.,1.));
#13923 = DIRECTION('',(-1.,0.,0.));
#13924 = PCURVE('',#12924,#13925);
#13925 = DEFINITIONAL_REPRESENTATION('',(#13926),#13930);
#13926 = CIRCLE('',#13927,8.E-02);
#13927 = AXIS2_PLACEMENT_2D('',#13928,#13929);
#13928 = CARTESIAN_POINT('',(2.331,0.59));
#13929 = DIRECTION('',(-1.,0.));
#13930 = ( GEOMETRIC_REPRESENTATION_CONTEXT(2) 
PARAMETRIC_REPRESENTATION_CONTEXT() REPRESENTATION_CONTEXT('2D SPACE',''
  ) );
#13931 = PCURVE('',#13743,#13932);
#13932 = DEFINITIONAL_REPRESENTATION('',(#13933),#13937);
#13933 = LINE('',#13934,#13935);
#13934 = CARTESIAN_POINT('',(-0.,1.570796326795));
#13935 = VECTOR('',#13936,1.);
#13936 = DIRECTION('',(-1.,0.));
#13937 = ( GEOMETRIC_REPRESENTATION_CONTEXT(2) 
PARAMETRIC_REPRESENTATION_CONTEXT() REPRESENTATION_CONTEXT('2D SPACE',''
  ) );
#13938 = ORIENTED_EDGE('',*,*,#13781,.T.);
#13939 = ORIENTED_EDGE('',*,*,#13581,.F.);
#13940 = ORIENTED_EDGE('',*,*,#13412,.F.);
#13941 = ORIENTED_EDGE('',*,*,#13942,.F.);
#13942 = EDGE_CURVE('',#13264,#13391,#13943,.T.);
#13943 = SURFACE_CURVE('',#13944,(#13949,#13956),.PCURVE_S1.);
#13944 = CIRCLE('',#13945,8.E-02);
#13945 = AXIS2_PLACEMENT_3D('',#13946,#13947,#13948);
#13946 = CARTESIAN_POINT('',(3.135,-2.185,13.96));
#13947 = DIRECTION('',(0.,0.,1.));
#13948 = DIRECTION('',(0.,-1.,0.));
#13949 = PCURVE('',#12924,#13950);
#13950 = DEFINITIONAL_REPRESENTATION('',(#13951),#13955);
#13951 = CIRCLE('',#13952,8.E-02);
#13952 = AXIS2_PLACEMENT_2D('',#13953,#13954);
#13953 = CARTESIAN_POINT('',(1.701,0.59));
#13954 = DIRECTION('',(0.,-1.));
#13955 = ( GEOMETRIC_REPRESENTATION_CONTEXT(2) 
PARAMETRIC_REPRESENTATION_CONTEXT() REPRESENTATION_CONTEXT('2D SPACE',''
  ) );
#13956 = PCURVE('',#13245,#13957);
#13957 = DEFINITIONAL_REPRESENTATION('',(#13958),#13962);
#13958 = LINE('',#13959,#13960);
#13959 = CARTESIAN_POINT('',(-0.,1.570796326795));
#13960 = VECTOR('',#13961,1.);
#13961 = DIRECTION('',(-1.,0.));
#13962 = ( GEOMETRIC_REPRESENTATION_CONTEXT(2) 
PARAMETRIC_REPRESENTATION_CONTEXT() REPRESENTATION_CONTEXT('2D SPACE',''
  ) );
#13963 = ORIENTED_EDGE('',*,*,#13263,.F.);
#13964 = ORIENTED_EDGE('',*,*,#13081,.F.);
#13965 = ADVANCED_FACE('',(#13966),#13245,.F.);
#13966 = FACE_BOUND('',#13967,.T.);
#13967 = EDGE_LOOP('',(#13968,#13969,#13970,#13971));
#13968 = ORIENTED_EDGE('',*,*,#13286,.F.);
#13969 = ORIENTED_EDGE('',*,*,#13942,.T.);
#13970 = ORIENTED_EDGE('',*,*,#13390,.T.);
#13971 = ORIENTED_EDGE('',*,*,#13230,.F.);
#13972 = ADVANCED_FACE('',(#13973),#13326,.F.);
#13973 = FACE_BOUND('',#13974,.F.);
#13974 = EDGE_LOOP('',(#13975,#13976,#13977,#13978));
#13975 = ORIENTED_EDGE('',*,*,#13366,.F.);
#13976 = ORIENTED_EDGE('',*,*,#13888,.T.);
#13977 = ORIENTED_EDGE('',*,*,#13459,.T.);
#13978 = ORIENTED_EDGE('',*,*,#13311,.F.);
#13979 = ADVANCED_FACE('',(#13980),#13743,.F.);
#13980 = FACE_BOUND('',#13981,.T.);
#13981 = EDGE_LOOP('',(#13982,#13983,#13984,#13985));
#13982 = ORIENTED_EDGE('',*,*,#13759,.F.);
#13983 = ORIENTED_EDGE('',*,*,#13917,.T.);
#13984 = ORIENTED_EDGE('',*,*,#13807,.T.);
#13985 = ORIENTED_EDGE('',*,*,#13728,.F.);
#13986 = ( GEOMETRIC_REPRESENTATION_CONTEXT(3) 
GLOBAL_UNCERTAINTY_ASSIGNED_CONTEXT((#13990)) 
GLOBAL_UNIT_ASSIGNED_CONTEXT((#13987,#13988,#13989)) 
REPRESENTATION_CONTEXT('Context #1',
  '3D Context with UNIT and UNCERTAINTY') );
#13987 = ( LENGTH_UNIT() NAMED_UNIT(*) SI_UNIT(.MILLI.,.METRE.) );
#13988 = ( NAMED_UNIT(*) PLANE_ANGLE_UNIT() SI_UNIT($,.RADIAN.) );
#13989 = ( NAMED_UNIT(*) SI_UNIT($,.STERADIAN.) SOLID_ANGLE_UNIT() );
#13990 = UNCERTAINTY_MEASURE_WITH_UNIT(LENGTH_MEASURE(1.E-07),#13987,
  'distance_accuracy_value','confusion accuracy');
#13991 = CONTEXT_DEPENDENT_SHAPE_REPRESENTATION(#13992,#13994);
#13992 = ( REPRESENTATION_RELATIONSHIP('','',#9399,#9376) 
REPRESENTATION_RELATIONSHIP_WITH_TRANSFORMATION(#13993) 
SHAPE_REPRESENTATION_RELATIONSHIP() );
#13993 = ITEM_DEFINED_TRANSFORMATION('','',#11,#9377);
#13994 = PRODUCT_DEFINITION_SHAPE('Placement','Placement of an item',
  #13995);
#13995 = NEXT_ASSEMBLY_USAGE_OCCURRENCE('12','=>[0:1:1:15]','',#9371,
  #9394,$);
#13996 = PRODUCT_RELATED_PRODUCT_CATEGORY('part',$,(#9396));
#13997 = SHAPE_DEFINITION_REPRESENTATION(#13998,#14004);
#13998 = PRODUCT_DEFINITION_SHAPE('','',#13999);
#13999 = PRODUCT_DEFINITION('design','',#14000,#14003);
#14000 = PRODUCT_DEFINITION_FORMATION('','',#14001);
#14001 = PRODUCT('ASSEMBLY','ASSEMBLY','',(#14002));
#14002 = PRODUCT_CONTEXT('',#2,'mechanical');
#14003 = PRODUCT_DEFINITION_CONTEXT('part definition',#2,'design');
#14004 = SHAPE_REPRESENTATION('',(#11,#14005),#14009);
#14005 = AXIS2_PLACEMENT_3D('',#14006,#14007,#14008);
#14006 = CARTESIAN_POINT('',(0.,0.,0.));
#14007 = DIRECTION('',(0.,0.,1.));
#14008 = DIRECTION('',(1.,0.,-0.));
#14009 = ( GEOMETRIC_REPRESENTATION_CONTEXT(3) 
GLOBAL_UNCERTAINTY_ASSIGNED_CONTEXT((#14013)) 
GLOBAL_UNIT_ASSIGNED_CONTEXT((#14010,#14011,#14012)) 
REPRESENTATION_CONTEXT('Context #1',
  '3D Context with UNIT and UNCERTAINTY') );
#14010 = ( LENGTH_UNIT() NAMED_UNIT(*) SI_UNIT(.MILLI.,.METRE.) );
#14011 = ( NAMED_UNIT(*) PLANE_ANGLE_UNIT() SI_UNIT($,.RADIAN.) );
#14012 = ( NAMED_UNIT(*) SI_UNIT($,.STERADIAN.) SOLID_ANGLE_UNIT() );
#14013 = UNCERTAINTY_MEASURE_WITH_UNIT(LENGTH_MEASURE(1.E-07),#14010,
  'distance_accuracy_value','confusion accuracy');
#14014 = CONTEXT_DEPENDENT_SHAPE_REPRESENTATION(#14015,#14017);
#14015 = ( REPRESENTATION_RELATIONSHIP('','',#14004,#10) 
REPRESENTATION_RELATIONSHIP_WITH_TRANSFORMATION(#14016) 
SHAPE_REPRESENTATION_RELATIONSHIP() );
#14016 = ITEM_DEFINED_TRANSFORMATION('','',#11,#39);
#14017 = PRODUCT_DEFINITION_SHAPE('Placement','Placement of an item',
  #14018);
#14018 = NEXT_ASSEMBLY_USAGE_OCCURRENCE('16','=>[0:1:1:16]','',#5,#13999
  ,$);
#14019 = PRODUCT_RELATED_PRODUCT_CATEGORY('part',$,(#14001));
#14020 = SHAPE_DEFINITION_REPRESENTATION(#14021,#14027);
#14021 = PRODUCT_DEFINITION_SHAPE('','',#14022);
#14022 = PRODUCT_DEFINITION('design','',#14023,#14026);
#14023 = PRODUCT_DEFINITION_FORMATION('','',#14024);
#14024 = PRODUCT('SOLID','SOLID','',(#14025));
#14025 = PRODUCT_CONTEXT('',#2,'mechanical');
#14026 = PRODUCT_DEFINITION_CONTEXT('part definition',#2,'design');
#14027 = ADVANCED_BREP_SHAPE_REPRESENTATION('',(#11,#14028),#14086);
#14028 = MANIFOLD_SOLID_BREP('',#14029);
#14029 = CLOSED_SHELL('',(#14030));
#14030 = ADVANCED_FACE('',(#14031),#14044,.T.);
#14031 = FACE_BOUND('',#14032,.T.);
#14032 = EDGE_LOOP('',(#14033,#14062,#14084,#14085));
#14033 = ORIENTED_EDGE('',*,*,#14034,.F.);
#14034 = EDGE_CURVE('',#14035,#14035,#14037,.T.);
#14035 = VERTEX_POINT('',#14036);
#14036 = CARTESIAN_POINT('',(1.525,-3.735172737399E-16,
    -6.123233995737E-18));
#14037 = SEAM_CURVE('',#14038,(#14043,#14055),.PCURVE_S1.);
#14038 = CIRCLE('',#14039,1.525);
#14039 = AXIS2_PLACEMENT_3D('',#14040,#14041,#14042);
#14040 = CARTESIAN_POINT('',(0.,0.,-6.123233995737E-18));
#14041 = DIRECTION('',(0.,0.,1.));
#14042 = DIRECTION('',(1.,0.,-0.));
#14043 = PCURVE('',#14044,#14049);
#14044 = TOROIDAL_SURFACE('',#14045,1.5,2.5E-02);
#14045 = AXIS2_PLACEMENT_3D('',#14046,#14047,#14048);
#14046 = CARTESIAN_POINT('',(0.,0.,0.));
#14047 = DIRECTION('',(0.,0.,1.));
#14048 = DIRECTION('',(1.,0.,-0.));
#14049 = DEFINITIONAL_REPRESENTATION('',(#14050),#14054);
#14050 = LINE('',#14051,#14052);
#14051 = CARTESIAN_POINT('',(0.,6.28318530718));
#14052 = VECTOR('',#14053,1.);
#14053 = DIRECTION('',(1.,0.));
#14054 = ( GEOMETRIC_REPRESENTATION_CONTEXT(2) 
PARAMETRIC_REPRESENTATION_CONTEXT() REPRESENTATION_CONTEXT('2D SPACE',''
  ) );
#14055 = PCURVE('',#14044,#14056);
#14056 = DEFINITIONAL_REPRESENTATION('',(#14057),#14061);
#14057 = LINE('',#14058,#14059);
#14058 = CARTESIAN_POINT('',(0.,0.));
#14059 = VECTOR('',#14060,1.);
#14060 = DIRECTION('',(1.,0.));
#14061 = ( GEOMETRIC_REPRESENTATION_CONTEXT(2) 
PARAMETRIC_REPRESENTATION_CONTEXT() REPRESENTATION_CONTEXT('2D SPACE',''
  ) );
#14062 = ORIENTED_EDGE('',*,*,#14063,.F.);
#14063 = EDGE_CURVE('',#14035,#14035,#14064,.T.);
#14064 = SEAM_CURVE('',#14065,(#14070,#14077),.PCURVE_S1.);
#14065 = CIRCLE('',#14066,2.5E-02);
#14066 = AXIS2_PLACEMENT_3D('',#14067,#14068,#14069);
#14067 = CARTESIAN_POINT('',(1.5,-3.673940397442E-16,0.));
#14068 = DIRECTION('',(-2.449293598295E-16,-1.,0.));
#14069 = DIRECTION('',(1.,-2.449293598295E-16,0.));
#14070 = PCURVE('',#14044,#14071);
#14071 = DEFINITIONAL_REPRESENTATION('',(#14072),#14076);
#14072 = LINE('',#14073,#14074);
#14073 = CARTESIAN_POINT('',(6.28318530718,-0.));
#14074 = VECTOR('',#14075,1.);
#14075 = DIRECTION('',(0.,1.));
#14076 = ( GEOMETRIC_REPRESENTATION_CONTEXT(2) 
PARAMETRIC_REPRESENTATION_CONTEXT() REPRESENTATION_CONTEXT('2D SPACE',''
  ) );
#14077 = PCURVE('',#14044,#14078);
#14078 = DEFINITIONAL_REPRESENTATION('',(#14079),#14083);
#14079 = LINE('',#14080,#14081);
#14080 = CARTESIAN_POINT('',(0.,-0.));
#14081 = VECTOR('',#14082,1.);
#14082 = DIRECTION('',(0.,1.));
#14083 = ( GEOMETRIC_REPRESENTATION_CONTEXT(2) 
PARAMETRIC_REPRESENTATION_CONTEXT() REPRESENTATION_CONTEXT('2D SPACE',''
  ) );
#14084 = ORIENTED_EDGE('',*,*,#14034,.T.);
#14085 = ORIENTED_EDGE('',*,*,#14063,.T.);
#14086 = ( GEOMETRIC_REPRESENTATION_CONTEXT(3) 
GLOBAL_UNCERTAINTY_ASSIGNED_CONTEXT((#14090)) 
GLOBAL_UNIT_ASSIGNED_CONTEXT((#14087,#14088,#14089)) 
REPRESENTATION_CONTEXT('Context #1',
  '3D Context with UNIT and UNCERTAINTY') );
#14087 = ( LENGTH_UNIT() NAMED_UNIT(*) SI_UNIT(.MILLI.,.METRE.) );
#14088 = ( NAMED_UNIT(*) PLANE_ANGLE_UNIT() SI_UNIT($,.RADIAN.) );
#14089 = ( NAMED_UNIT(*) SI_UNIT($,.STERADIAN.) SOLID_ANGLE_UNIT() );
#14090 = UNCERTAINTY_MEASURE_WITH_UNIT(LENGTH_MEASURE(1.E-07),#14087,
  'distance_accuracy_value','confusion accuracy');
#14091 = CONTEXT_DEPENDENT_SHAPE_REPRESENTATION(#14092,#14094);
#14092 = ( REPRESENTATION_RELATIONSHIP('','',#14027,#14004) 
REPRESENTATION_RELATIONSHIP_WITH_TRANSFORMATION(#14093) 
SHAPE_REPRESENTATION_RELATIONSHIP() );
#14093 = ITEM_DEFINED_TRANSFORMATION('','',#11,#14005);
#14094 = PRODUCT_DEFINITION_SHAPE('Placement','Placement of an item',
  #14095);
#14095 = NEXT_ASSEMBLY_USAGE_OCCURRENCE('15','=>[0:1:1:17]','',#13999,
  #14022,$);
#14096 = PRODUCT_RELATED_PRODUCT_CATEGORY('part',$,(#14024));
#14097 = SHAPE_DEFINITION_REPRESENTATION(#14098,#14104);
#14098 = PRODUCT_DEFINITION_SHAPE('','',#14099);
#14099 = PRODUCT_DEFINITION('design','',#14100,#14103);
#14100 = PRODUCT_DEFINITION_FORMATION('','',#14101);
#14101 = PRODUCT('ASSEMBLY','ASSEMBLY','',(#14102));
#14102 = PRODUCT_CONTEXT('',#2,'mechanical');
#14103 = PRODUCT_DEFINITION_CONTEXT('part definition',#2,'design');
#14104 = SHAPE_REPRESENTATION('',(#11,#14105),#14109);
#14105 = AXIS2_PLACEMENT_3D('',#14106,#14107,#14108);
#14106 = CARTESIAN_POINT('',(0.,0.,0.));
#14107 = DIRECTION('',(0.,0.,1.));
#14108 = DIRECTION('',(1.,0.,-0.));
#14109 = ( GEOMETRIC_REPRESENTATION_CONTEXT(3) 
GLOBAL_UNCERTAINTY_ASSIGNED_CONTEXT((#14113)) 
GLOBAL_UNIT_ASSIGNED_CONTEXT((#14110,#14111,#14112)) 
REPRESENTATION_CONTEXT('Context #1',
  '3D Context with UNIT and UNCERTAINTY') );
#14110 = ( LENGTH_UNIT() NAMED_UNIT(*) SI_UNIT(.MILLI.,.METRE.) );
#14111 = ( NAMED_UNIT(*) PLANE_ANGLE_UNIT() SI_UNIT($,.RADIAN.) );
#14112 = ( NAMED_UNIT(*) SI_UNIT($,.STERADIAN.) SOLID_ANGLE_UNIT() );
#14113 = UNCERTAINTY_MEASURE_WITH_UNIT(LENGTH_MEASURE(1.E-07),#14110,
  'distance_accuracy_value','confusion accuracy');
#14114 = CONTEXT_DEPENDENT_SHAPE_REPRESENTATION(#14115,#14117);
#14115 = ( REPRESENTATION_RELATIONSHIP('','',#14104,#10) 
REPRESENTATION_RELATIONSHIP_WITH_TRANSFORMATION(#14116) 
SHAPE_REPRESENTATION_RELATIONSHIP() );
#14116 = ITEM_DEFINED_TRANSFORMATION('','',#11,#43);
#14117 = PRODUCT_DEFINITION_SHAPE('Placement','Placement of an item',
  #14118);
#14118 = NEXT_ASSEMBLY_USAGE_OCCURRENCE('18','=>[0:1:1:18]','',#5,#14099
  ,$);
#14119 = PRODUCT_RELATED_PRODUCT_CATEGORY('part',$,(#14101));
#14120 = SHAPE_DEFINITION_REPRESENTATION(#14121,#14127);
#14121 = PRODUCT_DEFINITION_SHAPE('','',#14122);
#14122 = PRODUCT_DEFINITION('design','',#14123,#14126);
#14123 = PRODUCT_DEFINITION_FORMATION('','',#14124);
#14124 = PRODUCT('SOLID','SOLID','',(#14125));
#14125 = PRODUCT_CONTEXT('',#2,'mechanical');
#14126 = PRODUCT_DEFINITION_CONTEXT('part definition',#2,'design');
#14127 = ADVANCED_BREP_SHAPE_REPRESENTATION('',(#11,#14128),#14186);
#14128 = MANIFOLD_SOLID_BREP('',#14129);
#14129 = CLOSED_SHELL('',(#14130));
#14130 = ADVANCED_FACE('',(#14131),#14144,.T.);
#14131 = FACE_BOUND('',#14132,.T.);
#14132 = EDGE_LOOP('',(#14133,#14162,#14184,#14185));
#14133 = ORIENTED_EDGE('',*,*,#14134,.F.);
#14134 = EDGE_CURVE('',#14135,#14135,#14137,.T.);
#14135 = VERTEX_POINT('',#14136);
#14136 = CARTESIAN_POINT('',(1.525,-3.735172737399E-16,
    -6.123233995737E-18));
#14137 = SEAM_CURVE('',#14138,(#14143,#14155),.PCURVE_S1.);
#14138 = CIRCLE('',#14139,1.525);
#14139 = AXIS2_PLACEMENT_3D('',#14140,#14141,#14142);
#14140 = CARTESIAN_POINT('',(0.,0.,-6.123233995737E-18));
#14141 = DIRECTION('',(0.,0.,1.));
#14142 = DIRECTION('',(1.,0.,-0.));
#14143 = PCURVE('',#14144,#14149);
#14144 = TOROIDAL_SURFACE('',#14145,1.5,2.5E-02);
#14145 = AXIS2_PLACEMENT_3D('',#14146,#14147,#14148);
#14146 = CARTESIAN_POINT('',(0.,0.,0.));
#14147 = DIRECTION('',(0.,0.,1.));
#14148 = DIRECTION('',(1.,0.,-0.));
#14149 = DEFINITIONAL_REPRESENTATION('',(#14150),#14154);
#14150 = LINE('',#14151,#14152);
#14151 = CARTESIAN_POINT('',(0.,6.28318530718));
#14152 = VECTOR('',#14153,1.);
#14153 = DIRECTION('',(1.,0.));
#14154 = ( GEOMETRIC_REPRESENTATION_CONTEXT(2) 
PARAMETRIC_REPRESENTATION_CONTEXT() REPRESENTATION_CONTEXT('2D SPACE',''
  ) );
#14155 = PCURVE('',#14144,#14156);
#14156 = DEFINITIONAL_REPRESENTATION('',(#14157),#14161);
#14157 = LINE('',#14158,#14159);
#14158 = CARTESIAN_POINT('',(0.,0.));
#14159 = VECTOR('',#14160,1.);
#14160 = DIRECTION('',(1.,0.));
#14161 = ( GEOMETRIC_REPRESENTATION_CONTEXT(2) 
PARAMETRIC_REPRESENTATION_CONTEXT() REPRESENTATION_CONTEXT('2D SPACE',''
  ) );
#14162 = ORIENTED_EDGE('',*,*,#14163,.F.);
#14163 = EDGE_CURVE('',#14135,#14135,#14164,.T.);
#14164 = SEAM_CURVE('',#14165,(#14170,#14177),.PCURVE_S1.);
#14165 = CIRCLE('',#14166,2.5E-02);
#14166 = AXIS2_PLACEMENT_3D('',#14167,#14168,#14169);
#14167 = CARTESIAN_POINT('',(1.5,-3.673940397442E-16,0.));
#14168 = DIRECTION('',(-2.449293598295E-16,-1.,0.));
#14169 = DIRECTION('',(1.,-2.449293598295E-16,0.));
#14170 = PCURVE('',#14144,#14171);
#14171 = DEFINITIONAL_REPRESENTATION('',(#14172),#14176);
#14172 = LINE('',#14173,#14174);
#14173 = CARTESIAN_POINT('',(6.28318530718,-0.));
#14174 = VECTOR('',#14175,1.);
#14175 = DIRECTION('',(0.,1.));
#14176 = ( GEOMETRIC_REPRESENTATION_CONTEXT(2) 
PARAMETRIC_REPRESENTATION_CONTEXT() REPRESENTATION_CONTEXT('2D SPACE',''
  ) );
#14177 = PCURVE('',#14144,#14178);
#14178 = DEFINITIONAL_REPRESENTATION('',(#14179),#14183);
#14179 = LINE('',#14180,#14181);
#14180 = CARTESIAN_POINT('',(0.,-0.));
#14181 = VECTOR('',#14182,1.);
#14182 = DIRECTION('',(0.,1.));
#14183 = ( GEOMETRIC_REPRESENTATION_CONTEXT(2) 
PARAMETRIC_REPRESENTATION_CONTEXT() REPRESENTATION_CONTEXT('2D SPACE',''
  ) );
#14184 = ORIENTED_EDGE('',*,*,#14134,.T.);
#14185 = ORIENTED_EDGE('',*,*,#14163,.T.);
#14186 = ( GEOMETRIC_REPRESENTATION_CONTEXT(3) 
GLOBAL_UNCERTAINTY_ASSIGNED_CONTEXT((#14190)) 
GLOBAL_UNIT_ASSIGNED_CONTEXT((#14187,#14188,#14189)) 
REPRESENTATION_CONTEXT('Context #1',
  '3D Context with UNIT and UNCERTAINTY') );
#14187 = ( LENGTH_UNIT() NAMED_UNIT(*) SI_UNIT(.MILLI.,.METRE.) );
#14188 = ( NAMED_UNIT(*) PLANE_ANGLE_UNIT() SI_UNIT($,.RADIAN.) );
#14189 = ( NAMED_UNIT(*) SI_UNIT($,.STERADIAN.) SOLID_ANGLE_UNIT() );
#14190 = UNCERTAINTY_MEASURE_WITH_UNIT(LENGTH_MEASURE(1.E-07),#14187,
  'distance_accuracy_value','confusion accuracy');
#14191 = CONTEXT_DEPENDENT_SHAPE_REPRESENTATION(#14192,#14194);
#14192 = ( REPRESENTATION_RELATIONSHIP('','',#14127,#14104) 
REPRESENTATION_RELATIONSHIP_WITH_TRANSFORMATION(#14193) 
SHAPE_REPRESENTATION_RELATIONSHIP() );
#14193 = ITEM_DEFINED_TRANSFORMATION('','',#11,#14105);
#14194 = PRODUCT_DEFINITION_SHAPE('Placement','Placement of an item',
  #14195);
#14195 = NEXT_ASSEMBLY_USAGE_OCCURRENCE('17','=>[0:1:1:19]','',#14099,
  #14122,$);
#14196 = PRODUCT_RELATED_PRODUCT_CATEGORY('part',$,(#14124));
#14197 = SHAPE_DEFINITION_REPRESENTATION(#14198,#14204);
#14198 = PRODUCT_DEFINITION_SHAPE('','',#14199);
#14199 = PRODUCT_DEFINITION('design','',#14200,#14203);
#14200 = PRODUCT_DEFINITION_FORMATION('','',#14201);
#14201 = PRODUCT('ASSEMBLY','ASSEMBLY','',(#14202));
#14202 = PRODUCT_CONTEXT('',#2,'mechanical');
#14203 = PRODUCT_DEFINITION_CONTEXT('part definition',#2,'design');
#14204 = SHAPE_REPRESENTATION('',(#11,#14205),#14209);
#14205 = AXIS2_PLACEMENT_3D('',#14206,#14207,#14208);
#14206 = CARTESIAN_POINT('',(0.,0.,0.));
#14207 = DIRECTION('',(0.,0.,1.));
#14208 = DIRECTION('',(1.,0.,-0.));
#14209 = ( GEOMETRIC_REPRESENTATION_CONTEXT(3) 
GLOBAL_UNCERTAINTY_ASSIGNED_CONTEXT((#14213)) 
GLOBAL_UNIT_ASSIGNED_CONTEXT((#14210,#14211,#14212)) 
REPRESENTATION_CONTEXT('Context #1',
  '3D Context with UNIT and UNCERTAINTY') );
#14210 = ( LENGTH_UNIT() NAMED_UNIT(*) SI_UNIT(.MILLI.,.METRE.) );
#14211 = ( NAMED_UNIT(*) PLANE_ANGLE_UNIT() SI_UNIT($,.RADIAN.) );
#14212 = ( NAMED_UNIT(*) SI_UNIT($,.STERADIAN.) SOLID_ANGLE_UNIT() );
#14213 = UNCERTAINTY_MEASURE_WITH_UNIT(LENGTH_MEASURE(1.E-07),#14210,
  'distance_accuracy_value','confusion accuracy');
#14214 = CONTEXT_DEPENDENT_SHAPE_REPRESENTATION(#14215,#14217);
#14215 = ( REPRESENTATION_RELATIONSHIP('','',#14204,#10) 
REPRESENTATION_RELATIONSHIP_WITH_TRANSFORMATION(#14216) 
SHAPE_REPRESENTATION_RELATIONSHIP() );
#14216 = ITEM_DEFINED_TRANSFORMATION('','',#11,#47);
#14217 = PRODUCT_DEFINITION_SHAPE('Placement','Placement of an item',
  #14218);
#14218 = NEXT_ASSEMBLY_USAGE_OCCURRENCE('20','=>[0:1:1:20]','',#5,#14199
  ,$);
#14219 = PRODUCT_RELATED_PRODUCT_CATEGORY('part',$,(#14201));
#14220 = SHAPE_DEFINITION_REPRESENTATION(#14221,#14227);
#14221 = PRODUCT_DEFINITION_SHAPE('','',#14222);
#14222 = PRODUCT_DEFINITION('design','',#14223,#14226);
#14223 = PRODUCT_DEFINITION_FORMATION('','',#14224);
#14224 = PRODUCT('SOLID','SOLID','',(#14225));
#14225 = PRODUCT_CONTEXT('',#2,'mechanical');
#14226 = PRODUCT_DEFINITION_CONTEXT('part definition',#2,'design');
#14227 = ADVANCED_BREP_SHAPE_REPRESENTATION('',(#11,#14228),#14286);
#14228 = MANIFOLD_SOLID_BREP('',#14229);
#14229 = CLOSED_SHELL('',(#14230));
#14230 = ADVANCED_FACE('',(#14231),#14244,.T.);
#14231 = FACE_BOUND('',#14232,.T.);
#14232 = EDGE_LOOP('',(#14233,#14262,#14284,#14285));
#14233 = ORIENTED_EDGE('',*,*,#14234,.F.);
#14234 = EDGE_CURVE('',#14235,#14235,#14237,.T.);
#14235 = VERTEX_POINT('',#14236);
#14236 = CARTESIAN_POINT('',(1.525,-3.735172737399E-16,
    -6.123233995737E-18));
#14237 = SEAM_CURVE('',#14238,(#14243,#14255),.PCURVE_S1.);
#14238 = CIRCLE('',#14239,1.525);
#14239 = AXIS2_PLACEMENT_3D('',#14240,#14241,#14242);
#14240 = CARTESIAN_POINT('',(0.,0.,-6.123233995737E-18));
#14241 = DIRECTION('',(0.,0.,1.));
#14242 = DIRECTION('',(1.,0.,-0.));
#14243 = PCURVE('',#14244,#14249);
#14244 = TOROIDAL_SURFACE('',#14245,1.5,2.5E-02);
#14245 = AXIS2_PLACEMENT_3D('',#14246,#14247,#14248);
#14246 = CARTESIAN_POINT('',(0.,0.,0.));
#14247 = DIRECTION('',(0.,0.,1.));
#14248 = DIRECTION('',(1.,0.,-0.));
#14249 = DEFINITIONAL_REPRESENTATION('',(#14250),#14254);
#14250 = LINE('',#14251,#14252);
#14251 = CARTESIAN_POINT('',(0.,6.28318530718));
#14252 = VECTOR('',#14253,1.);
#14253 = DIRECTION('',(1.,0.));
#14254 = ( GEOMETRIC_REPRESENTATION_CONTEXT(2) 
PARAMETRIC_REPRESENTATION_CONTEXT() REPRESENTATION_CONTEXT('2D SPACE',''
  ) );
#14255 = PCURVE('',#14244,#14256);
#14256 = DEFINITIONAL_REPRESENTATION('',(#14257),#14261);
#14257 = LINE('',#14258,#14259);
#14258 = CARTESIAN_POINT('',(0.,0.));
#14259 = VECTOR('',#14260,1.);
#14260 = DIRECTION('',(1.,0.));
#14261 = ( GEOMETRIC_REPRESENTATION_CONTEXT(2) 
PARAMETRIC_REPRESENTATION_CONTEXT() REPRESENTATION_CONTEXT('2D SPACE',''
  ) );
#14262 = ORIENTED_EDGE('',*,*,#14263,.F.);
#14263 = EDGE_CURVE('',#14235,#14235,#14264,.T.);
#14264 = SEAM_CURVE('',#14265,(#14270,#14277),.PCURVE_S1.);
#14265 = CIRCLE('',#14266,2.5E-02);
#14266 = AXIS2_PLACEMENT_3D('',#14267,#14268,#14269);
#14267 = CARTESIAN_POINT('',(1.5,-3.673940397442E-16,0.));
#14268 = DIRECTION('',(-2.449293598295E-16,-1.,0.));
#14269 = DIRECTION('',(1.,-2.449293598295E-16,0.));
#14270 = PCURVE('',#14244,#14271);
#14271 = DEFINITIONAL_REPRESENTATION('',(#14272),#14276);
#14272 = LINE('',#14273,#14274);
#14273 = CARTESIAN_POINT('',(6.28318530718,-0.));
#14274 = VECTOR('',#14275,1.);
#14275 = DIRECTION('',(0.,1.));
#14276 = ( GEOMETRIC_REPRESENTATION_CONTEXT(2) 
PARAMETRIC_REPRESENTATION_CONTEXT() REPRESENTATION_CONTEXT('2D SPACE',''
  ) );
#14277 = PCURVE('',#14244,#14278);
#14278 = DEFINITIONAL_REPRESENTATION('',(#14279),#14283);
#14279 = LINE('',#14280,#14281);
#14280 = CARTESIAN_POINT('',(0.,-0.));
#14281 = VECTOR('',#14282,1.);
#14282 = DIRECTION('',(0.,1.));
#14283 = ( GEOMETRIC_REPRESENTATION_CONTEXT(2) 
PARAMETRIC_REPRESENTATION_CONTEXT() REPRESENTATION_CONTEXT('2D SPACE',''
  ) );
#14284 = ORIENTED_EDGE('',*,*,#14234,.T.);
#14285 = ORIENTED_EDGE('',*,*,#14263,.T.);
#14286 = ( GEOMETRIC_REPRESENTATION_CONTEXT(3) 
GLOBAL_UNCERTAINTY_ASSIGNED_CONTEXT((#14290)) 
GLOBAL_UNIT_ASSIGNED_CONTEXT((#14287,#14288,#14289)) 
REPRESENTATION_CONTEXT('Context #1',
  '3D Context with UNIT and UNCERTAINTY') );
#14287 = ( LENGTH_UNIT() NAMED_UNIT(*) SI_UNIT(.MILLI.,.METRE.) );
#14288 = ( NAMED_UNIT(*) PLANE_ANGLE_UNIT() SI_UNIT($,.RADIAN.) );
#14289 = ( NAMED_UNIT(*) SI_UNIT($,.STERADIAN.) SOLID_ANGLE_UNIT() );
#14290 = UNCERTAINTY_MEASURE_WITH_UNIT(LENGTH_MEASURE(1.E-07),#14287,
  'distance_accuracy_value','confusion accuracy');
#14291 = CONTEXT_DEPENDENT_SHAPE_REPRESENTATION(#14292,#14294);
#14292 = ( REPRESENTATION_RELATIONSHIP('','',#14227,#14204) 
REPRESENTATION_RELATIONSHIP_WITH_TRANSFORMATION(#14293) 
SHAPE_REPRESENTATION_RELATIONSHIP() );
#14293 = ITEM_DEFINED_TRANSFORMATION('','',#11,#14205);
#14294 = PRODUCT_DEFINITION_SHAPE('Placement','Placement of an item',
  #14295);
#14295 = NEXT_ASSEMBLY_USAGE_OCCURRENCE('19','=>[0:1:1:21]','',#14199,
  #14222,$);
#14296 = PRODUCT_RELATED_PRODUCT_CATEGORY('part',$,(#14224));
#14297 = SHAPE_DEFINITION_REPRESENTATION(#14298,#14304);
#14298 = PRODUCT_DEFINITION_SHAPE('','',#14299);
#14299 = PRODUCT_DEFINITION('design','',#14300,#14303);
#14300 = PRODUCT_DEFINITION_FORMATION('','',#14301);
#14301 = PRODUCT('ASSEMBLY','ASSEMBLY','',(#14302));
#14302 = PRODUCT_CONTEXT('',#2,'mechanical');
#14303 = PRODUCT_DEFINITION_CONTEXT('part definition',#2,'design');
#14304 = SHAPE_REPRESENTATION('',(#11,#14305),#14309);
#14305 = AXIS2_PLACEMENT_3D('',#14306,#14307,#14308);
#14306 = CARTESIAN_POINT('',(0.,0.,0.));
#14307 = DIRECTION('',(0.,0.,1.));
#14308 = DIRECTION('',(1.,0.,-0.));
#14309 = ( GEOMETRIC_REPRESENTATION_CONTEXT(3) 
GLOBAL_UNCERTAINTY_ASSIGNED_CONTEXT((#14313)) 
GLOBAL_UNIT_ASSIGNED_CONTEXT((#14310,#14311,#14312)) 
REPRESENTATION_CONTEXT('Context #1',
  '3D Context with UNIT and UNCERTAINTY') );
#14310 = ( LENGTH_UNIT() NAMED_UNIT(*) SI_UNIT(.MILLI.,.METRE.) );
#14311 = ( NAMED_UNIT(*) PLANE_ANGLE_UNIT() SI_UNIT($,.RADIAN.) );
#14312 = ( NAMED_UNIT(*) SI_UNIT($,.STERADIAN.) SOLID_ANGLE_UNIT() );
#14313 = UNCERTAINTY_MEASURE_WITH_UNIT(LENGTH_MEASURE(1.E-07),#14310,
  'distance_accuracy_value','confusion accuracy');
#14314 = CONTEXT_DEPENDENT_SHAPE_REPRESENTATION(#14315,#14317);
#14315 = ( REPRESENTATION_RELATIONSHIP('','',#14304,#10) 
REPRESENTATION_RELATIONSHIP_WITH_TRANSFORMATION(#14316) 
SHAPE_REPRESENTATION_RELATIONSHIP() );
#14316 = ITEM_DEFINED_TRANSFORMATION('','',#11,#51);
#14317 = PRODUCT_DEFINITION_SHAPE('Placement','Placement of an item',
  #14318);
#14318 = NEXT_ASSEMBLY_USAGE_OCCURRENCE('22','=>[0:1:1:22]','',#5,#14299
  ,$);
#14319 = PRODUCT_RELATED_PRODUCT_CATEGORY('part',$,(#14301));
#14320 = SHAPE_DEFINITION_REPRESENTATION(#14321,#14327);
#14321 = PRODUCT_DEFINITION_SHAPE('','',#14322);
#14322 = PRODUCT_DEFINITION('design','',#14323,#14326);
#14323 = PRODUCT_DEFINITION_FORMATION('','',#14324);
#14324 = PRODUCT('SOLID','SOLID','',(#14325));
#14325 = PRODUCT_CONTEXT('',#2,'mechanical');
#14326 = PRODUCT_DEFINITION_CONTEXT('part definition',#2,'design');
#14327 = ADVANCED_BREP_SHAPE_REPRESENTATION('',(#11,#14328),#14386);
#14328 = MANIFOLD_SOLID_BREP('',#14329);
#14329 = CLOSED_SHELL('',(#14330));
#14330 = ADVANCED_FACE('',(#14331),#14344,.T.);
#14331 = FACE_BOUND('',#14332,.T.);
#14332 = EDGE_LOOP('',(#14333,#14362,#14384,#14385));
#14333 = ORIENTED_EDGE('',*,*,#14334,.F.);
#14334 = EDGE_CURVE('',#14335,#14335,#14337,.T.);
#14335 = VERTEX_POINT('',#14336);
#14336 = CARTESIAN_POINT('',(1.525,-3.735172737399E-16,
    -6.123233995737E-18));
#14337 = SEAM_CURVE('',#14338,(#14343,#14355),.PCURVE_S1.);
#14338 = CIRCLE('',#14339,1.525);
#14339 = AXIS2_PLACEMENT_3D('',#14340,#14341,#14342);
#14340 = CARTESIAN_POINT('',(0.,0.,-6.123233995737E-18));
#14341 = DIRECTION('',(0.,0.,1.));
#14342 = DIRECTION('',(1.,0.,-0.));
#14343 = PCURVE('',#14344,#14349);
#14344 = TOROIDAL_SURFACE('',#14345,1.5,2.5E-02);
#14345 = AXIS2_PLACEMENT_3D('',#14346,#14347,#14348);
#14346 = CARTESIAN_POINT('',(0.,0.,0.));
#14347 = DIRECTION('',(0.,0.,1.));
#14348 = DIRECTION('',(1.,0.,-0.));
#14349 = DEFINITIONAL_REPRESENTATION('',(#14350),#14354);
#14350 = LINE('',#14351,#14352);
#14351 = CARTESIAN_POINT('',(0.,6.28318530718));
#14352 = VECTOR('',#14353,1.);
#14353 = DIRECTION('',(1.,0.));
#14354 = ( GEOMETRIC_REPRESENTATION_CONTEXT(2) 
PARAMETRIC_REPRESENTATION_CONTEXT() REPRESENTATION_CONTEXT('2D SPACE',''
  ) );
#14355 = PCURVE('',#14344,#14356);
#14356 = DEFINITIONAL_REPRESENTATION('',(#14357),#14361);
#14357 = LINE('',#14358,#14359);
#14358 = CARTESIAN_POINT('',(0.,0.));
#14359 = VECTOR('',#14360,1.);
#14360 = DIRECTION('',(1.,0.));
#14361 = ( GEOMETRIC_REPRESENTATION_CONTEXT(2) 
PARAMETRIC_REPRESENTATION_CONTEXT() REPRESENTATION_CONTEXT('2D SPACE',''
  ) );
#14362 = ORIENTED_EDGE('',*,*,#14363,.F.);
#14363 = EDGE_CURVE('',#14335,#14335,#14364,.T.);
#14364 = SEAM_CURVE('',#14365,(#14370,#14377),.PCURVE_S1.);
#14365 = CIRCLE('',#14366,2.5E-02);
#14366 = AXIS2_PLACEMENT_3D('',#14367,#14368,#14369);
#14367 = CARTESIAN_POINT('',(1.5,-3.673940397442E-16,0.));
#14368 = DIRECTION('',(-2.449293598295E-16,-1.,0.));
#14369 = DIRECTION('',(1.,-2.449293598295E-16,0.));
#14370 = PCURVE('',#14344,#14371);
#14371 = DEFINITIONAL_REPRESENTATION('',(#14372),#14376);
#14372 = LINE('',#14373,#14374);
#14373 = CARTESIAN_POINT('',(6.28318530718,-0.));
#14374 = VECTOR('',#14375,1.);
#14375 = DIRECTION('',(0.,1.));
#14376 = ( GEOMETRIC_REPRESENTATION_CONTEXT(2) 
PARAMETRIC_REPRESENTATION_CONTEXT() REPRESENTATION_CONTEXT('2D SPACE',''
  ) );
#14377 = PCURVE('',#14344,#14378);
#14378 = DEFINITIONAL_REPRESENTATION('',(#14379),#14383);
#14379 = LINE('',#14380,#14381);
#14380 = CARTESIAN_POINT('',(0.,-0.));
#14381 = VECTOR('',#14382,1.);
#14382 = DIRECTION('',(0.,1.));
#14383 = ( GEOMETRIC_REPRESENTATION_CONTEXT(2) 
PARAMETRIC_REPRESENTATION_CONTEXT() REPRESENTATION_CONTEXT('2D SPACE',''
  ) );
#14384 = ORIENTED_EDGE('',*,*,#14334,.T.);
#14385 = ORIENTED_EDGE('',*,*,#14363,.T.);
#14386 = ( GEOMETRIC_REPRESENTATION_CONTEXT(3) 
GLOBAL_UNCERTAINTY_ASSIGNED_CONTEXT((#14390)) 
GLOBAL_UNIT_ASSIGNED_CONTEXT((#14387,#14388,#14389)) 
REPRESENTATION_CONTEXT('Context #1',
  '3D Context with UNIT and UNCERTAINTY') );
#14387 = ( LENGTH_UNIT() NAMED_UNIT(*) SI_UNIT(.MILLI.,.METRE.) );
#14388 = ( NAMED_UNIT(*) PLANE_ANGLE_UNIT() SI_UNIT($,.RADIAN.) );
#14389 = ( NAMED_UNIT(*) SI_UNIT($,.STERADIAN.) SOLID_ANGLE_UNIT() );
#14390 = UNCERTAINTY_MEASURE_WITH_UNIT(LENGTH_MEASURE(1.E-07),#14387,
  'distance_accuracy_value','confusion accuracy');
#14391 = CONTEXT_DEPENDENT_SHAPE_REPRESENTATION(#14392,#14394);
#14392 = ( REPRESENTATION_RELATIONSHIP('','',#14327,#14304) 
REPRESENTATION_RELATIONSHIP_WITH_TRANSFORMATION(#14393) 
SHAPE_REPRESENTATION_RELATIONSHIP() );
#14393 = ITEM_DEFINED_TRANSFORMATION('','',#11,#14305);
#14394 = PRODUCT_DEFINITION_SHAPE('Placement','Placement of an item',
  #14395);
#14395 = NEXT_ASSEMBLY_USAGE_OCCURRENCE('21','=>[0:1:1:23]','',#14299,
  #14322,$);
#14396 = PRODUCT_RELATED_PRODUCT_CATEGORY('part',$,(#14324));
#14397 = SHAPE_DEFINITION_REPRESENTATION(#14398,#14404);
#14398 = PRODUCT_DEFINITION_SHAPE('','',#14399);
#14399 = PRODUCT_DEFINITION('design','',#14400,#14403);
#14400 = PRODUCT_DEFINITION_FORMATION('','',#14401);
#14401 = PRODUCT('ASSEMBLY','ASSEMBLY','',(#14402));
#14402 = PRODUCT_CONTEXT('',#2,'mechanical');
#14403 = PRODUCT_DEFINITION_CONTEXT('part definition',#2,'design');
#14404 = SHAPE_REPRESENTATION('',(#11,#14405),#14409);
#14405 = AXIS2_PLACEMENT_3D('',#14406,#14407,#14408);
#14406 = CARTESIAN_POINT('',(0.,0.,0.));
#14407 = DIRECTION('',(0.,0.,1.));
#14408 = DIRECTION('',(1.,0.,-0.));
#14409 = ( GEOMETRIC_REPRESENTATION_CONTEXT(3) 
GLOBAL_UNCERTAINTY_ASSIGNED_CONTEXT((#14413)) 
GLOBAL_UNIT_ASSIGNED_CONTEXT((#14410,#14411,#14412)) 
REPRESENTATION_CONTEXT('Context #1',
  '3D Context with UNIT and UNCERTAINTY') );
#14410 = ( LENGTH_UNIT() NAMED_UNIT(*) SI_UNIT(.MILLI.,.METRE.) );
#14411 = ( NAMED_UNIT(*) PLANE_ANGLE_UNIT() SI_UNIT($,.RADIAN.) );
#14412 = ( NAMED_UNIT(*) SI_UNIT($,.STERADIAN.) SOLID_ANGLE_UNIT() );
#14413 = UNCERTAINTY_MEASURE_WITH_UNIT(LENGTH_MEASURE(1.E-07),#14410,
  'distance_accuracy_value','confusion accuracy');
#14414 = CONTEXT_DEPENDENT_SHAPE_REPRESENTATION(#14415,#14417);
#14415 = ( REPRESENTATION_RELATIONSHIP('','',#14404,#10) 
REPRESENTATION_RELATIONSHIP_WITH_TRANSFORMATION(#14416) 
SHAPE_REPRESENTATION_RELATIONSHIP() );
#14416 = ITEM_DEFINED_TRANSFORMATION('','',#11,#55);
#14417 = PRODUCT_DEFINITION_SHAPE('Placement','Placement of an item',
  #14418);
#14418 = NEXT_ASSEMBLY_USAGE_OCCURRENCE('24','=>[0:1:1:24]','',#5,#14399
  ,$);
#14419 = PRODUCT_RELATED_PRODUCT_CATEGORY('part',$,(#14401));
#14420 = SHAPE_DEFINITION_REPRESENTATION(#14421,#14427);
#14421 = PRODUCT_DEFINITION_SHAPE('','',#14422);
#14422 = PRODUCT_DEFINITION('design','',#14423,#14426);
#14423 = PRODUCT_DEFINITION_FORMATION('','',#14424);
#14424 = PRODUCT('SOLID','SOLID','',(#14425));
#14425 = PRODUCT_CONTEXT('',#2,'mechanical');
#14426 = PRODUCT_DEFINITION_CONTEXT('part definition',#2,'design');
#14427 = ADVANCED_BREP_SHAPE_REPRESENTATION('',(#11,#14428),#14486);
#14428 = MANIFOLD_SOLID_BREP('',#14429);
#14429 = CLOSED_SHELL('',(#14430));
#14430 = ADVANCED_FACE('',(#14431),#14444,.T.);
#14431 = FACE_BOUND('',#14432,.T.);
#14432 = EDGE_LOOP('',(#14433,#14462,#14484,#14485));
#14433 = ORIENTED_EDGE('',*,*,#14434,.F.);
#14434 = EDGE_CURVE('',#14435,#14435,#14437,.T.);
#14435 = VERTEX_POINT('',#14436);
#14436 = CARTESIAN_POINT('',(1.525,-3.735172737399E-16,
    -6.123233995737E-18));
#14437 = SEAM_CURVE('',#14438,(#14443,#14455),.PCURVE_S1.);
#14438 = CIRCLE('',#14439,1.525);
#14439 = AXIS2_PLACEMENT_3D('',#14440,#14441,#14442);
#14440 = CARTESIAN_POINT('',(0.,0.,-6.123233995737E-18));
#14441 = DIRECTION('',(0.,0.,1.));
#14442 = DIRECTION('',(1.,0.,-0.));
#14443 = PCURVE('',#14444,#14449);
#14444 = TOROIDAL_SURFACE('',#14445,1.5,2.5E-02);
#14445 = AXIS2_PLACEMENT_3D('',#14446,#14447,#14448);
#14446 = CARTESIAN_POINT('',(0.,0.,0.));
#14447 = DIRECTION('',(0.,0.,1.));
#14448 = DIRECTION('',(1.,0.,-0.));
#14449 = DEFINITIONAL_REPRESENTATION('',(#14450),#14454);
#14450 = LINE('',#14451,#14452);
#14451 = CARTESIAN_POINT('',(0.,6.28318530718));
#14452 = VECTOR('',#14453,1.);
#14453 = DIRECTION('',(1.,0.));
#14454 = ( GEOMETRIC_REPRESENTATION_CONTEXT(2) 
PARAMETRIC_REPRESENTATION_CONTEXT() REPRESENTATION_CONTEXT('2D SPACE',''
  ) );
#14455 = PCURVE('',#14444,#14456);
#14456 = DEFINITIONAL_REPRESENTATION('',(#14457),#14461);
#14457 = LINE('',#14458,#14459);
#14458 = CARTESIAN_POINT('',(0.,0.));
#14459 = VECTOR('',#14460,1.);
#14460 = DIRECTION('',(1.,0.));
#14461 = ( GEOMETRIC_REPRESENTATION_CONTEXT(2) 
PARAMETRIC_REPRESENTATION_CONTEXT() REPRESENTATION_CONTEXT('2D SPACE',''
  ) );
#14462 = ORIENTED_EDGE('',*,*,#14463,.F.);
#14463 = EDGE_CURVE('',#14435,#14435,#14464,.T.);
#14464 = SEAM_CURVE('',#14465,(#14470,#14477),.PCURVE_S1.);
#14465 = CIRCLE('',#14466,2.5E-02);
#14466 = AXIS2_PLACEMENT_3D('',#14467,#14468,#14469);
#14467 = CARTESIAN_POINT('',(1.5,-3.673940397442E-16,0.));
#14468 = DIRECTION('',(-2.449293598295E-16,-1.,0.));
#14469 = DIRECTION('',(1.,-2.449293598295E-16,0.));
#14470 = PCURVE('',#14444,#14471);
#14471 = DEFINITIONAL_REPRESENTATION('',(#14472),#14476);
#14472 = LINE('',#14473,#14474);
#14473 = CARTESIAN_POINT('',(6.28318530718,-0.));
#14474 = VECTOR('',#14475,1.);
#14475 = DIRECTION('',(0.,1.));
#14476 = ( GEOMETRIC_REPRESENTATION_CONTEXT(2) 
PARAMETRIC_REPRESENTATION_CONTEXT() REPRESENTATION_CONTEXT('2D SPACE',''
  ) );
#14477 = PCURVE('',#14444,#14478);
#14478 = DEFINITIONAL_REPRESENTATION('',(#14479),#14483);
#14479 = LINE('',#14480,#14481);
#14480 = CARTESIAN_POINT('',(0.,-0.));
#14481 = VECTOR('',#14482,1.);
#14482 = DIRECTION('',(0.,1.));
#14483 = ( GEOMETRIC_REPRESENTATION_CONTEXT(2) 
PARAMETRIC_REPRESENTATION_CONTEXT() REPRESENTATION_CONTEXT('2D SPACE',''
  ) );
#14484 = ORIENTED_EDGE('',*,*,#14434,.T.);
#14485 = ORIENTED_EDGE('',*,*,#14463,.T.);
#14486 = ( GEOMETRIC_REPRESENTATION_CONTEXT(3) 
GLOBAL_UNCERTAINTY_ASSIGNED_CONTEXT((#14490)) 
GLOBAL_UNIT_ASSIGNED_CONTEXT((#14487,#14488,#14489)) 
REPRESENTATION_CONTEXT('Context #1',
  '3D Context with UNIT and UNCERTAINTY') );
#14487 = ( LENGTH_UNIT() NAMED_UNIT(*) SI_UNIT(.MILLI.,.METRE.) );
#14488 = ( NAMED_UNIT(*) PLANE_ANGLE_UNIT() SI_UNIT($,.RADIAN.) );
#14489 = ( NAMED_UNIT(*) SI_UNIT($,.STERADIAN.) SOLID_ANGLE_UNIT() );
#14490 = UNCERTAINTY_MEASURE_WITH_UNIT(LENGTH_MEASURE(1.E-07),#14487,
  'distance_accuracy_value','confusion accuracy');
#14491 = CONTEXT_DEPENDENT_SHAPE_REPRESENTATION(#14492,#14494);
#14492 = ( REPRESENTATION_RELATIONSHIP('','',#14427,#14404) 
REPRESENTATION_RELATIONSHIP_WITH_TRANSFORMATION(#14493) 
SHAPE_REPRESENTATION_RELATIONSHIP() );
#14493 = ITEM_DEFINED_TRANSFORMATION('','',#11,#14405);
#14494 = PRODUCT_DEFINITION_SHAPE('Placement','Placement of an item',
  #14495);
#14495 = NEXT_ASSEMBLY_USAGE_OCCURRENCE('23','=>[0:1:1:25]','',#14399,
  #14422,$);
#14496 = PRODUCT_RELATED_PRODUCT_CATEGORY('part',$,(#14424));
#14497 = SHAPE_DEFINITION_REPRESENTATION(#14498,#14504);
#14498 = PRODUCT_DEFINITION_SHAPE('','',#14499);
#14499 = PRODUCT_DEFINITION('design','',#14500,#14503);
#14500 = PRODUCT_DEFINITION_FORMATION('','',#14501);
#14501 = PRODUCT('ASSEMBLY','ASSEMBLY','',(#14502));
#14502 = PRODUCT_CONTEXT('',#2,'mechanical');
#14503 = PRODUCT_DEFINITION_CONTEXT('part definition',#2,'design');
#14504 = SHAPE_REPRESENTATION('',(#11,#14505),#14509);
#14505 = AXIS2_PLACEMENT_3D('',#14506,#14507,#14508);
#14506 = CARTESIAN_POINT('',(0.,0.,0.));
#14507 = DIRECTION('',(0.,0.,1.));
#14508 = DIRECTION('',(1.,0.,-0.));
#14509 = ( GEOMETRIC_REPRESENTATION_CONTEXT(3) 
GLOBAL_UNCERTAINTY_ASSIGNED_CONTEXT((#14513)) 
GLOBAL_UNIT_ASSIGNED_CONTEXT((#14510,#14511,#14512)) 
REPRESENTATION_CONTEXT('Context #1',
  '3D Context with UNIT and UNCERTAINTY') );
#14510 = ( LENGTH_UNIT() NAMED_UNIT(*) SI_UNIT(.MILLI.,.METRE.) );
#14511 = ( NAMED_UNIT(*) PLANE_ANGLE_UNIT() SI_UNIT($,.RADIAN.) );
#14512 = ( NAMED_UNIT(*) SI_UNIT($,.STERADIAN.) SOLID_ANGLE_UNIT() );
#14513 = UNCERTAINTY_MEASURE_WITH_UNIT(LENGTH_MEASURE(1.E-07),#14510,
  'distance_accuracy_value','confusion accuracy');
#14514 = CONTEXT_DEPENDENT_SHAPE_REPRESENTATION(#14515,#14517);
#14515 = ( REPRESENTATION_RELATIONSHIP('','',#14504,#10) 
REPRESENTATION_RELATIONSHIP_WITH_TRANSFORMATION(#14516) 
SHAPE_REPRESENTATION_RELATIONSHIP() );
#14516 = ITEM_DEFINED_TRANSFORMATION('','',#11,#59);
#14517 = PRODUCT_DEFINITION_SHAPE('Placement','Placement of an item',
  #14518);
#14518 = NEXT_ASSEMBLY_USAGE_OCCURRENCE('26','=>[0:1:1:26]','',#5,#14499
  ,$);
#14519 = PRODUCT_RELATED_PRODUCT_CATEGORY('part',$,(#14501));
#14520 = SHAPE_DEFINITION_REPRESENTATION(#14521,#14527);
#14521 = PRODUCT_DEFINITION_SHAPE('','',#14522);
#14522 = PRODUCT_DEFINITION('design','',#14523,#14526);
#14523 = PRODUCT_DEFINITION_FORMATION('','',#14524);
#14524 = PRODUCT('SOLID','SOLID','',(#14525));
#14525 = PRODUCT_CONTEXT('',#2,'mechanical');
#14526 = PRODUCT_DEFINITION_CONTEXT('part definition',#2,'design');
#14527 = ADVANCED_BREP_SHAPE_REPRESENTATION('',(#11,#14528),#14586);
#14528 = MANIFOLD_SOLID_BREP('',#14529);
#14529 = CLOSED_SHELL('',(#14530));
#14530 = ADVANCED_FACE('',(#14531),#14544,.T.);
#14531 = FACE_BOUND('',#14532,.T.);
#14532 = EDGE_LOOP('',(#14533,#14562,#14584,#14585));
#14533 = ORIENTED_EDGE('',*,*,#14534,.F.);
#14534 = EDGE_CURVE('',#14535,#14535,#14537,.T.);
#14535 = VERTEX_POINT('',#14536);
#14536 = CARTESIAN_POINT('',(1.525,-3.735172737399E-16,
    -6.123233995737E-18));
#14537 = SEAM_CURVE('',#14538,(#14543,#14555),.PCURVE_S1.);
#14538 = CIRCLE('',#14539,1.525);
#14539 = AXIS2_PLACEMENT_3D('',#14540,#14541,#14542);
#14540 = CARTESIAN_POINT('',(0.,0.,-6.123233995737E-18));
#14541 = DIRECTION('',(0.,0.,1.));
#14542 = DIRECTION('',(1.,0.,-0.));
#14543 = PCURVE('',#14544,#14549);
#14544 = TOROIDAL_SURFACE('',#14545,1.5,2.5E-02);
#14545 = AXIS2_PLACEMENT_3D('',#14546,#14547,#14548);
#14546 = CARTESIAN_POINT('',(0.,0.,0.));
#14547 = DIRECTION('',(0.,0.,1.));
#14548 = DIRECTION('',(1.,0.,-0.));
#14549 = DEFINITIONAL_REPRESENTATION('',(#14550),#14554);
#14550 = LINE('',#14551,#14552);
#14551 = CARTESIAN_POINT('',(0.,6.28318530718));
#14552 = VECTOR('',#14553,1.);
#14553 = DIRECTION('',(1.,0.));
#14554 = ( GEOMETRIC_REPRESENTATION_CONTEXT(2) 
PARAMETRIC_REPRESENTATION_CONTEXT() REPRESENTATION_CONTEXT('2D SPACE',''
  ) );
#14555 = PCURVE('',#14544,#14556);
#14556 = DEFINITIONAL_REPRESENTATION('',(#14557),#14561);
#14557 = LINE('',#14558,#14559);
#14558 = CARTESIAN_POINT('',(0.,0.));
#14559 = VECTOR('',#14560,1.);
#14560 = DIRECTION('',(1.,0.));
#14561 = ( GEOMETRIC_REPRESENTATION_CONTEXT(2) 
PARAMETRIC_REPRESENTATION_CONTEXT() REPRESENTATION_CONTEXT('2D SPACE',''
  ) );
#14562 = ORIENTED_EDGE('',*,*,#14563,.F.);
#14563 = EDGE_CURVE('',#14535,#14535,#14564,.T.);
#14564 = SEAM_CURVE('',#14565,(#14570,#14577),.PCURVE_S1.);
#14565 = CIRCLE('',#14566,2.5E-02);
#14566 = AXIS2_PLACEMENT_3D('',#14567,#14568,#14569);
#14567 = CARTESIAN_POINT('',(1.5,-3.673940397442E-16,0.));
#14568 = DIRECTION('',(-2.449293598295E-16,-1.,0.));
#14569 = DIRECTION('',(1.,-2.449293598295E-16,0.));
#14570 = PCURVE('',#14544,#14571);
#14571 = DEFINITIONAL_REPRESENTATION('',(#14572),#14576);
#14572 = LINE('',#14573,#14574);
#14573 = CARTESIAN_POINT('',(6.28318530718,-0.));
#14574 = VECTOR('',#14575,1.);
#14575 = DIRECTION('',(0.,1.));
#14576 = ( GEOMETRIC_REPRESENTATION_CONTEXT(2) 
PARAMETRIC_REPRESENTATION_CONTEXT() REPRESENTATION_CONTEXT('2D SPACE',''
  ) );
#14577 = PCURVE('',#14544,#14578);
#14578 = DEFINITIONAL_REPRESENTATION('',(#14579),#14583);
#14579 = LINE('',#14580,#14581);
#14580 = CARTESIAN_POINT('',(0.,-0.));
#14581 = VECTOR('',#14582,1.);
#14582 = DIRECTION('',(0.,1.));
#14583 = ( GEOMETRIC_REPRESENTATION_CONTEXT(2) 
PARAMETRIC_REPRESENTATION_CONTEXT() REPRESENTATION_CONTEXT('2D SPACE',''
  ) );
#14584 = ORIENTED_EDGE('',*,*,#14534,.T.);
#14585 = ORIENTED_EDGE('',*,*,#14563,.T.);
#14586 = ( GEOMETRIC_REPRESENTATION_CONTEXT(3) 
GLOBAL_UNCERTAINTY_ASSIGNED_CONTEXT((#14590)) 
GLOBAL_UNIT_ASSIGNED_CONTEXT((#14587,#14588,#14589)) 
REPRESENTATION_CONTEXT('Context #1',
  '3D Context with UNIT and UNCERTAINTY') );
#14587 = ( LENGTH_UNIT() NAMED_UNIT(*) SI_UNIT(.MILLI.,.METRE.) );
#14588 = ( NAMED_UNIT(*) PLANE_ANGLE_UNIT() SI_UNIT($,.RADIAN.) );
#14589 = ( NAMED_UNIT(*) SI_UNIT($,.STERADIAN.) SOLID_ANGLE_UNIT() );
#14590 = UNCERTAINTY_MEASURE_WITH_UNIT(LENGTH_MEASURE(1.E-07),#14587,
  'distance_accuracy_value','confusion accuracy');
#14591 = CONTEXT_DEPENDENT_SHAPE_REPRESENTATION(#14592,#14594);
#14592 = ( REPRESENTATION_RELATIONSHIP('','',#14527,#14504) 
REPRESENTATION_RELATIONSHIP_WITH_TRANSFORMATION(#14593) 
SHAPE_REPRESENTATION_RELATIONSHIP() );
#14593 = ITEM_DEFINED_TRANSFORMATION('','',#11,#14505);
#14594 = PRODUCT_DEFINITION_SHAPE('Placement','Placement of an item',
  #14595);
#14595 = NEXT_ASSEMBLY_USAGE_OCCURRENCE('25','=>[0:1:1:27]','',#14499,
  #14522,$);
#14596 = PRODUCT_RELATED_PRODUCT_CATEGORY('part',$,(#14524));
#14597 = SHAPE_DEFINITION_REPRESENTATION(#14598,#14604);
#14598 = PRODUCT_DEFINITION_SHAPE('','',#14599);
#14599 = PRODUCT_DEFINITION('design','',#14600,#14603);
#14600 = PRODUCT_DEFINITION_FORMATION('','',#14601);
#14601 = PRODUCT('ASSEMBLY','ASSEMBLY','',(#14602));
#14602 = PRODUCT_CONTEXT('',#2,'mechanical');
#14603 = PRODUCT_DEFINITION_CONTEXT('part definition',#2,'design');
#14604 = SHAPE_REPRESENTATION('',(#11,#14605),#14609);
#14605 = AXIS2_PLACEMENT_3D('',#14606,#14607,#14608);
#14606 = CARTESIAN_POINT('',(0.,0.,0.));
#14607 = DIRECTION('',(0.,0.,1.));
#14608 = DIRECTION('',(1.,0.,-0.));
#14609 = ( GEOMETRIC_REPRESENTATION_CONTEXT(3) 
GLOBAL_UNCERTAINTY_ASSIGNED_CONTEXT((#14613)) 
GLOBAL_UNIT_ASSIGNED_CONTEXT((#14610,#14611,#14612)) 
REPRESENTATION_CONTEXT('Context #1',
  '3D Context with UNIT and UNCERTAINTY') );
#14610 = ( LENGTH_UNIT() NAMED_UNIT(*) SI_UNIT(.MILLI.,.METRE.) );
#14611 = ( NAMED_UNIT(*) PLANE_ANGLE_UNIT() SI_UNIT($,.RADIAN.) );
#14612 = ( NAMED_UNIT(*) SI_UNIT($,.STERADIAN.) SOLID_ANGLE_UNIT() );
#14613 = UNCERTAINTY_MEASURE_WITH_UNIT(LENGTH_MEASURE(1.E-07),#14610,
  'distance_accuracy_value','confusion accuracy');
#14614 = CONTEXT_DEPENDENT_SHAPE_REPRESENTATION(#14615,#14617);
#14615 = ( REPRESENTATION_RELATIONSHIP('','',#14604,#10) 
REPRESENTATION_RELATIONSHIP_WITH_TRANSFORMATION(#14616) 
SHAPE_REPRESENTATION_RELATIONSHIP() );
#14616 = ITEM_DEFINED_TRANSFORMATION('','',#11,#63);
#14617 = PRODUCT_DEFINITION_SHAPE('Placement','Placement of an item',
  #14618);
#14618 = NEXT_ASSEMBLY_USAGE_OCCURRENCE('28','=>[0:1:1:28]','',#5,#14599
  ,$);
#14619 = PRODUCT_RELATED_PRODUCT_CATEGORY('part',$,(#14601));
#14620 = SHAPE_DEFINITION_REPRESENTATION(#14621,#14627);
#14621 = PRODUCT_DEFINITION_SHAPE('','',#14622);
#14622 = PRODUCT_DEFINITION('design','',#14623,#14626);
#14623 = PRODUCT_DEFINITION_FORMATION('','',#14624);
#14624 = PRODUCT('SOLID','SOLID','',(#14625));
#14625 = PRODUCT_CONTEXT('',#2,'mechanical');
#14626 = PRODUCT_DEFINITION_CONTEXT('part definition',#2,'design');
#14627 = ADVANCED_BREP_SHAPE_REPRESENTATION('',(#11,#14628),#14686);
#14628 = MANIFOLD_SOLID_BREP('',#14629);
#14629 = CLOSED_SHELL('',(#14630));
#14630 = ADVANCED_FACE('',(#14631),#14644,.T.);
#14631 = FACE_BOUND('',#14632,.T.);
#14632 = EDGE_LOOP('',(#14633,#14662,#14684,#14685));
#14633 = ORIENTED_EDGE('',*,*,#14634,.F.);
#14634 = EDGE_CURVE('',#14635,#14635,#14637,.T.);
#14635 = VERTEX_POINT('',#14636);
#14636 = CARTESIAN_POINT('',(1.525,-3.735172737399E-16,
    -6.123233995737E-18));
#14637 = SEAM_CURVE('',#14638,(#14643,#14655),.PCURVE_S1.);
#14638 = CIRCLE('',#14639,1.525);
#14639 = AXIS2_PLACEMENT_3D('',#14640,#14641,#14642);
#14640 = CARTESIAN_POINT('',(0.,0.,-6.123233995737E-18));
#14641 = DIRECTION('',(0.,0.,1.));
#14642 = DIRECTION('',(1.,0.,-0.));
#14643 = PCURVE('',#14644,#14649);
#14644 = TOROIDAL_SURFACE('',#14645,1.5,2.5E-02);
#14645 = AXIS2_PLACEMENT_3D('',#14646,#14647,#14648);
#14646 = CARTESIAN_POINT('',(0.,0.,0.));
#14647 = DIRECTION('',(0.,0.,1.));
#14648 = DIRECTION('',(1.,0.,-0.));
#14649 = DEFINITIONAL_REPRESENTATION('',(#14650),#14654);
#14650 = LINE('',#14651,#14652);
#14651 = CARTESIAN_POINT('',(0.,6.28318530718));
#14652 = VECTOR('',#14653,1.);
#14653 = DIRECTION('',(1.,0.));
#14654 = ( GEOMETRIC_REPRESENTATION_CONTEXT(2) 
PARAMETRIC_REPRESENTATION_CONTEXT() REPRESENTATION_CONTEXT('2D SPACE',''
  ) );
#14655 = PCURVE('',#14644,#14656);
#14656 = DEFINITIONAL_REPRESENTATION('',(#14657),#14661);
#14657 = LINE('',#14658,#14659);
#14658 = CARTESIAN_POINT('',(0.,0.));
#14659 = VECTOR('',#14660,1.);
#14660 = DIRECTION('',(1.,0.));
#14661 = ( GEOMETRIC_REPRESENTATION_CONTEXT(2) 
PARAMETRIC_REPRESENTATION_CONTEXT() REPRESENTATION_CONTEXT('2D SPACE',''
  ) );
#14662 = ORIENTED_EDGE('',*,*,#14663,.F.);
#14663 = EDGE_CURVE('',#14635,#14635,#14664,.T.);
#14664 = SEAM_CURVE('',#14665,(#14670,#14677),.PCURVE_S1.);
#14665 = CIRCLE('',#14666,2.5E-02);
#14666 = AXIS2_PLACEMENT_3D('',#14667,#14668,#14669);
#14667 = CARTESIAN_POINT('',(1.5,-3.673940397442E-16,0.));
#14668 = DIRECTION('',(-2.449293598295E-16,-1.,0.));
#14669 = DIRECTION('',(1.,-2.449293598295E-16,0.));
#14670 = PCURVE('',#14644,#14671);
#14671 = DEFINITIONAL_REPRESENTATION('',(#14672),#14676);
#14672 = LINE('',#14673,#14674);
#14673 = CARTESIAN_POINT('',(6.28318530718,-0.));
#14674 = VECTOR('',#14675,1.);
#14675 = DIRECTION('',(0.,1.));
#14676 = ( GEOMETRIC_REPRESENTATION_CONTEXT(2) 
PARAMETRIC_REPRESENTATION_CONTEXT() REPRESENTATION_CONTEXT('2D SPACE',''
  ) );
#14677 = PCURVE('',#14644,#14678);
#14678 = DEFINITIONAL_REPRESENTATION('',(#14679),#14683);
#14679 = LINE('',#14680,#14681);
#14680 = CARTESIAN_POINT('',(0.,-0.));
#14681 = VECTOR('',#14682,1.);
#14682 = DIRECTION('',(0.,1.));
#14683 = ( GEOMETRIC_REPRESENTATION_CONTEXT(2) 
PARAMETRIC_REPRESENTATION_CONTEXT() REPRESENTATION_CONTEXT('2D SPACE',''
  ) );
#14684 = ORIENTED_EDGE('',*,*,#14634,.T.);
#14685 = ORIENTED_EDGE('',*,*,#14663,.T.);
#14686 = ( GEOMETRIC_REPRESENTATION_CONTEXT(3) 
GLOBAL_UNCERTAINTY_ASSIGNED_CONTEXT((#14690)) 
GLOBAL_UNIT_ASSIGNED_CONTEXT((#14687,#14688,#14689)) 
REPRESENTATION_CONTEXT('Context #1',
  '3D Context with UNIT and UNCERTAINTY') );
#14687 = ( LENGTH_UNIT() NAMED_UNIT(*) SI_UNIT(.MILLI.,.METRE.) );
#14688 = ( NAMED_UNIT(*) PLANE_ANGLE_UNIT() SI_UNIT($,.RADIAN.) );
#14689 = ( NAMED_UNIT(*) SI_UNIT($,.STERADIAN.) SOLID_ANGLE_UNIT() );
#14690 = UNCERTAINTY_MEASURE_WITH_UNIT(LENGTH_MEASURE(1.E-07),#14687,
  'distance_accuracy_value','confusion accuracy');
#14691 = CONTEXT_DEPENDENT_SHAPE_REPRESENTATION(#14692,#14694);
#14692 = ( REPRESENTATION_RELATIONSHIP('','',#14627,#14604) 
REPRESENTATION_RELATIONSHIP_WITH_TRANSFORMATION(#14693) 
SHAPE_REPRESENTATION_RELATIONSHIP() );
#14693 = ITEM_DEFINED_TRANSFORMATION('','',#11,#14605);
#14694 = PRODUCT_DEFINITION_SHAPE('Placement','Placement of an item',
  #14695);
#14695 = NEXT_ASSEMBLY_USAGE_OCCURRENCE('27','=>[0:1:1:29]','',#14599,
  #14622,$);
#14696 = PRODUCT_RELATED_PRODUCT_CATEGORY('part',$,(#14624));
#14697 = SHAPE_DEFINITION_REPRESENTATION(#14698,#14704);
#14698 = PRODUCT_DEFINITION_SHAPE('','',#14699);
#14699 = PRODUCT_DEFINITION('design','',#14700,#14703);
#14700 = PRODUCT_DEFINITION_FORMATION('','',#14701);
#14701 = PRODUCT('ASSEMBLY','ASSEMBLY','',(#14702));
#14702 = PRODUCT_CONTEXT('',#2,'mechanical');
#14703 = PRODUCT_DEFINITION_CONTEXT('part definition',#2,'design');
#14704 = SHAPE_REPRESENTATION('',(#11,#14705),#14709);
#14705 = AXIS2_PLACEMENT_3D('',#14706,#14707,#14708);
#14706 = CARTESIAN_POINT('',(0.,0.,0.));
#14707 = DIRECTION('',(0.,0.,1.));
#14708 = DIRECTION('',(1.,0.,-0.));
#14709 = ( GEOMETRIC_REPRESENTATION_CONTEXT(3) 
GLOBAL_UNCERTAINTY_ASSIGNED_CONTEXT((#14713)) 
GLOBAL_UNIT_ASSIGNED_CONTEXT((#14710,#14711,#14712)) 
REPRESENTATION_CONTEXT('Context #1',
  '3D Context with UNIT and UNCERTAINTY') );
#14710 = ( LENGTH_UNIT() NAMED_UNIT(*) SI_UNIT(.MILLI.,.METRE.) );
#14711 = ( NAMED_UNIT(*) PLANE_ANGLE_UNIT() SI_UNIT($,.RADIAN.) );
#14712 = ( NAMED_UNIT(*) SI_UNIT($,.STERADIAN.) SOLID_ANGLE_UNIT() );
#14713 = UNCERTAINTY_MEASURE_WITH_UNIT(LENGTH_MEASURE(1.E-07),#14710,
  'distance_accuracy_value','confusion accuracy');
#14714 = CONTEXT_DEPENDENT_SHAPE_REPRESENTATION(#14715,#14717);
#14715 = ( REPRESENTATION_RELATIONSHIP('','',#14704,#10) 
REPRESENTATION_RELATIONSHIP_WITH_TRANSFORMATION(#14716) 
SHAPE_REPRESENTATION_RELATIONSHIP() );
#14716 = ITEM_DEFINED_TRANSFORMATION('','',#11,#67);
#14717 = PRODUCT_DEFINITION_SHAPE('Placement','Placement of an item',
  #14718);
#14718 = NEXT_ASSEMBLY_USAGE_OCCURRENCE('30','=>[0:1:1:30]','',#5,#14699
  ,$);
#14719 = PRODUCT_RELATED_PRODUCT_CATEGORY('part',$,(#14701));
#14720 = SHAPE_DEFINITION_REPRESENTATION(#14721,#14727);
#14721 = PRODUCT_DEFINITION_SHAPE('','',#14722);
#14722 = PRODUCT_DEFINITION('design','',#14723,#14726);
#14723 = PRODUCT_DEFINITION_FORMATION('','',#14724);
#14724 = PRODUCT('SOLID','SOLID','',(#14725));
#14725 = PRODUCT_CONTEXT('',#2,'mechanical');
#14726 = PRODUCT_DEFINITION_CONTEXT('part definition',#2,'design');
#14727 = ADVANCED_BREP_SHAPE_REPRESENTATION('',(#11,#14728),#14786);
#14728 = MANIFOLD_SOLID_BREP('',#14729);
#14729 = CLOSED_SHELL('',(#14730));
#14730 = ADVANCED_FACE('',(#14731),#14744,.T.);
#14731 = FACE_BOUND('',#14732,.T.);
#14732 = EDGE_LOOP('',(#14733,#14762,#14784,#14785));
#14733 = ORIENTED_EDGE('',*,*,#14734,.F.);
#14734 = EDGE_CURVE('',#14735,#14735,#14737,.T.);
#14735 = VERTEX_POINT('',#14736);
#14736 = CARTESIAN_POINT('',(1.525,-3.735172737399E-16,
    -6.123233995737E-18));
#14737 = SEAM_CURVE('',#14738,(#14743,#14755),.PCURVE_S1.);
#14738 = CIRCLE('',#14739,1.525);
#14739 = AXIS2_PLACEMENT_3D('',#14740,#14741,#14742);
#14740 = CARTESIAN_POINT('',(0.,0.,-6.123233995737E-18));
#14741 = DIRECTION('',(0.,0.,1.));
#14742 = DIRECTION('',(1.,0.,-0.));
#14743 = PCURVE('',#14744,#14749);
#14744 = TOROIDAL_SURFACE('',#14745,1.5,2.5E-02);
#14745 = AXIS2_PLACEMENT_3D('',#14746,#14747,#14748);
#14746 = CARTESIAN_POINT('',(0.,0.,0.));
#14747 = DIRECTION('',(0.,0.,1.));
#14748 = DIRECTION('',(1.,0.,-0.));
#14749 = DEFINITIONAL_REPRESENTATION('',(#14750),#14754);
#14750 = LINE('',#14751,#14752);
#14751 = CARTESIAN_POINT('',(0.,6.28318530718));
#14752 = VECTOR('',#14753,1.);
#14753 = DIRECTION('',(1.,0.));
#14754 = ( GEOMETRIC_REPRESENTATION_CONTEXT(2) 
PARAMETRIC_REPRESENTATION_CONTEXT() REPRESENTATION_CONTEXT('2D SPACE',''
  ) );
#14755 = PCURVE('',#14744,#14756);
#14756 = DEFINITIONAL_REPRESENTATION('',(#14757),#14761);
#14757 = LINE('',#14758,#14759);
#14758 = CARTESIAN_POINT('',(0.,0.));
#14759 = VECTOR('',#14760,1.);
#14760 = DIRECTION('',(1.,0.));
#14761 = ( GEOMETRIC_REPRESENTATION_CONTEXT(2) 
PARAMETRIC_REPRESENTATION_CONTEXT() REPRESENTATION_CONTEXT('2D SPACE',''
  ) );
#14762 = ORIENTED_EDGE('',*,*,#14763,.F.);
#14763 = EDGE_CURVE('',#14735,#14735,#14764,.T.);
#14764 = SEAM_CURVE('',#14765,(#14770,#14777),.PCURVE_S1.);
#14765 = CIRCLE('',#14766,2.5E-02);
#14766 = AXIS2_PLACEMENT_3D('',#14767,#14768,#14769);
#14767 = CARTESIAN_POINT('',(1.5,-3.673940397442E-16,0.));
#14768 = DIRECTION('',(-2.449293598295E-16,-1.,0.));
#14769 = DIRECTION('',(1.,-2.449293598295E-16,0.));
#14770 = PCURVE('',#14744,#14771);
#14771 = DEFINITIONAL_REPRESENTATION('',(#14772),#14776);
#14772 = LINE('',#14773,#14774);
#14773 = CARTESIAN_POINT('',(6.28318530718,-0.));
#14774 = VECTOR('',#14775,1.);
#14775 = DIRECTION('',(0.,1.));
#14776 = ( GEOMETRIC_REPRESENTATION_CONTEXT(2) 
PARAMETRIC_REPRESENTATION_CONTEXT() REPRESENTATION_CONTEXT('2D SPACE',''
  ) );
#14777 = PCURVE('',#14744,#14778);
#14778 = DEFINITIONAL_REPRESENTATION('',(#14779),#14783);
#14779 = LINE('',#14780,#14781);
#14780 = CARTESIAN_POINT('',(0.,-0.));
#14781 = VECTOR('',#14782,1.);
#14782 = DIRECTION('',(0.,1.));
#14783 = ( GEOMETRIC_REPRESENTATION_CONTEXT(2) 
PARAMETRIC_REPRESENTATION_CONTEXT() REPRESENTATION_CONTEXT('2D SPACE',''
  ) );
#14784 = ORIENTED_EDGE('',*,*,#14734,.T.);
#14785 = ORIENTED_EDGE('',*,*,#14763,.T.);
#14786 = ( GEOMETRIC_REPRESENTATION_CONTEXT(3) 
GLOBAL_UNCERTAINTY_ASSIGNED_CONTEXT((#14790)) 
GLOBAL_UNIT_ASSIGNED_CONTEXT((#14787,#14788,#14789)) 
REPRESENTATION_CONTEXT('Context #1',
  '3D Context with UNIT and UNCERTAINTY') );
#14787 = ( LENGTH_UNIT() NAMED_UNIT(*) SI_UNIT(.MILLI.,.METRE.) );
#14788 = ( NAMED_UNIT(*) PLANE_ANGLE_UNIT() SI_UNIT($,.RADIAN.) );
#14789 = ( NAMED_UNIT(*) SI_UNIT($,.STERADIAN.) SOLID_ANGLE_UNIT() );
#14790 = UNCERTAINTY_MEASURE_WITH_UNIT(LENGTH_MEASURE(1.E-07),#14787,
  'distance_accuracy_value','confusion accuracy');
#14791 = CONTEXT_DEPENDENT_SHAPE_REPRESENTATION(#14792,#14794);
#14792 = ( REPRESENTATION_RELATIONSHIP('','',#14727,#14704) 
REPRESENTATION_RELATIONSHIP_WITH_TRANSFORMATION(#14793) 
SHAPE_REPRESENTATION_RELATIONSHIP() );
#14793 = ITEM_DEFINED_TRANSFORMATION('','',#11,#14705);
#14794 = PRODUCT_DEFINITION_SHAPE('Placement','Placement of an item',
  #14795);
#14795 = NEXT_ASSEMBLY_USAGE_OCCURRENCE('29','=>[0:1:1:31]','',#14699,
  #14722,$);
#14796 = PRODUCT_RELATED_PRODUCT_CATEGORY('part',$,(#14724));
#14797 = SHAPE_DEFINITION_REPRESENTATION(#14798,#14804);
#14798 = PRODUCT_DEFINITION_SHAPE('','',#14799);
#14799 = PRODUCT_DEFINITION('design','',#14800,#14803);
#14800 = PRODUCT_DEFINITION_FORMATION('','',#14801);
#14801 = PRODUCT('ASSEMBLY','ASSEMBLY','',(#14802));
#14802 = PRODUCT_CONTEXT('',#2,'mechanical');
#14803 = PRODUCT_DEFINITION_CONTEXT('part definition',#2,'design');
#14804 = SHAPE_REPRESENTATION('',(#11,#14805),#14809);
#14805 = AXIS2_PLACEMENT_3D('',#14806,#14807,#14808);
#14806 = CARTESIAN_POINT('',(0.,0.,0.));
#14807 = DIRECTION('',(0.,0.,1.));
#14808 = DIRECTION('',(1.,0.,-0.));
#14809 = ( GEOMETRIC_REPRESENTATION_CONTEXT(3) 
GLOBAL_UNCERTAINTY_ASSIGNED_CONTEXT((#14813)) 
GLOBAL_UNIT_ASSIGNED_CONTEXT((#14810,#14811,#14812)) 
REPRESENTATION_CONTEXT('Context #1',
  '3D Context with UNIT and UNCERTAINTY') );
#14810 = ( LENGTH_UNIT() NAMED_UNIT(*) SI_UNIT(.MILLI.,.METRE.) );
#14811 = ( NAMED_UNIT(*) PLANE_ANGLE_UNIT() SI_UNIT($,.RADIAN.) );
#14812 = ( NAMED_UNIT(*) SI_UNIT($,.STERADIAN.) SOLID_ANGLE_UNIT() );
#14813 = UNCERTAINTY_MEASURE_WITH_UNIT(LENGTH_MEASURE(1.E-07),#14810,
  'distance_accuracy_value','confusion accuracy');
#14814 = CONTEXT_DEPENDENT_SHAPE_REPRESENTATION(#14815,#14817);
#14815 = ( REPRESENTATION_RELATIONSHIP('','',#14804,#10) 
REPRESENTATION_RELATIONSHIP_WITH_TRANSFORMATION(#14816) 
SHAPE_REPRESENTATION_RELATIONSHIP() );
#14816 = ITEM_DEFINED_TRANSFORMATION('','',#11,#71);
#14817 = PRODUCT_DEFINITION_SHAPE('Placement','Placement of an item',
  #14818);
#14818 = NEXT_ASSEMBLY_USAGE_OCCURRENCE('32','=>[0:1:1:32]','',#5,#14799
  ,$);
#14819 = PRODUCT_RELATED_PRODUCT_CATEGORY('part',$,(#14801));
#14820 = SHAPE_DEFINITION_REPRESENTATION(#14821,#14827);
#14821 = PRODUCT_DEFINITION_SHAPE('','',#14822);
#14822 = PRODUCT_DEFINITION('design','',#14823,#14826);
#14823 = PRODUCT_DEFINITION_FORMATION('','',#14824);
#14824 = PRODUCT('SOLID','SOLID','',(#14825));
#14825 = PRODUCT_CONTEXT('',#2,'mechanical');
#14826 = PRODUCT_DEFINITION_CONTEXT('part definition',#2,'design');
#14827 = ADVANCED_BREP_SHAPE_REPRESENTATION('',(#11,#14828),#14886);
#14828 = MANIFOLD_SOLID_BREP('',#14829);
#14829 = CLOSED_SHELL('',(#14830));
#14830 = ADVANCED_FACE('',(#14831),#14844,.T.);
#14831 = FACE_BOUND('',#14832,.T.);
#14832 = EDGE_LOOP('',(#14833,#14862,#14884,#14885));
#14833 = ORIENTED_EDGE('',*,*,#14834,.F.);
#14834 = EDGE_CURVE('',#14835,#14835,#14837,.T.);
#14835 = VERTEX_POINT('',#14836);
#14836 = CARTESIAN_POINT('',(1.525,-3.735172737399E-16,
    -6.123233995737E-18));
#14837 = SEAM_CURVE('',#14838,(#14843,#14855),.PCURVE_S1.);
#14838 = CIRCLE('',#14839,1.525);
#14839 = AXIS2_PLACEMENT_3D('',#14840,#14841,#14842);
#14840 = CARTESIAN_POINT('',(0.,0.,-6.123233995737E-18));
#14841 = DIRECTION('',(0.,0.,1.));
#14842 = DIRECTION('',(1.,0.,-0.));
#14843 = PCURVE('',#14844,#14849);
#14844 = TOROIDAL_SURFACE('',#14845,1.5,2.5E-02);
#14845 = AXIS2_PLACEMENT_3D('',#14846,#14847,#14848);
#14846 = CARTESIAN_POINT('',(0.,0.,0.));
#14847 = DIRECTION('',(0.,0.,1.));
#14848 = DIRECTION('',(1.,0.,-0.));
#14849 = DEFINITIONAL_REPRESENTATION('',(#14850),#14854);
#14850 = LINE('',#14851,#14852);
#14851 = CARTESIAN_POINT('',(0.,6.28318530718));
#14852 = VECTOR('',#14853,1.);
#14853 = DIRECTION('',(1.,0.));
#14854 = ( GEOMETRIC_REPRESENTATION_CONTEXT(2) 
PARAMETRIC_REPRESENTATION_CONTEXT() REPRESENTATION_CONTEXT('2D SPACE',''
  ) );
#14855 = PCURVE('',#14844,#14856);
#14856 = DEFINITIONAL_REPRESENTATION('',(#14857),#14861);
#14857 = LINE('',#14858,#14859);
#14858 = CARTESIAN_POINT('',(0.,0.));
#14859 = VECTOR('',#14860,1.);
#14860 = DIRECTION('',(1.,0.));
#14861 = ( GEOMETRIC_REPRESENTATION_CONTEXT(2) 
PARAMETRIC_REPRESENTATION_CONTEXT() REPRESENTATION_CONTEXT('2D SPACE',''
  ) );
#14862 = ORIENTED_EDGE('',*,*,#14863,.F.);
#14863 = EDGE_CURVE('',#14835,#14835,#14864,.T.);
#14864 = SEAM_CURVE('',#14865,(#14870,#14877),.PCURVE_S1.);
#14865 = CIRCLE('',#14866,2.5E-02);
#14866 = AXIS2_PLACEMENT_3D('',#14867,#14868,#14869);
#14867 = CARTESIAN_POINT('',(1.5,-3.673940397442E-16,0.));
#14868 = DIRECTION('',(-2.449293598295E-16,-1.,0.));
#14869 = DIRECTION('',(1.,-2.449293598295E-16,0.));
#14870 = PCURVE('',#14844,#14871);
#14871 = DEFINITIONAL_REPRESENTATION('',(#14872),#14876);
#14872 = LINE('',#14873,#14874);
#14873 = CARTESIAN_POINT('',(6.28318530718,-0.));
#14874 = VECTOR('',#14875,1.);
#14875 = DIRECTION('',(0.,1.));
#14876 = ( GEOMETRIC_REPRESENTATION_CONTEXT(2) 
PARAMETRIC_REPRESENTATION_CONTEXT() REPRESENTATION_CONTEXT('2D SPACE',''
  ) );
#14877 = PCURVE('',#14844,#14878);
#14878 = DEFINITIONAL_REPRESENTATION('',(#14879),#14883);
#14879 = LINE('',#14880,#14881);
#14880 = CARTESIAN_POINT('',(0.,-0.));
#14881 = VECTOR('',#14882,1.);
#14882 = DIRECTION('',(0.,1.));
#14883 = ( GEOMETRIC_REPRESENTATION_CONTEXT(2) 
PARAMETRIC_REPRESENTATION_CONTEXT() REPRESENTATION_CONTEXT('2D SPACE',''
  ) );
#14884 = ORIENTED_EDGE('',*,*,#14834,.T.);
#14885 = ORIENTED_EDGE('',*,*,#14863,.T.);
#14886 = ( GEOMETRIC_REPRESENTATION_CONTEXT(3) 
GLOBAL_UNCERTAINTY_ASSIGNED_CONTEXT((#14890)) 
GLOBAL_UNIT_ASSIGNED_CONTEXT((#14887,#14888,#14889)) 
REPRESENTATION_CONTEXT('Context #1',
  '3D Context with UNIT and UNCERTAINTY') );
#14887 = ( LENGTH_UNIT() NAMED_UNIT(*) SI_UNIT(.MILLI.,.METRE.) );
#14888 = ( NAMED_UNIT(*) PLANE_ANGLE_UNIT() SI_UNIT($,.RADIAN.) );
#14889 = ( NAMED_UNIT(*) SI_UNIT($,.STERADIAN.) SOLID_ANGLE_UNIT() );
#14890 = UNCERTAINTY_MEASURE_WITH_UNIT(LENGTH_MEASURE(1.E-07),#14887,
  'distance_accuracy_value','confusion accuracy');
#14891 = CONTEXT_DEPENDENT_SHAPE_REPRESENTATION(#14892,#14894);
#14892 = ( REPRESENTATION_RELATIONSHIP('','',#14827,#14804) 
REPRESENTATION_RELATIONSHIP_WITH_TRANSFORMATION(#14893) 
SHAPE_REPRESENTATION_RELATIONSHIP() );
#14893 = ITEM_DEFINED_TRANSFORMATION('','',#11,#14805);
#14894 = PRODUCT_DEFINITION_SHAPE('Placement','Placement of an item',
  #14895);
#14895 = NEXT_ASSEMBLY_USAGE_OCCURRENCE('31','=>[0:1:1:33]','',#14799,
  #14822,$);
#14896 = PRODUCT_RELATED_PRODUCT_CATEGORY('part',$,(#14824));
#14897 = MECHANICAL_DESIGN_GEOMETRIC_PRESENTATION_REPRESENTATION('',(
    #14898),#14786);
#14898 = STYLED_ITEM('color',(#14899),#14728);
#14899 = PRESENTATION_STYLE_ASSIGNMENT((#14900));
#14900 = SURFACE_STYLE_USAGE(.BOTH.,#14901);
#14901 = SURFACE_SIDE_STYLE('',(#14902));
#14902 = SURFACE_STYLE_FILL_AREA(#14903);
#14903 = FILL_AREA_STYLE('',(#14904));
#14904 = FILL_AREA_STYLE_COLOUR('',#14905);
#14905 = COLOUR_RGB('',0.55000000909,0.55000000909,0.520000005207);
#14906 = MECHANICAL_DESIGN_GEOMETRIC_PRESENTATION_REPRESENTATION('',(
    #14907),#14086);
#14907 = STYLED_ITEM('color',(#14908),#14028);
#14908 = PRESENTATION_STYLE_ASSIGNMENT((#14909));
#14909 = SURFACE_STYLE_USAGE(.BOTH.,#14910);
#14910 = SURFACE_SIDE_STYLE('',(#14911));
#14911 = SURFACE_STYLE_FILL_AREA(#14912);
#14912 = FILL_AREA_STYLE('',(#14913));
#14913 = FILL_AREA_STYLE_COLOUR('',#14905);
#14914 = MECHANICAL_DESIGN_GEOMETRIC_PRESENTATION_REPRESENTATION('',(
    #14915),#14386);
#14915 = STYLED_ITEM('color',(#14916),#14328);
#14916 = PRESENTATION_STYLE_ASSIGNMENT((#14917));
#14917 = SURFACE_STYLE_USAGE(.BOTH.,#14918);
#14918 = SURFACE_SIDE_STYLE('',(#14919));
#14919 = SURFACE_STYLE_FILL_AREA(#14920);
#14920 = FILL_AREA_STYLE('',(#14921));
#14921 = FILL_AREA_STYLE_COLOUR('',#14905);
#14922 = MECHANICAL_DESIGN_GEOMETRIC_PRESENTATION_REPRESENTATION('',(
    #14923),#13986);
#14923 = STYLED_ITEM('color',(#14924),#9400);
#14924 = PRESENTATION_STYLE_ASSIGNMENT((#14925));
#14925 = SURFACE_STYLE_USAGE(.BOTH.,#14926);
#14926 = SURFACE_SIDE_STYLE('',(#14927));
#14927 = SURFACE_STYLE_FILL_AREA(#14928);
#14928 = FILL_AREA_STYLE('',(#14929));
#14929 = FILL_AREA_STYLE_COLOUR('',#14905);
#14930 = MECHANICAL_DESIGN_GEOMETRIC_PRESENTATION_REPRESENTATION('',(
    #14931),#9035);
#14931 = STYLED_ITEM('color',(#14932),#8977);
#14932 = PRESENTATION_STYLE_ASSIGNMENT((#14933));
#14933 = SURFACE_STYLE_USAGE(.BOTH.,#14934);
#14934 = SURFACE_SIDE_STYLE('',(#14935));
#14935 = SURFACE_STYLE_FILL_AREA(#14936);
#14936 = FILL_AREA_STYLE('',(#14937));
#14937 = FILL_AREA_STYLE_COLOUR('',#14938);
#14938 = COLOUR_RGB('',0.740000011925,0.720000003324,0.659999992303);
#14939 = MECHANICAL_DESIGN_GEOMETRIC_PRESENTATION_REPRESENTATION('',(
    #14940),#14186);
#14940 = STYLED_ITEM('color',(#14941),#14128);
#14941 = PRESENTATION_STYLE_ASSIGNMENT((#14942));
#14942 = SURFACE_STYLE_USAGE(.BOTH.,#14943);
#14943 = SURFACE_SIDE_STYLE('',(#14944));
#14944 = SURFACE_STYLE_FILL_AREA(#14945);
#14945 = FILL_AREA_STYLE('',(#14946));
#14946 = FILL_AREA_STYLE_COLOUR('',#14905);
#14947 = MECHANICAL_DESIGN_GEOMETRIC_PRESENTATION_REPRESENTATION('',(
    #14948),#14486);
#14948 = STYLED_ITEM('color',(#14949),#14428);
#14949 = PRESENTATION_STYLE_ASSIGNMENT((#14950));
#14950 = SURFACE_STYLE_USAGE(.BOTH.,#14951);
#14951 = SURFACE_SIDE_STYLE('',(#14952));
#14952 = SURFACE_STYLE_FILL_AREA(#14953);
#14953 = FILL_AREA_STYLE('',(#14954));
#14954 = FILL_AREA_STYLE_COLOUR('',#14905);
#14955 = MECHANICAL_DESIGN_GEOMETRIC_PRESENTATION_REPRESENTATION('',(
    #14956),#8935);
#14956 = STYLED_ITEM('color',(#14957),#135);
#14957 = PRESENTATION_STYLE_ASSIGNMENT((#14958));
#14958 = SURFACE_STYLE_USAGE(.BOTH.,#14959);
#14959 = SURFACE_SIDE_STYLE('',(#14960));
#14960 = SURFACE_STYLE_FILL_AREA(#14961);
#14961 = FILL_AREA_STYLE('',(#14962));
#14962 = FILL_AREA_STYLE_COLOUR('',#14938);
#14963 = MECHANICAL_DESIGN_GEOMETRIC_PRESENTATION_REPRESENTATION('',(
    #14964),#14886);
#14964 = STYLED_ITEM('color',(#14965),#14828);
#14965 = PRESENTATION_STYLE_ASSIGNMENT((#14966));
#14966 = SURFACE_STYLE_USAGE(.BOTH.,#14967);
#14967 = SURFACE_SIDE_STYLE('',(#14968));
#14968 = SURFACE_STYLE_FILL_AREA(#14969);
#14969 = FILL_AREA_STYLE('',(#14970));
#14970 = FILL_AREA_STYLE_COLOUR('',#14905);
#14971 = MECHANICAL_DESIGN_GEOMETRIC_PRESENTATION_REPRESENTATION('',(
    #14972),#14686);
#14972 = STYLED_ITEM('color',(#14973),#14628);
#14973 = PRESENTATION_STYLE_ASSIGNMENT((#14974));
#14974 = SURFACE_STYLE_USAGE(.BOTH.,#14975);
#14975 = SURFACE_SIDE_STYLE('',(#14976));
#14976 = SURFACE_STYLE_FILL_AREA(#14977);
#14977 = FILL_AREA_STYLE('',(#14978));
#14978 = FILL_AREA_STYLE_COLOUR('',#14905);
#14979 = MECHANICAL_DESIGN_GEOMETRIC_PRESENTATION_REPRESENTATION('',(
    #14980),#14286);
#14980 = STYLED_ITEM('color',(#14981),#14228);
#14981 = PRESENTATION_STYLE_ASSIGNMENT((#14982));
#14982 = SURFACE_STYLE_USAGE(.BOTH.,#14983);
#14983 = SURFACE_SIDE_STYLE('',(#14984));
#14984 = SURFACE_STYLE_FILL_AREA(#14985);
#14985 = FILL_AREA_STYLE('',(#14986));
#14986 = FILL_AREA_STYLE_COLOUR('',#14905);
#14987 = MECHANICAL_DESIGN_GEOMETRIC_PRESENTATION_REPRESENTATION('',(
    #14988),#14586);
#14988 = STYLED_ITEM('color',(#14989),#14528);
#14989 = PRESENTATION_STYLE_ASSIGNMENT((#14990));
#14990 = SURFACE_STYLE_USAGE(.BOTH.,#14991);
#14991 = SURFACE_SIDE_STYLE('',(#14992));
#14992 = SURFACE_STYLE_FILL_AREA(#14993);
#14993 = FILL_AREA_STYLE('',(#14994));
#14994 = FILL_AREA_STYLE_COLOUR('',#14905);
#14995 = MECHANICAL_DESIGN_GEOMETRIC_PRESENTATION_REPRESENTATION('',(
    #14996),#9235);
#14996 = STYLED_ITEM('color',(#14997),#9177);
#14997 = PRESENTATION_STYLE_ASSIGNMENT((#14998));
#14998 = SURFACE_STYLE_USAGE(.BOTH.,#14999);
#14999 = SURFACE_SIDE_STYLE('',(#15000));
#15000 = SURFACE_STYLE_FILL_AREA(#15001);
#15001 = FILL_AREA_STYLE('',(#15002));
#15002 = FILL_AREA_STYLE_COLOUR('',#14938);
#15003 = MECHANICAL_DESIGN_GEOMETRIC_PRESENTATION_REPRESENTATION('',(
    #15004),#9135);
#15004 = STYLED_ITEM('color',(#15005),#9077);
#15005 = PRESENTATION_STYLE_ASSIGNMENT((#15006));
#15006 = SURFACE_STYLE_USAGE(.BOTH.,#15007);
#15007 = SURFACE_SIDE_STYLE('',(#15008));
#15008 = SURFACE_STYLE_FILL_AREA(#15009);
#15009 = FILL_AREA_STYLE('',(#15010));
#15010 = FILL_AREA_STYLE_COLOUR('',#14938);
#15011 = MECHANICAL_DESIGN_GEOMETRIC_PRESENTATION_REPRESENTATION('',(
    #15012),#9335);
#15012 = STYLED_ITEM('color',(#15013),#9277);
#15013 = PRESENTATION_STYLE_ASSIGNMENT((#15014));
#15014 = SURFACE_STYLE_USAGE(.BOTH.,#15015);
#15015 = SURFACE_SIDE_STYLE('',(#15016));
#15016 = SURFACE_STYLE_FILL_AREA(#15017);
#15017 = FILL_AREA_STYLE('',(#15018));
#15018 = FILL_AREA_STYLE_COLOUR('',#14938);
ENDSEC;
END-ISO-10303-21;
